sent_id,token_id,form,pos,deprel,pmi,surp_u,surp_c,nodecount,pmi_sd,pmi_zero_rate
0,1,Mosques,NOUN,root,-0.8732365632322434,5.482079380118688,6.355315943350932,,0.04098359429255844,0.0
1,1,Shah,PROPN,compound,-0.19592036260047863,6.11262291514874,6.3085432777492185,0,0.07664910517989604,0.0
1,2,Mosque,PROPN,root,-0.9291871059627663,15.18943851219957,16.118625618162337,,1.0078022478542372,0.2
2,1,Sheikh,PROPN,nmod:desc,-0.19592036260047863,6.11262291514874,6.3085432777492185,0,0.07664910517989604,0.0
2,2,Lotfollah,PROPN,compound,1.5592150997014613,6.11262291514874,4.553407815447279,1,0.06968842426473332,0.0
2,3,Mosque,PROPN,root,-0.8762976584842495,15.18943851219957,16.06573617068382,,0.9593264804776132,0.2
2,4,",",PUNCT,punct,-0.43920159331939423,4.552360855055908,4.991562448375302,,0.33063006842656695,0.2
2,5,interior,NOUN,parataxis,-2.671614228220247,5.482079380118688,8.153693608338935,0,0.3445309278524621,0.2
2,6,of,ADP,case,-0.5532589390760689,5.747531807657332,6.300790746733401,0,0.04839793384358863,0.2
2,7,the,DET,det,0.5709924099021597,4.733084097091282,4.162091687189123,0,0.06726286191695387,0.2
2,8,dome,NOUN,nmod,1.086166679301031,5.482079380118688,4.395912700817657,3,0.12146532251475001,0.2
3,1,The,DET,det,-0.7976025969652571,4.733084097091282,5.53068669405654,0,0.026145197178954215,0.0
3,2,stunning,ADJ,amod,0.13185565925633913,6.939140094293238,6.807284435036899,0,0.14576915193854678,0.0
3,3,mosques,NOUN,nsubj,1.028030533903765,5.482079380118688,4.454048846214923,2,0.13264487263087243,0.0
3,4,of,ADP,case,-0.39221420746597957,5.747531807657332,6.139746015123311,0,0.08594330396383137,0.0
3,5,Isfahan,PROPN,nmod,-0.7145727780152722,15.18943851219957,15.904011290214843,2,0.9750357715265643,0.0
3,6,are,AUX,cop,-1.049871722243167,7.693583485312399,8.743455207555566,0,0.08215305874918417,0.0
3,7,among,ADP,case,-0.2572818670162249,12.382083590141967,12.639365457158192,0,0.29849526066274723,0.0
3,8,the,DET,det,0.5858265655488797,4.733084097091282,4.147257531542403,0,0.03894990965174587,0.0
3,9,most,ADV,advmod,-0.7325122630074876,10.123349321741799,10.855861584749286,0,0.19176023697346373,0.0
3,10,beautiful,ADJ,root,0.8295143174298243,11.488998794058478,10.659484476628654,,0.33498794821227557,0.0
3,11,and,CCONJ,cc,-0.19181430632353003,5.740289866824134,5.932104173147664,0,0.046575010601058814,0.0
3,12,interesting,ADJ,conj,0.9909612502418632,12.101975670949232,11.111014420707368,1,0.2788387160513777,0.0
3,13,in,ADP,case,0.45294739752956126,6.195085075340713,5.742137677811152,0,0.051473667337510916,0.0
3,14,the,DET,det,1.1510514640068341,4.733084097091282,3.5820326330844483,0,0.0296971971180472,0.0
3,15,world,NOUN,obl,1.1016095178395755,10.331457517071998,9.229847999232422,2,0.15569706209620376,0.0
3,16,.,PUNCT,punct,0.43462009443044414,3.7008451783641614,3.2662250839337172,,0.015285153751794527,0.0
4,1,3,X,discourse,-0.934746281406369,11.941510998755986,12.876257280162354,0,0.33497289856744167,0.0
4,2,Imam,PROPN,compound,-2.4096511999188204,6.11262291514874,8.52227411506756,0,0.372582710503602,0.0
4,3,Mosque,PROPN,root,0.3985655538906947,15.18943851219957,14.790872958308876,,0.8542631961871078,0.2
4,4,(,PUNCT,punct,-0.2573913152068439,9.517013170228076,9.77440448543492,,0.177242977576039,0.2
4,5,called,VERB,acl,-1.575935700941482,10.797121089420811,12.373056790362293,0,0.40531064498338254,0.2
4,6,Shah,PROPN,compound,-0.7113778254145178,6.11262291514874,6.824000740563258,0,0.17264885719694326,0.2
4,7,Mosque,NOUN,xcomp,0.7510380709656364,15.18943851219957,14.438400441233934,2,0.8417191449280403,0.2
4,8,before,ADP,case,-0.5864738375243146,10.697585415869895,11.28405925339421,0,0.19383774782163182,0.2
4,9,the,DET,det,-0.10007668131679903,4.733084097091282,4.8331607784080814,0,0.09813880322746078,0.2
4,10,revolution,NOUN,obl,0.588806372173889,5.482079380118688,4.893273007944799,3,0.25917816936197846,0.2
4,11,),PUNCT,punct,0.26017815091949537,9.531227029447775,9.27104887852828,,0.17133898366464867,0.2
4,12,",",PUNCT,punct,0.017569892423646927,4.552360855055908,4.534790962632261,,0.04806861330466404,0.2
4,13,Naqsh-e,PROPN,appos,0.18321944601867912,15.18943851219957,15.006219066180892,0,0.8552103641386816,0.2
4,14,Jahan,PROPN,flat,1.8771183197851862,14.604476011478415,12.727357691693229,1,0.8302061846613907,0.2
4,15,Square,PROPN,flat,0.030198254721737428,11.060155495254604,11.029957240532866,1,0.24309152374508364,0.2
4,16,",",PUNCT,punct,0.08789662515762497,4.552360855055908,4.464464229898283,,0.039295147629419484,0.2
4,17,south,NOUN,compound,1.8413671579524262,11.941510998755986,10.10014384080356,0,0.27430670242729854,0.2
4,18,side,NOUN,appos,-1.8877159124055822,12.730006893562273,14.617722805967855,1,0.41585936581218225,0.2
4,19,.,PUNCT,punct,0.04184956236100623,3.7008451783641614,3.658995616003155,,0.06486060264901157,0.2
5,1,It,PRON,nsubj:pass,0.1358633281289432,6.147779360562356,6.011916032433413,0,0.08192350898677746,0.0
5,2,is,AUX,aux:pass,0.9959141665178581,6.470049691257488,5.47413552473963,0,0.07806024664638797,0.0
5,3,registered,VERB,root,1.006025876998594,6.197916666123875,5.1918907891252815,,0.07324530033389046,0.0
5,4,as,ADP,case,-0.6414673379585327,8.150519522907269,8.791986860865801,0,0.11528998618463489,0.0
5,5,a,DET,det,0.2614625096032732,5.916808727223201,5.655346217619928,0,0.22220065623409138,0.0
5,6,UNESCO,PROPN,compound,-0.24461604911389134,6.11262291514874,6.357238964262631,0,1.0529385246118461,0.0
5,7,World,PROPN,compound,-0.38347191698631455,10.331457517071998,10.714929434058313,0,1.2716321463384164,0.0
5,8,Heritage,PROPN,compound,1.3956047340954134,6.11262291514874,4.7170181810533265,1,0.13958953345381067,0.0
5,9,Site,PROPN,obl,-1.0254812423906046,14.18943851219957,15.214919754590175,4,0.41672303975627284,0.0
5,10,.,PUNCT,punct,0.3266895690211058,3.7008451783641614,3.3741556093430556,,0.048443092829416584,0.0
6,1,Its,PRON,nmod:poss,-0.30033478588442364,10.634849660521933,10.935184446406357,0,0.20605531634207652,0.0
6,2,splendour,NOUN,nsubj,0.03231617706493051,5.482079380118688,5.449763203053758,1,0.28869766588064344,0.0
6,3,is,AUX,cop,-0.8413857368640247,6.470049691257488,7.311435428121513,0,0.11118476392424435,0.0
6,4,mainly,ADV,advmod,0.6381068632845626,15.18943851219957,14.551331648915008,0,0.8693346560528463,0.2
6,5,due,ADJ,root,-1.0885195080802461,13.18943851219957,14.277958020279817,,0.6939995546235639,0.2
6,6,to,ADP,case,0.5447099735358609,5.85516522689238,5.310455253356519,0,1.111483531229128,0.2
6,7,the,DET,det,-0.5250970671403037,4.733084097091282,5.258181164231586,0,0.7515297026753832,0.2
6,8,beauty,NOUN,obl,1.026298515719688,14.18943851219957,13.163139996479883,2,0.6862417314909862,0.2
6,9,of,ADP,case,-0.1474860146950263,5.747531807657332,5.895017822352358,0,0.08558621966131093,0.2
6,10,its,PRON,nmod:poss,-0.08961034340717866,10.634849660521933,10.724460003929112,0,0.1186474087137733,0.2
6,11,seven,NUM,nummod,-1.0824374767755884,12.604476011478415,13.686913488254003,0,0.5143452963722637,0.2
6,12,-,PUNCT,punct,0.2675344564248672,8.337689470783513,8.070155014358646,,0.14068138920568873,0.2
6,13,colour,NOUN,compound,0.2836002727309612,5.482079380118688,5.198479107387727,1,0.039399481054536896,0.2
6,14,mosaic,NOUN,compound,0.018409822853262092,5.482079380118688,5.463669557265426,0,0.03567265907532489,0.2
6,15,tiles,NOUN,nmod,-0.08285585218919778,5.482079380118688,5.564935232307886,5,0.03643405688647483,0.2
6,16,and,CCONJ,cc,-0.22766088771057813,5.740289866824134,5.967950754534712,0,0.04871856481152728,0.2
6,17,calligraphic,ADJ,amod,0.3651609275327399,6.939140094293238,6.573979166760498,0,0.06702605528967466,0.2
6,18,inscriptions,NOUN,conj,0.6696593350455409,5.482079380118688,4.812420045073147,3,0.02878621668529494,0.2
6,19,.,PUNCT,punct,0.1720952261874804,3.7008451783641614,3.528749952176681,,0.019744557961602443,0.2
7,1,4,X,discourse,-1.380699830674951,12.604476011478415,13.985175842153366,0,0.49246277614599165,0.0
7,2,Sheikh,PROPN,nmod:desc,-1.9848392697052804,6.11262291514874,8.09746218485402,0,0.19092068167005147,0.0
7,3,Lotf,PROPN,compound,1.2100633537699856,6.11262291514874,4.902559561378754,1,0.053616289710668855,0.0
7,4,Allah,PROPN,flat,1.7196039412313917,6.11262291514874,4.393018973917348,1,0.040326536492419164,0.0
7,5,Mosque,PROPN,root,0.9903608753816098,15.18943851219957,14.199077636817961,,1.19426723405765,0.2
7,6,",",PUNCT,punct,-0.10151749533293586,4.552360855055908,4.653878350388844,,0.1231100031421945,0.2
7,7,Naqsh-e,PROPN,appos,1.8657373639348176,15.18943851219957,13.323701148264753,0,0.8627695512449202,0.2
7,8,Jahan,PROPN,flat,2.0776750743056613,14.604476011478415,12.526800937172753,1,0.784155720821605,0.2
7,9,Square,PROPN,flat,-0.008127841899607802,11.060155495254604,11.068283337154211,1,0.2570756703598879,0.2
7,10,",",PUNCT,punct,-0.016626766738381704,4.552360855055908,4.56898762179429,,0.044345690290932244,0.2
7,11,east,ADJ,amod,1.673561064335253,12.867510417312209,11.193949352976956,0,1.0507751570818882,0.2
7,12,side,NOUN,appos,-2.161666715060486,12.730006893562273,14.891673608622758,1,0.49817016914251433,0.2
7,13,.,PUNCT,punct,-0.20216708041105091,3.7008451783641614,3.9030122587752123,,0.033478368060241216,0.2
8,1,Built,VERB,root,1.3630590796239854,13.604476011478415,12.24141693185443,,1.2908192974023325,0.0
8,2,in,ADP,case,0.5195453328450563,6.195085075340713,5.675539742495657,0,0.9397876330839119,0.0
8,3,1602,NUM,obl,-2.0285570076410675,8.849588509314946,10.878145516956014,1,1.1826000021889087,0.0
8,4,by,ADP,case,-0.13221297129339682,8.531227029447775,8.663440000741172,0,0.14650513142818666,0.0
8,5,Shah,PROPN,nmod:desc,1.2077598465600943,6.11262291514874,4.904863068588646,0,0.5887533744179524,0.0
8,6,Abbas,PROPN,obl:agent,2.764303179144763,6.11262291514874,3.348319736003977,2,0.43241947370324574,0.0
8,7,I.=,ADJ,amod,0.18560371079978744,6.939140094293238,6.753536383493451,1,0.8509444942400805,0.0
8,8,and,CCONJ,cc,0.128294036649784,5.740289866824134,5.61199583017435,0,0.3357090013193536,0.0
8,9,designed,VERB,conj,-0.6508455027304167,6.197916666123875,6.848762168854292,1,0.7430870999584721,0.0
8,10,by,ADP,case,0.058384639567808705,8.531227029447775,8.472842389879967,0,0.2562267340890051,0.0
8,11,his,PRON,nmod:poss,0.7040305220589183,8.689592625116365,7.985562103057447,0,0.5493125300933076,0.0
8,12,chief,ADJ,amod,2.6271051234185503,14.604476011478415,11.977370888059864,0,3.924093462195831,0.0
8,13,architect,NOUN,obl:agent,-7.833114822927171,5.482079380118688,13.31519420304586,4,3.831369058118848,0.0
8,14,",",PUNCT,punct,0.054230762677832445,4.552360855055908,4.498130092378076,,0.41868596155660615,0.0
8,15,Sheikh,PROPN,nmod:desc,0.19812767720116398,6.11262291514874,5.914495237947576,0,0.2711319320577196,0.0
8,16,Bahai,PROPN,appos,2.0347047719841393,6.11262291514874,4.0779181431646006,2,0.22567118366584477,0.0
8,17,.,PUNCT,punct,0.10528195328288614,3.7008451783641614,3.5955632250812752,,0.27632684984177996,0.0
9,1,There,PRON,expl,0.5999457779647974,8.075696346150382,7.4757505681855845,0,0.10291354810212022,0.0
9,2,is,VERB,root,1.9423695571413857,6.470049691257488,4.527680134116102,,0.31871396500752747,0.0
9,3,a,DET,det,0.5216061845156235,5.916808727223201,5.395202542707578,0,0.46773243884990884,0.0
9,4,tunnel,NOUN,nsubj,-0.46855204031440945,5.482079380118688,5.950631420433098,1,1.1681142480505202,0.0
9,5,from,ADP,case,-0.8322553810449786,8.288571704218821,9.1208270852638,0,0.29223812539769917,0.0
9,6,the,DET,det,1.0328734561496598,4.733084097091282,3.7002106409416227,0,0.42512120245917195,0.0
9,7,mosque,NOUN,nmod,0.5795457588733282,15.18943851219957,14.609892753326243,3,2.5671182089128206,0.2
9,8,to,ADP,case,-0.9850343372003509,5.85516522689238,6.840199564092731,0,0.884817130637397,0.2
9,9,the,DET,det,-0.6195012581559451,4.733084097091282,5.352585355247228,0,0.28815177275458215,0.2
9,10,Royal,ADJ,amod,3.7430015317516703,6.939140094293238,3.196138562541568,0,1.5142415237190492,0.2
9,11,Palace,PROPN,nmod,-0.5332688554564422,6.11262291514874,6.645891770605182,4,0.6478574981430008,0.2
9,12,",",PUNCT,punct,0.03248217744356552,4.552360855055908,4.5198786776123425,,0.12633425156703523,0.2
9,13,across,ADP,case,0.04741016424776667,12.730006893562273,12.682596729314506,0,0.580570688541185,0.2
9,14,the,DET,det,1.6826289678163722,4.733084097091282,3.0504551292749102,0,0.688909174743099,0.2
9,15,square,NOUN,obl,-5.222340047678676,11.060155495254604,16.28249554293328,2,2.48527726069384,0.2
9,16,.,PUNCT,punct,-0.047422392287010506,3.7008451783641614,3.748267570651172,,0.07854022069345741,0.2
10,1,5,X,discourse,-1.446469948353073,12.382083590141967,13.82855353849504,0,0.5316584849929422,0.0
10,2,Masjed-e,PROPN,root,-1.8983806102690446,6.11262291514874,8.011003525417784,,0.1929123684319194,0.0
10,3,Jāmé,PROPN,flat,1.235968795606781,6.11262291514874,4.876654119541959,0,0.05416593463733915,0.0
10,4,of,ADP,case,-0.1665049468202877,5.747531807657332,5.914036754477619,0,0.044307470665958415,0.0
10,5,Isfahan,PROPN,nmod,2.6204310264913744,15.18943851219957,12.569007485708196,1,0.929469281409579,0.0
10,6,",",PUNCT,punct,0.03492634777949988,4.552360855055908,4.517434507276408,,0.041121915110234955,0.0
10,7,north,ADV,advmod,1.4718902318224458,11.867510417312209,10.395620185489763,0,0.35402318080256956,0.0
10,8,of,ADP,case,0.03998587720437996,5.747531807657332,5.707545930452952,0,0.03224212545480214,0.0
10,9,Naqsh-e,PROPN,obl,2.8403453585248393,15.18943851219957,12.349093153674731,2,0.7283249968986828,0.1
10,10,Jahan,PROPN,flat,2.3147899251534447,14.604476011478415,12.28968608632497,1,0.7231309314923833,0.1
10,11,Square,PROPN,flat,0.11123409938303475,11.060155495254604,10.948921395871569,1,0.33300760063400836,0.1
10,12,in,ADP,case,0.1848446565838806,6.195085075340713,6.010240418756832,0,0.05978256438898405,0.1
10,13,the,DET,det,0.16366047879796497,4.733084097091282,4.5694236182933174,0,0.0449994565203901,0.1
10,14,old,ADJ,amod,-0.5387104793116428,11.604476011478415,12.143186490790058,0,0.2908043713693337,0.1
10,15,quarter,NOUN,nmod,0.5652096283670449,15.18943851219957,14.624228883832526,4,1.0315150423624464,0.2
10,16,.,PUNCT,punct,0.24029200223856906,3.7008451783641614,3.4605531761255923,,0.019514302708892487,0.2
11,1,6,X,discourse,-1.5220183122521416,12.382083590141967,13.904101902394109,0,0.38052399166207856,0.0
11,2,Hakim,PROPN,compound,-1.8455321102427895,6.11262291514874,7.958155025391529,0,0.19542154564102113,0.0
11,3,Mosque,PROPN,root,0.41625862399607705,15.18943851219957,14.773179888203494,,0.8757865912532158,0.2
11,4,",",PUNCT,punct,-0.2522392710309722,4.552360855055908,4.80460012608688,,0.07513673135156024,0.2
11,5,Hakim,PROPN,appos,1.5143110599347427,6.11262291514874,4.598311855213997,0,0.5542649774421332,0.2
11,6,(,PUNCT,punct,-0.09179106043566954,9.517013170228076,9.608804230663745,,0.15577776567297583,0.2
11,7,north,ADV,advmod,1.3374376416534126,11.867510417312209,10.530072775658796,0,0.4319630897794619,0.2
11,8,of,ADP,case,0.0053294427835641756,5.747531807657332,5.7422023648737675,0,0.028169960083031267,0.2
11,9,Naqsh-e,PROPN,obl,2.815553554533942,15.18943851219957,12.373884957665629,2,0.7714392716665482,0.2
11,10,Jahan,PROPN,flat,2.2913568324619025,14.604476011478415,12.313119179016512,1,0.7684370992373041,0.2
11,11,in,ADP,case,0.09926868056493277,6.195085075340713,6.09581639477578,0,0.03710933055633262,0.2
11,12,the,DET,det,0.03057255865595021,4.733084097091282,4.702511538435332,0,0.03795862089062792,0.2
11,13,old,ADJ,amod,-0.656276530639099,11.604476011478415,12.260752542117514,0,0.28673800152638657,0.2
11,14,quarter,NOUN,nmod,0.35106275746933413,15.18943851219957,14.838375754730237,4,0.9936001528231153,0.3
11,15,),PUNCT,punct,0.1947531681462138,9.531227029447775,9.336473861301561,,0.1666886699693227,0.3
11,16,.,PUNCT,punct,-0.19063650158320922,3.7008451783641614,3.8914816799473706,,0.015925573880595553,0.3
12,1,One,NUM,root,-0.18747322795411314,8.552813891655921,8.740287119610034,,0.13828453914089195,0.0
12,2,of,ADP,case,-1.1208640766983002,5.747531807657332,6.868395884355632,0,0.12671875663040005,0.0
12,3,the,DET,det,1.0200287136147073,4.733084097091282,3.713055383476575,0,0.18981074702140366,0.0
12,4,oldest,ADJ,amod,-1.268802045278731,6.939140094293238,8.20794213957197,0,0.2908040975511119,0.0
12,5,mosques,NOUN,nmod,2.1186858845137952,5.482079380118688,3.363393495604893,3,0.24013743581447813,0.0
12,6,in,ADP,case,-0.12114928293338956,6.195085075340713,6.3162343582741025,0,0.07096057567479684,0.0
12,7,Isfahan,PROPN,nmod,-1.2102792690184518,15.18943851219957,16.399717781218023,2,0.8937622906966469,0.0
12,8,.,PUNCT,punct,-0.031233791260426802,3.7008451783641614,3.732078969624588,,0.02567978784581808,0.0
13,1,Built,VERB,root,1.3630590796239854,13.604476011478415,12.24141693185443,,1.2908192974023325,0.0
13,2,by,ADP,case,-2.068236896508674,8.531227029447775,10.59946392595645,0,0.38788524588655954,0.0
13,3,Shah,PROPN,nmod:desc,-0.06114070142219763,6.11262291514874,6.1737636165709375,0,0.09348514290255133,0.0
13,4,Abbas,PROPN,obl:agent,2.054533151577081,6.11262291514874,4.058089763571659,2,0.23921345449097495,0.0
13,5,II,NUM,amod,0.009560780866475938,14.604476011478415,14.594915230611939,1,0.822880374712383,0.2
13,6,between,ADP,case,-0.15959763283730055,11.282547916591051,11.442145549428352,0,0.25256860826535693,0.2
13,7,1656,NUM,obl,2.693336225080243,8.849588509314946,6.156252284234704,1,0.16942067468936337,0.2
13,8,and,CCONJ,cc,-0.7759935144212493,5.740289866824134,6.516283381245383,0,0.12583737125664773,0.2
13,9,1662,NUM,conj,2.7200526147590516,8.849588509314946,6.129535894555895,2,0.16583304946442176,0.2
13,10,.,PUNCT,punct,1.0089963978719632,3.7008451783641614,2.6918487804921982,,0.050665708403510035,0.2
14,1,Located,VERB,root,1.3630590796239854,13.867510417312209,12.504451337688224,,0.9018363302048352,0.0
14,2,on,ADP,case,-0.747177002855981,7.520553527933323,8.267730530789304,0,1.415959945066206,0.0
14,3,the,DET,det,1.0765066239525276,4.733084097091282,3.656577473138755,0,0.6089847100668018,0.0
14,4,site,NOUN,obl,-1.5474408757127005,14.18943851219957,15.736879387912271,2,2.11842653091358,0.0
14,5,of,ADP,case,-0.34774903088852405,5.747531807657332,6.095280838545856,0,0.0447629781058111,0.0
14,6,a,DET,det,0.8616040030182868,5.916808727223201,5.0552047242049145,0,0.04779737250811652,0.0
14,7,10th,ADJ,amod,-0.0002435532866709167,6.939140094293238,6.939383647579909,0,0.07048821290561909,0.0
14,8,century,NOUN,compound,1.1823283969131442,13.382083590141967,12.199755193228823,1,0.45498860164511734,0.0
14,9,mosque,NOUN,nmod,-0.10227066221229997,15.18943851219957,15.29170917441187,4,0.6966781805115411,0.2
14,10,.,PUNCT,punct,0.25751113236187795,3.7008451783641614,3.4433340460022834,,0.0522791096347673,0.2
15,1,The,DET,det,-0.7976025969652571,4.733084097091282,5.53068669405654,0,0.026145197178954215,0.0
15,2,portal,NOUN,nsubj:pass,1.061914760053039,5.482079380118688,4.420164620065649,1,0.039376904451116634,0.0
15,3,was,AUX,aux:pass,-1.0617918166284337,7.073094550962102,8.134886367590536,0,0.13269140950599115,0.0
15,4,covered,VERB,root,0.039953160550735944,14.604476011478415,14.564522850927679,,0.7669131728844385,0.1
15,5,in,ADP,case,-0.33043405985737273,6.195085075340713,6.525519135198086,0,0.04270575216092105,0.1
15,6,mud,NOUN,obl,0.6154072841874596,5.482079380118688,4.866672095931229,1,0.04156906715983161,0.1
15,7,until,SCONJ,mark,-0.6310877933647632,12.488998794058478,13.120086587423241,0,0.48800384758753845,0.1
15,8,it,PRON,nsubj:pass,0.28988038361579616,6.147779360562356,5.85789897694656,0,0.08563741818893233,0.1
15,9,was,AUX,aux:pass,0.6877765929143438,7.073094550962102,6.385317958047758,0,0.17237869957315122,0.1
15,10,discovered,VERB,advcl,1.0563049780113634,6.197916666123875,5.141611688112512,3,0.11925606454445416,0.1
15,11,in,ADP,case,-0.06524129484459085,6.195085075340713,6.260326370185304,0,0.042461373746722375,0.1
15,12,1956,NUM,obl,0.23278106918190922,8.849588509314946,8.616807440133037,2,0.18554923652353292,0.1
15,13,.,PUNCT,punct,0.7274537195949469,3.7008451783641614,2.9733914587692145,,0.04278143976499631,0.1
16,1,Palaces,NOUN,root,-0.8732365632322434,5.482079380118688,6.355315943350932,,0.04098359429255844,0.0
17,1,Ali,PROPN,compound,-0.19592036260047863,6.11262291514874,6.3085432777492185,0,0.07664910517989604,0.0
17,2,Qapu,PROPN,flat,1.5592150997014613,6.11262291514874,4.553407815447279,1,0.06968842426473332,0.0
17,3,Palace,PROPN,root,2.5209131621539265,6.11262291514874,3.5917097529948134,,0.08483594169784477,0.0
18,1,Chehel,PROPN,root,-0.19592036260047863,6.11262291514874,6.3085432777492185,,0.07664910517989604,0.0
18,2,Sotoun,PROPN,flat,1.5592150997014613,6.11262291514874,4.553407815447279,0,0.06968842426473332,0.0
19,1,7,X,discourse,-0.41397129421051915,12.867510417312209,13.281481711522728,0,0.9440204890231998,0.0
19,2,Ālī,PROPN,root,-2.9535709680580604,6.11262291514874,9.0661938832068,,0.759621248988243,0.0
19,3,Qāpū,PROPN,flat,1.2083559840213418,6.11262291514874,4.904266931127398,0,0.05333767977232475,0.0
19,4,(,PUNCT,punct,-0.2247834088936873,9.517013170228076,9.741796579121763,,0.1565822890772668,0.0
19,5,The,DET,det,-0.916536587219329,4.733084097091282,5.649620684310611,0,0.05943423449085211,0.0
19,6,Royal,ADJ,amod,-0.4851572087579026,6.939140094293238,7.424297303051141,0,0.07794324374546521,0.0
19,7,Palace,PROPN,appos,1.5273078964044595,6.11262291514874,4.58531501874428,2,0.0791369883602327,0.0
19,8,),PUNCT,punct,0.12370188131499837,9.531227029447775,9.407525148132777,,0.1662097860274472,0.0
19,9,.,PUNCT,punct,-0.27662648894197206,3.7008451783641614,3.9774716673061334,,0.03557289614416246,0.0
20,1,Early,ADJ,amod,0.041297699666472454,11.730006893562273,11.6887091938958,0,0.23456708977654292,0.0
20,2,17th,ADJ,amod,-1.8733253789339859,15.18943851219957,17.062763891133557,0,0.9172006815549879,0.1
20,3,Century,NOUN,root,0.0661378368215555,13.382083590141967,13.315945753320412,,0.554768114643495,0.1
20,4,.,PUNCT,punct,-0.37315832029872853,3.7008451783641614,4.07400349866289,,0.026772367535825053,0.1
21,1,There,PRON,expl,0.5999457779647974,8.075696346150382,7.4757505681855845,0,0.10291354810212022,0.0
21,2,are,VERB,root,3.4783351240422853,7.693583485312399,4.215248361270114,,0.31855308997655823,0.0
21,3,floral,ADJ,amod,-1.1323778821944313,6.939140094293238,8.07151797648767,0,0.6876613552344643,0.0
21,4,",",PUNCT,punct,-0.773348237137526,4.552360855055908,5.325709092193434,,0.28993495633317873,0.0
21,5,animal,NOUN,conj,-2.360030736794677,14.604476011478415,16.96450674827309,1,1.0296161443646101,0.0
21,6,and,CCONJ,cc,-0.565785683530434,5.740289866824134,6.306075550354568,0,0.05160608093709331,0.0
21,7,bird,NOUN,conj,-0.19950949595878775,15.18943851219957,15.388948008158359,2,0.8612095602567091,0.2
21,8,motifs,NOUN,nsubj,-0.3842834777254325,5.482079380118688,5.866362857844121,1,0.023840189791126468,0.2
21,9,.,PUNCT,punct,-0.1487822339045386,3.7008451783641614,3.8496274122687,,0.024635131729502737,0.2
22,1,8,X,discourse,-0.5775876938008331,13.382083590141967,13.9596712839428,0,1.3354928123299634,0.0
22,2,Hasht,PROPN,root,-2.7899523250014413,6.11262291514874,8.902575240150181,,0.8257233498676549,0.0
22,3,Behesht,PROPN,flat,1.2083575055350773,6.11262291514874,4.904265409613663,0,0.05333012644198461,0.0
22,4,(,PUNCT,punct,-0.22477818814607176,9.517013170228076,9.741791358374147,,0.15657714737754483,0.0
22,5,The,DET,det,-0.9165350486926691,4.733084097091282,5.6496191457839515,0,0.0594300567986735,0.0
22,6,Palace,PROPN,appos,2.386235164474268,6.11262291514874,3.726387750674472,1,0.07227071139861724,0.0
22,7,of,ADP,case,0.10059984321082283,5.747531807657332,5.646931964446509,0,0.03296856464801158,0.0
22,8,Eight,NUM,nummod,2.2723747352015504,12.101975670949232,9.829600935747681,0,0.3064874774994913,0.0
22,9,Paradises,PROPN,nmod,1.0086601099591137,6.11262291514874,5.103962805189626,3,0.1596688526944332,0.0
22,10,),PUNCT,punct,0.0812716024242377,9.531227029447775,9.449955427023538,,0.1640050676950565,0.0
22,11,.,PUNCT,punct,-0.2388515917548828,3.7008451783641614,3.939696770119044,,0.035782344872815786,0.0
23,1,1669,NUM,obl:unmarked,-0.6427310942326923,8.849588509314946,9.492319603547639,0,0.10801367618213603,0.0
23,2,",",PUNCT,punct,-0.09497621873358497,4.552360855055908,4.647337073789493,,0.13101409054242147,0.0
23,3,reportedly,ADV,advmod,-1.4824774358200212,9.200753825427405,10.683231261247427,0,0.6006546458023844,0.0
23,4,built,VERB,root,-1.7513839390727934,13.604476011478415,15.355859950551208,,1.3462417982008907,0.0
23,5,for,ADP,case,-0.32200596432401696,7.502937985016352,7.824943949340369,0,0.0485698864563367,0.0
23,6,residence,NOUN,compound,0.5601899211475647,5.482079380118688,4.9218894589711235,0,0.03809959765724103,0.0
23,7,purposes,NOUN,obl,-0.23765782098116794,15.18943851219957,15.427096333180739,2,0.6104485370770577,0.3
23,8,of,ADP,case,-0.29548715052485797,5.747531807657332,6.04301895818219,0,0.04555087433416711,0.3
23,9,the,DET,det,0.7704054490763208,4.733084097091282,3.9626786480149616,0,0.036058877127379416,0.3
23,10,king,NOUN,nmod:poss,0.38530860602570804,14.18943851219957,13.804129906173863,1,0.4869885421209958,0.4
23,11,'s,PART,case,-0.7068342434157051,6.812227981811018,7.519062225226723,1,0.05837973922021525,0.4
23,12,harem,NOUN,nmod,-0.3340003170877264,5.482079380118688,5.816079697206415,3,0.03677475570120556,0.4
23,13,.,PUNCT,punct,0.35718716838667586,3.7008451783641614,3.3436580099774855,,0.015593405615674686,0.4
24,1,Set,VERB,root,0.43637867777564665,12.282547916591051,11.846169238815405,,0.34857220062155136,0.0
24,2,within,ADP,case,-2.2401094996459854,12.730006893562273,14.970116393208258,0,0.5436341872765961,0.0
24,3,lush,ADJ,amod,-0.4179795350779836,6.939140094293238,7.357119629371222,0,0.2232724392573938,0.0
24,4,gardens,NOUN,obl,0.5667077564140399,15.18943851219957,14.62273075578553,2,0.6662315232933832,0.2
24,5,which,PRON,nsubj,-0.6977819743936493,10.30679546283773,11.00457743723138,0,0.09248916074031263,0.2
24,6,are,AUX,cop,0.1330590618642642,7.693583485312399,7.560524423448135,0,0.10660105767261265,0.2
24,7,free,ADJ,acl:relcl,0.7707257676433485,12.488998794058478,11.71827302641513,3,0.3489999295034193,0.2
24,8,to,PART,mark,-0.4923368527551135,5.85516522689238,6.3475020796474935,0,0.040344752556542005,0.2
24,9,roam,VERB,acl,-0.5951728726756436,6.197916666123875,6.793089538799519,2,0.11940598726207358,0.2
24,10,if,SCONJ,mark,-0.8343997043514975,8.876555556915216,9.710955261266713,0,0.13716953036782645,0.2
24,11,you,PRON,nsubj,0.45568834884601284,6.339251674553796,5.883563325707783,0,0.0890786634885912,0.2
24,12,do,AUX,aux,0.9417692109935345,7.650279701091539,6.708510490098004,0,0.031126747841511745,0.2
24,13,n't,PART,advmod,0.7378599151328444,7.876555556915215,7.138695641782371,0,0.07601464782784144,0.2
24,14,want,VERB,advcl,1.593488396465787,9.96061982170369,8.367131425237902,5,0.1447156511874037,0.2
24,15,to,PART,mark,-0.5066367288365843,5.85516522689238,6.361801955728964,0,0.0605677158144123,0.2
24,16,go,VERB,xcomp,0.3202655083679993,9.502937985016352,9.182672476648353,2,0.21227319007926818,0.2
24,17,inside,ADP,case,-0.17428511414606973,13.604476011478415,13.778761125624484,0,0.9491738326517847,0.2
24,18,the,DET,det,0.40049883634059835,4.733084097091282,4.332585260750684,0,0.13744788591685791,0.2
24,19,building,NOUN,obl,-0.3061473256875953,12.604476011478415,12.91062333716601,3,0.7122650338657791,0.2
24,20,.,PUNCT,punct,0.5465563038728796,3.7008451783641614,3.154288874491282,,0.14308596065210175,0.2
25,1,9,X,discourse,-0.9217420554947786,12.488998794058478,13.410740849553257,0,0.7146038931210279,0.0
25,2,Chehel,PROPN,root,-2.4238613199213725,6.11262291514874,8.536484235070112,,0.43411250662448597,0.0
25,3,Sotoun,PROPN,flat,1.2244446564797506,6.11262291514874,4.888178258668989,0,0.09296913310003402,0.0
25,4,(,PUNCT,punct,0.12781800244717445,9.517013170228076,9.389195167780901,,0.8477767375909687,0.0
25,5,The,DET,det,-1.0609222866955843,4.733084097091282,5.794006383786867,0,0.2191149383024173,0.0
25,6,Palace,PROPN,appos,2.8048884339543942,6.11262291514874,3.3077344811943457,1,0.6039059121087955,0.0
25,7,of,ADP,case,0.004625895260958579,5.747531807657332,5.742905912396373,0,0.10217962802265335,0.0
25,8,Forty,NUM,nummod,1.6560231920937056,15.18943851219957,13.533415320105865,0,1.0604862848949133,0.0
25,9,Columns,PROPN,nmod,0.7805925713629929,6.11262291514874,5.332030343785747,3,0.09585060896490305,0.0
25,10,),PUNCT,punct,0.0736562881649867,9.531227029447775,9.457570741282789,,0.1649253684838489,0.0
25,11,.,PUNCT,punct,-0.2283622281026303,3.7008451783641614,3.9292074064667917,,0.05058235485144195,0.0
26,1,It's,PRON,nmod:poss,-0.4679433631661851,13.867510417312209,14.335453780478394,0,0.585766441708887,0.0
26,2,Persian,ADJ,amod,-0.7917468820403339,6.939140094293238,7.730886976333572,0,0.16388787507247707,0.0
26,3,Gardens,PROPN,nsubj,-0.3309088837113858,15.18943851219957,15.520347395910957,2,0.5965755780407611,0.2
26,4,is,AUX,cop,-0.42659205277155277,6.470049691257488,6.896641744029041,0,0.04790912904106754,0.2
26,5,one,NUM,root,-1.1687065307492013,8.552813891655921,9.721520422405122,,0.10691910431207646,0.2
26,6,of,ADP,case,-0.3394527425893399,5.747531807657332,6.0869845502466715,0,0.045081596730118724,0.2
26,7,nine,NUM,nmod,1.8834095416370857,13.18943851219957,11.306028970562485,1,0.5362267415584013,0.2
26,8,inscribed,VERB,acl,-1.316097629254882,6.197916666123875,7.514014295378757,1,0.05974652874202201,0.2
26,9,on,ADP,case,-0.21059152087147837,7.520553527933323,7.731145048804802,0,0.09417475324290672,0.2
26,10,the,DET,det,0.6080571332445972,4.733084097091282,4.125026963846685,0,0.0349937578226125,0.2
26,11,UNESCO,PROPN,compound,-0.30159282688854994,6.11262291514874,6.41421574203729,0,0.07821914302361556,0.2
26,12,World,PROPN,compound,0.5218804169731541,10.331457517071998,9.809577100098844,0,0.26639875573830507,0.2
26,13,Heritage,PROPN,compound,1.4453748753280982,6.11262291514874,4.667248039820642,1,0.10611297267265066,0.2
26,14,List,PROPN,obl,-1.054181617755095,13.604476011478415,14.65865762923351,5,0.5242307591505057,0.2
26,15,.,PUNCT,punct,0.4417427964841476,3.7008451783641614,3.2591023818800138,,0.040463405208782374,0.2
27,1,Contains,VERB,root,1.755747462704356,14.604476011478415,12.848728548774059,,0.9501379918774729,0.0
27,2,some,DET,det,-2.1168560951983046,9.223654227537484,11.340510322735788,0,0.8595317357969451,0.0
27,3,spectacular,ADJ,amod,1.0588645434230752,14.604476011478415,13.54561146805534,0,1.6240461187086934,0.0
27,4,battle,NOUN,compound,-1.6808547299098304,13.604476011478415,15.285330741388245,0,1.7430777580378105,0.0
27,5,murals,NOUN,obj,-0.1714145788218806,5.482079380118688,5.653493958940569,3,0.023552105445103867,0.0
27,6,.,PUNCT,punct,0.17974984502691882,3.7008451783641614,3.5210953333372426,,0.020654514725887224,0.0
28,1,Łódź,PROPN,root,-0.19592036260047863,6.11262291514874,6.3085432777492185,,0.07664910517989604,0.0
29,1,Understand,VERB,root,1.150267084373846,11.604476011478415,10.454208927104569,,0.45717908049137396,0.0
30,1,Historic,ADJ,amod,-0.6552308970399601,13.604476011478415,14.259706908518375,0,0.7587900421434316,0.0
30,2,fire,NOUN,compound,-1.3756163547303988,13.18943851219957,14.56505486692997,0,0.4055184063330431,0.0
30,3,station,NOUN,root,-1.2551255539809478,14.604476011478415,15.859601565459363,,0.9974130663583626,0.1
30,4,in,ADP,case,-0.4523809461653441,6.195085075340713,6.647466021506057,0,0.04403251462189378,0.1
30,5,Księży,PROPN,compound,2.339826546470202,6.11262291514874,3.772796368678538,0,0.04056894657320098,0.1
30,6,Młyn,PROPN,compound,2.0176127508061654,6.11262291514874,4.0950101643425745,1,0.038608196484221806,0.1
30,7,area,NOUN,nmod,-1.737790182005817,12.488998794058478,14.226788976064295,2,0.630479194153931,0.1
31,1,Name,NOUN,root,-1.0579420866456388,12.019513510757259,13.077455597402897,,0.5966694634104677,0.0
31,2,and,CCONJ,cc,-1.281081472268136,5.740289866824134,7.02137133909227,0,0.3830731873765653,0.0
31,3,history,NOUN,conj,-1.2335327319203344,11.282547916591051,12.516080648511386,1,0.49780342090212754,0.0
32,1,New,ADJ,amod,-0.35333356192400167,10.039691392694888,10.39302495461889,0,0.1826104346822006,0.0
32,2,inhabitants,NOUN,nsubj,-1.7397782961936539,15.18943851219957,16.929216808393225,1,0.5738894875858052,0.3
32,3,",",PUNCT,punct,-0.6942434293802862,4.552360855055908,5.246604284436194,,0.01880657722299155,0.3
32,4,craftsmen,NOUN,conj,-1.0016047764904767,5.482079380118688,6.483684156609165,1,0.04466579372465829,0.3
32,5,and,CCONJ,cc,-0.7461271603522102,5.740289866824134,6.486417027176344,0,0.053312008279456,0.3
32,6,merchants,NOUN,conj,-0.09750305829281647,5.482079380118688,5.579582438411505,2,0.052947989296661856,0.3
32,7,came,VERB,root,-0.27231211581021775,11.488998794058478,11.761310909868696,,0.23167925315817126,0.3
32,8,to,ADP,case,-0.7268311022034712,5.85516522689238,6.581996329095851,0,0.06242671841527906,0.3
32,9,Łódź,PROPN,obl,-0.44457771265475365,6.11262291514874,6.5572006278034936,1,0.07222035657946178,0.3
32,10,;,PUNCT,punct,0.06944388507023902,10.35654849803483,10.28710461296459,,0.17019592871657024,0.3
32,11,markets,NOUN,nsubj,-0.9338616323065434,15.18943851219957,16.123300144506114,0,0.7499161850508482,0.4
32,12,and,CCONJ,cc,-0.6092645980848799,5.740289866824134,6.349554464909014,0,0.06272310876752636,0.4
32,13,town,NOUN,compound,0.024347677756821895,13.18943851219957,13.165090834442749,0,0.4309286067319717,0.4
32,14,fairs,NOUN,conj,-0.2854342860696688,5.482079380118688,5.767513666188357,3,0.09535503313897192,0.4
32,15,came,VERB,parataxis,-0.6180807140525904,11.488998794058478,12.107079508111068,1,0.2179695529518974,0.4
32,16,to,ADP,case,-0.6435238309648188,5.85516522689238,6.498689057857199,0,0.06156004171771549,0.4
32,17,life,NOUN,obl,0.012760296541120653,10.545582322424846,10.532822025883725,2,0.18227737747623102,0.4
32,18,.,PUNCT,punct,0.4567471143511792,3.7008451783641614,3.244098064012982,,0.024552430512042506,0.4
33,1,The,DET,det,-0.7976025969652571,4.733084097091282,5.53068669405654,0,0.026145197178954215,0.0
33,2,profits,NOUN,nsubj,1.061914760053039,5.482079380118688,4.420164620065649,1,0.039376904451116634,0.0
33,3,obtained,VERB,acl,-1.7418924433555514,15.18943851219957,16.931330955555122,1,0.8427451491561879,0.2
33,4,from,ADP,case,-0.6020476179384033,8.288571704218821,8.890619322157225,0,0.07552768439061781,0.2
33,5,prosperous,ADJ,amod,-0.46631280602188596,15.18943851219957,15.655751318221457,0,0.6671898926904253,0.4
33,6,textile,NOUN,compound,0.9692591822075851,15.18943851219957,14.220179329991986,0,0.8330393835624517,0.5
33,7,mills,NOUN,obl,-0.2635490692941307,14.604476011478415,14.868025080772545,4,0.6714017459834507,0.5
33,8,opened,VERB,root,-1.1173118574019814,13.604476011478415,14.721787868880396,,0.6003766761062511,0.5
33,9,up,ADP,compound:prt,-0.23970563848022586,9.13415607669838,9.373861715178606,0,0.1777863366813484,0.5
33,10,practically,ADV,advmod,-0.043206431598660444,9.200753825427405,9.243960257026066,0,0.10944914158324011,0.5
33,11,unlimited,ADJ,amod,0.5197639870478277,6.939140094293238,6.4193761072454105,1,0.05818474732363261,0.5
33,12,possibilities,NOUN,obj,0.6147995867570089,13.867510417312209,13.2527108305552,1,0.7290360992926029,0.5
33,13,for,ADP,case,-0.1743377526756822,7.502937985016352,7.677275737692034,0,0.0519669926160136,0.5
33,14,their,PRON,nmod:poss,-0.004090316412238337,9.867510417312209,9.871600733724447,0,0.04014171535149948,0.5
33,15,owners,NOUN,obl,0.3669540081716054,14.604476011478415,14.23752200330681,2,0.7016227846450146,0.6
33,16,.,PUNCT,punct,0.40398893121755997,3.7008451783641614,3.2968562471466014,,0.016595617622540998,0.6
34,1,The,DET,det,-0.7976025969652571,4.733084097091282,5.53068669405654,0,0.026145197178954215,0.0
34,2,city,NOUN,compound,1.5364986505960498,11.434551010036103,9.898052359440053,0,0.5870373096584115,0.0
34,3,residences,NOUN,nsubj,-0.7890077217524318,5.482079380118688,6.27108710187112,2,0.8672085675041489,0.0
34,4,became,VERB,root,-2.6166592880936363,13.604476011478415,16.22113529957205,,1.4147877077745656,0.0
34,5,expressions,NOUN,xcomp,-0.712477424036206,5.482079380118688,6.194556804154894,0,0.037623512456522346,0.0
34,6,of,ADP,case,-0.4952416144335734,5.747531807657332,6.242773422090905,0,0.0370748305368091,0.0
34,7,the,DET,det,0.7385664588582115,4.733084097091282,3.994517638233071,0,0.030618556917945502,0.0
34,8,riches,NOUN,nmod,1.3390216116293425,5.482079380118688,4.143057768489346,3,0.033998254167528386,0.0
34,9,and,CCONJ,cc,-0.6055499921635024,5.740289866824134,6.345839858987636,0,0.05235098780018547,0.0
34,10,power,NOUN,conj,0.32620187135839274,12.488998794058478,12.162796922700085,2,0.4437951336191502,0.0
34,11,of,ADP,case,-0.20525282298283098,5.747531807657332,5.952784630640163,0,0.042167031490885486,0.0
34,12,the,DET,det,0.87108339319412,4.733084097091282,3.8620007038971624,0,0.030950615456209706,0.0
34,13,local,ADJ,amod,-0.004317567875178341,12.18943851219957,12.193756080074749,0,0.35634169229584123,0.0
34,14,tycoons,NOUN,nmod,1.1793444090186878,5.482079380118688,4.3027349711000005,4,0.03262973744290993,0.0
34,15,.,PUNCT,punct,0.43864171643049454,3.7008451783641614,3.262203461933667,,0.02049072904841342,0.0
35,1,They,PRON,nsubj:pass,0.5840665445386906,7.894817763307944,7.310751218769253,0,0.06515816144839605,0.0
35,2,were,AUX,aux:pass,2.4242073702278972,9.060155495254604,6.635948125026706,0,0.2502723962550666,0.0
35,3,usually,ADV,advmod,-2.097000979049362,12.604476011478415,14.701476990527777,0,0.636764866119991,0.0
35,4,situated,VERB,root,0.5016731918301423,6.197916666123875,5.696243474293733,,0.2622307332190917,0.0
35,5,next,ADV,advmod,-0.542096380577787,12.019513510757259,12.561609891335046,0,0.33579969657829223,0.0
35,6,to,ADP,case,-0.5958654386412752,5.85516522689238,6.451030665533655,0,0.05857737282336459,0.0
35,7,the,DET,det,0.24206442391565375,4.733084097091282,4.491019673175629,0,0.1560557208252107,0.0
35,8,owner,NOUN,nmod:poss,1.3449918542645563,15.18943851219957,13.844446657935014,1,0.782295636702562,0.0
35,9,'s,PART,case,-0.5835105517306323,6.812227981811018,7.395738533541651,1,0.0738571215565035,0.0
35,10,factory,NOUN,obl,-0.34607259436778737,5.482079380118688,5.828151974486476,3,0.0559339115131066,0.0
35,11,.,PUNCT,punct,0.39884805630688147,3.7008451783641614,3.30199712205728,,0.020311660800020236,0.0
36,1,During,ADP,case,-0.7551589525843507,11.941510998755986,12.696669951340336,0,0.2968983969290302,0.0
36,2,the,DET,det,0.8457247520634676,4.733084097091282,3.8873593450278148,0,0.2143130652721036,0.0
36,3,Nazi,ADJ,amod,-0.7368565932582856,6.939140094293238,7.675996687551524,0,0.3252880375945952,0.0
36,4,occupation,NOUN,obl,1.4256822491422723,5.482079380118688,4.056397130976416,3,0.35889943231153515,0.0
36,5,",",PUNCT,punct,-0.18699113765240405,4.552360855055908,4.739351992708312,,0.0688394634916517,0.0
36,6,Łódź,PROPN,nsubj:pass,0.002707894205741468,6.11262291514874,6.109915020942998,0,0.30843159157005456,0.0
36,7,was,AUX,aux:pass,-0.8932664596665463,7.073094550962102,7.966361010628648,0,0.18175394905036357,0.0
36,8,incorporated,VERB,root,0.7975201052596086,6.197916666123875,5.400396560864267,,0.15941061124395017,0.0
36,9,directly,ADV,advmod,2.426738663944228,13.18943851219957,10.762699848255343,0,1.418882211036933,0.0
36,10,into,ADP,case,0.5432177497995117,9.849588509314946,9.306370759515435,0,0.5475457264868809,0.0
36,11,the,DET,det,1.4027202522240478,4.733084097091282,3.3303638448672346,0,0.43478681702905997,0.0
36,12,Third,PROPN,compound,-1.872461921304188,13.019513510757259,14.891975432061447,0,1.9763889139241846,0.0
36,13,Reich,PROPN,obl,-4.682335419540986,6.11262291514874,10.794958334689726,3,1.7858743571963716,0.0
36,14,.,PUNCT,punct,-0.0619033501815065,3.7008451783641614,3.762748528545668,,0.030098891608260216,0.0
37,1,The,DET,det,-0.7976025969652571,4.733084097091282,5.53068669405654,0,0.026145197178954215,0.0
37,2,city,NOUN,nsubj:pass,1.5364986505960498,11.434551010036103,9.898052359440053,1,0.5870373096584115,0.0
37,3,was,AUX,aux:pass,-0.6864683570650634,7.073094550962102,7.759562908027165,0,0.9758611214829982,0.0
37,4,renamed,VERB,root,0.7025197386978306,6.197916666123875,5.495396927426045,,1.2916190055472603,0.0
37,5,to,ADP,case,-0.5697166178759199,5.85516522689238,6.4248818447683,0,0.17338720382958436,0.0
37,6,Litzmannstadt,PROPN,obl,-1.15753508088432,6.11262291514874,7.27015799603306,1,0.46441958718566234,0.0
37,7,",",PUNCT,punct,-0.09499694749416321,4.552360855055908,4.647357802550071,,0.11686468156305485,0.0
37,8,and,CCONJ,cc,0.10189681216914526,5.740289866824134,5.638393054654989,0,0.3651381287799039,0.0
37,9,Piotrkowska,PROPN,nsubj:pass,2.784874284935043,6.11262291514874,3.327748630213697,0,0.5760421190652676,0.0
37,10,Street,PROPN,flat,3.279885065300535,12.730006893562273,9.450121828261738,1,1.6233430895548397,0.0
37,11,was,AUX,aux:pass,-0.9578939154406765,7.073094550962102,8.030988466402778,0,0.7388351097824422,0.0
37,12,called,VERB,conj,-0.31435151531646177,10.797121089420811,11.111472604737273,3,2.1405152634633975,0.0
37,13,Adolf,PROPN,compound,0.6933966794371145,6.11262291514874,5.419226235711625,0,0.6542116196489816,0.0
37,14,-,PUNCT,punct,-0.1572357890907483,8.337689470783513,8.494925259874261,,0.4189896897576281,0.0
37,15,Hitler,PROPN,flat,3.6239760555399614,6.11262291514874,2.4886468596087785,1,1.1499333918629349,0.0
37,16,-,PUNCT,punct,0.6240347976524294,8.337689470783513,7.713654673131083,,0.3820041090149737,0.0
37,17,Strasse,PROPN,xcomp,3.7870467564589725,6.11262291514874,2.3255761586897674,2,1.01026441886886,0.0
37,18,.,PUNCT,punct,0.526799146825462,3.7008451783641614,3.1740460315386994,,0.14713093381123513,0.0
38,1,The,DET,det,-0.7976025969652571,4.733084097091282,5.53068669405654,0,0.026145197178954215,0.0
38,2,Jewish,ADJ,amod,-0.7789728463322465,14.604476011478415,15.383448857810661,0,0.551128088116742,0.0
38,3,community,NOUN,nsubj:pass,0.8352232276148754,13.604476011478415,12.76925278386354,2,0.44071614910003204,0.0
38,4,was,AUX,aux:pass,-0.9348996913864056,7.073094550962102,8.007994242348508,0,0.05596655638428294,0.0
38,5,practically,ADV,advmod,0.16281901129343979,9.200753825427405,9.037934814133965,0,0.09977471549923708,0.0
38,6,wiped,VERB,root,0.6124591287003582,14.604476011478415,13.992016882778056,,0.7588812005253299,0.0
38,7,out,ADP,compound:prt,-0.1594890901724728,9.15601551066212,9.315504600834593,0,0.06665848736356099,0.0
38,8,",",PUNCT,punct,-0.4172062063648285,4.552360855055908,4.969567061420737,,0.051973645745936124,0.0
38,9,and,CCONJ,cc,-0.4457302415896054,5.740289866824134,6.186020108413739,0,0.06892626667086768,0.0
38,10,many,ADJ,amod,0.7093961615350715,10.235242201812696,9.525846040277624,0,0.13624868240245272,0.0
38,11,others,NOUN,nsubj,0.636125034950151,12.867510417312209,12.231385382362058,1,0.4546263743186329,0.0
38,12,lost,VERB,conj,-0.9815479070578768,12.282547916591051,13.264095823648928,2,0.3230532245655875,0.0
38,13,their,PRON,nmod:poss,-0.10926327208448505,9.867510417312209,9.976773689396694,0,0.11810315000825196,0.0
38,14,lives,NOUN,obj,-0.25812251791084684,12.867510417312209,13.125632935223056,2,0.32046015098987285,0.0
38,15,.,PUNCT,punct,0.43669283781109147,3.7008451783641614,3.26415234055307,,0.01846525609288843,0.0
39,1,The,DET,det,-0.7976025969652571,4.733084097091282,5.53068669405654,0,0.026145197178954215,0.0
39,2,day,NOUN,obl:unmarked,1.5969720723285814,10.434551010036103,8.837578937707521,1,0.319641758305366,0.0
39,3,before,ADP,case,-2.0219519180362315,10.697585415869895,12.719537333906127,0,0.6042957873459958,0.0
39,4,the,DET,det,1.1274132635287843,4.733084097091282,3.605670833562498,0,1.2121120325408812,0.0
39,5,liberation,NOUN,nmod,0.05441918629158593,5.482079380118688,5.427660193827102,3,1.8631030985697412,0.0
39,6,",",PUNCT,punct,-0.07022324486929499,4.552360855055908,4.622584099925203,,0.03303569313189209,0.0
39,7,about,ADV,advmod,-0.47657984479021387,9.101975670949232,9.578555515739446,0,0.22556006986807828,0.0
39,8,"80,000",NUM,nummod,2.3011028935913087,8.849588509314946,6.548485615723638,1,0.3809555958002584,0.0
39,9,Germans,PROPN,nsubj,-0.26316657995350745,6.11262291514874,6.375789495102247,1,0.12642039663622112,0.0
39,10,left,VERB,root,-3.3011801952710407,11.382083590141967,14.683263785413008,,0.7324635354958241,0.0
39,11,Łódź,PROPN,obj,0.6745672777976424,6.11262291514874,5.4380556373510975,0,0.4180541585091608,0.0
39,12,in,ADP,case,0.09834626413037562,6.195085075340713,6.096738811210337,0,0.05472324579243747,0.0
39,13,panic,NOUN,obl,-0.4095125136602338,5.482079380118688,5.891591893778922,1,0.10253459555041752,0.0
39,14,.,PUNCT,punct,0.15367937825504896,3.7008451783641614,3.5471658001091124,,0.028189015726234435,0.0
40,1,At,ADP,case,-0.6039599783785476,8.055012191978644,8.658972170357192,0,0.09739666071824205,0.0
40,2,the,DET,det,0.7088868272467259,4.733084097091282,4.0241972698445565,0,0.17161944567665546,0.0
40,3,beginning,NOUN,obl,-0.3737078653927952,13.18943851219957,13.563146377592366,2,0.9244797112334366,0.0
40,4,of,ADP,case,-0.6245753959301084,5.747531807657332,6.37210720358744,0,0.1800290153797681,0.0
40,5,1945,NUM,nmod,0.2505382155630329,8.849588509314946,8.599050293751914,2,0.34585162726858587,0.0
40,6,",",PUNCT,punct,0.3459707385355131,4.552360855055908,4.206390116520395,,0.04729501550825204,0.0
40,7,the,DET,det,-0.09715454508550092,4.733084097091282,4.830238642176783,0,0.07937473074141896,0.0
40,8,population,NOUN,nsubj:pass,1.1563914712018928,13.382083590141967,12.225692118940074,1,0.5426191589123843,0.0
40,9,was,AUX,aux:pass,-0.7367940845024199,7.073094550962102,7.809888635464522,0,0.05574821814128437,0.0
40,10,estimated,VERB,root,0.4856682246829749,15.18943851219957,14.703770287516596,,0.5312118601538764,0.2
40,11,at,ADP,case,-0.20889181313587812,8.055012191978644,8.263904005114522,0,0.0917251954797408,0.2
40,12,"300,000",NUM,obl,0.3099030160240783,8.849588509314946,8.539685493290868,1,0.19057116472207772,0.2
40,13,.,PUNCT,punct,0.6106192886384174,3.7008451783641614,3.090225889725744,,0.036580629261461245,0.2
41,1,Plac,PROPN,root,-0.19592036260047863,6.11262291514874,6.3085432777492185,,0.07664910517989604,0.0
41,2,Wolności,PROPN,compound,1.5592150997014613,6.11262291514874,4.553407815447279,0,0.06968842426473332,0.0
42,1,Łódź,PROPN,root,-0.19592036260047863,6.11262291514874,6.3085432777492185,,0.07664910517989604,0.0
42,2,today,NOUN,nmod:unmarked,-2.816788551428653,10.545582322424846,13.362370873853498,0,1.105840186369788,0.0
43,1,Mérida,PROPN,root,-0.19592036260047863,6.11262291514874,6.3085432777492185,,0.07664910517989604,0.0
44,1,Mérida,PROPN,nsubj,-0.19592036260047863,6.11262291514874,6.3085432777492185,0,0.07664910517989604,0.0
44,2,is,AUX,cop,-1.8307846244783317,6.470049691257488,8.30083431573582,0,0.18342849685047422,0.0
44,3,the,DET,det,-0.6073495290187401,4.733084097091282,5.3404336261100225,0,0.18562054167325046,0.0
44,4,capital,NOUN,root,1.8268795868415282,14.604476011478415,12.777596424636886,,1.9867659175679557,0.0
44,5,of,ADP,case,1.8716769113423655,5.747531807657332,3.875854896314966,0,1.4912600443624975,0.0
44,6,the,DET,det,-0.39340744221496937,4.733084097091282,5.126491539306252,0,1.894289525337803,0.0
44,7,state,NOUN,nmod,0.2206445213044006,11.382083590141967,11.161439068837566,2,0.6709310812630718,0.0
44,8,of,ADP,case,0.2306167300776334,5.747531807657332,5.516915077579698,0,0.7111925269532307,0.0
44,9,Yucatán,PROPN,nmod,-0.7053064563027496,6.11262291514874,6.8179293714514895,2,1.2874420912212334,0.0
44,10,in,ADP,case,0.04962964625866473,6.195085075340713,6.145455429082048,0,0.053335579401696476,0.0
44,11,Mexico,PROPN,nmod,2.4174242550439615,12.282547916591051,9.86512366154709,2,0.2745585667028314,0.0
44,12,.,PUNCT,punct,0.17506043589300901,3.7008451783641614,3.5257847424711524,,0.03319461618381116,0.0
45,1,It,PRON,nsubj,0.1358633281289432,6.147779360562356,6.011916032433413,0,0.08192350898677746,0.0
45,2,has,VERB,root,1.2607421293006809,9.235242201812696,7.974500072512015,,0.3465663899442864,0.0
45,3,a,DET,det,-0.9196500148784095,5.916808727223201,6.836458742101611,0,0.28356646459707885,0.0
45,4,population,NOUN,obj,-0.3485510887811962,13.382083590141967,13.730634678923163,1,0.6925640891435164,0.0
45,5,of,ADP,case,-0.4523722682717768,5.747531807657332,6.199904075929108,0,0.036569822001324734,0.0
45,6,about,ADV,advmod,0.34061492867849275,9.101975670949232,8.761360742270739,0,0.11057248073005285,0.0
45,7,"750,000",NUM,nmod,0.405780275374358,8.849588509314946,8.443808233940588,3,0.19091945004951796,0.0
45,8,",",PUNCT,punct,0.5342117172746779,4.552360855055908,4.01814913778123,,0.0577603455791139,0.0
45,9,and,CCONJ,cc,-0.36285249635223416,5.740289866824134,6.103142363176368,0,0.08839199040044772,0.0
45,10,is,AUX,cop,-0.10344482519880227,6.470049691257488,6.57349451645629,0,0.08826141866466088,0.0
45,11,the,DET,det,-0.3326234575772631,4.733084097091282,5.0657075546685455,0,0.06509556362452111,0.0
45,12,largest,ADJ,amod,0.5051915481659517,12.382083590141967,11.876892041976015,0,0.35263990069272744,0.0
45,13,city,NOUN,conj,0.31339610477564506,11.434551010036103,11.121154905260457,4,0.31744415578230356,0.0
45,14,in,ADP,case,0.06731384950096686,6.195085075340713,6.127771225839746,0,0.06478314222957528,0.0
45,15,the,DET,det,0.8642822412605518,4.733084097091282,3.8688018558307307,0,0.04502458092692518,0.0
45,16,Yucatán,ADJ,amod,-0.0276682371523993,6.939140094293238,6.9668083314456375,0,0.05982110702612369,0.0
45,17,Peninsula,PROPN,nmod,0.52675949644415,15.18943851219957,14.66267901575542,4,1.4433468373856548,0.1
45,18,.,PUNCT,punct,0.37173131754325794,3.7008451783641614,3.3291138608209034,,0.22241496659222387,0.1
46,1,Catedral,PROPN,root,-0.19592036260047863,6.11262291514874,6.3085432777492185,,0.07664910517989604,0.0
46,2,de,PROPN,flat,2.0969060654291702,12.488998794058478,10.392092728629308,0,0.8108200202287968,0.0
46,3,San,PROPN,flat,-0.7720527398896628,13.604476011478415,14.376528751368078,0,1.0577212952646875,0.0
46,4,Ildefonso,PROPN,flat,1.839001984357651,6.11262291514874,4.273620930791089,0,0.03921779097713358,0.0
47,1,Zócalo,PROPN,root,-0.19592036260047863,6.11262291514874,6.3085432777492185,,0.07664910517989604,0.0
47,2,or,CCONJ,cc,-1.3796425439645272,8.461518057636372,9.8411606016009,0,0.20906943149049254,0.0
47,3,Main,ADJ,amod,2.742630576604151,12.488998794058478,9.746368217454327,0,1.8623084694889243,0.0
47,4,Plaza,PROPN,conj,-2.2489515083917313,6.11262291514874,8.361574423540471,2,1.7041236823654675,0.0
47,5,",",PUNCT,punct,-0.19780422489925442,4.552360855055908,4.7501650799551625,,0.09325349068442998,0.0
47,6,with,ADP,case,-0.07342501996042827,7.899419665266953,7.972844685227381,0,0.06848389807026498,0.0
47,7,the,DET,det,0.0355951935302814,4.733084097091282,4.697488903561001,0,0.037220591357682714,0.0
47,8,Cathedral,PROPN,nmod,2.8624072273554106,6.11262291514874,3.2502156877933293,2,0.20561406266264995,0.0
47,9,in,ADP,case,0.1257033903276099,6.195085075340713,6.069381685013103,0,0.05094211051713823,0.0
47,10,the,DET,det,0.02503689166925316,4.733084097091282,4.708047205422029,0,0.06540774957403438,0.0
47,11,distance,NOUN,nmod,-0.5740180954422041,14.604476011478415,15.178494106920619,3,0.7416025164554862,0.0
48,1,Understand,VERB,root,1.150267084373846,11.604476011478415,10.454208927104569,,0.45717908049137396,0.0
49,1,Mérida,PROPN,nsubj,-0.19592036260047863,6.11262291514874,6.3085432777492185,0,0.07664910517989604,0.0
49,2,is,AUX,cop,-1.8307846244783317,6.470049691257488,8.30083431573582,0,0.18342849685047422,0.0
49,3,a,DET,det,-0.0009088490720099429,5.916808727223201,5.917717576295211,0,0.6976563669550825,0.0
49,4,city,NOUN,root,0.1796137298568521,11.434551010036103,11.25493728017925,,1.0195158375623739,0.0
49,5,of,ADP,case,-0.5169106332651898,5.747531807657332,6.2644424409225214,0,0.19422313000456984,0.0
49,6,contrasts,NOUN,nmod,0.5704690721687884,5.482079380118688,4.9116103079499,1,0.7480639353247784,0.0
49,7,.,PUNCT,punct,0.01939564831951701,3.7008451783641614,3.6814495300446444,,0.2340483426475073,0.0
50,1,You,PRON,nsubj,0.406728407907031,6.339251674553796,5.932523266646765,0,0.06306914613167432,0.0
50,2,will,AUX,aux,1.0944084045251046,9.060155495254604,7.965747090729499,0,0.1541522822021237,0.0
50,3,find,VERB,root,3.781497079004879,11.282547916591051,7.501050837586172,,0.9351180609735482,0.0
50,4,elegant,ADJ,amod,0.5890251084645257,6.939140094293238,6.3501149858287125,0,1.1626977453113319,0.0
50,5,hotels,NOUN,obj,-1.0840041702647971,5.482079380118688,6.566083550383485,1,0.9251975651018863,0.0
50,6,",",PUNCT,punct,0.19718421723029955,4.552360855055908,4.3551766378256085,,0.24230058725294806,0.0
50,7,restaurants,NOUN,conj,-4.425020451483521,15.18943851219957,19.61445896368309,1,0.882487138266977,0.3
50,8,and,CCONJ,cc,-0.812633053543931,5.740289866824134,6.552922920368065,0,0.04932145885112402,0.3
50,9,malls,NOUN,conj,0.16799280080203793,5.482079380118688,5.31408657931665,2,0.03879666180927246,0.3
50,10,in,ADP,case,-0.29131136411850456,6.195085075340713,6.4863964394592175,0,0.052976178927760686,0.3
50,11,the,DET,det,0.7987364412739257,4.733084097091282,3.9343476558173567,0,0.025401793882003133,0.3
50,12,northern,ADJ,amod,-0.0017912953755185868,6.939140094293238,6.940931389668757,0,0.0718744398485316,0.3
50,13,part,NOUN,nmod,1.1171470309012683,10.665876556142557,9.548729525241288,4,0.21635947433646394,0.3
50,14,of,ADP,case,-0.01742262206880074,5.747531807657332,5.764954429726132,0,0.05000186924251488,0.3
50,15,the,DET,det,0.9189174747623539,4.733084097091282,3.8141666223289286,0,0.02704047725457144,0.3
50,16,city,NOUN,nmod,0.8061298881428236,11.434551010036103,10.628421121893279,3,0.2452151917165538,0.3
50,17,.,PUNCT,punct,0.4131300547253023,3.7008451783641614,3.287715123638859,,0.030185794529472395,0.3
51,1,Downtown,NOUN,obl:unmarked,-1.1488352714638967,15.18943851219957,16.338273783663467,0,0.6306711714933813,0.1
51,2,",",PUNCT,punct,-1.3089242270260977,4.552360855055908,5.861285082082006,,0.03597092515247126,0.1
51,3,there,PRON,expl,-1.386295258962683,8.075696346150382,9.461991605113065,0,0.08391297294662098,0.1
51,4,are,VERB,root,0.6988562612979434,7.693583485312399,6.994727224014456,,0.09532902089754496,0.1
51,5,hotels,NOUN,nsubj,-1.6407926602135028,5.482079380118688,7.122872040332191,0,0.04082252627985134,0.1
51,6,and,CCONJ,cc,0.02227508979298687,5.740289866824134,5.718014777031147,0,0.060043312447764556,0.1
51,7,restaurants,NOUN,conj,-0.7396079474376727,15.18943851219957,15.929046459637243,2,0.6805372246715778,0.3
51,8,to,PART,mark,0.12891256118114391,5.85516522689238,5.726252665711236,0,0.03304017746535402,0.3
51,9,suit,VERB,acl,1.1292494336844792,6.197916666123875,5.068667232439396,2,0.08006662206434882,0.3
51,10,every,DET,det,-0.3597659026955551,11.101975670949232,11.461741573644787,0,0.2547153032262581,0.3
51,11,budget,NOUN,obj,1.2692780015151994,5.482079380118688,4.212801378603489,2,0.027701624529973507,0.3
51,12,.,PUNCT,punct,0.7259920679684138,3.7008451783641614,2.9748531103957476,,0.015572988016150818,0.3
52,1,A,DET,det,-0.7489890469122029,5.916808727223201,6.665797774135404,0,0.04887894799059029,0.0
52,2,large,ADJ,amod,1.1853587079945367,12.488998794058478,11.303640086063941,0,0.5313470604279681,0.0
52,3,central,ADJ,amod,-0.5303028246097323,13.604476011478415,14.134778836088147,0,1.6109433142152016,0.0
52,4,market,NOUN,nsubj:pass,-1.2463988802760522,14.18943851219957,15.435837392475623,3,0.862412146909484,0.0
52,5,and,CCONJ,cc,-0.6410725123464891,5.740289866824134,6.381362379170623,0,0.0789313559884736,0.0
52,6,numerous,ADJ,amod,0.523003718653495,14.18943851219957,13.666434793546076,0,0.9754939439594303,0.1
52,7,small,ADJ,amod,0.022227177087577488,11.730006893562273,11.707779716474695,0,0.2343161849854585,0.1
52,8,shops,NOUN,conj,0.9231783145667283,13.604476011478415,12.681297696911686,4,0.595919114914546,0.1
52,9,are,AUX,aux:pass,-0.7153086899070003,7.693583485312399,8.4088921752194,0,0.08276485102092902,0.1
52,10,found,VERB,root,0.3615406794096536,11.665876556142557,11.304335876732903,,0.28961307026177674,0.1
52,11,all,ADV,advmod,-0.31350431404778156,8.312921565634571,8.626425879682353,0,0.09397732766534976,0.1
52,12,around,ADP,case,0.22836037442344725,10.941510998755986,10.713150624332538,0,0.2398243301171985,0.1
52,13,the,DET,det,0.9527064475678264,4.733084097091282,3.780377649523456,0,0.06286335340887422,0.1
52,14,main,ADJ,amod,0.0637787074187699,12.488998794058478,12.425220086639708,0,0.4209122410347847,0.1
52,15,plaza,NOUN,obl,1.1947615788472072,5.482079380118688,4.287317801271481,4,0.034921542849126706,0.1
52,16,.,PUNCT,punct,0.5240222453921737,3.7008451783641614,3.1768229329719877,,0.01910200778307364,0.1
53,1,Mérida,PROPN,nsubj,-0.19592036260047863,6.11262291514874,6.3085432777492185,0,0.07664910517989604,0.0
53,2,has,VERB,root,-1.3431360679145978,9.235242201812696,10.578378269727294,,0.4042148726385269,0.0
53,3,a,DET,det,-0.8540938049830764,5.916808727223201,6.770902532206278,0,0.4888004500785374,0.0
53,4,rich,ADJ,amod,0.4934520250479757,6.939140094293238,6.4456880692452625,0,1.056901652834945,0.0
53,5,cultural,ADJ,amod,-0.9641296396882613,12.18943851219957,13.153568151887832,0,1.1104429775229125,0.0
53,6,life,NOUN,obj,0.294626567375575,10.545582322424846,10.25095575504927,3,0.5878548855356579,0.0
53,7,which,PRON,nsubj,-0.44051648821051437,10.30679546283773,10.747311951048244,0,0.14398857984754831,0.0
53,8,also,ADV,advmod,-0.31146795160073104,9.434551010036103,9.746018961636834,0,0.16006389825946463,0.0
53,9,reflects,VERB,acl:relcl,0.6408310670715354,6.197916666123875,5.55708559905234,3,0.18399004130426058,0.0
53,10,its,PRON,nmod:poss,0.08389591669218888,10.634849660521933,10.550953743829744,0,0.21624646428765598,0.0
53,11,diversity,NOUN,obj,0.13034233790065386,5.482079380118688,5.351737042218034,2,0.5259045630690063,0.0
53,12,.,PUNCT,punct,0.5853264588426494,3.7008451783641614,3.115518719521512,,0.06755284763051538,0.0
54,1,Many,ADJ,amod,-0.209985840488919,10.235242201812696,10.445228042301615,0,0.1690197756874282,0.0
54,2,free,ADJ,amod,-1.901626111200148,12.488998794058478,14.390624905258626,0,0.3888359950718663,0.0
54,3,concerts,NOUN,nsubj:pass,0.20397868406234743,5.482079380118688,5.278100696056341,2,0.07855873037749982,0.0
54,4,",",PUNCT,punct,-0.3538080647053974,4.552360855055908,4.906168919761305,,0.03114099789476325,0.0
54,5,performances,NOUN,conj,-0.6963455252229034,5.482079380118688,6.178424905341592,1,0.03845717186244733,0.0
54,6,and,CCONJ,cc,-0.7545748468643403,5.740289866824134,6.494864713688474,0,0.05257485499012789,0.0
54,7,other,ADJ,amod,0.4635586709307127,9.867510417312209,9.403951746381496,0,0.19615672962968875,0.0
54,8,events,NOUN,conj,0.5690942927629212,13.867510417312209,13.298416124549288,3,1.0799605088740551,0.0
54,9,are,AUX,aux:pass,-0.6324000684919246,7.693583485312399,8.325983553804324,0,0.07681095199336166,0.0
54,10,held,VERB,root,0.5951158957442999,12.867510417312209,12.272394521567909,,0.4840163457893371,0.0
54,11,daily,ADV,advmod,-0.835633804673142,13.019513510757259,13.8551473154304,0,0.375709021726339,0.0
54,12,.,PUNCT,punct,0.30283205133217805,3.7008451783641614,3.3980131270319833,,0.019274636690855627,0.0
55,1,Progressive,ADJ,amod,0.014812312186456289,6.939140094293238,6.924327782106782,0,0.03357182618896338,0.0
55,2,Mérida,PROPN,nsubj,-1.6168899621156285,6.11262291514874,7.729512877264368,1,0.32087460735913187,0.0
55,3,had,VERB,root,-1.485084006709526,9.15601551066212,10.641099517371646,,0.22597813878352946,0.0
55,4,electric,ADJ,amod,-0.42721114152996975,6.939140094293238,7.366351235823208,0,0.1933881148585422,0.0
55,5,trams,NOUN,obj,0.16031679500308726,5.482079380118688,5.321762585115601,1,0.19045846621889112,0.0
55,6,and,CCONJ,cc,-0.6355229308026118,5.740289866824134,6.375812797626746,0,0.05482460142811351,0.0
55,7,street,NOUN,compound,-0.07858233641482393,12.730006893562273,12.808589229977096,0,0.550738456474914,0.0
55,8,lights,NOUN,conj,-0.7426769998601657,15.18943851219957,15.932115512059736,3,0.8537558876374798,0.1
55,9,before,ADP,case,-0.42036973351832074,10.697585415869895,11.117955149388216,0,0.16829850671263222,0.1
55,10,Mexico,PROPN,compound,0.09690650598910899,12.282547916591051,12.185641410601942,0,0.2549204816100371,0.1
55,11,City,PROPN,nmod,0.9417444167544584,11.434551010036103,10.492806593281644,3,0.43191038809432214,0.1
55,12,.,PUNCT,punct,0.09568033429750233,3.7008451783641614,3.605164844066659,,0.08661579911362745,0.1
56,1,The,DET,det,-0.7976025969652571,4.733084097091282,5.53068669405654,0,0.026145197178954215,0.0
56,2,city,NOUN,nmod:poss,1.5364986505960498,11.434551010036103,9.898052359440053,1,0.5870373096584115,0.0
56,3,'s,PART,case,-2.296118516045878,6.812227981811018,9.108346497856896,1,0.3668337848993651,0.0
56,4,ambiance,NOUN,nsubj,0.03631019127725743,5.482079380118688,5.445769188841431,1,0.7430899883740799,0.0
56,5,is,AUX,cop,-0.5917959681072906,6.470049691257488,7.061845659364779,0,0.48627414868267965,0.0
56,6,colonial,ADJ,root,0.9226456522689626,6.939140094293238,6.016494442024276,,0.5073401676172745,0.0
56,7,and,CCONJ,cc,0.052925041278093055,5.740289866824134,5.687364825546041,0,0.23927470948438975,0.0
56,8,the,DET,det,0.22477948266424708,4.733084097091282,4.508304614427035,0,0.1954736380043064,0.0
56,9,climate,NOUN,nsubj,1.4530402361748482,13.604476011478415,12.151435775303566,1,1.993023057342989,0.0
56,10,is,AUX,cop,0.543003674631767,6.470049691257488,5.927046016625721,0,0.6189474611254687,0.0
56,11,tropical,ADJ,conj,-1.7959604444013326,15.18943851219957,16.985398956600903,3,2.488402818950349,0.3
56,12,.,PUNCT,punct,0.4406082531975275,3.7008451783641614,3.260236925166634,,0.03458673708949067,0.3
57,1,To,PART,mark,0.1421648765254222,5.85516522689238,5.713000350366958,0,0.047100670614718905,0.0
57,2,beat,VERB,advcl,1.9487153314314511,13.604476011478415,11.655760680046964,1,1.1882086626032096,0.0
57,3,the,DET,det,-0.9200553174552581,4.733084097091282,5.653139414546541,0,0.2732347570206537,0.0
57,4,heat,NOUN,obj,-0.254735842038496,15.18943851219957,15.444174354238067,2,0.7943911171728422,0.0
57,5,",",PUNCT,punct,0.3509333931898162,4.552360855055908,4.201427461866092,,0.0224100410537611,0.0
57,6,most,ADJ,amod,-0.6909262385295492,10.123349321741799,10.814275560271348,0,0.1764345352561056,0.0
57,7,people,NOUN,nsubj,-0.3853929275896508,9.270575274924976,9.655968202514627,1,0.11726572896450291,0.0
57,8,are,AUX,cop,-0.8934719102705797,7.693583485312399,8.58705539558298,0,0.08778461401064916,0.0
57,9,busiest,ADJ,root,0.9593749863095651,6.939140094293238,5.979765107983673,,0.0502748643518976,0.0
57,10,in,ADP,case,0.147851211286957,6.195085075340713,6.047233864053756,0,0.06379176448012576,0.0
57,11,the,DET,det,1.0648940686161694,4.733084097091282,3.668190028475113,0,0.02785216037793406,0.0
57,12,mornings,NOUN,obl,1.396868707129256,5.482079380118688,4.085210672989432,2,0.03591769114387786,0.0
57,13,.,PUNCT,punct,0.43595458567709944,3.7008451783641614,3.264890592687062,,0.019370070810574142,0.0
58,1,They,PRON,nsubj,0.5840665445386906,7.894817763307944,7.310751218769253,0,0.06515816144839605,0.0
58,2,have,VERB,root,1.876031522879111,7.634849660521933,5.758818137642822,,0.18966614778725788,0.0
58,3,lunch,NOUN,obj,-3.2592988538453938,13.382083590141967,16.64138244398736,0,0.7391416735006006,0.0
58,4,and,CCONJ,cc,-0.6648626820686916,5.740289866824134,6.405152548892826,0,0.04970239953673221,0.0
58,5,siesta,NOUN,conj,-0.16637627465905247,5.482079380118688,5.648455654777741,2,0.06202243997161725,0.0
58,6,",",PUNCT,punct,0.16284908246558594,4.552360855055908,4.389511772590322,,0.023906796115481486,0.0
58,7,then,ADV,advmod,-0.35115752232624153,9.294620748891626,9.645778271217868,0,0.13796403250568956,0.0
58,8,go,VERB,conj,0.015589753349177116,9.502937985016352,9.487348231667175,1,0.16032679391886695,0.0
58,9,back,ADV,advmod,0.03062209392119364,9.999613953319553,9.96899185939836,1,0.17316290646781585,0.0
58,10,to,ADP,case,-0.5231494773659051,5.85516522689238,6.378314704258285,0,0.04297794714321545,0.0
58,11,work,NOUN,obl,-0.0051389873721436885,10.40807879867491,10.413217786047055,2,0.1489416121180484,0.0
58,12,for,ADP,case,-0.2045814855460204,7.502937985016352,7.707519470562373,0,0.044302896403831976,0.0
58,13,a,DET,det,0.665794099161797,5.916808727223201,5.251014628061404,0,0.04868955879413767,0.0
58,14,few,ADJ,amod,0.002536331999358765,11.545582322424846,11.543045990425487,0,0.3196970308182548,0.0
58,15,hours,NOUN,obl,1.1712988178325716,14.604476011478415,13.433177193645843,4,0.3993320540082519,0.1
58,16,in,ADP,case,0.025127083606003353,6.195085075340713,6.16995799173471,0,0.04453981293951544,0.1
58,17,the,DET,det,0.8849922545477384,4.733084097091282,3.848091842543544,0,0.028266024927001518,0.1
58,18,late,ADJ,amod,-0.19961286860785776,12.730006893562273,12.92961976217013,0,0.6109497582053701,0.1
58,19,afternoon,NOUN,nmod,1.041820949341691,13.867510417312209,12.825689467970518,4,0.6444878918307101,0.1
58,20,.,PUNCT,punct,0.5725343535812413,3.7008451783641614,3.12831082478292,,0.019625454706843008,0.1
59,1,Tourist,PROPN,compound,-0.14157970482003002,14.18943851219957,14.3310182170196,0,0.8691176582234608,0.0
59,2,Information,PROPN,root,-3.4003855501009337,11.941510998755986,15.34189654885692,,0.514769416430297,0.0
59,3,(,PUNCT,punct,-0.7653732370380943,9.517013170228076,10.28238640726617,,0.16392456222065346,0.0
59,4,Turismo,X,appos,-1.0813933811737773,10.545582322424846,11.626975703598623,0,0.42554334617924794,0.0
59,5,Mérida,PROPN,flat,0.7692472512304631,6.11262291514874,5.343375663918277,1,0.28902814026478446,0.0
59,6,),PUNCT,punct,-0.07975385826487802,9.531227029447775,9.610980887712653,,0.20592731924597404,0.0
59,7,",",PUNCT,punct,-0.44674382652517597,4.552360855055908,4.999104681581084,,0.11699429477053651,0.0
59,8,email,NOUN,parataxis,-1.5225819480277316,5.482079380118688,7.00466132814642,0,0.16496107444683372,0.0
59,9,:,PUNCT,punct,-0.3424864626934401,8.524102595014394,8.866589057707834,,0.11370233391148059,0.0
59,10,turismo@merida.gob.mx,PROPN,dep,0.0023206340038610662,6.11262291514874,6.110302281144879,,0.1840208045386654,0.0
59,11,.,PUNCT,punct,-0.17476598951043654,3.7008451783641614,3.875611167874598,,0.034778409165646146,0.0
60,1,Daily,ADV,advmod,-0.5370242015378288,13.019513510757259,13.556537712295087,0,0.4028807979138377,0.0
60,2,08:00,NUM,root,-1.7278189377016648,8.849588509314946,10.577407447016611,,0.3263109146158993,0.0
60,3,-,SYM,case,0.16139040089202084,8.337689470783513,8.176299069891492,0,0.22034841269355898,0.0
60,4,20:00,NUM,nmod,2.4162951058104563,8.849588509314946,6.43329340350449,1,0.35733457697650867,0.0
60,5,",",PUNCT,punct,0.8371082437933848,4.552360855055908,3.7152526112625233,,0.2952682826917447,0.0
60,6,Su,PROPN,nmod:unmarked,3.4814024516964994,6.11262291514874,2.6312204634522405,0,2.0514130542012126,0.0
60,7,08:00,NUM,conj,0.7492701858918114,8.849588509314946,8.100318323423135,1,0.7547982268086844,0.0
60,8,-,SYM,case,0.3493765805354805,8.337689470783513,7.988312890248032,0,0.3322388184434818,0.0
60,9,14:00,NUM,nmod,3.1201908245705647,8.849588509314946,5.729397684744382,2,0.7656436901384974,0.0
60,10,.,PUNCT,punct,-0.54932412738725,3.7008451783641614,4.250169305751411,,1.128191511797291,0.0
61,1,08:00,NUM,root,-0.6427310942326923,8.849588509314946,9.492319603547639,,0.10801367618213603,0.0
61,2,-,SYM,case,-1.1501681285191303,8.337689470783513,9.487857599302643,0,0.1542566847240073,0.0
61,3,20:00,NUM,nmod,4.269907879823445,8.849588509314946,4.579680629491501,1,1.314385447823865,0.0
61,4,.,PUNCT,punct,-1.0834446337029928,3.7008451783641614,4.784289812067154,,1.1347506059175247,0.0
62,1,Phoenix,PROPN,root,-0.19592036260047863,6.11262291514874,6.3085432777492185,,0.07664910517989604,0.0
63,1,Phoenix,PROPN,nsubj,-0.19592036260047863,6.11262291514874,6.3085432777492185,0,0.07664910517989604,0.0
63,2,is,AUX,cop,-1.8307846244783317,6.470049691257488,8.30083431573582,0,0.18342849685047422,0.0
63,3,extremely,ADV,advmod,-0.003486165735575142,14.18943851219957,14.192924677935146,0,0.9031436958149779,0.0
63,4,hot,ADJ,root,4.301725071099267,12.18943851219957,7.887713441100304,,2.436384600349513,0.0
63,5,and,CCONJ,cc,1.1272397253823234,5.740289866824134,4.613050141441811,0,0.8913861881076235,0.0
63,6,dry,ADJ,conj,10.345862234924493,13.18943851219957,2.8435762772750786,1,5.031881911848657,0.0
63,7,in,ADP,case,-0.5041189250738745,6.195085075340713,6.699204000414587,0,0.4673810352219493,0.0
63,8,the,DET,det,0.9918189337390895,4.733084097091282,3.741265163352193,0,0.04608995583858416,0.0
63,9,summertime,NOUN,obl,4.055182839148339,5.482079380118688,1.4268965409703498,2,1.3964828349195586,0.0
63,10,",",PUNCT,punct,0.05597581535254559,4.552360855055908,4.4963850397033625,,0.16695840223005515,0.0
63,11,so,ADV,advmod,-0.6974287972795352,7.738227400367242,8.435656197646777,0,0.44085775578829284,0.0
63,12,always,ADV,advmod,-0.8588673165163421,11.019513510757259,11.8783808272736,0,1.3193136968299612,0.0
63,13,have,VERB,parataxis,3.524284850416385,7.634849660521933,4.110564810105548,2,2.0676219392169273,0.0
63,14,sunscreen,NOUN,obj,-0.514298972405629,5.482079380118688,5.996378352524317,1,0.7158432802446564,0.0
63,15,with,ADP,case,-0.2931501812372854,7.899419665266953,8.192569846504238,0,0.18167079222373345,0.0
63,16,you,PRON,obl,-0.3931116078139585,6.339251674553796,6.732363282367754,2,1.0634080941830109,0.0
63,17,!,PUNCT,punct,-0.7193510542335506,8.195085075340712,8.914436129574263,,2.452606319102725,0.0
64,1,Understand,VERB,root,1.150267084373846,11.604476011478415,10.454208927104569,,0.45717908049137396,0.0
65,1,Why,ADV,advmod,0.9631498686961582,10.574728668084362,9.611578799388203,0,0.24823122943570247,0.0
65,2,would,AUX,aux,1.5979829163164805,8.885657764022467,7.287674847705986,0,0.9869345946927849,0.0
65,3,anybody,PRON,nsubj,-2.639615928160584,13.604476011478415,16.244091939639,0,1.425145582065875,0.0
65,4,want,VERB,root,1.325604827167334,9.96061982170369,8.635014994536355,,0.12127341954903528,0.0
65,5,to,PART,mark,-0.6857737911685078,5.85516522689238,6.540939018060888,0,0.05754954312641674,0.0
65,6,start,VERB,xcomp,0.3596360991938994,12.18943851219957,11.829802413005671,1,0.6725922761792913,0.0
65,7,a,DET,det,-0.40977984536972745,5.916808727223201,6.326588572592929,0,0.041090614014112674,0.0
65,8,city,NOUN,obj,0.7018685757978957,11.434551010036103,10.732682434238207,2,0.3096973046356897,0.0
65,9,in,ADP,case,-0.007330743420459029,6.195085075340713,6.202415818761172,0,0.06243741420421647,0.0
65,10,the,DET,det,0.7046577621748948,4.733084097091282,4.028426334916388,0,0.049058995552469384,0.0
65,11,middle,NOUN,obl,0.6982068878702439,12.488998794058478,11.790791906188234,3,0.5416451584327355,0.0
65,12,of,ADP,case,0.2271149249797686,5.747531807657332,5.520416882677563,0,0.08928262729355907,0.0
65,13,a,DET,det,0.9930276705841647,5.916808727223201,4.9237810566390365,0,0.06293672819061055,0.0
65,14,desert,NOUN,nmod,1.369152772786694,5.482079380118688,4.112926607331994,3,0.037740006921005896,0.0
65,15,?,PUNCT,punct,0.6052837863071687,6.650279701091539,6.04499591478437,,0.05477625912061041,0.0
66,1,The,DET,det,-0.7976025969652571,4.733084097091282,5.53068669405654,0,0.026145197178954215,0.0
66,2,answer,NOUN,nsubj,2.4023059255591352,12.382083590141967,9.979777664582832,1,0.5644240540001103,0.0
66,3,is,AUX,cop,-0.6121072083859609,6.470049691257488,7.082156899643449,0,1.0263599290810408,0.0
66,4,",",PUNCT,punct,-1.1659606470530397,4.552360855055908,5.718321502108948,,0.6376805298022499,0.0
66,5,surprisingly,ADV,advmod,-2.4712837801064875,15.18943851219957,17.66072229230606,0,1.614583700985313,0.3
66,6,",",PUNCT,punct,-0.10822211058589737,4.552360855055908,4.660582965641805,,0.05685237179698763,0.3
66,7,agriculture,NOUN,root,-1.6422095988990737,15.18943851219957,16.831648111098644,,0.7294622515750018,0.3
66,8,.,PUNCT,punct,-0.3316728970213796,3.7008451783641614,4.032518075385541,,0.02058325191674301,0.3
67,1,White,ADJ,amod,0.2630310150856783,11.867510417312209,11.60447940222653,0,0.3809077786878382,0.0
67,2,settlers,NOUN,nsubj,-1.8952372023651645,13.867510417312209,15.762747619677373,1,0.6602695312095946,0.0
67,3,discovered,VERB,root,1.994925547681854,6.197916666123875,4.2029911184420214,,1.3520715661227363,0.0
67,4,the,DET,det,-0.3451467810562452,4.733084097091282,5.078230878147528,0,0.23753456491939404,0.0
67,5,remnants,NOUN,obj,1.0308288415203295,5.482079380118688,4.451250538598359,1,0.11628969802030119,0.0
67,6,of,ADP,case,-0.02634434200411917,5.747531807657332,5.773876149661451,0,0.34486305111217863,0.0
67,7,the,DET,det,0.7849277492853326,4.733084097091282,3.94815634780595,0,0.2941622875545011,0.0
67,8,Hohokam,PROPN,compound,0.3559592070307067,6.11262291514874,5.756663708118033,0,0.3727205718014006,0.0
67,9,culture,NOUN,nmod,-0.9861183315084805,11.665876556142557,12.651994887651037,4,0.8287808238237446,0.0
67,10,in,ADP,case,-0.5664569596407709,6.195085075340713,6.761542034981484,0,0.2846740985460652,0.0
67,11,the,DET,det,1.18039420513258,4.733084097091282,3.5526898919587024,0,0.19244694031877596,0.0
67,12,19th,ADJ,amod,-1.649585892300962,6.939140094293238,8.5887259865942,0,0.6222716020203021,0.0
67,13,century,NOUN,obl,1.2069701841296805,13.382083590141967,12.175113406012287,3,1.1961125170835267,0.0
67,14,.,PUNCT,punct,-1.6224366890557724,3.7008451783641614,5.323281867419934,,0.97258123716176,0.0
68,1,Climate,NOUN,root,0.6634820336491103,13.604476011478415,12.940993977829304,,0.7230065593780071,0.0
69,1,Phoenix,PROPN,nsubj,-0.19592036260047863,6.11262291514874,6.3085432777492185,0,0.07664910517989604,0.0
69,2,has,VERB,root,-1.3431360679145978,9.235242201812696,10.578378269727294,,0.4042148726385269,0.0
69,3,an,DET,det,-1.1972049207101971,8.922651971504669,10.119856892214866,0,0.5046834982802272,0.0
69,4,arid,ADJ,amod,-0.1944054968620268,6.939140094293238,7.133545591155265,0,0.4824847384119476,0.0
69,5,climate,NOUN,obj,0.5692438985521395,13.604476011478415,13.035232112926275,2,1.2082954083628594,0.0
69,6,with,ADP,case,-0.12552442041066314,7.899419665266953,8.024944085677616,0,0.1461683802517781,0.0
69,7,long,ADJ,amod,-0.8486646843025909,10.382083590141967,11.230748274444558,0,0.38852872803817096,0.0
69,8,",",PUNCT,punct,-0.11399209685006984,4.552360855055908,4.666352951905978,,0.04135032273464525,0.0
69,9,hot,ADJ,amod,0.338258540404734,12.18943851219957,11.851179971794837,0,0.3542710098356912,0.0
69,10,summers,NOUN,nmod,1.6004115118294755,5.482079380118688,3.8816678682892127,4,0.23385903254061763,0.0
69,11,and,CCONJ,cc,-0.008026933580453921,5.740289866824134,5.748316800404588,0,0.09790919735976263,0.0
69,12,very,ADV,advmod,1.0568646626212725,9.713705081233172,8.6568404186119,0,0.17509677435665824,0.0
69,13,mild,ADJ,amod,7.043751855117538,14.604476011478415,7.560724156360877,1,1.6987267743616585,0.2
69,14,winters,NOUN,conj,4.103210183257671,5.482079380118688,1.378869196861017,3,2.274309836722876,0.2
69,15,.,PUNCT,punct,-0.132473703122987,3.7008451783641614,3.8333188814871484,,0.5626511242483794,0.2
70,1,It,PRON,nsubj,0.1358633281289432,6.147779360562356,6.011916032433413,0,0.08192350898677746,0.0
70,2,has,VERB,root,1.2607421293006809,9.235242201812696,7.974500072512015,,0.3465663899442864,0.0
70,3,the,DET,det,-1.108713299327019,4.733084097091282,5.841797396418301,0,0.16809135142551276,0.0
70,4,highest,ADJ,amod,-1.175127885650321,15.18943851219957,16.36456639784989,0,0.8769025005644213,0.2
70,5,average,ADJ,amod,0.6335178890025883,13.867510417312209,13.23399252830962,0,0.37089412486754775,0.2
70,6,temperature,NOUN,obj,0.2387984496839266,14.604476011478415,14.365677561794488,3,0.7956707310168679,0.2
70,7,of,ADP,case,-0.2911487230007257,5.747531807657332,6.038680530658057,0,0.05629935735593705,0.2
70,8,any,DET,det,0.8270975869127728,10.282547916591051,9.455450329678278,0,0.17690110397561917,0.2
70,9,metropolitan,ADJ,amod,0.0162447506771235,6.939140094293238,6.922895343616115,0,0.057713212473079895,0.2
70,10,area,NOUN,nmod,1.1724586989472545,12.488998794058478,11.316540095111224,4,0.6871427888613009,0.2
70,11,in,ADP,case,-0.03490224131255015,6.195085075340713,6.229987316653263,0,0.05333208921001293,0.2
70,12,the,DET,det,0.9273462310336726,4.733084097091282,3.8057378660576098,0,0.030162434827537925,0.2
70,13,States,PROPN,nmod,0.2600529783926824,11.282547916591051,11.022494938198369,3,0.23288639969957875,0.2
70,14,.,PUNCT,punct,0.23546613755443824,3.7008451783641614,3.465379040809723,,0.02483893211395622,0.2
71,1,The,DET,det,-0.7976025969652571,4.733084097091282,5.53068669405654,0,0.026145197178954215,0.0
71,2,weather,NOUN,nsubj,1.061914760053039,5.482079380118688,4.420164620065649,1,0.039376904451116634,0.0
71,3,varies,VERB,root,-0.6621926599876611,6.197916666123875,6.8601093261115365,,0.09742054623792692,0.0
71,4,enormously,ADV,advmod,-0.2133898578989406,9.200753825427405,9.414143683326346,0,0.3501360838371685,0.0
71,5,from,ADP,case,-0.6314413429774621,8.288571704218821,8.920013047196283,0,0.26390228539407373,0.0
71,6,one,NUM,nummod,-0.557452543076943,8.552813891655921,9.110266434732864,0,0.3518146417694523,0.0
71,7,season,NOUN,obl,-0.46286670455452494,13.382083590141967,13.844950294696492,2,0.4415991348218337,0.0
71,8,to,ADP,case,-0.5179697647200099,5.85516522689238,6.37313499161239,0,0.03781093938960701,0.0
71,9,the,DET,det,0.04502796251861518,4.733084097091282,4.688056134572667,0,0.03363511063770801,0.0
71,10,next,ADJ,nmod,-0.23421760770392375,12.019513510757259,12.253731118461182,3,0.2688716144615783,0.0
71,11,.,PUNCT,punct,-0.2982540789084731,3.7008451783641614,3.9990992572726345,,0.02422422887945249,0.0
72,1,In,ADP,case,-0.7512908726612668,6.195085075340713,6.94637594800198,0,0.059321265642547326,0.0
72,2,the,DET,det,0.5564226776451635,4.733084097091282,4.176661419446119,0,0.04856337869467587,0.0
72,3,summer,NOUN,nmod,1.3154551187179067,13.382083590141967,12.06662847142406,2,1.5836999200966067,0.0
72,4,",",PUNCT,punct,1.7807290095334531,4.552360855055908,2.771631845522455,,1.3610883240093914,0.0
72,5,very,ADV,advmod,-4.09986789573397,9.713705081233172,13.813572976967142,0,2.351789845326351,0.0
72,6,hot,ADJ,amod,0.5668340872047466,12.18943851219957,11.622604424994824,1,0.35033613249293794,0.0
72,7,and,CCONJ,cc,-0.5001049523290773,5.740289866824134,6.240394819153211,0,0.04788231196787906,0.0
72,8,dry,ADJ,conj,0.7260757469044297,13.18943851219957,12.463362765295141,2,0.5178922203312376,0.0
72,9,heat,NOUN,nsubj,0.6659546372075678,15.18943851219957,14.523483874992003,1,0.8836994021840495,0.0
72,10,is,AUX,cop,-0.6298442929269816,6.470049691257488,7.09989398418447,0,0.04260949680888601,0.0
72,11,the,DET,det,-0.2718179377456913,4.733084097091282,5.004902034836974,0,0.03471979282967173,0.0
72,12,norm,NOUN,root,1.3069352086472517,5.482079380118688,4.175144171471437,,0.034731674146690504,0.0
72,13,.,PUNCT,punct,0.171126593125992,3.7008451783641614,3.5297185852381694,,0.02443970159809176,0.0
73,1,April,PROPN,nsubj,-1.12284573285854,13.604476011478415,14.727321744336955,0,0.3852525066577084,0.0
73,2,is,AUX,cop,-1.5111148338725267,6.470049691257488,7.981164525130015,0,0.05719970795762065,0.0
73,3,the,DET,det,-1.1496602008296906,4.733084097091282,5.882744297920973,0,0.03041403061238854,0.0
73,4,most,ADV,advmod,-0.5069691451123113,10.123349321741799,10.63031846685411,0,0.18069683354471008,0.0
73,5,ideal,ADJ,amod,0.7730805622357249,6.939140094293238,6.166059532057513,1,0.09861561204823904,0.0
73,6,month,NOUN,root,0.5880748768219579,13.18943851219957,12.601363635377613,,0.80260338245487,0.0
73,7,.,PUNCT,punct,-0.0013969388841035268,3.7008451783641614,3.702242117248265,,0.027672040915817465,0.0
74,1,In,ADP,case,-0.7512908726612668,6.195085075340713,6.94637594800198,0,0.059321265642547326,0.0
74,2,some,DET,det,0.5489878971958095,9.223654227537484,8.674666330341674,0,0.31047807631256974,0.0
74,3,neighborhoods,NOUN,obl,1.3551537212599483,5.482079380118688,4.12692565885874,2,0.18955534686597844,0.0
74,4,",",PUNCT,punct,-0.47380147362192293,4.552360855055908,5.026162328677831,,0.09045244090650753,0.0
74,5,cicada,NOUN,compound,0.18168172799072746,5.482079380118688,5.300397652127961,0,0.1435454046357505,0.0
74,6,insects,NOUN,nsubj,-2.3468851077155772,14.18943851219957,16.536323619915148,1,1.0301900436698883,0.0
74,7,make,VERB,root,-0.5758829520964088,9.979985146570622,10.55586809866703,,0.1282000864878352,0.0
74,8,loud,ADJ,amod,-0.7772225269035502,14.18943851219957,14.966661039103121,0,0.604811463406416,0.1
74,9,sounds,NOUN,obj,-0.5360650566349161,13.867510417312209,14.403575473947125,1,1.1424536838975141,0.1
74,10,from,ADP,case,-0.30241986361049733,8.288571704218821,8.590991567829318,0,0.0720075548414038,0.1
74,11,sunset,NOUN,obl,0.7808593634416949,5.482079380118688,4.701220016676993,1,0.03955111966568378,0.1
74,12,to,ADP,case,-0.42594729758174577,5.85516522689238,6.281112524474126,0,0.03680667746485193,0.1
74,13,sunrise,NOUN,obl,0.13435342711227793,5.482079380118688,5.34772595300641,1,0.02224076439666039,0.1
74,14,.,PUNCT,punct,0.31143562014370163,3.7008451783641614,3.3894095582204598,,0.025816101687364305,0.1
75,1,Talk,VERB,root,1.149190142689589,12.604476011478415,11.455285868788826,,0.3319307220919542,0.0
76,1,English,PROPN,nsubj,-0.5556947165588202,12.867510417312209,13.42320513387103,0,0.40343150966048624,0.0
76,2,is,AUX,cop,1.4193980273389268,6.470049691257488,5.050651663918561,0,1.6072111772697237,0.0
76,3,the,DET,det,-3.5317250988215356,4.733084097091282,8.264809195912818,0,1.5209091809456616,0.0
76,4,dominant,ADJ,amod,-0.24492067193590028,6.939140094293238,7.1840607662291385,0,0.42991826900613583,0.0
76,5,language,NOUN,root,0.4741701975572479,12.382083590141967,11.90791339258472,,0.3379493185299693,0.0
76,6,in,ADP,case,-0.2839965438583194,6.195085075340713,6.479081619199032,0,0.06910220989800675,0.0
76,7,Phoenix,PROPN,nmod,1.2233803135146255,6.11262291514874,4.889242601634114,1,0.14614754488877263,0.0
76,8,.,PUNCT,punct,-0.01991247088944048,3.7008451783641614,3.720757649253602,,0.02650894194716278,0.0
77,1,Get,VERB,root,0.7929135120806929,9.282547916591051,8.489634404510358,,0.16448987959021752,0.0
77,2,in,ADV,advmod,-0.6113177704319535,6.195085075340713,6.806402845772666,0,0.21643672932108668,0.0
78,1,By,ADP,case,-0.2566331095169776,8.531227029447775,8.787860138964753,0,0.15605085950251552,0.0
78,2,plane,NOUN,root,9.04440188522824,14.604476011478415,5.560074126250174,,0.8170333784622295,0.0
79,1,Wikimedia,PROPN,compound,-1.1488352714638985,14.604476011478415,15.753311282942313,0,0.9865927863493239,0.0
79,2,Maps,PROPN,root,0.8425316913985093,6.11262291514874,5.270091223750231,,0.04012074743148991,0.0
80,1,Phoenix,PROPN,compound,-0.19592036260047863,6.11262291514874,6.3085432777492185,0,0.07664910517989604,0.0
80,2,Sky,PROPN,compound,-3.749812838853801,13.867510417312209,17.61732325616601,0,0.9183716570869856,0.0
80,3,Harbor,PROPN,compound,-0.24085967300169386,6.11262291514874,6.353482588150434,1,0.07083299197336429,0.0
80,4,International,ADJ,amod,-1.7060858291746968,12.730006893562273,14.43609272273697,0,0.3632006802208198,0.0
80,5,Airport,PROPN,nsubj,-0.1290885350544464,15.18943851219957,15.318527047254017,3,0.6011378559044467,0.0
80,6,(,PUNCT,punct,-0.2019431791559434,9.517013170228076,9.718956349384019,,0.16493628032682714,0.0
80,7,IATA,PROPN,dep,0.6069674053000194,6.11262291514874,5.5056555098487205,,0.07442374984872482,0.0
80,8,:,PUNCT,punct,-0.21195024732107193,8.524102595014394,8.736052842335466,,0.10286777758479947,0.0
80,9,PHX,PROPN,appos,1.8784063706553216,6.11262291514874,4.234216544493418,1,0.04449537324929704,0.0
80,10,),PUNCT,punct,-0.09683902944787981,9.531227029447775,9.628066058895655,,0.16830857030300134,0.0
80,11,+1602275-4958,NUM,dep,1.7492756330040118,8.849588509314946,7.100312876310935,,0.1482148563052747,0.0
80,12,is,AUX,cop,-1.364034284677584,6.470049691257488,7.834083975935072,0,0.08559476342332621,0.0
80,13,the,DET,det,-0.7027651507232324,4.733084097091282,5.435849247814515,0,0.03544396346081722,0.0
80,14,main,ADJ,amod,0.2131369282797415,12.488998794058478,12.275861865778737,0,0.41363357328509526,0.0
80,15,air,NOUN,compound,0.7140852860354805,12.604476011478415,11.890390725442934,0,0.5005988571627574,0.0
80,16,gateway,NOUN,root,-0.25420344625981883,5.482079380118688,5.736282826378507,,0.09972192522413806,0.0
80,17,to,ADP,case,-0.06320111972874809,5.85516522689238,5.918366346621128,0,0.02811258465990762,0.0
80,18,Arizona,PROPN,nmod,0.5545659908907261,6.11262291514874,5.558056924258014,1,0.08788662184867649,0.0
80,19,.,PUNCT,punct,-0.055651383152135026,3.7008451783641614,3.7564965615162964,,0.028854584952482006,0.0
81,1,It,PRON,nsubj,0.1358633281289432,6.147779360562356,6.011916032433413,0,0.08192350898677746,0.0
81,2,is,AUX,cop,0.9959141665178581,6.470049691257488,5.47413552473963,0,0.07806024664638797,0.0
81,3,at,ADP,case,-0.9489913875353952,8.055012191978644,9.00400357951404,0,0.24016327441099874,0.0
81,4,the,DET,det,0.13818878601570717,4.733084097091282,4.594895311075575,0,0.30463227405677523,0.0
81,5,southeast,ADJ,amod,0.084114825063212,6.939140094293238,6.855025269230026,0,0.4285594976607945,0.0
81,6,end,NOUN,root,2.228506141772412,11.665876556142557,9.437370414370145,,1.4442099970807072,0.0
81,7,of,ADP,case,0.9038008650539169,5.747531807657332,4.843730942603415,0,0.6919920691451653,0.0
81,8,Downtown,PROPN,nmod,-2.9720619126326095,15.18943851219957,18.16150042483218,1,1.8510700721448923,0.1
81,9,.,PUNCT,punct,-0.02410737929456097,3.7008451783641614,3.7249525576587224,,0.028464597377286575,0.1
82,1,It,PRON,nsubj,0.1358633281289432,6.147779360562356,6.011916032433413,0,0.08192350898677746,0.0
82,2,is,AUX,cop,0.9959141665178581,6.470049691257488,5.47413552473963,0,0.07806024664638797,0.0
82,3,a,DET,det,-0.7177364849100236,5.916808727223201,6.634545212133225,0,0.26156726842160566,0.0
82,4,hub,NOUN,root,0.3465889167386198,5.482079380118688,5.135490463380068,,0.2860763643193911,0.0
82,5,for,ADP,case,-0.4027816093281569,7.502937985016352,7.905719594344509,0,0.15414860304135422,0.0
82,6,American,ADJ,amod,-0.4961897495620047,11.488998794058478,11.985188543620483,0,0.5550741911309063,0.0
82,7,Airlines,PROPN,nmod,0.7856429638696598,6.11262291514874,5.32697995127908,2,0.8932175383829628,0.0
82,8,and,CCONJ,cc,-0.19840948195981323,5.740289866824134,5.938699348783947,0,0.09536471087443181,0.0
82,9,Southwest,PROPN,compound,3.0389906456089255,6.11262291514874,3.0736322695398144,0,0.34090489342118563,0.0
82,10,Airlines,PROPN,conj,3.2486383784583834,6.11262291514874,2.8639845366903565,3,0.1587988214872673,0.0
82,11,.,PUNCT,punct,-0.23786699445457815,3.7008451783641614,3.9387121728187395,,0.1153989482388829,0.0
83,1,Terminals,NOUN,nsubj:pass,-0.8732365632322434,5.482079380118688,6.355315943350932,0,0.04098359429255844,0.0
83,2,are,AUX,aux:pass,-0.8597003522962146,7.693583485312399,8.553283837608614,0,0.2415664506037871,0.0
83,3,numbered,VERB,root,1.5612273238381835,6.197916666123875,4.636689342285692,,0.20738136674705712,0.0
83,4,from,ADP,case,-0.36295704020184694,8.288571704218821,8.651528744420668,0,0.12167118575215595,0.0
83,5,2,NUM,obl,-1.4753983187208046,11.488998794058478,12.964397112779283,1,0.35646439929027063,0.0
83,6,-,SYM,case,0.7104425136390846,8.337689470783513,7.627246957144428,0,0.13928185122310544,0.0
83,7,4,NUM,obl,2.107872103367331,12.604476011478415,10.496603908111084,1,0.4568152199832551,0.0
83,8,.,PUNCT,punct,0.8532574602666632,3.7008451783641614,2.847587718097498,,0.032818448457821926,0.0
84,1,There,PRON,expl,0.5999457779647974,8.075696346150382,7.4757505681855845,0,0.10291354810212022,0.0
84,2,is,VERB,root,1.9423695571413857,6.470049691257488,4.527680134116102,,0.31871396500752747,0.0
84,3,no,DET,det,1.8628602527042153,8.567386692743195,6.70452644003898,0,1.1969637255713859,0.0
84,4,Terminal,PROPN,nsubj,-6.2910935340383345,6.11262291514874,12.403716449187074,1,1.2756782129529665,0.0
84,5,1,NUM,flat,0.36112663761621633,10.634849660521933,10.273723022905717,1,0.24773144449457443,0.0
84,6,.,PUNCT,punct,0.1877307033722886,3.7008451783641614,3.513114474991873,,0.07021630961232075,0.0
85,1,Terminal,PROPN,root,-0.19592036260047863,6.11262291514874,6.3085432777492185,,0.07664910517989604,0.0
85,2,3,NUM,flat,-0.908352288274612,11.941510998755986,12.849863287030598,0,0.2576666773667445,0.0
85,3,:,PUNCT,punct,-0.03249850579883784,8.524102595014394,8.556601100813232,,0.11124509869516667,0.0
85,4,Delta,PROPN,dep,0.6739065738364154,6.11262291514874,5.4387163413123245,,0.04891149446828895,0.0
85,5,",",PUNCT,punct,-0.384632882926808,4.552360855055908,4.936993737982716,,0.03039492696572982,0.0
85,6,Frontier,PROPN,conj,1.8166794309357464,6.11262291514874,4.2959434842129935,0,0.06303457314210512,0.0
85,7,",",PUNCT,punct,-0.1935251408721328,4.552360855055908,4.745885995928041,,0.04149185307223711,0.0
85,8,Hawaiian,PROPN,conj,2.040755157544975,6.11262291514874,4.071867757603765,0,0.06640585470068038,0.0
85,9,",",PUNCT,punct,-0.10359499308368925,4.552360855055908,4.655955848139597,,0.08549972651525828,0.0
85,10,JetBlue,PROPN,conj,2.1489923926605004,6.11262291514874,3.9636305224882395,0,0.08608246342155075,0.0
86,1,Terminal,PROPN,root,-0.19592036260047863,6.11262291514874,6.3085432777492185,,0.07664910517989604,0.0
86,2,4,NUM,flat,-0.9073923973812672,12.604476011478415,13.511868408859682,0,0.5027340214582187,0.0
86,3,:,PUNCT,punct,-0.03583949547781273,8.524102595014394,8.559942090492207,,0.11493056434871646,0.0
86,4,Aeroméxico,PROPN,dep,0.6736410820408381,6.11262291514874,5.438981833107902,,0.04850461778561564,0.0
86,5,",",PUNCT,punct,-0.38590091437694873,4.552360855055908,4.938261769432857,,0.028795454147456188,0.0
86,6,Air,PROPN,conj,-0.47332247909374026,12.604476011478415,13.077798490572155,0,0.6258977003987163,0.0
86,7,Canada,PROPN,flat,1.7983532157452888,13.382083590141967,11.583730374396678,1,0.4479243354180393,0.0
86,8,",",PUNCT,punct,-0.15645611063446552,4.552360855055908,4.708816965690374,,0.03278898504829858,0.0
86,9,American,PROPN,conj,-0.7302998607644788,11.488998794058478,12.219298654822957,0,0.6387155004485953,0.0
86,10,",",PUNCT,punct,-0.07481411870352161,4.552360855055908,4.62717497375943,,0.03734248314644352,0.0
86,11,British,ADJ,amod,0.9703106897757632,14.604476011478415,13.634165321702651,0,1.592972048777518,0.0
86,12,Airways,PROPN,conj,2.2376593907708853,6.11262291514874,3.8749635243778546,1,0.08460370521677073,0.0
86,13,",",PUNCT,punct,0.019361852599550033,4.552360855055908,4.532999002456358,,0.059033905898493194,0.0
86,14,Southwest,PROPN,conj,2.2517472124710323,6.11262291514874,3.8608757026777076,0,0.06886468637446885,0.0
86,15,",",PUNCT,punct,0.008729187327094934,4.552360855055908,4.543631667728813,,0.04283995257302966,0.0
86,16,Volaris,PROPN,conj,2.2492839785255603,6.11262291514874,3.8633389366231796,0,0.06054171752274565,0.0
86,17,",",PUNCT,punct,0.012663863233499661,4.552360855055908,4.539696991822408,,0.03894683456920867,0.0
86,18,WestJet,PROPN,conj,2.256317659950046,6.11262291514874,3.856305255198694,0,0.0582144255078852,0.0
87,1,Understand,VERB,root,1.150267084373846,11.604476011478415,10.454208927104569,,0.45717908049137396,0.0
88,1,With,ADP,case,-0.6343006162456302,7.899419665266953,8.533720281512583,0,0.04670792855388251,0.0
88,2,over,ADV,advmod,-0.11407338857808114,9.634849660521933,9.748923049100014,0,0.1530921819818451,0.0
88,3,"40,000",NUM,nummod,0.29203406194536363,15.18943851219957,14.897404450254207,1,0.7045706306809211,0.1
88,4,inhabitants,NOUN,nmod,-0.2833975518509835,15.18943851219957,15.472836064050554,2,0.6126531664350122,0.4
88,5,",",PUNCT,punct,-0.19218671807425203,4.552360855055908,4.74454757313016,,0.016937751539259763,0.4
88,6,though,ADV,advmod,-0.925491633017236,11.604476011478415,12.52996764449565,0,0.16460131344158405,0.4
88,7,",",PUNCT,punct,-0.46103060710630217,4.552360855055908,5.01339146216221,,0.17899420994054124,0.4
88,8,it,PRON,nsubj,-0.20377167391696815,6.147779360562356,6.351551034479324,0,0.08468228128416297,0.4
88,9,'s,AUX,cop,0.9163976737346733,6.812227981811018,5.895830308076345,0,0.044994004311440794,0.4
88,10,not,PART,advmod,1.0418911887606113,7.801421226854436,6.759530038093825,0,0.07089488898974812,0.4
88,11,just,ADV,advmod,0.24464569667328817,8.627196087978497,8.382550391305209,0,0.04677818089205582,0.4
88,12,a,DET,det,-1.903894477601642,5.916808727223201,7.820703204824843,0,0.07555068858942353,0.4
88,13,nature,NOUN,compound,0.9132091134105593,12.604476011478415,11.691266898067855,0,0.5277285590870086,0.4
88,14,reserve,NOUN,root,0.30348670231501806,13.867510417312209,13.564023714997191,,0.7835361822721935,0.5
88,15,.,PUNCT,punct,0.5907985769902249,3.7008451783641614,3.1100466013739365,,0.15016749986988978,0.5
89,1,However,ADV,advmod,0.44532943825009497,11.282547916591051,10.837218478340956,0,0.3313699277382738,0.0
89,2,",",PUNCT,punct,2.7726756200727825,4.552360855055908,1.7796852349831256,,0.07144862797440488,0.0
89,3,Socotra,PROPN,nsubj,-1.7665765211274227,6.11262291514874,7.879199436276163,0,1.2733392085226105,0.0
89,4,is,AUX,cop,-1.8531874614340396,6.470049691257488,8.323237152691528,0,0.702584028156751,0.0
89,5,a,DET,det,-0.7974054708747715,5.916808727223201,6.714214198097973,0,0.35961594732261937,0.0
89,6,perfect,ADJ,amod,-1.13242585834025,13.382083590141967,14.514509448482217,0,1.4541397037417185,0.0
89,7,destination,NOUN,root,-0.9737395243659082,5.482079380118688,6.455818904484596,,1.09460195604747,0.0
89,8,for,ADP,case,-0.25701286670581425,7.502937985016352,7.7599508517221665,0,0.04518843193258416,0.0
89,9,the,DET,det,0.7351498403501959,4.733084097091282,3.9979342567410865,0,0.04165410859591077,0.0
89,10,adventurous,ADJ,nmod,-0.01667909478379226,6.939140094293238,6.9558191890770305,2,0.0662147897056392,0.0
89,11,and,CCONJ,cc,-0.11147351237310321,5.740289866824134,5.851763379197237,0,0.05255985203793033,0.0
89,12,nature,NOUN,compound,0.7996416088911378,12.604476011478415,11.804834402587277,0,0.4710783852898578,0.0
89,13,loving,ADJ,amod,-0.06297092235194768,6.939140094293238,7.002111016645186,0,0.03563001967540823,0.0
89,14,travelers,NOUN,conj,0.7695935643020135,5.482079380118688,4.712485815816675,4,0.027570887924143774,0.0
89,15,.,PUNCT,punct,0.2716025376107858,3.7008451783641614,3.4292426407533756,,0.021349951930013867,0.0
90,1,Great,ADJ,amod,0.6033150904949931,10.904036293337322,10.300721202842329,0,0.21920862040828257,0.0
90,2,care,NOUN,nsubj:pass,-3.008177555361902,13.019513510757259,16.02769106611916,1,0.5051636276379924,0.0
90,3,is,AUX,aux:pass,-1.0716707000813166,6.470049691257488,7.541720391338805,0,0.049283917606971595,0.0
90,4,shown,VERB,root,0.7593529165312454,13.604476011478415,12.84512309494717,,0.7713456119598618,0.0
90,5,to,ADP,case,-0.7816269706766743,5.85516522689238,6.636792197569054,0,0.060405243304306806,0.0
90,6,both,CCONJ,cc:preconj,0.022664891952102195,10.797121089420811,10.774456197468709,0,0.2348358731240788,0.0
90,7,guests,NOUN,obl,0.9434330485620137,15.18943851219957,14.246005463637557,2,0.7647298488023845,0.0
90,8,and,CCONJ,cc,-0.4979965542078064,5.740289866824134,6.23828642103194,0,0.05889124684034848,0.0
90,9,the,DET,det,0.15479851357544572,4.733084097091282,4.578285583515837,0,0.06096873427905122,0.0
90,10,environment,NOUN,conj,0.7489971663039103,13.604476011478415,12.855478845174504,3,0.6482229659653073,0.0
90,11,.,PUNCT,punct,0.34929083260462246,3.7008451783641614,3.351554345759539,,0.043709423511603236,0.0
91,1,Fortunately,ADV,advmod,-0.04588086716539763,9.200753825427405,9.246634692592803,0,0.10096461599514396,0.0
91,2,",",PUNCT,punct,-0.15236894924798516,4.552360855055908,4.704729804303893,,0.2640019373318934,0.0
91,3,there,PRON,expl,-0.5721891226724338,8.075696346150382,8.647885468822816,0,0.34227678931848143,0.0
91,4,is,VERB,root,0.476794325625737,6.470049691257488,5.993255365631751,,0.16477230609581262,0.0
91,5,a,DET,det,-1.6437292244500892,5.916808727223201,7.5605379516732905,0,0.1109738095843409,0.0
91,6,restaurant,NOUN,nsubj,1.0315436074327815,5.482079380118688,4.450535772685907,1,0.08510906711652733,0.0
91,7,in,ADP,case,-0.4561633064257036,6.195085075340713,6.6512483817664165,0,0.05020567532486298,0.0
91,8,each,DET,nmod,0.5366480264266578,11.730006893562273,11.193358867135615,2,0.35876729674505053,0.0
91,9,of,ADP,case,0.7916823150394832,5.747531807657332,4.9558494926178485,0,0.05348523821582146,0.0
91,10,the,DET,det,1.1716034901206762,4.733084097091282,3.561480606970606,0,0.03763757099920162,0.0
91,11,hotels,NOUN,nmod,1.396226187671493,5.482079380118688,4.085853192447195,3,0.03712589440486446,0.0
91,12,with,ADP,case,-0.02694527099595767,7.899419665266953,7.92636493626291,0,0.05747281718178512,0.0
91,13,simple,ADJ,amod,-0.17757040383595246,14.604476011478415,14.782046415314367,0,0.9482152086489772,0.0
91,14,yet,CCONJ,cc,-0.7554936228568607,12.282547916591051,13.038041539447912,0,0.2116751719858557,0.0
91,15,delicious,ADJ,conj,1.2681822334602497,15.18943851219957,13.921256278739321,2,0.8627817975356922,0.0
91,16,cuisine,NOUN,nmod,0.903635959094248,5.482079380118688,4.57844342102444,3,0.030141060444305735,0.0
91,17,.,PUNCT,punct,0.38080046789985955,3.7008451783641614,3.320044710464302,,0.021202642882103797,0.0
92,1,Considering,VERB,advcl,0.8254603755137726,6.197916666123875,5.372456290610103,0,0.06508830294114955,0.0
92,2,Socotra,PROPN,nsubj,-2.370361373396933,6.11262291514874,8.482984288545673,0,0.10435129596905801,0.0
92,3,is,AUX,cop,-1.511564155985809,6.470049691257488,7.981613847243297,0,0.06701254320700333,0.0
92,4,a,DET,det,-0.0642908655915253,5.916808727223201,5.981099592814727,0,0.15220820636399718,0.0
92,5,fairly,ADV,advmod,-1.5971151914836756,15.18943851219957,16.786553703683246,0,0.6409096768938632,0.1
92,6,new,ADJ,amod,0.9699789808942931,10.039691392694888,9.069712411800595,1,0.6299095088902427,0.1
92,7,eco,NOUN,compound,0.9973347952218479,5.482079380118688,4.48474458489684,0,0.1912009847054632,0.1
92,8,-,PUNCT,punct,0.20196816093519487,8.337689470783513,8.135721309848318,,0.12582139716079718,0.1
92,9,tourism,NOUN,compound,-0.6722432104371574,14.604476011478415,15.276719221915572,1,0.811224526480655,0.1
92,10,destination,NOUN,ccomp,-0.4911043247623077,5.482079380118688,5.973183704880996,6,0.18909219905834174,0.1
92,11,",",PUNCT,punct,0.15297169996554327,4.552360855055908,4.399389155090365,,0.028130781296576,0.1
92,12,their,PRON,nmod:poss,-0.7193079388197816,9.867510417312209,10.58681835613199,0,0.12469864891682389,0.1
92,13,facilities,NOUN,nsubj,-0.477209348416471,15.18943851219957,15.666647860616042,1,0.9542782113689805,0.1
92,14,are,AUX,cop,-0.5521405715745056,7.693583485312399,8.245724056886905,0,0.08800356285449498,0.1
92,15,decent,ADJ,root,0.739418815149012,6.939140094293238,6.199721279144226,,0.047157340416623776,0.1
92,16,.,PUNCT,punct,0.45897536253033167,3.7008451783641614,3.2418698158338297,,0.029285624916641557,0.1
93,1,The,DET,det,-0.7976025969652571,4.733084097091282,5.53068669405654,0,0.026145197178954215,0.0
93,2,most,ADV,advmod,0.2427164618618498,10.123349321741799,9.880632859879949,0,0.36289349062786175,0.0
93,3,popular,ADJ,amod,4.7066508880283955,13.019513510757259,8.312862622728863,1,1.6172935558835537,0.0
93,4,lodging,NOUN,nsubj,-4.662629875202648,5.482079380118688,10.144709255321336,2,1.3716526595001564,0.0
93,5,is,AUX,aux,-0.6357514994204543,6.470049691257488,7.105801190677942,0,0.23710529666718522,0.0
93,6,actually,ADV,advmod,0.3727776927236519,11.18943851219957,10.816660819475919,0,0.40833650601990606,0.0
93,7,camping,VERB,root,0.033409580907951764,6.197916666123875,6.164507085215924,,0.5715278787360513,0.0
93,8,on,ADP,case,-0.1255282748318205,7.520553527933323,7.646081802765144,0,0.13833317546514212,0.0
93,9,the,DET,det,0.621901115441152,4.733084097091282,4.11118298165013,0,0.05641489214208516,0.0
93,10,beaches,NOUN,obl,1.1550842091689297,14.18943851219957,13.034354303030641,2,1.0800415844865352,0.1
93,11,.,PUNCT,punct,0.5424106153796333,3.7008451783641614,3.158434562984528,,0.01952657337421274,0.1
94,1,There,PRON,expl,0.5999457779647974,8.075696346150382,7.4757505681855845,0,0.10291354810212022,0.0
94,2,are,VERB,root,3.4783351240422853,7.693583485312399,4.215248361270114,,0.31855308997655823,0.0
94,3,several,ADJ,amod,2.941061664587382,12.488998794058478,9.547937129471096,0,2.403526907887862,0.0
94,4,campsites,NOUN,nsubj,1.0905280291909474,5.482079380118688,4.391551350927741,1,1.6670478635037296,0.0
94,5,that,PRON,nsubj,-2.0611023963331236,6.437894453110473,8.498996849443596,0,0.23978082974592618,0.0
94,6,allow,VERB,acl:relcl,0.3292078450804894,14.18943851219957,13.860230667119081,2,3.802563739724763,0.0
94,7,tourists,NOUN,iobj,-6.707647374581709,15.18943851219957,21.89708588678128,1,4.0125055461292085,0.2
94,8,to,PART,mark,-0.5213268081222591,5.85516522689238,6.376492035014639,0,0.04532080783815514,0.2
94,9,barbeque,VERB,xcomp,0.44009284645176905,6.197916666123875,5.757823819672106,2,0.06940574810488716,0.2
94,10,on,ADP,case,-0.12387820241274206,7.520553527933323,7.644431730346065,0,0.08082283213650425,0.2
94,11,the,DET,det,0.6012540972897291,4.733084097091282,4.131829999801553,0,0.03089614228642088,0.2
94,12,beach,NOUN,obl,1.343553293613347,15.18943851219957,13.845885218586224,3,0.5753854384114964,0.3
94,13,with,ADP,case,-0.052571471606204234,7.899419665266953,7.951991136873157,0,0.0634141838420962,0.3
94,14,beautiful,ADJ,amod,-0.2711610444729402,11.488998794058478,11.760159838531418,0,0.2920225368334991,0.3
94,15,mountain,NOUN,compound,1.024971912470125,15.18943851219957,14.164466599729446,0,0.4112663394346304,0.4
94,16,views,NOUN,nmod,0.13683077541425526,14.604476011478415,14.46764523606416,4,1.0727997186547547,0.4
94,17,in,ADP,case,-0.07314757396984994,6.195085075340713,6.268232649310563,0,0.03041426247873034,0.4
94,18,the,DET,det,0.8326222448942668,4.733084097091282,3.9004618521970156,0,0.03202074846221644,0.4
94,19,background,NOUN,obl,1.3444321196754352,13.867510417312209,12.523078297636774,3,0.9108900596560151,0.4
94,20,.,PUNCT,punct,0.5753161522031345,3.7008451783641614,3.125529026161027,,0.019290707097241826,0.4
95,1,It,PRON,nsubj,0.1358633281289432,6.147779360562356,6.011916032433413,0,0.08192350898677746,0.0
95,2,is,AUX,cop,0.9959141665178581,6.470049691257488,5.47413552473963,0,0.07806024664638797,0.0
95,3,a,DET,det,-0.7177364849100236,5.916808727223201,6.634545212133225,0,0.26156726842160566,0.0
95,4,fantastic,ADJ,amod,-0.24448467425043496,6.939140094293238,7.183624768543673,0,0.39473985359275116,0.0
95,5,way,NOUN,root,-0.004590104462522504,10.545582322424846,10.550172426887368,,0.34787460050263713,0.0
95,6,to,PART,mark,0.5318590373482435,5.85516522689238,5.3233061895441365,0,0.4624436973754108,0.0
95,7,enjoy,VERB,acl,-0.06674355736473281,13.382083590141967,13.4488271475067,1,0.9995054013509737,0.0
95,8,the,DET,det,-0.43582585967736254,4.733084097091282,5.168909956768645,0,0.03123844487519477,0.0
95,9,beauty,NOUN,obj,1.2725570488290074,14.18943851219957,12.916881463370563,2,0.6168830455523098,0.0
95,10,and,CCONJ,cc,-0.5231330623039634,5.740289866824134,6.263422929128097,0,0.05531178629998259,0.0
95,11,wildlife,NOUN,conj,0.21693099607688637,5.482079380118688,5.265148384041802,2,0.04075998957610464,0.0
95,12,of,ADP,case,-0.14242227144178443,5.747531807657332,5.889954079099116,0,0.03904332068604421,0.0
95,13,the,DET,det,0.8169367050040828,4.733084097091282,3.9161473920871996,0,0.031041675504322165,0.0
95,14,island,NOUN,nmod,0.891546736471156,12.604476011478415,11.712929275007259,3,0.29086865532584927,0.0
95,15,.,PUNCT,punct,0.4644659407202809,3.7008451783641614,3.2363792376438805,,0.04021946178969472,0.0
96,1,A,DET,det,-0.7489890469122029,5.916808727223201,6.665797774135404,0,0.04887894799059029,0.0
96,2,runway,NOUN,nsubj:pass,1.222269879700014,5.482079380118688,4.259809500418674,1,0.051870426993601663,0.0
96,3,that,PRON,nsubj,-1.1989059952428391,6.437894453110473,7.636800448353312,0,0.052263958760692016,0.0
96,4,provides,VERB,acl:relcl,0.08996970186284159,13.019513510757259,12.929543808894417,2,0.5210813900305816,0.0
96,5,fairly,ADV,advmod,-0.24362456220049467,15.18943851219957,15.433063074400065,0,0.6675549580968443,0.1
96,6,regular,ADJ,amod,-0.13107413157168146,14.18943851219957,14.320512643771252,1,0.4922143331441994,0.1
96,7,airline,NOUN,compound,0.7401487514322467,5.482079380118688,4.7419306286864416,0,0.18228635664101617,0.1
96,8,transportation,NOUN,obj,-0.5713213608544478,15.18943851219957,15.760759873054019,3,0.9275177335958522,0.1
96,9,was,AUX,aux:pass,-0.7490108199922547,7.073094550962102,7.822105370954357,0,0.05137234517827311,0.1
96,10,only,ADV,advmod,0.44192774540204205,10.145044392841116,9.703116647439074,0,0.17257777538609045,0.1
96,11,constructed,VERB,root,0.039348448358581756,6.197916666123875,6.158568217765294,,0.0855585690647286,0.1
96,12,in,ADP,case,-0.11609863827596634,6.195085075340713,6.311183713616679,0,0.04997436787045326,0.1
96,13,1999,NUM,obl,0.220662083363953,14.18943851219957,13.968776428835618,1,0.7909800295930944,0.1
96,14,.,PUNCT,punct,0.6835039868558264,3.7008451783641614,3.017341191508335,,0.04531663097744382,0.1
97,1,Like,ADP,case,0.6214972175115552,7.951033772874491,7.329536555362936,0,0.07127166742356598,0.0
97,2,everything,PRON,obl,-1.3909278497045499,11.604476011478415,12.995403861182965,1,0.43623051845551797,0.0
97,3,else,ADV,advmod,4.2356329346724575,12.18943851219957,7.953805577527113,1,2.9270452198960997,0.0
97,4,",",PUNCT,punct,-1.4233676625091736,4.552360855055908,5.975728517565082,,1.3043525982714763,0.0
97,5,infrastructure,NOUN,nsubj,-2.353273481299259,5.482079380118688,7.835352861417947,0,1.3534243999409092,0.0
97,6,and,CCONJ,cc,0.6103814699638921,5.740289866824134,5.129908396860242,0,0.3531032499418165,0.0
97,7,transportation,NOUN,conj,1.906685694978357,15.18943851219957,13.282752817221214,2,1.5213679927474582,0.0
97,8,has,AUX,aux,0.5655823227886998,9.235242201812696,8.669659879023996,0,0.23076296304138588,0.0
97,9,only,ADV,advmod,-1.6315177132178675,10.145044392841116,11.776562106058984,0,1.1585322367790059,0.0
97,10,just,ADV,advmod,-1.0039419275789818,8.627196087978497,9.631138015557479,0,0.3321536956396039,0.0
97,11,begun,VERB,root,-2.143886571056912,15.18943851219957,17.333325083256483,,2.1158054929852717,0.1
97,12,in,ADP,case,-0.09282214736050864,6.195085075340713,6.287907222701222,0,0.04692661646678501,0.1
97,13,recent,ADJ,amod,-0.3693429955416647,14.604476011478415,14.97381900702008,0,0.5582162266101044,0.1
97,14,years,NOUN,obl,0.9390084911378693,10.574728668084362,9.635720176946492,2,0.2463178170780852,0.1
97,15,.,PUNCT,punct,0.6788615637390065,3.7008451783641614,3.021983614625155,,0.019507542339021938,0.1
98,1,In,ADP,case,-0.7512908726612668,6.195085075340713,6.94637594800198,0,0.059321265642547326,0.0
98,2,addition,NOUN,obl,6.464724809299572,14.18943851219957,7.724713702899999,1,0.6001028806976586,0.0
98,3,",",PUNCT,punct,1.9411393557883114,4.552360855055908,2.6112214992675966,,2.2388339448826104,0.0
98,4,there,PRON,expl,-6.931748367344271,8.075696346150382,15.007444713494653,0,1.0184564009813126,0.0
98,5,are,VERB,root,4.320152234582483,7.693583485312399,3.373431250729916,,1.4201324487191074,0.0
98,6,also,ADV,advmod,0.3433500968908696,9.434551010036103,9.091200913145233,0,1.1827237882940371,0.0
98,7,two,NUM,nummod,-1.72953281060264,9.282547916591051,11.012080727193691,0,0.7985001939757599,0.0
98,8,information,NOUN,compound,-7.2554129277157156,11.941510998755986,19.1969239264717,0,1.5150542483724105,0.0
98,9,centers,NOUN,nsubj,-0.4583490878283607,5.482079380118688,5.940428467947049,2,0.040596391816133996,0.0
98,10,located,VERB,acl,-0.00907802076898001,13.867510417312209,13.876588438081189,1,0.8945824461774234,0.0
98,11,at,ADP,case,-0.21632854372246513,8.055012191978644,8.27134073570111,0,0.09049430205048269,0.0
98,12,the,DET,det,0.6317627631259501,4.733084097091282,4.101321333965332,0,0.033706076562800905,0.0
98,13,airport,NOUN,obl,1.3425625247297308,15.18943851219957,13.84687598746984,3,0.6123689316404699,0.0
98,14,and,CCONJ,cc,-0.48842093508972706,5.740289866824134,6.228710801913861,0,0.05188513789576264,0.0
98,15,Hadibo,PROPN,conj,-0.13333402444908415,6.11262291514874,6.245956939597824,2,0.0870412750401674,0.0
98,16,.,PUNCT,punct,0.21447311198060115,3.7008451783641614,3.4863720663835602,,0.02348508792561697,0.0
99,1,When,ADV,root,0.5479403464776436,9.270575274924976,8.722634928447333,,0.13530096433341013,0.0
99,2,to,PART,mark,-0.06717209531456536,5.85516522689238,5.922337322206945,0,0.1869995891299153,0.0
99,3,go,VERB,acl,3.5932274150124783,9.502937985016352,5.909710570003874,1,1.4966823810125325,0.0
99,4,:,PUNCT,punct,-0.9803330796445433,8.524102595014394,9.504435674658938,,1.2290845929557543,0.0
99,5,Climate,NOUN,nsubj,-2.4138065821153347,13.604476011478415,16.01828259359375,0,1.0802204170928338,0.0
99,6,is,AUX,cop,-0.11673598311433508,6.470049691257488,6.586785674371823,0,0.40433999137418225,0.0
99,7,an,DET,det,-1.0534410764305608,8.922651971504669,9.97609304793523,0,0.24888564928104912,0.0
99,8,important,ADJ,amod,0.12140617713540003,12.019513510757259,11.898107333621859,0,0.35172056398859564,0.0
99,9,consideration,NOUN,parataxis,0.4991988451970357,5.482079380118688,4.9828805349216525,4,0.3628635847387759,0.0
99,10,.,PUNCT,punct,0.39716257870755456,3.7008451783641614,3.303682599656607,,0.014370207487325384,0.0
100,1,And,CCONJ,cc,0.26494226057534664,5.740289866824134,5.475347606248787,0,0.05872014748880523,0.0
100,2,this,PRON,nsubj,-0.3702454180710113,7.086150703787548,7.4563961218585595,0,0.11844869775387395,0.0
100,3,depends,VERB,root,0.13846899970200433,14.604476011478415,14.46600701177641,,0.7921070299473346,0.1
100,4,on,ADP,case,-0.3485005177891196,7.520553527933323,7.869054045722443,0,0.0849531310134881,0.1
100,5,your,PRON,nmod:poss,0.309820492180668,8.658057051683258,8.34823655950259,0,0.1049875210334497,0.1
100,6,interest,NOUN,obl,-0.021861180248309964,11.488998794058478,11.510859974306788,2,0.27677765850239605,0.1
100,7,.,PUNCT,punct,0.4194061794513262,3.7008451783641614,3.281438998912835,,0.018056551162363824,0.1
101,1,Nature,NOUN,compound,-0.6710623937185716,12.604476011478415,13.275538405196986,0,0.552118963949323,0.0
101,2,enthusiasts,NOUN,nsubj,-2.8078300153386406,5.482079380118688,8.289909395457329,1,0.3750266509790209,0.0
101,3,should,AUX,aux,-0.6371806476071473,10.461518057636372,11.09869870524352,0,0.23753683912647766,0.0
101,4,go,VERB,root,1.0136894901038822,9.502937985016352,8.48924849491247,,0.2597632768085498,0.0
101,5,from,ADP,case,-0.3170841687163417,8.288571704218821,8.605655872935163,0,0.07959030280333362,0.0
101,6,early,ADJ,amod,-0.4521020382986318,11.730006893562273,12.182108931860904,0,0.2066265359138764,0.0
101,7,October,PROPN,obl,-0.6234515889394139,12.604476011478415,13.227927600417829,2,0.4301035035905724,0.0
101,8,to,ADP,case,0.327069967798181,5.85516522689238,5.528095259094199,0,0.06473126530005548,0.0
101,9,late,ADJ,amod,-0.1797353717743082,12.730006893562273,12.90974226533658,0,0.7568315737728107,0.0
101,10,April,PROPN,obl,1.4191833630225243,13.604476011478415,12.18529264845589,2,0.39215899783094244,0.0
101,11,.,PUNCT,punct,0.2598508369702208,3.7008451783641614,3.4409943413939406,,0.0331116097524866,0.0
102,1,Generally,ADV,advmod,0.37255140115398433,13.867510417312209,13.494959016158225,0,0.6977941495297235,0.0
102,2,",",PUNCT,punct,1.3753936023028843,4.552360855055908,3.1769672527530237,,1.3560443296358147,0.0
102,3,wildlife,NOUN,nsubj,-5.166132817285111,5.482079380118688,10.648212197403799,0,1.15844904110517,0.0
102,4,and,CCONJ,cc,-0.14649937431303872,5.740289866824134,5.886789241137173,0,0.10972402540602301,0.0
102,5,natural,ADJ,amod,0.19162753186376236,12.730006893562273,12.53837936169851,0,0.46585423105313295,0.0
102,6,viewing,NOUN,conj,-0.001335128901437166,5.482079380118688,5.483414509020125,3,0.051927832736573226,0.0
102,7,is,AUX,cop,-0.12952575363649554,6.470049691257488,6.599575444893984,0,0.047925284209708874,0.0
102,8,best,ADJ,root,0.6425826492182036,11.235242201812696,10.592659552594492,,0.26079518523715167,0.0
102,9,from,ADP,case,-0.19452767280455063,8.288571704218821,8.483099377023372,0,0.07928059070475017,0.0
102,10,the,DET,det,0.9750103439137452,4.733084097091282,3.7580737531775372,0,0.025947731147658006,0.0
102,11,end,NOUN,obl,1.1802360438223616,11.665876556142557,10.485640512320195,2,0.4656162263261261,0.0
102,12,of,ADP,case,-0.1320275056606608,5.747531807657332,5.879559313317992,0,0.04497135993784942,0.0
102,13,January,PROPN,nmod,0.6584317865438241,12.382083590141967,11.723651803598143,2,0.3307867718114432,0.0
102,14,through,ADP,case,0.10556812457071985,11.434551010036103,11.328982885465383,0,0.19714251469434274,0.0
102,15,May,PROPN,obl,0.9281804393006183,10.212158588699655,9.283978149399037,1,0.3324686889093934,0.0
102,16,.,PUNCT,punct,0.027041047855085765,3.7008451783641614,3.6738041305090756,,0.07073316888304741,0.0
103,1,Get,VERB,root,0.7929135120806929,9.282547916591051,8.489634404510358,,0.16448987959021752,0.0
103,2,in,ADV,advmod,-0.6113177704319535,6.195085075340713,6.806402845772666,0,0.21643672932108668,0.0
104,1,By,ADP,case,-0.2566331095169776,8.531227029447775,8.787860138964753,0,0.15605085950251552,0.0
104,2,plane,NOUN,root,9.04440188522824,14.604476011478415,5.560074126250174,,0.8170333784622295,0.0
105,1,Dixam,PROPN,root,-0.19592036260047863,6.11262291514874,6.3085432777492185,,0.07664910517989604,0.0
105,2,",",PUNCT,punct,-1.2512408936713193,4.552360855055908,5.803601748727227,,0.08558325217390565,0.0
105,3,in,ADP,case,0.09654804740460055,6.195085075340713,6.098537027936112,0,0.14918979308818642,0.0
105,4,the,DET,det,0.08636187153131036,4.733084097091282,4.646722225559972,0,0.34951540622841193,0.0
105,5,centre,NOUN,nmod,-1.6366499571049555,15.18943851219957,16.826088469304526,2,0.9840519438178675,0.3
105,6,of,ADP,case,-0.2065284319813525,5.747531807657332,5.954060239638684,0,0.05297317359179774,0.3
105,7,the,DET,det,0.7430705218121614,4.733084097091282,3.990013575279121,0,0.03002295719521415,0.3
105,8,island,NOUN,nmod,1.0603129369902096,12.604476011478415,11.544163074488205,3,0.30943889727133284,0.3
106,1,There,PRON,expl,0.5999457779647974,8.075696346150382,7.4757505681855845,0,0.10291354810212022,0.0
106,2,are,VERB,root,3.4783351240422853,7.693583485312399,4.215248361270114,,0.31855308997655823,0.0
106,3,flights,NOUN,nsubj,7.427874816979727,14.604476011478415,7.176601194498688,0,1.0479546997740765,0.0
106,4,from,ADP,case,1.0296828893705552,8.288571704218821,7.258888814848266,0,1.7800325072266234,0.0
106,5,Sana'a,PROPN,nmod,-1.6275458790404906,6.11262291514874,7.7401687941892305,2,2.784185885519801,0.0
106,6,via,ADP,case,-7.456859288019118,14.604476011478415,22.061335299497532,0,4.149611086037786,0.0
106,7,Al,PROPN,nmod,-3.052385264001714,14.604476011478415,17.65686127548013,2,2.9959504230457994,0.2
106,8,Mukalla,PROPN,flat,2.1291532854838664,6.11262291514874,3.9834696296648735,1,0.03872212524622534,0.2
106,9,.,PUNCT,punct,0.0684085684011726,3.7008451783641614,3.632436609962989,,0.03154563060892168,0.2
107,1,Yemenia,PROPN,compound,-0.19592036260047863,6.11262291514874,6.3085432777492185,0,0.07664910517989604,0.0
107,2,Airlines,PROPN,nsubj,1.5592150997014613,6.11262291514874,4.553407815447279,1,0.06968842426473332,0.0
107,3,offers,VERB,root,-3.5564576447262635,15.18943851219957,18.745896156925834,,0.7414236128815811,0.2
107,4,one,NUM,nummod,-0.750501916940804,8.552813891655921,9.303315808596725,0,0.27440300678764973,0.2
107,5,flight,NOUN,obj,-0.5773435136713836,13.867510417312209,14.444853930983593,1,0.7299845845086409,0.2
107,6,per,ADP,case,-0.3851602909738041,13.382083590141967,13.767243881115771,0,0.7579760551564886,0.2
107,7,week,NOUN,nmod,0.4078234918927315,12.382083590141967,11.974260098249236,2,1.4434645108944006,0.2
107,8,on,ADP,case,-0.28235773475169434,7.520553527933323,7.802911262685018,0,0.0901403123184683,0.2
107,9,Thursday,PROPN,nmod,0.9019259532224151,13.019513510757259,12.117587557534844,2,0.5289387008388067,0.2
107,10,morning,NOUN,obl:unmarked,-1.068244648988454,11.665876556142557,12.73412120513101,0,0.3718279512014015,0.2
107,11,.,PUNCT,punct,0.20093411056659294,3.7008451783641614,3.4999110677975684,,0.1402811598438484,0.2
108,1,Felix,PROPN,compound,-0.19592036260047863,6.11262291514874,6.3085432777492185,0,0.07664910517989604,0.0
108,2,Airways,PROPN,nsubj,1.5592150997014613,6.11262291514874,4.553407815447279,1,0.06968842426473332,0.0
108,3,offers,VERB,root,-3.5564576447262635,15.18943851219957,18.745896156925834,,0.7414236128815811,0.2
108,4,two,NUM,nummod,-0.6774058599665587,9.282547916591051,9.95995377655761,0,0.2509847856773184,0.2
108,5,flights,NOUN,obj,-0.7441984380481692,14.604476011478415,15.348674449526584,1,0.9788565366908349,0.2
108,6,per,ADP,case,-0.4236531733604494,13.382083590141967,13.805736763502416,0,0.7113215752047429,0.2
108,7,week,NOUN,nmod,0.6991216797445112,12.382083590141967,11.682961910397456,2,1.3318927286455116,0.2
108,8,on,ADP,case,-0.28196655942143156,7.520553527933323,7.802520087354755,0,0.0976259302979678,0.2
108,9,Wednesday,PROPN,compound,0.8065922745081249,12.604476011478415,11.79788373697029,0,0.6159476360944511,0.2
108,10,afternoon,NOUN,nmod,-0.9838302103614449,13.867510417312209,14.851340627673654,3,0.3587612281561346,0.2
108,11,and,CCONJ,cc,-0.5893492901984878,5.740289866824134,6.329639157022622,0,0.09992206627092888,0.2
108,12,Saturday,PROPN,conj,0.45083244360271735,13.019513510757259,12.568681067154541,2,0.6516579668916318,0.2
108,13,morning,NOUN,obl:unmarked,-1.1610929560039764,11.665876556142557,12.826969512146533,0,0.3245675972843143,0.2
108,14,.,PUNCT,punct,0.19014040958278544,3.7008451783641614,3.510704768781376,,0.11887033394242265,0.2
109,1,Flight,NOUN,compound,-1.6465968325048337,13.867510417312209,15.514107249817043,0,0.5705469036823587,0.0
109,2,durations,NOUN,nsubj,-1.960769210175103,5.482079380118688,7.442848590293791,1,0.21673824200490444,0.0
109,3,are,AUX,cop,-0.6433828900990308,7.693583485312399,8.33696637541143,0,0.08816367554916618,0.0
109,4,almost,ADV,advmod,0.2079134915331302,12.604476011478415,12.396562519945284,0,0.4696489428275664,0.0
109,5,three,NUM,nummod,-1.456306498064965,10.123349321741799,11.579655819806764,1,0.19210831433173972,0.0
109,6,hours,NOUN,root,-0.32436606762377274,14.604476011478415,14.928842079102187,,0.3888006399635565,0.1
109,7,.,PUNCT,punct,-0.09300558841101436,3.7008451783641614,3.7938507667751757,,0.028487110892210857,0.1
110,1,There,PRON,expl,0.5999457779647974,8.075696346150382,7.4757505681855845,0,0.10291354810212022,0.0
110,2,are,VERB,root,3.4783351240422853,7.693583485312399,4.215248361270114,,0.31855308997655823,0.0
110,3,also,ADV,advmod,4.086506871192094,9.434551010036103,5.348044138844008,0,0.682185137747821,0.0
110,4,flights,NOUN,nsubj,7.294044739665625,14.604476011478415,7.3104312718127895,0,1.0611078212323577,0.0
110,5,from,ADP,case,1.0090864306540155,8.288571704218821,7.279485273564806,0,1.8069080136870634,0.0
110,6,Sharjah,PROPN,nmod,-1.7006537551993066,6.11262291514874,7.8132766703480465,2,2.7857425157741367,0.0
110,7,via,ADP,case,-7.505855926879594,14.604476011478415,22.11033193835801,0,6.17970002743178,0.0
110,8,Al,PROPN,nmod,-6.9537950366919645,14.604476011478415,21.55827104817038,2,4.502287549357408,0.2
110,9,Mukalla,PROPN,flat,2.130382135633493,6.11262291514874,3.982240779515247,1,0.038927232807234,0.2
110,10,.,PUNCT,punct,0.0615223767105868,3.7008451783641614,3.6393228016535746,,0.03199906066908734,0.2
111,1,Get,VERB,root,0.7929135120806929,9.282547916591051,8.489634404510358,,0.16448987959021752,0.0
111,2,around,ADV,advmod,1.2859428310163814,10.941510998755986,9.655568167739604,0,1.2115726965232623,0.0
112,1,There,PRON,expl,0.5999457779647974,8.075696346150382,7.4757505681855845,0,0.10291354810212022,0.0
112,2,is,VERB,root,1.9423695571413857,6.470049691257488,4.527680134116102,,0.31871396500752747,0.0
112,3,a,DET,det,0.5216061845156235,5.916808727223201,5.395202542707578,0,0.46773243884990884,0.0
112,4,public,ADJ,amod,-3.6216934062918185,11.545582322424846,15.167275728716664,0,0.8020795169526691,0.0
112,5,bus,NOUN,nsubj,-0.2382433674613207,14.604476011478415,14.842719378939735,2,0.763813386896612,0.0
112,6,from,ADP,case,-0.4053536816105101,8.288571704218821,8.693925385829331,0,0.0797051747977286,0.0
112,7,the,DET,det,0.8049318281206097,4.733084097091282,3.9281522689706727,0,0.03709773810383772,0.0
112,8,airport,NOUN,nmod,1.337073750199604,15.18943851219957,13.852364761999967,3,0.6108798880211006,0.0
112,9,to,ADP,case,0.00898431983154957,5.85516522689238,5.84618090706083,0,0.0304038034394785,0.0
112,10,Hadibo,PROPN,nmod,-0.33460553772600665,6.11262291514874,6.4472284528747466,2,0.09816464208881011,0.0
112,11,and,CCONJ,cc,-0.10532627562257701,5.740289866824134,5.845616142446711,0,0.06094293016805696,0.0
112,12,from,ADP,case,-0.00791514495115564,8.288571704218821,8.296486849169977,0,0.07442140193281147,0.0
112,13,Hadibo,PROPN,conj,2.1898908975730835,6.11262291514874,3.9227320175756564,3,0.05811651415652613,0.0
112,14,to,ADP,case,0.71741513261615,5.85516522689238,5.13775009427623,0,0.06823200013572667,0.0
112,15,Qalansia,PROPN,orphan,2.0656181403632097,6.11262291514874,4.04700477478553,2,0.054413684879224766,0.0
112,16,.,PUNCT,punct,0.17134481094687315,3.7008451783641614,3.5295003674172882,,0.03029158902003216,0.0
113,1,Beside,ADP,case,-0.5743050675158177,13.867510417312209,14.441815484828027,0,0.5638617967366636,0.0
113,2,these,DET,det,-0.0690104840845347,9.461518057636372,9.530528541720907,0,0.238801256255037,0.0
113,3,two,NUM,nummod,-0.9581656850187787,9.282547916591051,10.24071360160983,0,0.25110378519076537,0.0
113,4,buses,NOUN,obl,1.9623639322104767,5.482079380118688,3.5197154479082116,3,0.6101342229826164,0.0
113,5,",",PUNCT,punct,-0.23107615708524865,4.552360855055908,4.783437012141157,,0.1137099989218513,0.0
113,6,there,PRON,expl,-1.5772507924794255,8.075696346150382,9.652947138629807,0,0.3328179477075774,0.0
113,7,is,VERB,root,0.18252216189732984,6.470049691257488,6.287527529360158,,0.3558248225851873,0.0
113,8,no,DET,det,0.30252409066801,8.567386692743195,8.264862602075185,0,0.6222106321072643,0.0
113,9,public,ADJ,amod,-1.1105788415100744,11.545582322424846,12.65616116393492,0,0.7513020853695261,0.0
113,10,transport,NOUN,nsubj,1.2421933717842286,5.482079380118688,4.23988600833446,2,0.4114004278327438,0.0
113,11,",",PUNCT,punct,0.02064001351948619,4.552360855055908,4.531720841536422,,0.04534805720161013,0.0
113,12,but,CCONJ,cc,-0.17940723810133186,8.167070699171116,8.346477937272448,0,0.17300415698568852,0.0
113,13,car,NOUN,compound,-1.0032257699060683,12.730006893562273,13.73323266346834,0,0.5223288285907611,0.0
113,14,rental,NOUN,conj,-0.2405995440630111,13.867510417312209,14.10810996137522,2,0.5467397594422682,0.0
113,15,with,ADP,case,-0.12755946180992161,7.899419665266953,8.026979127076874,0,0.11955469439874461,0.0
113,16,driver,NOUN,nmod,1.0077604751869513,5.482079380118688,4.474318904931737,2,0.07503821646347827,0.0
113,17,is,AUX,cop,-0.4972969274726058,6.470049691257488,6.967346618730094,0,0.04835684927879423,0.0
113,18,available,ADJ,amod,0.9453839267673292,12.730006893562273,11.784622966794943,2,0.38602412729279384,0.0
113,19,.,PUNCT,punct,0.40198617407028836,3.7008451783641614,3.298859004293873,,0.030625294549924135,0.0
114,1,There,PRON,expl,0.5999457779647974,8.075696346150382,7.4757505681855845,0,0.10291354810212022,0.0
114,2,is,VERB,root,1.9423695571413857,6.470049691257488,4.527680134116102,,0.31871396500752747,0.0
114,3,a,DET,det,0.5216061845156235,5.916808727223201,5.395202542707578,0,0.46773243884990884,0.0
114,4,lot,NOUN,nsubj,-3.205334383553641,10.904036293337322,14.109370676890963,1,0.5350691090169429,0.0
114,5,of,ADP,case,0.32252349588557294,5.747531807657332,5.425008311771759,0,0.37537479949126124,0.0
114,6,walking,NOUN,nmod,-3.608605089319303,15.18943851219957,18.798043601518874,2,1.0337873459249738,0.0
114,7,and,CCONJ,cc,-0.6370016024542826,5.740289866824134,6.377291469278417,0,0.06281511741337505,0.0
114,8,hiking,NOUN,conj,0.19221208887925023,15.18943851219957,14.99722642332032,2,0.7908157627420797,0.2
114,9,along,ADV,advmod,-0.16720911001397454,12.488998794058478,12.656207904072453,0,0.31442923603806033,0.2
114,10,with,SCONJ,mark,0.35607820343765884,7.899419665266953,7.543341461829294,0,0.08364187240659444,0.2
114,11,camel,NOUN,compound,0.9153852300351453,5.482079380118688,4.566694150083543,0,0.056628417514188414,0.2
114,12,back,NOUN,compound,-0.28387907787519673,9.999613953319553,10.28349303119475,1,0.16331052523872097,0.2
114,13,rides,NOUN,nsubj,-0.5043783530073647,5.482079380118688,5.986457733126053,1,0.0643801685943655,0.2
114,14,available,ADJ,advcl,-0.35376518302718907,12.730006893562273,13.083772076589462,3,0.4145529607469317,0.2
114,15,.,PUNCT,punct,0.2887238293890082,3.7008451783641614,3.412121348975153,,0.02449611716047921,0.2
115,1,See,VERB,root,1.1502670843738478,9.589525670012442,8.439258585638594,,0.1484549509949569,0.0
116,1,Socotra,PROPN,nsubj:pass,-0.19592036260047863,6.11262291514874,6.3085432777492185,0,0.07664910517989604,0.0
116,2,is,AUX,aux:pass,-1.8307846244783317,6.470049691257488,8.30083431573582,0,0.18342849685047422,0.0
116,3,considered,VERB,root,0.4500517153524495,13.18943851219957,12.739386796847121,,0.5722414048887471,0.0
116,4,the,DET,det,-0.6365305989980019,4.733084097091282,5.369614696089284,0,0.033127268137918275,0.0
116,5,jewel,NOUN,xcomp,1.251209673905194,5.482079380118688,4.230869706213494,1,0.03302648906647684,0.0
116,6,of,ADP,case,-0.23239977496957565,5.747531807657332,5.979931582626907,0,0.03828767764361948,0.0
116,7,biodiversity,NOUN,nmod,0.7923383310034646,5.482079380118688,4.689741049115224,2,0.035266791368044774,0.0
116,8,in,ADP,case,-0.1863636045090491,6.195085075340713,6.381448679849762,0,0.042844389381948185,0.0
116,9,the,DET,det,0.8085162043026504,4.733084097091282,3.924567892788632,0,0.02961396616081955,0.0
116,10,Arabian,PROPN,compound,-0.10084877441184403,6.11262291514874,6.213471689560584,0,0.07608106049451141,0.0
116,11,Sea,PROPN,obl,1.0057960108090214,13.382083590141967,12.376287579332946,3,0.5621592180293731,0.0
116,12,.,PUNCT,punct,0.2854400583031693,3.7008451783641614,3.415405120060992,,0.028147376648412843,0.0
117,1,Although,SCONJ,mark,0.7322531316895002,13.019513510757259,12.287260379067758,0,0.6062471260642196,0.0
117,2,the,DET,det,-1.567093359611885,4.733084097091282,6.300177456703167,0,0.27220070474569563,0.0
117,3,region,NOUN,nsubj,-0.067039535860145,13.867510417312209,13.934549953172354,1,0.5206626865410983,0.0
117,4,is,AUX,cop,0.1607081561083188,6.470049691257488,6.309341535149169,0,0.05219659312187684,0.0
117,5,small,ADJ,advcl,0.016880734896927763,11.730006893562273,11.713126158665345,3,0.23013312768700947,0.0
117,6,",",PUNCT,punct,0.3606337928042729,4.552360855055908,4.191727062251635,,0.04667997753114812,0.0
117,7,it,PRON,nsubj:pass,-0.832572358534903,6.147779360562356,6.980351719097259,0,0.07506901089183388,0.0
117,8,is,AUX,aux:pass,0.5423176091593565,6.470049691257488,5.927732082098132,0,0.030845747401522662,0.0
117,9,characterized,VERB,root,0.6696905210990574,6.197916666123875,5.528226145024818,,0.05737344762528864,0.0
117,10,by,ADP,case,-0.14079814170268,8.531227029447775,8.672025171150455,0,0.10787757536366416,0.0
117,11,unique,ADJ,amod,-0.31027534457787453,13.867510417312209,14.177785761890084,0,0.26976874571430354,0.0
117,12,land,NOUN,obl:agent,0.9427315613795191,11.941510998755986,10.998779437376466,2,0.3749718367899762,0.0
117,13,and,CCONJ,cc,-0.40748459966793504,5.740289866824134,6.147774466492069,0,0.05176290166558076,0.0
117,14,marine,ADJ,amod,0.6015253244041272,6.939140094293238,6.337614769889111,0,0.07880094310790732,0.0
117,15,biodiversity,NOUN,conj,0.7463302384295956,5.482079380118688,4.735749141689093,3,0.02975846067746338,0.0
117,16,.,PUNCT,punct,0.4948876643183855,3.7008451783641614,3.205957514045776,,0.018210347199169186,0.0
118,1,The,DET,det,-0.7976025969652571,4.733084097091282,5.53068669405654,0,0.026145197178954215,0.0
118,2,interior,NOUN,nsubj:pass,1.061914760053039,5.482079380118688,4.420164620065649,1,0.039376904451116634,0.0
118,3,of,ADP,case,-0.8175386913875151,5.747531807657332,6.565070499044847,0,0.0784874726684962,0.0
118,4,the,DET,det,0.8515539878072098,4.733084097091282,3.8815301092840726,0,0.07012789406360252,0.0
118,5,island,NOUN,nmod,3.153850998953777,12.604476011478415,9.450625012524638,3,2.0690751721394607,0.0
118,6,is,AUX,aux:pass,-1.4115382946237078,6.470049691257488,7.881587985881196,0,0.31271813773549884,0.0
118,7,dominated,VERB,root,0.5014941763968306,6.197916666123875,5.696422489727045,,0.19630780953271035,0.0
118,8,by,ADP,case,-0.12408344515136172,8.531227029447775,8.655310474599137,0,0.21521787749297647,0.0
118,9,the,DET,det,0.6637846486789352,4.733084097091282,4.069299448412347,0,0.23983615142470907,0.0
118,10,beautiful,ADJ,amod,0.282218623364912,11.488998794058478,11.206780170693566,0,2.1030203173725415,0.0
118,11,and,CCONJ,cc,-1.5913104706170156,5.740289866824134,7.33160033744115,0,0.976766381975763,0.0
118,12,green,ADJ,conj,-0.059024164938437096,13.18943851219957,13.248462677138008,2,1.2459085080817145,0.0
118,13,Hagghier,PROPN,compound,-1.6424714493920831,6.11262291514874,7.755094364540823,0,0.49334766418997256,0.0
118,14,mountains,NOUN,obl:agent,1.7810930938469305,5.482079380118688,3.7009862862717577,4,1.133237464822464,0.0
118,15,and,CCONJ,cc,-0.1915800287460181,5.740289866824134,5.931869895570152,0,0.17675590857244977,0.0
118,16,limestone,NOUN,compound,-1.6445934345416937,14.604476011478415,16.24906944602011,0,1.6698281751669655,0.1
118,17,plateau,NOUN,conj,0.12731956747974227,5.482079380118688,5.354759812638946,3,0.032598185509831464,0.1
118,18,.,PUNCT,punct,0.4340293417077685,3.7008451783641614,3.266815836656393,,0.020852138781682794,0.1
119,1,While,SCONJ,mark,-0.019636750716264473,11.665876556142557,11.685513306858821,0,0.24056187299128495,0.0
119,2,on,ADP,case,-1.3068214794807815,7.520553527933323,8.827375007414105,0,0.16699012086194118,0.0
119,3,the,DET,det,-0.03640912086197279,4.733084097091282,4.769493217953255,0,0.19986823864960088,0.0
119,4,outer,ADJ,amod,0.027400235425273145,6.939140094293238,6.911739858867965,0,0.09461331656995059,0.0
119,5,coastline,NOUN,advcl,2.272964134584342,5.482079380118688,3.2091152455343464,4,0.45580848077323816,0.0
119,6,",",PUNCT,punct,-0.07586815283690207,4.552360855055908,4.62822900789281,,0.11826397321782044,0.0
119,7,breathtaking,ADJ,amod,-0.22155773269379697,6.939140094293238,7.160697826987035,0,0.28355474166608047,0.0
119,8,natural,ADJ,amod,-1.4681932215410747,12.730006893562273,14.198200115103347,0,0.8389488254709875,0.0
119,9,beaches,NOUN,nsubj,0.24973715980413047,14.18943851219957,13.93970135239544,2,1.4317176849065205,0.1
119,10,have,VERB,root,-0.15025106101422203,7.634849660521933,7.785100721536155,,0.08365486948207604,0.1
119,11,pure,ADJ,amod,-0.09534298504868222,6.939140094293238,7.03448307934192,0,0.073651167725388,0.1
119,12,white,ADJ,amod,-0.04440798367622989,11.867510417312209,11.911918400988439,0,0.29841950258603406,0.1
119,13,sand,NOUN,compound,0.8645756926983736,15.18943851219957,14.324862819501197,0,0.5472425200422024,0.1
119,14,dunes,NOUN,obj,0.05286040467643982,5.482079380118688,5.429218975442248,3,0.03241939321684263,0.1
119,15,and,CCONJ,cc,-0.2637392070788289,5.740289866824134,6.004029073902963,0,0.053076168060176565,0.1
119,16,palm,NOUN,compound,0.020550887105189375,5.482079380118688,5.461528493013499,0,0.047986440409748435,0.1
119,17,trees,NOUN,conj,-0.07630685503240642,14.604476011478415,14.680782866510821,3,0.8405255740392962,0.1
119,18,.,PUNCT,punct,0.13159536291295737,3.7008451783641614,3.569249815451204,,0.024282070637738126,0.1
120,1,The,DET,det,-0.7976025969652571,4.733084097091282,5.53068669405654,0,0.026145197178954215,0.0
120,2,dragon,NOUN,nmod:poss,1.061914760053039,5.482079380118688,4.420164620065649,1,0.039376904451116634,0.0
120,3,'s,PART,case,-1.3078182713900617,6.812227981811018,8.12004625320108,1,0.11273316180224628,0.0
120,4,blood,NOUN,compound,-0.95916244961475,13.604476011478415,14.563638461093165,0,0.5913386219819389,0.0
120,5,tree,NOUN,nsubj,-0.9169451467116456,14.18943851219957,15.106383658911216,2,0.8807055726761465,0.1
120,6,thrives,VERB,root,-0.2592703737451245,6.197916666123875,6.457187039869,,0.07706089525667309,0.1
120,7,in,ADP,case,-0.3393423458636464,6.195085075340713,6.534427421204359,0,0.04485389583232465,0.1
120,8,Socotra,PROPN,nmod:poss,0.1739315465879887,6.11262291514874,5.938691368560751,0,0.05640235158474197,0.1
120,9,'s,PART,case,-0.6654385672762855,6.812227981811018,7.477666549087304,1,0.06221850266968743,0.1
120,10,arid,ADJ,amod,0.3974358507317701,6.939140094293238,6.541704243561468,0,0.047639443958787976,0.1
120,11,climate,NOUN,obl,0.44982502587079765,13.604476011478415,13.154650985607617,3,0.6714537446140569,0.1
121,1,There,PRON,expl,0.5999457779647974,8.075696346150382,7.4757505681855845,0,0.10291354810212022,0.0
121,2,is,VERB,root,1.9423695571413857,6.470049691257488,4.527680134116102,,0.31871396500752747,0.0
121,3,also,ADV,advmod,2.602908268893972,9.434551010036103,6.83164274114213,0,2.430666088750725,0.0
121,4,the,DET,det,-1.3819216381238846,4.733084097091282,6.115005735215167,0,0.7739961311299388,0.0
121,5,Desert,PROPN,compound,-2.991566639868439,6.11262291514874,9.104189555017179,0,1.493129653588341,0.0
121,6,Rose,PROPN,nsubj,-2.9886292877811496,14.18943851219957,17.17806779998072,2,1.9635168965851286,0.0
121,7,(,PUNCT,punct,0.4132383209626198,9.517013170228076,9.103774849265456,,0.5281457465039536,0.0
121,8,adenium,X,compound,-0.8889777392786282,10.545582322424846,11.434560061703474,0,0.2572680546208657,0.0
121,9,obesium,X,dep,6.042823623475136,10.545582322424846,4.50275869894971,,0.6295318948173633,0.0
121,10,),PUNCT,punct,0.833347840294266,9.531227029447775,8.69787918915351,,0.38991527000107573,0.0
121,11,which,PRON,nsubj,-0.8204615782375662,10.30679546283773,11.127257041075296,0,0.1846352379496076,0.0
121,12,looks,VERB,acl:relcl,0.2632703824333671,11.797121089420811,11.533850706987444,2,0.5188852871490887,0.0
121,13,like,ADP,case,-0.6178765487658469,7.951033772874491,8.568910321640338,0,0.09383386096560245,0.0
121,14,a,DET,det,0.10038793626168996,5.916808727223201,5.816420790961511,0,0.07845575440456676,0.0
121,15,blooming,VERB,amod,-3.8540136196392467,6.197916666123875,10.051930285763122,0,0.07429746640411157,0.0
121,16,elephant,NOUN,compound,0.5210187326127755,5.482079380118688,4.961060647505913,0,0.06191299466492116,0.0
121,17,leg,NOUN,obl,0.1463644709607781,15.18943851219957,15.043074041238793,5,0.8675544506798379,0.3
121,18,.,PUNCT,punct,0.5970576710313003,3.7008451783641614,3.103787507332861,,0.024649484750671573,0.3
122,1,Also,ADV,advmod,0.4817576090844362,9.434551010036103,8.952793400951666,0,0.19611191503074674,0.0
122,2,found,VERB,csubj,-0.7736507420305294,11.665876556142557,12.439527298173086,1,0.2711923904444675,0.0
122,3,in,ADP,case,-0.6142046637049496,6.195085075340713,6.809289739045663,0,0.04810095128331839,0.0
122,4,Socotra,PROPN,nmod:poss,0.06064215039996412,6.11262291514874,6.051980764748776,0,0.062371222149300576,0.0
122,5,'s,PART,case,-0.786557643010096,6.812227981811018,7.598785624821114,1,0.06828008223244264,0.0
122,6,landscape,NOUN,obl,-0.7685980678981927,5.482079380118688,6.250677448016881,3,0.04894887837246951,0.0
122,7,is,AUX,cop,-0.593435634209893,6.470049691257488,7.063485325467381,0,0.0535874409374501,0.0
122,8,the,DET,det,-0.5448903528334661,4.733084097091282,5.2779744499247485,0,0.03106272217601578,0.0
122,9,ever,ADV,advmod,-1.2164184530945672,11.665876556142557,12.882295009237124,0,0.2877985779438968,0.0
122,10,-,PUNCT,punct,-0.43575624115055156,8.337689470783513,8.773445711934064,,0.0899463790106066,0.0
122,11,strange,ADJ,amod,1.734703049343583,14.18943851219957,12.454735462855988,1,0.5064384721790699,0.0
122,12,and,CCONJ,cc,-0.31174229270766673,5.740289866824134,6.052032159531801,0,0.04967587909448486,0.0
122,13,extremely,ADV,advmod,-0.12819087241000382,14.18943851219957,14.317629384609575,0,0.9578386463533062,0.0
122,14,rare,ADJ,conj,1.771468262418038,13.867510417312209,12.096042154894171,3,0.4212426764570265,0.0
122,15,Cucumber,PROPN,compound,-0.966585683065242,6.11262291514874,7.079208598213982,0,0.11261956537149649,0.0
122,16,Tree,PROPN,root,-0.07554967610152197,14.18943851219957,14.264988188301093,,0.8981621197473442,0.1
122,17,.,PUNCT,punct,0.37967678816902994,3.7008451783641614,3.3211683901951314,,0.021860688167009243,0.1
123,1,In,ADP,case,-0.7512908726612668,6.195085075340713,6.94637594800198,0,0.059321265642547326,0.0
123,2,addition,NOUN,obl,6.464724809299572,14.18943851219957,7.724713702899999,1,0.6001028806976586,0.0
123,3,there,PRON,expl,-6.618702680710191,8.075696346150382,14.694399026860573,0,0.9235856707143113,0.0
123,4,are,VERB,root,3.6888466092118737,7.693583485312399,4.004736876100526,,1.1870616203730977,0.0
123,5,over,ADV,case,-2.38688408385603,9.634849660521933,12.021733744377963,0,0.47826246987300136,0.0
123,6,120,NUM,nummod,1.5796729428731364,8.849588509314946,7.26991556644181,0,2.488889938740257,0.0
123,7,species,NOUN,obl,-4.420983960995191,14.604476011478415,19.025459972473605,2,2.917742260174286,0.0
123,8,of,ADP,case,-0.32190113695304845,5.747531807657332,6.06943294461038,0,0.04240430993980586,0.0
123,9,birds,NOUN,nmod,0.8656985516567595,13.18943851219957,12.323739960542811,2,0.7156411458417966,0.0
123,10,and,CCONJ,cc,-0.33796393945347436,5.740289866824134,6.078253806277608,0,0.051788011296277754,0.0
123,11,about,ADV,advmod,0.05278773866342057,9.101975670949232,9.049187932285811,0,0.13297262649511138,0.0
123,12,190,NUM,nummod,0.02821587873499176,8.849588509314946,8.821372630579955,1,0.13337877479435747,0.0
123,13,species,NOUN,conj,0.30699789066795624,14.604476011478415,14.297478120810458,3,0.7799462381971716,0.0
123,14,of,ADP,case,-0.1345982067608471,5.747531807657332,5.882130014418179,0,0.046528667748992766,0.0
123,15,butterflies,NOUN,nmod,0.914064488588954,5.482079380118688,4.568014891529734,2,0.03622342037818329,0.0
123,16,.,PUNCT,punct,0.25900787778061796,3.7008451783641614,3.4418373005835434,,0.025063310007981746,0.0
124,1,Sydfynske,PROPN,root,-0.19592036260047863,6.11262291514874,6.3085432777492185,,0.07664910517989604,0.0
124,2,Øhav,PROPN,flat,1.5592150997014613,6.11262291514874,4.553407815447279,0,0.06968842426473332,0.0
125,1,Understand,VERB,root,1.150267084373846,11.604476011478415,10.454208927104569,,0.45717908049137396,0.0
126,1,There,PRON,expl,0.5999457779647974,8.075696346150382,7.4757505681855845,0,0.10291354810212022,0.0
126,2,are,VERB,root,3.4783351240422853,7.693583485312399,4.215248361270114,,0.31855308997655823,0.0
126,3,strong,ADJ,amod,-2.38420982631043,12.488998794058478,14.873208620368908,0,1.1482609663499364,0.0
126,4,local,ADJ,amod,1.6828427080188142,12.18943851219957,10.506595804180757,0,0.8436003860797624,0.0
126,5,movements,NOUN,nsubj,4.0980410118464,5.482079380118688,1.3840383682722883,2,1.1089726736517203,0.0
126,6,to,PART,mark,-1.1396428258822242,5.85516522689238,6.994808052774604,0,0.3094286127489328,0.0
126,7,convert,VERB,acl,0.5748901564497624,6.197916666123875,5.623026509674113,2,0.2689242373648511,0.0
126,8,the,DET,det,0.0712199115313199,4.733084097091282,4.6618641855599625,0,0.20219151946076436,0.0
126,9,area,NOUN,obj,-4.845162244890883,12.488998794058478,17.33416103894936,2,2.4942751859505257,0.0
126,10,into,ADP,case,-0.8771967545314627,9.849588509314946,10.72678526384641,0,0.7407896293353118,0.0
126,11,a,DET,det,0.8616194639053294,5.916808727223201,5.055189263317872,0,0.08686100035089833,0.0
126,12,National,ADJ,amod,-0.11285911855484798,11.604476011478415,11.717335130033263,0,0.4211436856044719,0.0
126,13,Park,PROPN,obl,-0.12700666407091354,12.604476011478415,12.731482675549328,4,0.8183712251079092,0.0
126,14,.,PUNCT,punct,0.33383067244723463,3.7008451783641614,3.3670145059169267,,0.13525503339535344,0.0
127,1,Flora,NOUN,root,-0.8732365632322434,5.482079380118688,6.355315943350932,,0.04098359429255844,0.0
127,2,&,CCONJ,cc,-1.412119782304412,12.867510417312209,14.279630199616621,0,0.37765638603180934,0.0
127,3,fauna,NOUN,conj,1.0166447653739894,5.482079380118688,4.465434614744699,1,1.2007427605022336,0.0
128,1,This,PRON,nsubj,-0.14321683198097546,7.086150703787548,7.229367535768524,0,0.07024480721902689,0.0
128,2,is,AUX,cop,1.2723097325284787,6.470049691257488,5.197739958729009,0,0.12075725451804441,0.0
128,3,the,DET,det,-0.3445106355294385,4.733084097091282,5.077594732620721,0,0.18130725158928523,0.0
128,4,longest,ADJ,amod,-1.1012542091921436,15.18943851219957,16.290692721391714,0,2.0925534515050668,0.2
128,5,regular,ADJ,amod,2.3636818226089904,14.18943851219957,11.82575668959058,0,0.8241847077283823,0.2
128,6,migration,NOUN,root,3.737044405118649,5.482079380118688,1.7450349750000393,,1.4620028671119187,0.2
128,7,by,ADP,case,-0.48062671956522607,8.531227029447775,9.011853749013001,0,0.2673917139915156,0.2
128,8,any,DET,det,-2.0113337816703307,10.282547916591051,12.293881698261382,0,1.2847785340885571,0.2
128,9,known,VERB,amod,-0.45099862777157185,12.18943851219957,12.640437139971143,0,0.9728090750529832,0.2
128,10,animal,NOUN,nmod,-4.0817664295338965,14.604476011478415,18.68624244101231,3,3.0505210650286094,0.2
128,11,.,PUNCT,punct,0.2890648820908339,3.7008451783641614,3.4117802962733275,,0.019618756460823932,0.2
129,1,Get,VERB,root,0.7929135120806929,9.282547916591051,8.489634404510358,,0.16448987959021752,0.0
129,2,in,ADV,advmod,-0.6113177704319535,6.195085075340713,6.806402845772666,0,0.21643672932108668,0.0
130,1,From,ADP,case,-0.6741319550767351,8.288571704218821,8.962703659295556,0,0.09520368428347249,0.0
130,2,Langeland,PROPN,obl,1.689688601274641,6.11262291514874,4.422934313874099,1,0.2269285979876547,0.0
130,3,there,PRON,expl,-3.1163715133821217,8.075696346150382,11.192067859532504,0,0.22816221893576455,0.0
130,4,are,VERB,root,0.845933227851698,7.693583485312399,6.847650257460701,,0.26327728266063843,0.0
130,5,ferries,NOUN,nsubj,-1.2051013753466835,5.482079380118688,6.687180755465372,0,0.33459520669131654,0.0
130,6,to,ADP,case,-0.21061675109839673,5.85516522689238,6.065781977990777,0,0.2121262606331608,0.0
130,7,some,DET,det,-0.7586253538408023,9.223654227537484,9.982279581378286,0,0.23048072371819406,0.0
130,8,other,ADJ,amod,0.833418205886499,9.867510417312209,9.03409221142571,0,0.8135275462188081,0.0
130,9,islands,NOUN,nmod,-0.09652996848234352,13.019513510757259,13.116043479239602,4,0.9749538948586451,0.0
130,10,.,PUNCT,punct,0.15808434672615768,3.7008451783641614,3.5427608316380037,,0.0369686946416269,0.0
131,1,For,ADP,case,-0.6007896276470355,7.502937985016352,8.103727612663388,0,0.054257875705539194,0.0
131,2,easy,ADJ,amod,-0.42302348599005946,12.867510417312209,13.290533903302268,0,0.5530401305560178,0.0
131,3,reference,NOUN,obl,0.33286571766549855,5.482079380118688,5.14921366245319,2,0.4333032798812763,0.0
131,4,ferries,NOUN,nsubj:pass,-0.13226307120081948,5.482079380118688,5.614342451319508,0,0.22005238381879574,0.0
131,5,are,AUX,aux:pass,-0.4715107306397437,7.693583485312399,8.165094215952143,0,0.3875949565989335,0.0
131,6,listed,VERB,root,1.3668304659306143,6.197916666123875,4.831086200193261,,0.287081183523856,0.0
131,7,under,ADP,case,0.11308560701199966,11.145044392841116,11.031958785829117,0,0.31808161582850003,0.0
131,8,the,DET,det,1.2470509247683665,4.733084097091282,3.486033172322916,0,0.6312439976130885,0.0
131,9,individual,ADJ,amod,-0.12590245931146704,13.867510417312209,13.993412876623676,0,1.3272316176259893,0.0
131,10,islands,NOUN,obl,-1.685790777806785,13.019513510757259,14.705304288564044,3,1.7797581345704145,0.0
131,11,.,PUNCT,punct,0.44251910325885646,3.7008451783641614,3.258326075105305,,0.038575891182611115,0.0
132,1,From,ADP,case,-0.6741319550767351,8.288571704218821,8.962703659295556,0,0.09520368428347249,0.0
132,2,Spodsbjerg,PROPN,obl,1.689688601274641,6.11262291514874,4.422934313874099,1,0.2269285979876547,0.0
132,3,on,ADP,case,-0.9314172668571654,7.520553527933323,8.451970794790489,0,0.14475186452995845,0.0
132,4,Langeland,PROPN,nmod,3.8813345369612957,6.11262291514874,2.231288378187444,2,0.2625939354758554,0.0
132,5,there,PRON,expl,-3.726750187010227,8.075696346150382,11.802446533160609,0,0.390723769758544,0.0
132,6,is,VERB,root,0.31554718182276,6.470049691257488,6.154502509434728,,0.08508264279960918,0.0
132,7,a,DET,det,-1.089001238916632,5.916808727223201,7.005809966139833,0,0.06259173248677043,0.0
132,8,ferry,NOUN,compound,0.674667573591428,14.604476011478415,13.929808437886987,0,0.9796810117660071,0.0
132,9,connection,NOUN,nsubj,-0.405295190439638,14.18943851219957,14.594733702639209,2,0.5892205271445731,0.0
132,10,across,ADP,case,-0.31657839459997206,12.730006893562273,13.046585288162245,0,0.44235241263477626,0.0
132,11,the,DET,det,0.7544119014492292,4.733084097091282,3.978672195642053,0,0.03133027123246454,0.0
132,12,great,ADJ,amod,-0.07190109611594231,10.904036293337322,10.975937389453264,0,0.20846822767484421,0.0
132,13,belt,NOUN,nmod,1.1163283601104323,5.482079380118688,4.365751020008256,4,0.030245901429901335,0.0
132,14,to,ADP,case,-0.008053863031467934,5.85516522689238,5.863219089923848,0,0.03058779485924454,0.0
132,15,Tårs,PROPN,nmod,0.29489946375120724,6.11262291514874,5.817723451397533,2,0.08520174746896576,0.0
132,16,on,ADP,case,0.0009910967487547495,7.520553527933323,7.519562431184569,0,0.09069443172252341,0.0
132,17,Lolland,PROPN,nmod,2.585826200934903,6.11262291514874,3.526796714213837,2,0.047534200171053295,0.0
132,18,.,PUNCT,punct,0.13695131467804922,3.7008451783641614,3.563893863686112,,0.03242581742474415,0.0
133,1,Get,VERB,root,0.7929135120806929,9.282547916591051,8.489634404510358,,0.16448987959021752,0.0
133,2,around,ADV,advmod,1.2859428310163814,10.941510998755986,9.655568167739604,0,1.2115726965232623,0.0
134,1,A,DET,det,-0.7489890469122029,5.916808727223201,6.665797774135404,0,0.04887894799059029,0.0
134,2,popular,ADJ,amod,0.620145441493511,13.019513510757259,12.399368069263748,0,1.0465694675592558,0.0
134,3,option,NOUN,nsubj,-0.6196812345192235,14.18943851219957,14.809119746718794,2,1.0507355158935772,0.0
134,4,",",PUNCT,punct,-0.35538247573630155,4.552360855055908,4.90774333079221,,0.031342575445431425,0.0
134,5,and,CCONJ,cc,-0.6496998042917914,5.740289866824134,6.389989671115925,0,0.05684236105002737,0.0
134,6,one,NOUN,conj,-0.14756188788330427,8.552813891655921,8.700375779539225,2,0.1526349415546515,0.0
134,7,good,ADJ,amod,-0.5920155523076644,9.447971525798424,10.039987078106089,1,0.16170818278853677,0.0
134,8,for,ADP,case,0.20888152758656187,7.502937985016352,7.29405645742979,0,0.04458892282893286,0.0
134,9,your,PRON,nmod:poss,-0.3229642652686291,8.658057051683258,8.981021316951887,0,0.10167908777449891,0.0
134,10,health,NOUN,obl,0.76288941788067,12.382083590141967,11.619194172261297,3,0.3747422912306146,0.0
134,11,too,ADV,advmod,-0.7928649259097824,10.604476011478415,11.397340937388197,1,0.12897859058637048,0.0
134,12,",",PUNCT,punct,-0.11359058135638467,4.552360855055908,4.665951436412293,,0.04255096164733493,0.0
134,13,is,AUX,cop,0.10501444285787986,6.470049691257488,6.365035248399608,0,0.05166733022819262,0.0
134,14,by,ADP,case,-0.6119106187666468,8.531227029447775,9.143137648214422,0,0.12978412854407087,0.0
134,15,sea,NOUN,compound,0.16371629953454558,13.382083590141967,13.218367290607421,0,0.33503169316906173,0.0
134,16,kayak,NOUN,root,-0.4218737017977787,5.482079380118688,5.903953081916467,,0.14985963333983443,0.0
134,17,.,PUNCT,punct,0.05229037602945397,3.7008451783641614,3.6485548023347074,,0.019132067584685164,0.0
135,1,Øhavets,PROPN,root,-0.19592036260047863,6.11262291514874,6.3085432777492185,,0.07664910517989604,0.0
135,2,Smakkecenter,PROPN,flat,1.5592150997014613,6.11262291514874,4.553407815447279,0,0.06968842426473332,0.0
135,3,",",PUNCT,punct,-0.559750058357869,4.552360855055908,5.112110913413777,,0.11163562972049612,0.0
135,4,Strynø,PROPN,nmod:unmarked,3.1256158214195553,6.11262291514874,2.9870070937291846,0,0.11068569199537825,0.0
135,5,Brovej,PROPN,flat,3.1128051520975024,6.11262291514874,2.9998177630512375,1,0.07652462035777396,0.0
135,6,12,NUM,list,-3.037316187302702,13.867510417312209,16.90482660461491,1,0.7619700932705895,0.0
135,7,(,PUNCT,punct,0.3101084604373341,9.517013170228076,9.206904709790741,,0.17193863707185872,0.0
135,8,Strynø,PROPN,parataxis,1.5389085973945074,6.11262291514874,4.5737143177542325,1,0.049225259242757585,0.0
135,9,),PUNCT,punct,-0.18557755852069313,9.531227029447775,9.716804587968468,,0.1676380639597915,0.0
135,10,",",PUNCT,punct,-0.5588186491261258,4.552360855055908,5.111179504182034,,0.027727095505129327,0.0
135,11,☏,SYM,nsubj,0.6741095642640289,14.18943851219957,13.515328947935542,0,0.5400520692414529,0.1
135,12,+4550981306,NUM,list,4.507664937200011,8.849588509314946,4.341923572114935,1,0.19394647689397182,0.1
135,13,",",PUNCT,punct,0.8282616168720769,4.552360855055908,3.724099238183831,,0.062278775456637084,0.1
135,14,✉,SYM,nsubj,2.7260307221263975,14.18943851219957,11.463407790073173,0,0.6571852847558982,0.1
135,15,info@smakkecenter.dk,PROPN,list,0.35700405945835545,6.11262291514874,5.7556188556903844,1,0.3054872341672127,0.1
135,16,.,PUNCT,punct,-0.02864184071584175,3.7008451783641614,3.729487019080003,,0.04429342931560584,0.1
136,1,Walk,VERB,root,1.01788956643869,14.604476011478415,13.586586445039725,,1.514560940176298,0.2
137,1,Completed,VERB,advcl,0.8254603755137726,6.197916666123875,5.372456290610103,0,0.06508830294114955,0.0
137,2,in,ADP,case,-1.3050738566438174,6.195085075340713,7.50015893198453,0,0.07437470359830312,0.0
137,3,2008,NUM,obl,-0.44687932619284076,12.604476011478415,13.051355337671255,2,0.6544025158850113,0.0
137,4,the,DET,det,-0.32357229653317976,4.733084097091282,5.056656393624462,0,0.21811878318685737,0.0
137,5,trail,NOUN,nsubj:pass,0.42719826005890127,14.18943851219957,13.76224025214067,1,2.1867345792859187,0.0
137,6,is,AUX,aux:pass,-1.0420372764627013,6.470049691257488,7.512086967720189,0,0.12872747836222626,0.0
137,7,well,ADV,advmod,-0.31292173856437877,8.858521634084953,9.171443372649332,0,0.11198930517640032,0.0
137,8,marked,VERB,root,-0.03402609661902645,15.18943851219957,15.223464608818597,,0.9293550487962298,0.1
137,9,with,ADP,case,-0.13147023084171217,7.899419665266953,8.030889896108665,0,0.09411555851682081,0.1
137,10,regular,ADJ,amod,-0.3388011634833443,14.18943851219957,14.528239675682915,0,0.5196349031491577,0.1
137,11,signs,NOUN,obl,0.9612623158896847,5.482079380118688,4.5208170642290035,2,0.04157244519771096,0.1
137,12,set,VERB,acl,-0.3745054062032622,12.282547916591051,12.657053322794313,1,0.37898799652760784,0.1
137,13,on,ADP,case,-0.11285157586602157,7.520553527933323,7.633405103799345,0,0.09739502096863105,0.1
137,14,wooden,ADJ,amod,-0.27300427805543315,6.939140094293238,7.212144372348671,0,0.07195546361607466,0.1
137,15,poles,NOUN,obl,1.012160930539518,5.482079380118688,4.46991844957917,3,0.03756486295047075,0.1
137,16,.,PUNCT,punct,0.5317065779029821,3.7008451783641614,3.1691386004611792,,0.019779363670067183,0.1
138,1,Vagabond,PROPN,compound,-0.19592036260047863,6.11262291514874,6.3085432777492185,0,0.07664910517989604,0.0
138,2,Tours,PROPN,root,1.5592150997014613,6.11262291514874,4.553407815447279,,0.06968842426473332,0.0
138,3,",",PUNCT,punct,-0.559750058357869,4.552360855055908,5.112110913413777,,0.11163562972049612,0.0
138,4,Bjerrebyvej,PROPN,nmod:unmarked,3.1256158214195553,6.11262291514874,2.9870070937291846,0,0.11068569199537825,0.0
138,5,6,NUM,list,-1.9041103583906445,12.382083590141967,14.286193948532611,1,0.4669880247963483,0.0
138,6,(,PUNCT,punct,0.29704118068636376,9.517013170228076,9.219971989541712,,0.1733329032263257,0.0
138,7,Tranekær,PROPN,parataxis,1.4201468228318168,6.11262291514874,4.692476092316923,1,0.05066164983944857,0.0
138,8,),PUNCT,punct,-0.21916267929526434,9.531227029447775,9.75038970874304,,0.16745091659166267,0.0
138,9,",",PUNCT,punct,-0.5869605491451706,4.552360855055908,5.139321404201079,,0.026862384732716512,0.0
138,10,☏,SYM,nsubj,0.7275272103289598,14.18943851219957,13.461911301870611,0,0.544649563027289,0.1
138,11,+4533330040,NUM,list,4.510654479469174,8.849588509314946,4.338934029845772,1,0.19206935087189142,0.1
138,12,",",PUNCT,punct,0.8303158728050262,4.552360855055908,3.722044982250882,,0.06206849563518309,0.1
138,13,✉,SYM,nsubj,2.750804031022895,14.18943851219957,11.438634481176676,0,0.6567440692868627,0.1
138,14,info@vagabondtours.dk,PROPN,list,0.3125775050721815,6.11262291514874,5.800045410076558,1,0.306455548858301,0.1
138,15,.,PUNCT,punct,-0.03835065318374742,3.7008451783641614,3.739195831547909,,0.04458329424801994,0.1
139,1,2500,NUM,nummod,-0.6427310942326923,8.849588509314946,9.492319603547639,0,0.10801367618213603,0.0
139,2,-,SYM,case,-1.1501681285191303,8.337689470783513,9.487857599302643,0,0.1542566847240073,0.0
139,3,4600,NUM,nmod,4.269907879823445,8.849588509314946,4.579680629491501,2,1.314385447823865,0.0
139,4,Kr,NOUN,root,-1.2335245887632746,5.482079380118688,6.715603968881963,,0.39650169197252,0.0
139,5,.,PUNCT,punct,-0.9915198984616027,3.7008451783641614,4.692365076825764,,0.3797130711008964,0.0
140,1,Travel,PROPN,compound,0.3127079494071374,13.604476011478415,13.291768062071277,0,0.724949331041788,0.0
140,2,Heels,PROPN,root,-2.323752529589358,15.18943851219957,17.51319104178893,,0.5690557853776282,0.1
140,3,",",PUNCT,punct,-0.11417469186990292,4.552360855055908,4.666535546925811,,0.2247867843337224,0.1
140,4,Vindebyørevej,PROPN,nmod:unmarked,-1.2777861940108952,6.11262291514874,7.390409109159635,0,0.13515271447588714,0.1
140,5,42,NUM,list,0.7834571067980978,8.849588509314946,8.066131402516849,1,0.1231191411811777,0.1
140,6,(,PUNCT,punct,0.49206334560594023,9.517013170228076,9.024949824622135,,0.20069449706419726,0.1
140,7,Taasinge,PROPN,parataxis,0.3748368816792027,6.11262291514874,5.737786033469537,1,0.08656799619943223,0.1
140,8,),PUNCT,punct,0.06633654302875236,9.531227029447775,9.464890486419023,,0.2073449558840391,0.1
140,9,",",PUNCT,punct,-0.23016353214953877,4.552360855055908,4.782524387205447,,0.0775430697957991,0.1
140,10,☏,SYM,nsubj,0.6010826205203124,14.18943851219957,13.588355891679258,0,0.5050873277738737,0.2
140,11,+4588304520,NUM,list,4.350863346795906,8.849588509314946,4.49872516251904,1,0.20418860718077253,0.2
140,12,",",PUNCT,punct,0.8989959657125262,4.552360855055908,3.653364889343382,,0.07020275244355799,0.2
140,13,✉,SYM,nsubj,2.8939475545519127,14.18943851219957,11.295490957647658,0,0.6355864239017567,0.2
140,14,info@travelheels.dk,PROPN,list,-0.06340643395618972,6.11262291514874,6.17602934910493,1,0.32603144824674124,0.2
140,15,.,PUNCT,punct,0.08429469231914233,3.7008451783641614,3.616550486045019,,0.06315047433787349,0.2
141,1,With,ADP,case,-0.6343006162456302,7.899419665266953,8.533720281512583,0,0.04670792855388251,0.0
141,2,local,ADJ,amod,-0.30907482892838267,12.18943851219957,12.498513341127953,0,0.4665756925973837,0.0
141,3,guide,NOUN,obl,3.181165089348931,5.482079380118688,2.3009142907697573,2,0.35258639050551815,0.0
141,4,",",PUNCT,punct,-0.5082392567169913,4.552360855055908,5.060600111772899,,0.1389200793633486,0.0
141,5,for,ADP,case,-0.5349979945564627,7.502937985016352,8.037935979572815,0,0.314723747134237,0.0
141,6,women,NOUN,obl,-2.2420011325393165,12.867510417312209,15.109511549851526,1,0.843056356286165,0.0
141,7,only,ADV,advmod,-1.070191226919409,10.145044392841116,11.215235619760525,1,0.3053314728895621,0.0
141,8,1380,NUM,root,-0.9117254439899654,8.849588509314946,9.761313953304912,,0.2993215351991574,0.0
141,9,-,SYM,case,0.4296902349763627,8.337689470783513,7.90799923580715,0,0.1398031853557901,0.0
141,10,2075,NUM,nmod,2.6048630334058256,8.849588509314946,6.244725475909121,1,0.11914728276436624,0.0
141,11,.,PUNCT,punct,0.7011236704723989,3.7008451783641614,2.9997215078917625,,0.036090170636275495,0.0
142,1,See,VERB,root,1.1502670843738478,9.589525670012442,8.439258585638594,,0.1484549509949569,0.0
143,1,Most,ADJ,amod,0.12512106709979953,10.123349321741799,9.998228254642,0,0.19739127231302583,0.0
143,2,other,ADJ,amod,-0.6084456611167077,9.867510417312209,10.475956078428917,0,0.5058097204312924,0.0
143,3,islands,NOUN,nsubj:pass,-1.223428731135412,13.019513510757259,14.24294224189267,2,0.45388287735254657,0.0
143,4,are,AUX,aux:pass,-0.7517681994200336,7.693583485312399,8.445351684732433,0,0.10570350188070415,0.0
143,5,closed,VERB,root,0.7421041610116745,14.604476011478415,13.86237185046674,,0.885573006144729,0.1
143,6,during,ADP,case,-0.1936425143887437,11.941510998755986,12.13515351314473,0,0.28365553379141695,0.1
143,7,much,ADJ,obl,-0.4454213608365656,10.282547916591051,10.727969277427617,1,0.15433779642089956,0.1
143,8,of,ADP,case,0.15479973265344604,5.747531807657332,5.592732075003886,0,0.15049040861799715,0.1
143,9,the,DET,det,1.0054749884095506,4.733084097091282,3.727609108681732,0,0.07134174267113158,0.1
143,10,year,NOUN,obl,1.3658719601777598,10.604476011478415,9.238604051300655,3,0.25471586190554574,0.1
143,11,for,ADP,case,-0.04676570244651046,7.502937985016352,7.549703687462863,0,0.051844046508959914,0.1
143,12,the,DET,det,0.9000867987324481,4.733084097091282,3.8329972983588343,0,0.0337409123123305,0.1
143,13,protection,NOUN,obl,0.785845913538255,14.18943851219957,13.403592598661316,2,0.6725634223749973,0.1
143,14,of,ADP,case,0.08675399802447625,5.747531807657332,5.660777809632855,0,0.08950061911860434,0.1
143,15,local,ADJ,amod,-0.32605178286205394,12.18943851219957,12.515490295061625,0,0.35596219216730546,0.1
143,16,wildlife,NOUN,nmod,0.9708596263412854,5.482079380118688,4.511219753777403,3,0.06336831170375086,0.1
143,17,.,PUNCT,punct,0.44315801255540244,3.7008451783641614,3.257687165808759,,0.0546859393251792,0.1
144,1,Birkholm,PROPN,root,-0.19592036260047863,6.11262291514874,6.3085432777492185,,0.07664910517989604,0.0
145,1,There,PRON,expl,0.5999457779647974,8.075696346150382,7.4757505681855845,0,0.10291354810212022,0.0
145,2,are,VERB,root,3.4783351240422853,7.693583485312399,4.215248361270114,,0.31855308997655823,0.0
145,3,some,DET,det,0.9376244236652926,9.223654227537484,8.286029803872191,0,0.5198122693866583,0.0
145,4,nice,ADJ,amod,0.5256729505517921,12.18943851219957,11.663765561647779,0,2.6491500344359054,0.0
145,5,beaches,NOUN,nsubj,-6.070163667752896,14.18943851219957,20.259602179952466,2,3.5379377472107536,0.1
145,6,and,CCONJ,cc,-0.1965777198360561,5.740289866824134,5.93686758666019,0,0.047123658928041996,0.1
145,7,good,ADJ,amod,0.3359674700141255,9.447971525798424,9.112004055784299,0,0.15506672667998728,0.1
145,8,fishing,NOUN,conj,0.5075258751332017,5.482079380118688,4.9745535049854865,3,0.024277661112286138,0.1
145,9,once,SCONJ,mark,-0.3225561478284682,11.665876556142557,11.988432703971025,0,0.17045338692984824,0.1
145,10,you,PRON,nsubj,0.2285440568539796,6.339251674553796,6.110707617699816,0,0.08158823107221046,0.1
145,11,'ve,AUX,aux,0.9797155821129238,10.235242201812696,9.255526619699772,0,0.09638938834007524,0.1
145,12,toured,VERB,advcl,1.3512438744321624,6.197916666123875,4.846672791691713,3,0.04978587742331552,0.1
145,13,the,DET,det,-0.3472354561242188,4.733084097091282,5.080319553215501,0,0.03386191841450109,0.1
145,14,island,NOUN,obj,0.7766307329380204,12.604476011478415,11.827845278540394,2,0.30852190494310944,0.1
145,15,.,PUNCT,punct,0.6610638217194942,3.7008451783641614,3.039781356644667,,0.023007457776926483,0.1
146,1,Respect,NOUN,root,-1.803425392467334,15.18943851219957,16.992863904666905,,0.5808918405700191,0.2
147,1,The,DET,det,-0.7976025969652571,4.733084097091282,5.53068669405654,0,0.026145197178954215,0.0
147,2,wai,NOUN,root,1.061914760053039,5.482079380118688,4.420164620065649,,0.039376904451116634,0.0
148,1,Ronald,PROPN,root,-0.19592036260047863,6.11262291514874,6.3085432777492185,,0.07664910517989604,0.0
148,2,McDonald,PROPN,flat,1.5592150997014613,6.11262291514874,4.553407815447279,0,0.06968842426473332,0.0
148,3,showing,VERB,acl,-3.0154659939204294,14.604476011478415,17.619942005398844,0,0.5086209926039755,0.0
148,4,how,ADV,obj,-0.3030522071085944,9.167070699171116,9.47012290627971,1,0.1222601983629769,0.0
148,5,it,PRON,nsubj:pass,-0.42101291434955534,6.147779360562356,6.568792274911911,0,0.0633157248140557,0.0
148,6,'s,AUX,aux:pass,0.34350597096101154,6.812227981811018,6.468722010850007,0,0.05852602045588077,0.0
148,7,done,VERB,advcl:relcl,0.9043624047099161,11.488998794058478,10.584636389348562,3,0.29172949191269487,0.0
149,1,Among,ADP,case,-1.0416695078522995,12.382083590141967,13.423753097994267,0,0.28505672635574786,0.0
149,2,Thais,PROPN,obl,0.7619072338312254,6.11262291514874,5.3507156813175145,1,0.08891867976425424,0.0
149,3,",",PUNCT,punct,-0.6108863327079934,4.552360855055908,5.1632471877639015,,0.0355295626243204,0.0
149,4,there,PRON,expl,-1.6223277176355495,8.075696346150382,9.698024063785931,0,0.08029300987644487,0.0
149,5,are,VERB,root,0.5737932321779668,7.693583485312399,7.119790253134433,,0.09626041962146319,0.0
149,6,strict,ADJ,amod,0.4925782672046424,6.939140094293238,6.446561827088596,0,0.09378414557696109,0.0
149,7,rules,NOUN,nsubj,-0.4803484374016236,13.604476011478415,14.084824448880038,1,0.4921325211253804,0.0
149,8,of,ADP,case,-0.2697711855372855,5.747531807657332,6.017302993194617,0,0.06370032872615994,0.0
149,9,hierarchy,NOUN,nmod,0.6241236293650632,5.482079380118688,4.857955750753625,2,0.03981948805013018,0.0
149,10,that,PRON,nsubj,-0.4726797534920859,6.437894453110473,6.910574206602559,0,0.04808187216743457,0.0
149,11,dictate,VERB,acl:relcl,0.7249509588875913,6.197916666123875,5.472965707236284,2,0.10115159101244112,0.0
149,12,how,ADV,obj,0.10407479871580527,9.167070699171116,9.062995900455311,1,0.1220479434785262,0.0
149,13,and,CCONJ,cc,-0.44540929852686695,5.740289866824134,6.185699165351001,0,0.06015916617197254,0.0
149,14,when,ADV,conj,0.9486481059005456,9.270575274924976,8.32192716902443,2,0.22227359245923375,0.0
149,15,the,DET,det,-1.166531588677203,4.733084097091282,5.899615685768485,0,0.052547716493505175,0.0
149,16,wai,NOUN,nsubj:pass,1.1293880072816167,5.482079380118688,4.3526913728370715,1,0.042944881808597776,0.0
149,17,should,AUX,aux,-0.27168558589057845,10.461518057636372,10.73320364352695,0,0.16419752356362743,0.0
149,18,be,AUX,aux:pass,0.47523548692937645,8.075696346150382,7.6004608592210054,0,0.0821559296147257,0.0
149,19,given,VERB,advcl:relcl,0.9279102253253146,12.488998794058478,11.561088568733163,4,0.4183099788510255,0.0
149,20,.,PUNCT,punct,0.9867141641115036,3.7008451783641614,2.714131014252658,,0.01991915265089634,0.0
150,1,In,ADP,case,-0.7512908726612668,6.195085075340713,6.94637594800198,0,0.059321265642547326,0.0
150,2,brief,NOUN,obl,-1.0794467235944474,14.604476011478415,15.683922735072862,1,0.9060516458007339,0.0
150,3,",",PUNCT,punct,-0.2579214826401097,4.552360855055908,4.810282337696018,,0.03541497420320334,0.0
150,4,inferiors,NOUN,nsubj,0.42067830983525845,5.482079380118688,5.06140107028343,0,0.05908514513426899,0.0
150,5,salute,VERB,root,-0.978589076255906,15.18943851219957,16.168027588455477,,0.665181297399426,0.0
150,6,superiors,NOUN,obj,-0.664987845879403,5.482079380118688,6.147067225998091,0,0.038414820620548455,0.0
150,7,first,ADV,advmod,-0.8033425774894134,9.447971525798424,10.251314103287838,0,0.13207482369947285,0.0
150,8,.,PUNCT,punct,0.10409761374513904,3.7008451783641614,3.5967475646190223,,0.01954958646204336,0.0
151,1,You,PRON,nsubj,0.406728407907031,6.339251674553796,5.932523266646765,0,0.06306914613167432,0.0
151,2,should,AUX,aux,1.8398035918360112,10.461518057636372,8.62171446580036,0,0.3891223894626643,0.0
151,3,not,PART,advmod,0.7372829846933184,7.801421226854436,7.064138242161118,0,0.5696003181800827,0.0
151,4,wai,VERB,root,0.49064996583659415,6.197916666123875,5.707266700287281,,0.4811163969838574,0.0
151,5,service,NOUN,compound,0.03132641736434927,12.867510417312209,12.83618399994786,0,1.155409444523793,0.0
151,6,people,NOUN,obj,-0.6344534700724864,9.270575274924976,9.905028744997463,1,0.26607744077715917,0.0
151,7,or,CCONJ,cc,-0.8010472739825047,8.461518057636372,9.262565331618877,0,0.08380130379709202,0.0
151,8,street,NOUN,compound,-0.9278522549623425,12.730006893562273,13.657859148524615,0,0.7554219176847823,0.0
151,9,vendors,NOUN,conj,-0.48428908612640154,5.482079380118688,5.96636846624509,3,0.09130027537336763,0.0
151,10,.,PUNCT,punct,0.42497008644971146,3.7008451783641614,3.27587509191445,,0.02141570220882434,0.0
152,1,The,DET,det,-0.7976025969652571,4.733084097091282,5.53068669405654,0,0.026145197178954215,0.0
152,2,higher,ADV,advcl,-0.33682310036983587,13.604476011478415,13.94129911184825,1,0.8187902981139609,0.0
152,3,your,PRON,nmod:poss,-1.4233288393260022,8.658057051683258,10.08138589100926,0,0.6876396163736604,0.0
152,4,hands,NOUN,nsubj,0.8438358106457517,13.18943851219957,12.345602701553819,1,0.5033596915480917,0.0
152,5,go,VERB,advcl:relcl,-0.9531719895335122,9.502937985016352,10.456109974549864,2,0.17534863483610041,0.0
152,6,",",PUNCT,punct,0.42087953341025486,4.552360855055908,4.131481321645653,,0.019224309688607284,0.0
152,7,the,DET,det,-0.6073518508669595,4.733084097091282,5.340435947958242,0,0.027228384727260403,0.0
152,8,more,ADV,advmod,-0.5864251339635125,9.502937985016352,10.089363118979865,1,0.2168520335856511,0.0
152,9,respectful,ADJ,root,0.7855793545483998,6.939140094293238,6.153560739744838,,0.12155622465369416,0.0
152,10,you,PRON,nsubj,-0.7575868169212212,6.339251674553796,7.096838491475017,0,0.049898169093391266,0.0
152,11,are,AUX,advcl:relcl,0.2349212381873036,7.693583485312399,7.458662247125096,1,0.1105275841722005,0.0
152,12,.,PUNCT,punct,-0.9511577270988529,3.7008451783641614,4.652002905463014,,0.06622834946364584,0.0
153,1,You,PRON,nsubj,0.406728407907031,6.339251674553796,5.932523266646765,0,0.06306914613167432,0.0
153,2,will,AUX,aux,1.0944084045251046,9.060155495254604,7.965747090729499,0,0.1541522822021237,0.0
153,3,also,ADV,advmod,0.1837437293799571,9.434551010036103,9.250807280656145,0,0.4096938389995569,0.0
153,4,often,ADV,advmod,0.048174211188888094,11.867510417312209,11.819336206123321,0,0.5153065489945385,0.0
153,5,see,VERB,root,0.5109790332273185,9.589525670012442,9.078546636785124,,0.2992341111271222,0.0
153,6,Thais,PROPN,obj,-1.183016704248673,6.11262291514874,7.295639619397413,0,0.05892025693169626,0.0
153,7,doing,VERB,xcomp,-0.8830556889206811,10.831886507581487,11.714942196502168,0,0.21256938585095736,0.0
153,8,a,DET,det,-0.46336152720279955,5.916808727223201,6.380170254426001,0,0.04263337557991027,0.0
153,9,wai,NOUN,obj,1.2523513620101827,5.482079380118688,4.2297280181085055,2,0.033565998114120976,0.0
153,10,as,SCONJ,mark,-0.30797599873002035,8.150519522907269,8.458495521637289,0,0.08324677224021934,0.0
153,11,they,PRON,nsubj,0.13968874457415392,7.894817763307944,7.75512901873379,0,0.06108101791284756,0.0
153,12,walk,VERB,advcl,0.23911934717095917,14.604476011478415,14.365356664307456,3,0.8773998047998113,0.2
153,13,past,ADV,case,-0.3212740171385047,12.282547916591051,12.603821933729556,0,0.37286430269225146,0.2
153,14,temples,NOUN,obl,0.19144244400448862,5.482079380118688,5.2906369361142,2,0.1126308992121197,0.2
153,15,and,CCONJ,cc,-0.5189100778333398,5.740289866824134,6.259199944657474,0,0.062207854782170904,0.2
153,16,spirit,NOUN,compound,0.21986313100222787,14.604476011478415,14.384612880476187,0,0.4584932861758609,0.3
153,17,houses,NOUN,conj,-0.059696965209390385,5.482079380118688,5.541776345328079,3,0.034499151589670866,0.3
153,18,.,PUNCT,punct,0.565607574028848,3.7008451783641614,3.1352376043353134,,0.036766514703167795,0.3
154,1,while,SCONJ,mark,-0.019636750716264473,11.665876556142557,11.685513306858821,0,0.24056187299128495,0.0
154,2,you,PRON,nsubj,0.36601417811585524,6.339251674553796,5.973237496437941,0,0.2516734424941766,0.0
154,3,'re,AUX,cop,1.5766039301284902,9.0809140554214,7.5043101252929105,0,1.0350543497413776,0.0
154,4,unlikely,ADJ,advcl,-1.6770174567436147,6.939140094293238,8.616157551036853,3,0.7903130437363588,0.0
154,5,to,PART,mark,-0.585749586865,5.85516522689238,6.44091481375738,0,0.0684919257231817,0.0
154,6,cause,VERB,xcomp,0.08564103682953572,11.101975670949232,11.016334634119696,2,0.24570198067304125,0.0
154,7,offense,NOUN,obj,-0.806648390246612,5.482079380118688,6.2887277703653,1,0.14189419802130454,0.0
154,8,if,SCONJ,mark,0.19204772470822284,8.876555556915216,8.684507832206993,0,0.14438759245389424,0.0
154,9,you,PRON,nsubj,0.575562032873222,6.339251674553796,5.763689641680574,0,0.058801958652818925,0.0
154,10,do,AUX,advcl,1.1564326272702843,7.650279701091539,6.493847073821255,3,0.03506982872903718,0.0
154,11,",",PUNCT,punct,-0.01321737544536905,4.552360855055908,4.565578230501277,,0.06834214538437833,0.0
154,12,you,PRON,nsubj,0.2555225904488676,6.339251674553796,6.083729084104928,0,0.051477073191859526,0.0
154,13,may,AUX,aux,0.19047060660358994,10.212158588699655,10.021687982096065,0,0.11846028346803018,0.0
154,14,well,ADV,advmod,-0.05416730142904669,8.858521634084953,8.912688935514,0,0.09935902737642613,0.0
154,15,look,VERB,root,0.6290852798659863,10.258701174636684,9.629615894770698,,0.22549495001357628,0.0
154,16,slightly,ADV,advmod,0.30364630326233133,14.604476011478415,14.300829708216083,0,1.013385001547777,0.1
154,17,strange,ADJ,xcomp,-0.04954910443094107,14.18943851219957,14.238987616630512,1,0.44306387409034687,0.1
154,18,.,PUNCT,punct,0.6467171323566294,3.7008451783641614,3.054128046007532,,0.023811117448353354,0.1
155,1,Dress,NOUN,root,-0.12924396601121124,14.604476011478415,14.733719977489626,,1.349849733570159,0.0
156,1,Personal,ADJ,amod,-0.08720167321500405,12.867510417312209,12.954712090527213,0,0.5544582711472518,0.0
156,2,appearance,NOUN,nsubj,-1.8070344815536714,14.604476011478415,16.411510493032086,1,0.5330688913398817,0.1
156,3,is,AUX,cop,-1.0319078918685847,6.470049691257488,7.501957583126073,0,0.05358108652897003,0.1
156,4,very,ADV,advmod,0.24725889369602072,9.713705081233172,9.466446187537152,0,0.09222008045945217,0.1
156,5,important,ADJ,root,0.9512107657191038,12.019513510757259,11.068302745038155,,0.2869331309102313,0.1
156,6,in,ADP,case,-0.11798170635924787,6.195085075340713,6.313066781699961,0,0.08440919038177926,0.1
156,7,Thailand,PROPN,obl,0.1800258296731343,6.11262291514874,5.932597085475606,1,0.08408734588378408,0.1
156,8,as,ADP,case,-0.33862038846870135,8.150519522907269,8.48913991137597,0,0.07615121461721087,0.1
156,9,a,DET,det,0.2850688893650286,5.916808727223201,5.631739837858173,0,0.05601118541019939,0.1
156,10,measure,NOUN,obl,0.842832089171373,5.482079380118688,4.639247290947315,2,0.04529892849206028,0.1
156,11,of,ADP,case,-0.09862072036783243,5.747531807657332,5.846152528025164,0,0.048255379879917286,0.1
156,12,respect,NOUN,nmod,0.8822506994201813,15.18943851219957,14.30718781277939,2,0.5645771358272568,0.2
156,13,to,ADP,case,-0.1958929836938088,5.85516522689238,6.051058210586189,0,0.029727767710948688,0.2
156,14,other,ADJ,amod,-0.24538003248145301,9.867510417312209,10.112890449793662,0,0.18501338249204716,0.2
156,15,people,NOUN,nmod,0.7505555784399611,9.270575274924976,8.520019696485015,3,0.12968649689622946,0.2
156,16,.,PUNCT,punct,0.20116034947883144,3.7008451783641614,3.49968482888533,,0.022662440390824042,0.2
157,1,You,PRON,nsubj,0.406728407907031,6.339251674553796,5.932523266646765,0,0.06306914613167432,0.0
157,2,will,AUX,aux,1.0944084045251046,9.060155495254604,7.965747090729499,0,0.1541522822021237,0.0
157,3,find,VERB,root,3.781497079004879,11.282547916591051,7.501050837586172,,0.9351180609735482,0.0
157,4,that,SCONJ,mark,-1.4373483317572138,6.437894453110473,7.8752427848676865,0,0.42307630540378866,0.0
157,5,dressing,VERB,csubj,-2.565777326448723,6.197916666123875,8.763693992572598,0,0.7839011623482564,0.0
157,6,appropriately,ADV,advmod,1.2834938288648363,9.200753825427405,7.917259996562569,1,0.8033040546045918,0.0
157,7,means,VERB,ccomp,-2.030375961325067,11.941510998755986,13.971886960081052,2,0.9681755754763508,0.0
157,8,that,SCONJ,mark,-0.17493308631664473,6.437894453110473,6.612827539427117,0,0.05908123179359101,0.0
157,9,you,PRON,nsubj:pass,0.08528405600993594,6.339251674553796,6.25396761854386,0,0.048825318026030816,0.0
157,10,are,AUX,aux:pass,0.5727868607994866,7.693583485312399,7.120796624512913,0,0.10641246294704626,0.0
157,11,shown,VERB,ccomp,0.99946194300367,13.604476011478415,12.605014068474745,4,0.7783687097004052,0.0
157,12,more,ADJ,amod,-0.09228010862626768,9.502937985016352,9.59521809364262,0,0.1628547257881668,0.0
157,13,respect,NOUN,obj,-0.2002967697311231,15.18943851219957,15.389735281930694,2,0.5855971185201497,0.2
157,14,in,ADP,case,-0.08891299800316865,6.195085075340713,6.283998073343882,0,0.047759510518900095,0.2
157,15,return,NOUN,obl,0.3069453443184571,12.867510417312209,12.560565072993752,2,0.39627066753990187,0.2
157,16,.,PUNCT,punct,0.6733152962397138,3.7008451783641614,3.0275298821244476,,0.018771668751904707,0.2
158,1,This,PRON,nsubj,-0.14321683198097546,7.086150703787548,7.229367535768524,0,0.07024480721902689,0.0
158,2,translates,VERB,root,0.006816256669202936,6.197916666123875,6.191100409454672,,0.1737779652536488,0.0
158,3,in,ADP,case,-0.6015250021929202,6.195085075340713,6.796610077533633,0,0.059660468581410796,0.0
158,4,many,ADJ,amod,0.19775753356609016,10.235242201812696,10.037484668246606,0,0.6809978981729793,0.0
158,5,ways,NOUN,obl,8.993422870824038,13.18943851219957,4.196015641375534,2,4.2330807792200185,0.0
158,6,",",PUNCT,punct,-1.2029904033144891,4.552360855055908,5.755351258370397,,0.7341149907722564,0.0
158,7,even,ADV,advmod,-1.2042183083964453,10.434551010036103,11.638769318432548,0,1.2030263563313675,0.0
158,8,sometimes,ADV,advmod,-1.0849430543473542,12.101975670949232,13.186918725296586,0,2.0669735794785593,0.0
158,9,lowering,VERB,advcl,3.728357115523095,6.197916666123875,2.4695595506007804,2,2.7192050070489993,0.0
158,10,initial,ADJ,amod,2.675718286227424,15.18943851219957,12.513720225972147,0,1.046211010967066,0.3
158,11,offering,NOUN,compound,-11.780898995512931,5.482079380118688,17.26297837563162,0,5.050377176879517,0.3
158,12,prices,NOUN,obj,-0.22956007691299618,13.867510417312209,14.097070494225205,3,0.5738832495091384,0.3
158,13,at,ADP,case,-0.2314784810082653,8.055012191978644,8.28649067298691,0,0.08535155180231514,0.3
158,14,markets,NOUN,obl,0.8160198208568854,15.18943851219957,14.373418691342685,2,0.47649863602239073,0.4
158,15,.,PUNCT,punct,0.47625798913911144,3.7008451783641614,3.22458718922505,,0.018804226775520974,0.4
159,1,Traditionally,ADV,advmod,-0.04588086716539763,9.200753825427405,9.246634692592803,0,0.10096461599514396,0.0
159,2,",",PUNCT,punct,-0.15236894924798516,4.552360855055908,4.704729804303893,,0.2640019373318934,0.0
159,3,Thais,PROPN,nsubj,-0.34303659640110507,6.11262291514874,6.455659511549845,0,0.5367822330268418,0.0
159,4,are,AUX,cop,-1.2739965462271359,7.693583485312399,8.967580031539535,0,0.4403808720872854,0.0
159,5,modest,ADJ,amod,1.5867857825203222,6.939140094293238,5.352354311772916,0,0.6127800223830512,0.0
159,6,and,CCONJ,cc,-0.1324279631288423,5.740289866824134,5.872717829952976,0,0.1843690930375465,0.0
159,7,conservative,ADJ,conj,2.6174286986827724,6.939140094293238,4.321711395610466,2,0.366117855482102,0.0
159,8,dressers,NOUN,root,0.19065531064577002,5.482079380118688,5.291424069472918,,0.20447793146272714,0.0
159,9,.,PUNCT,punct,-0.06487519348303117,3.7008451783641614,3.7657203718471925,,0.1642236850765352,0.0
160,1,At,ADP,case,-0.6039599783785476,8.055012191978644,8.658972170357192,0,0.09739666071824205,0.0
160,2,a,DET,det,0.3258231003149179,5.916808727223201,5.590985626908283,0,0.09436461199890502,0.0
160,3,minimum,NOUN,obl,1.510913311979332,5.482079380118688,3.971166068139356,2,0.18438621586153686,0.0
160,4,your,PRON,nmod:poss,-0.895428222903714,8.658057051683258,9.553485274586972,0,0.12395993755492304,0.0
160,5,clothes,NOUN,nsubj,-1.3886925784768067,14.604476011478415,15.993168589955221,1,0.8319234051796415,0.1
160,6,should,AUX,aux,-0.45474828643754606,10.461518057636372,10.916266344073918,0,0.16513374854417684,0.1
160,7,be,AUX,cop,0.5244533034503931,8.075696346150382,7.551243042699989,0,0.07045034315447932,0.1
160,8,neat,ADJ,root,0.8870287687906986,6.939140094293238,6.05211132550254,,0.05409618094753107,0.1
160,9,",",PUNCT,punct,0.6155491615275053,4.552360855055908,3.9368116935284028,,0.03930656178045513,0.1
160,10,clean,ADJ,conj,-0.9746130107974764,13.604476011478415,14.579089022275891,0,0.6835953094321648,0.1
160,11,",",PUNCT,punct,0.35161222714877294,4.552360855055908,4.200748627907135,,0.1162311245080264,0.1
160,12,and,CCONJ,cc,-0.37872917018822694,5.740289866824134,6.119019037012361,0,0.050306132435016346,0.1
160,13,free,ADJ,conj,0.7403883960675142,12.488998794058478,11.748610397990964,1,0.36674191312271054,0.1
160,14,from,ADP,case,0.29918145101944216,8.288571704218821,7.989390253199379,0,0.07376113674941379,0.1
160,15,holes,NOUN,obl,1.113120849776302,5.482079380118688,4.368958530342386,2,0.12325470459232121,0.1
160,16,or,CCONJ,cc,-0.4144475785593773,8.461518057636372,8.87596563619575,0,0.07971107576883905,0.1
160,17,tears,NOUN,conj,0.34676971024416225,15.18943851219957,14.842668801955408,2,0.810328821907868,0.1
160,18,.,PUNCT,punct,0.2560991367219021,3.7008451783641614,3.4447460416422593,,0.02402561521372855,0.1
161,1,Thai,ADJ,amod,0.014812312186456289,6.939140094293238,6.924327782106782,0,0.03357182618896338,0.0
161,2,men,NOUN,nsubj,-1.7362064505593278,12.488998794058478,14.225205244617806,1,0.5566370001386021,0.0
161,3,generally,ADV,advmod,-1.541371973108502,13.867510417312209,15.408882390420711,0,0.4925508036671672,0.0
161,4,wear,VERB,root,0.30286631415264154,13.019513510757259,12.716647196604617,,0.4848215761267134,0.0
161,5,pants,NOUN,obj,-0.5981552918487374,14.604476011478415,15.202631303327152,0,0.6193790040021468,0.0
161,6,",",PUNCT,punct,0.38263278194433514,4.552360855055908,4.169728073111573,,0.02446132843627,0.0
161,7,and,CCONJ,cc,-0.7897852514683921,5.740289866824134,6.530075118292526,0,0.07102521431612893,0.0
161,8,most,ADJ,amod,0.5187700137808076,10.123349321741799,9.604579307960991,0,0.17858279912896516,0.0
161,9,Thais,PROPN,nsubj,-1.0873454035576025,6.11262291514874,7.199968318706342,1,0.11824104948043145,0.0
161,10,view,VERB,conj,-0.7831316743430285,14.604476011478415,15.387607685821443,2,0.6218645794013273,0.2
161,11,an,DET,det,-0.33814513108982247,8.922651971504669,9.260797102594491,0,0.09721578721408253,0.2
161,12,adult,ADJ,amod,0.03333219995364178,6.939140094293238,6.905807894339596,0,0.07131239420387732,0.2
161,13,man,NOUN,obj,0.3752279493166739,11.665876556142557,11.290648606825883,3,0.34741999640503796,0.2
161,14,wearing,VERB,acl,-1.1073052492294986,6.197916666123875,7.305221915353374,1,0.07150597597040159,0.2
161,15,shorts,NOUN,obj,-0.26188891839250417,5.482079380118688,5.743968298511192,1,0.042643947971550744,0.2
161,16,as,ADP,case,-0.3550799623411791,8.150519522907269,8.505599485248448,0,0.08005699040020212,0.2
161,17,fairly,ADV,advmod,-0.017481201304706318,15.18943851219957,15.206919713504277,0,0.33790293976440183,0.3
161,18,ridiculous,ADJ,obl,0.7020487381235814,6.939140094293238,6.237091356169657,3,0.04852635117974265,0.3
161,19,;,PUNCT,punct,0.49482396296246733,10.35654849803483,9.861724535072362,,0.19142422463973655,0.3
162,1,shorts,NOUN,nsubj:pass,-0.8732365632322434,5.482079380118688,6.355315943350932,0,0.04098359429255844,0.0
162,2,are,AUX,aux:pass,-0.8597003522962146,7.693583485312399,8.553283837608614,0,0.2415664506037871,0.0
162,3,primarily,ADV,advmod,0.6760540985326635,9.200753825427405,8.524699726894742,0,0.3977827075641495,0.0
162,4,worn,VERB,root,2.154373075596265,6.197916666123875,4.0435435905276105,,0.34422553489421204,0.0
162,5,by,ADP,case,-0.08510388359438359,8.531227029447775,8.616330913042159,0,0.25599683658375505,0.0
162,6,laborers,NOUN,obl:agent,0.0452138579405732,5.482079380118688,5.436865522178115,1,0.49083522300587146,0.0
162,7,and,CCONJ,cc,-0.42211707381270536,5.740289866824134,6.162406940636839,0,0.07346677166257694,0.0
162,8,schoolchildren,NOUN,conj,1.2759896297454167,5.482079380118688,4.2060897503732715,2,0.2459547923833571,0.0
162,9,.,PUNCT,punct,0.5947639116947236,3.7008451783641614,3.1060812666694377,,0.07955144923506866,0.0
163,1,Men,NOUN,nmod:poss,-1.6213165750448155,12.488998794058478,14.110315369103294,0,0.5782905210739518,0.0
163,2,'s,PART,case,-1.0753275087524008,6.812227981811018,7.887555490563419,1,0.13408498113217557,0.0
163,3,shorts,NOUN,nsubj,-1.4194847930973227,5.482079380118688,6.901564173216011,1,0.1412585583885013,0.0
163,4,should,AUX,aux,-0.12204527936999376,10.461518057636372,10.583563337006366,0,0.16696711037986217,0.0
163,5,be,AUX,cop,0.6442392591800514,8.075696346150382,7.4314570869703305,0,0.07662934018420993,0.0
163,6,knee,NOUN,compound,-1.579518603897169,5.482079380118688,7.061597984015857,0,0.06497625189752315,0.0
163,7,length,NOUN,root,-0.6587046699857533,5.482079380118688,6.1407840501044415,,0.04242261155177527,0.0
163,8,or,CCONJ,cc,-0.06947521275056978,8.461518057636372,8.530993270386942,0,0.09740030194259658,0.0
163,9,more,ADJ,conj,0.2550693949331251,9.502937985016352,9.247868590083227,1,0.19569140584685635,0.0
163,10,",",PUNCT,punct,0.1724042880859189,4.552360855055908,4.379956566969989,,0.07167131893034746,0.0
163,11,if,SCONJ,mark,0.016425235367963253,8.876555556915216,8.860130321547253,0,0.16286811982859242,0.0
163,12,worn,VERB,advcl,1.3186797883162864,6.197916666123875,4.879236877807589,1,0.07460331620159397,0.0
163,13,at,ADP,case,-0.03990917398837013,8.055012191978644,8.094921365967014,0,0.08777982850876122,0.0
163,14,all,DET,obl,0.5647323534903874,8.312921565634571,7.748189212144184,2,0.08867547233420121,0.0
163,15,.,PUNCT,punct,-1.4514347556214084,3.7008451783641614,5.15227993398557,,0.06682439799491294,0.0
164,1,Wear,VERB,root,0.6990712119350828,13.019513510757259,12.320442298822176,,0.39392280786063116,0.0
164,2,shoes,NOUN,obj,-2.427786471758008,13.382083590141967,15.809870061899975,0,0.5532927477968325,0.0
164,3,that,PRON,nsubj,-0.9801357280309002,6.437894453110473,7.418030181141373,0,0.05941926377735304,0.0
164,4,slip,VERB,acl:relcl,0.18179375287187938,6.197916666123875,6.016122913251996,2,0.07959139971729227,0.0
164,5,on,ADP,compound:prt,-0.2592589408261592,7.520553527933323,7.7798124687594825,1,0.08269954993813915,0.0
164,6,and,CCONJ,cc,-0.37481226397955947,5.740289866824134,6.1151021308036935,0,0.05576526326674743,0.0
164,7,off,ADP,conj,0.44416269715582857,11.665876556142557,11.221713858986728,2,0.3270243946786685,0.0
164,8,easily,ADV,advmod,-0.5845391405946057,13.18943851219957,13.773977652794176,1,0.7229462372151704,0.0
164,9,.,PUNCT,punct,0.13678128048753768,3.7008451783641614,3.5640638978766237,,0.08594450226787963,0.0
165,1,only,ADV,advmod,0.1755046143136738,10.145044392841116,9.969539778527443,0,0.17382537391214237,0.0
165,2,in,ADP,case,-1.4054489170301236,6.195085075340713,7.600533992370837,0,0.23069128272260286,0.0
165,3,the,DET,det,0.8661899467846612,4.733084097091282,3.866894150306621,0,0.2952543179046126,0.0
165,4,most,ADJ,amod,-0.3831107102644591,10.123349321741799,10.506460032006258,0,0.9376296459223852,0.0
165,5,top,ADJ,amod,-0.9512606818491616,13.867510417312209,14.81877109916137,0,1.497067031381089,0.0
165,6,-,PUNCT,punct,0.04732929842574052,8.337689470783513,8.290360172357772,,0.06104620875243476,0.0
165,7,end,NOUN,compound,0.15263112094233122,11.665876556142557,11.513245435200226,1,0.5879698155416706,0.0
165,8,establishments,NOUN,obl,-0.16917519945614767,5.482079380118688,5.651254579574836,5,0.1036303662497352,0.0
165,9,are,AUX,aux:pass,-0.32698762390656544,7.693583485312399,8.020571109218965,0,0.07708083397240083,0.0
165,10,shoes,NOUN,nsubj:pass,-0.6586969390372879,13.382083590141967,14.040780529179255,0,0.5071003428452898,0.0
165,11,required,VERB,root,0.05171328506054529,6.197916666123875,6.14620338106333,,0.0790912818508739,0.0
165,12,.,PUNCT,punct,0.7359452677530176,3.7008451783641614,2.9648999106111438,,0.022559233883548965,0.0
166,1,It,PRON,expl,0.1358633281289432,6.147779360562356,6.011916032433413,0,0.08192350898677746,0.0
166,2,is,AUX,cop,0.9959141665178581,6.470049691257488,5.47413552473963,0,0.07806024664638797,0.0
166,3,best,ADJ,root,1.7830729259579243,11.235242201812696,9.452169275854772,,0.8252330707247549,0.0
166,4,to,PART,mark,-2.398126503465006,5.85516522689238,8.253291730357386,0,0.6110172789330263,0.0
166,5,play,VERB,csubj,-0.22350604123744944,13.867510417312209,14.091016458549658,1,0.7174666379166204,0.0
166,6,it,PRON,obj,0.015286482287919512,6.147779360562356,6.132492878274436,1,0.055555109468499085,0.0
166,7,safe,ADJ,xcomp,-0.3536302989227469,14.604476011478415,14.958106310401162,1,0.9674258177756069,0.0
166,8,with,ADP,case,0.15089363417285906,7.899419665266953,7.7485260310940935,0,0.06549728269313342,0.0
166,9,wats,NOUN,obl,1.1088358754758252,5.482079380118688,4.373243504642863,2,0.039359279872459706,0.0
166,10,and,CCONJ,cc,-0.47652350854127157,5.740289866824134,6.216813375365406,0,0.05482755287326697,0.0
166,11,other,ADJ,amod,0.5980128835565104,9.867510417312209,9.269497533755699,0,0.19980642263755105,0.0
166,12,sacred,ADJ,amod,0.03486155045047301,6.939140094293238,6.904278543842765,0,0.068897434421958,0.0
166,13,sites,NOUN,conj,0.9258812297058929,5.482079380118688,4.556198150412795,4,0.028659315432101838,0.0
166,14,in,ADP,case,-0.018491366376259144,6.195085075340713,6.213576441716972,0,0.04566831574344087,0.0
166,15,Thailand,PROPN,nmod,0.5227360068298195,6.11262291514874,5.58988690831892,2,0.07180115364018366,0.0
166,16,;,PUNCT,punct,0.26567779748839015,10.35654849803483,10.09087070054644,,0.18226506478159724,0.0
167,1,your,PRON,nmod:poss,-0.11955993362095008,8.658057051683258,8.777616985304208,0,0.09592467344598131,0.0
167,2,dress,NOUN,nsubj,-0.5950401462306019,14.604476011478415,15.199516157709017,1,1.2634342394281137,0.0
167,3,should,AUX,aux,-0.8860173043014807,10.461518057636372,11.347535361937853,0,0.48665256006313223,0.0
167,4,be,AUX,cop,0.5038731392636846,8.075696346150382,7.571823206886697,0,0.11378231099738337,0.0
167,5,unambiguously,ADV,advmod,0.40811273851108787,9.200753825427405,8.792641086916317,0,0.09327814128809561,0.0
167,6,modest,ADJ,root,0.8482267848357621,6.939140094293238,6.090913309457476,,0.3344796907011861,0.0
167,7,and,CCONJ,cc,-0.5263138893993728,5.740289866824134,6.266603756223507,0,0.05568581308819323,0.0
167,8,cover,VERB,conj,-0.38513015857512123,13.867510417312209,14.25264057588733,1,0.6571380172320548,0.0
167,9,your,PRON,nmod:poss,-0.0036393167057742204,8.658057051683258,8.661696368389032,0,0.09905357726391832,0.0
167,10,entire,ADJ,amod,-0.07585795601450851,6.939140094293238,7.014998050307747,0,0.04919432514742632,0.0
167,11,torso,NOUN,obj,0.6273944081233305,5.482079380118688,4.854684971995358,3,0.03662435017822089,0.0
167,12,and,CCONJ,cc,-0.44346000697583765,5.740289866824134,6.183749873799972,0,0.05944414344429124,0.0
167,13,most,ADJ,conj,0.43283108937312775,10.123349321741799,9.690518232368671,2,0.1705780843349318,0.0
167,14,of,ADP,case,-0.11908047777314579,5.747531807657332,5.866612285430477,0,0.09395674431484649,0.0
167,15,your,PRON,nmod:poss,0.058400774285610524,8.658057051683258,8.599656277397647,0,0.10701349088030909,0.0
167,16,limbs,NOUN,obl,0.3896217924246477,5.482079380118688,5.0924575876940406,3,0.0657947925670617,0.0
167,17,.,PUNCT,punct,0.4307569945785539,3.7008451783641614,3.2700881837856075,,0.030324101555206418,0.0
168,1,For,ADP,case,-0.6007896276470355,7.502937985016352,8.103727612663388,0,0.054257875705539194,0.0
168,2,men,NOUN,obl,-0.11007012625042023,12.488998794058478,12.599068920308898,1,0.6513036626286824,0.0
168,3,",",PUNCT,punct,-0.6655842356024388,4.552360855055908,5.217945090658347,,0.07512534097370487,0.0
168,4,ankle,NOUN,compound,-1.5675346949871,5.482079380118688,7.049614075105788,0,0.3309136584812397,0.0
168,5,-,PUNCT,punct,-0.5142014861714177,8.337689470783513,8.85189095695493,,0.07146254037155149,0.0
168,6,length,NOUN,compound,-0.8673549475125251,5.482079380118688,6.349434327631213,1,0.04535433914647871,0.0
168,7,pants,NOUN,nsubj,-0.609524494148534,14.604476011478415,15.214000505626949,1,0.6246305194009881,0.0
168,8,are,AUX,cop,-0.5590478081256007,7.693583485312399,8.252631293438,0,0.0747809577017654,0.0
168,9,mandatory,ADJ,root,0.5603234302068216,14.18943851219957,13.62911508199275,,0.8994325942478528,0.0
168,10,;,PUNCT,punct,0.34085122594667716,10.35654849803483,10.015697272088152,,0.1846963538238917,0.0
169,1,Many,ADJ,nsubj,-0.209985840488919,10.235242201812696,10.445228042301615,0,0.1690197756874282,0.0
169,2,recommend,VERB,root,-3.535108291782011,15.18943851219957,18.724546803981582,,0.6714206566637582,0.0
169,3,that,SCONJ,mark,-0.7059733358320619,6.437894453110473,7.143867788942535,0,0.0556763685463707,0.0
169,4,women,NOUN,nsubj,-0.0533312750218915,12.867510417312209,12.9208416923341,0,0.24143655175670517,0.0
169,5,wear,VERB,ccomp,-0.8326309946662978,13.019513510757259,13.852144505423556,2,0.5086586654950335,0.0
169,6,only,ADV,advmod,-0.28921140165027026,10.145044392841116,10.434255794491387,0,0.19929251636083817,0.0
169,7,full,ADJ,amod,0.019876271162312165,12.101975670949232,12.08209939978692,0,0.3734348549555942,0.0
169,8,length,NOUN,compound,0.4908540557585832,5.482079380118688,4.991225324360105,1,0.038167878697816404,0.0
169,9,dresses,NOUN,obj,-0.1438727232343675,5.482079380118688,5.625952103353056,3,0.0327647928918863,0.0
169,10,and,CCONJ,cc,-0.6378067526869167,5.740289866824134,6.378096619511051,0,0.05309319503633332,0.0
169,11,skirts,NOUN,conj,0.2126472959482033,5.482079380118688,5.269432084170485,2,0.04068153697955713,0.0
169,12,;,PUNCT,punct,0.2899877860042981,10.35654849803483,10.066560712030531,,0.1806264131203841,0.0
170,1,Shorts,NOUN,nsubj,-0.8732365632322434,5.482079380118688,6.355315943350932,0,0.04098359429255844,0.0
170,2,and,CCONJ,cc,-1.3173259094493686,5.740289866824134,7.057615776273503,0,0.06306336604843307,0.0
170,3,sleeveless,ADJ,amod,0.7682708436271968,6.939140094293238,6.170869250666041,0,0.18663397322749253,0.0
170,4,shirts,NOUN,conj,3.026047034189837,14.604476011478415,11.578428977288578,3,2.70228557654216,0.1
170,5,are,AUX,cop,0.22271845719708416,7.693583485312399,7.470865028115315,0,0.5559071616597748,0.1
170,6,highly,ADV,advmod,-2.2472410098760314,13.019513510757259,15.26675452063329,0,1.9361111022659732,0.1
170,7,inappropriate,ADJ,root,-1.3975306086381973,6.939140094293238,8.336670702931436,,1.5693652921821195,0.1
170,8,",",PUNCT,punct,0.4763558231220397,4.552360855055908,4.076005031933868,,0.16591687686714582,0.1
170,9,as,SCONJ,mark,-0.3466630859083555,8.150519522907269,8.497182608815624,0,0.0858521856250123,0.1
170,10,are,AUX,cop,-0.14800779070345982,7.693583485312399,7.841591276015859,0,0.2654721042083328,0.1
170,11,short,ADJ,amod,1.3593299841220183,12.604476011478415,11.245146027356396,0,0.4105194976775674,0.1
170,12,skirts,NOUN,advcl,0.6796723884587204,5.482079380118688,4.802406991659968,3,0.0749439150480545,0.1
170,13,.,PUNCT,punct,0.17445648745390718,3.7008451783641614,3.526388690910254,,0.021833722403209112,0.1
171,1,Topless,ADJ,amod,0.014812312186456289,6.939140094293238,6.924327782106782,0,0.03357182618896338,0.0
171,2,sunbathing,NOUN,nsubj,-0.735555130011937,5.482079380118688,6.217634510130625,1,0.09746935686594238,0.0
171,3,is,AUX,cop,-1.1282979325697884,6.470049691257488,7.5983476238272765,0,0.07634620593213046,0.0
171,4,common,ADJ,root,3.6413942341623304,12.488998794058478,8.847604559896148,,2.0942370319444152,0.0
171,5,by,ADP,case,-1.8392092651092522,8.531227029447775,10.370436294557027,0,0.82267980026329,0.0
171,6,Western,ADJ,amod,-2.1165546566696936,13.867510417312209,15.984065073981903,0,1.2638095956865285,0.0
171,7,women,NOUN,obl,0.8372900576812814,12.867510417312209,12.030220359630928,2,0.23473562884363713,0.0
171,8,at,ADP,case,-0.2150207022016719,8.055012191978644,8.270032894180316,0,0.08183172759087701,0.0
171,9,many,ADJ,amod,-0.17995392815209676,10.235242201812696,10.415196129964793,0,0.18261284432521352,0.0
171,10,tourist,NOUN,compound,1.0587478516748465,14.18943851219957,13.130690660524724,0,0.7847454023502278,0.0
171,11,beaches,NOUN,obl,0.11644879716172163,14.18943851219957,14.07298971503785,3,1.022243360679881,0.1
171,12,.,PUNCT,punct,0.11006824842402807,3.7008451783641614,3.5907769299401333,,0.02250701898417515,0.1
172,1,At,ADP,case,-0.6039599783785476,8.055012191978644,8.658972170357192,0,0.09739666071824205,0.0
172,2,beaches,NOUN,obl,-0.4685103689406436,14.18943851219957,14.657948881140214,1,1.0029170429500964,0.1
172,3,which,PRON,nsubj,-1.1403538193077978,10.30679546283773,11.447149282145528,0,0.15040352748062247,0.1
172,4,are,AUX,cop,0.5534814212146788,7.693583485312399,7.140102064097721,0,0.10117725511883618,0.1
172,5,primarily,ADV,advmod,0.2009797162440563,9.200753825427405,8.999774109183349,0,0.1047551605411774,0.1
172,6,Thai,ADJ,amod,0.6977356124718943,6.939140094293238,6.241404481821344,0,0.08288898337365398,0.1
172,7,visitors,NOUN,acl:relcl,0.14435522074647977,14.18943851219957,14.045083291453091,5,0.9979023174667979,0.1
172,8,however,ADV,advmod,-0.7126393779422227,11.282547916591051,11.995187294533274,0,0.31344617274419384,0.1
172,9,",",PUNCT,punct,-0.15257159896400907,4.552360855055908,4.704932454019917,,0.041300587231072314,0.1
172,10,this,PRON,nsubj:pass,-0.4744207020629929,7.086150703787548,7.560571405850541,0,0.032849050083544405,0.1
172,11,is,AUX,aux:pass,0.46811304494946526,6.470049691257488,6.001936646308023,0,0.04265063112634513,0.1
172,12,not,PART,advmod,0.852998025184398,7.801421226854436,6.948423201670038,0,0.07189859305852776,0.1
172,13,advised,VERB,root,1.5342737999757308,6.197916666123875,4.663642866148145,,0.03896051681111038,0.1
172,14,.,PUNCT,punct,0.9862369989591668,3.7008451783641614,2.7146081794049945,,0.01926362655675713,0.1
173,1,Religion,NOUN,root,0.42800361079975957,14.604476011478415,14.176472400678655,,1.6774118546453443,0.0
174,1,Buddhist,ADJ,amod,0.014812312186456289,6.939140094293238,6.924327782106782,0,0.03357182618896338,0.0
174,2,prayer,NOUN,compound,-0.735555130011937,5.482079380118688,6.217634510130625,0,0.09746935686594238,0.0
174,3,flags,NOUN,root,-0.3030073865583711,5.482079380118688,5.785086766677059,,0.08716028219189581,0.0
174,4,",",PUNCT,punct,-0.6487732655803473,4.552360855055908,5.201134120636255,,0.10776336258039194,0.0
174,5,Wat,PROPN,parataxis,0.03534302500806774,6.11262291514874,6.077279890140672,0,0.22889100428805811,0.0
174,6,Arun,PROPN,flat,2.541423242184116,6.11262291514874,3.571199672964624,1,0.07755588710665501,0.0
174,7,",",PUNCT,punct,-0.07483606633160633,4.552360855055908,4.627196921387514,,0.14385791507767326,0.0
174,8,Bangkok,PROPN,appos,3.1555471919919973,6.11262291514874,2.9570757231567426,1,0.1302761464156271,0.0
175,1,Women,NOUN,nsubj,-0.5937880900051979,12.867510417312209,13.461298507317407,0,0.18058271018569724,0.0
175,2,should,AUX,aux,-2.3904992065529616,10.461518057636372,12.852017264189334,0,0.22633379518726593,0.0
175,3,avoid,VERB,root,1.1632225406658225,15.18943851219957,14.026215971533748,,0.5739895453031423,0.4
175,4,offering,VERB,xcomp,-1.2242785927654118,6.197916666123875,7.422195258889287,0,0.07292300363162645,0.4
175,5,anything,PRON,obj,-0.11174568115268002,11.730006893562273,11.841752574714953,1,0.26684592588434747,0.4
175,6,to,ADP,case,-0.361835278623297,5.85516522689238,6.217000505515677,0,0.0726395387127404,0.4
175,7,a,DET,det,-0.2788946809999544,5.916808727223201,6.195703408223156,0,0.07534628498656329,0.4
175,8,monk,NOUN,obl,1.2932100408937073,5.482079380118688,4.188869339224981,3,0.03205704496161117,0.4
175,9,with,ADP,case,-0.17960160438523864,7.899419665266953,8.079021269652191,0,0.05769612943511755,0.4
175,10,their,PRON,nmod:poss,0.10592771920615007,9.867510417312209,9.761582698106059,0,0.13978265160436415,0.4
175,11,hands,NOUN,obl,0.24044811079641093,13.18943851219957,12.94899040140316,3,0.5350852353015877,0.4
175,12,.,PUNCT,punct,0.4019322616127865,3.7008451783641614,3.298912916751375,,0.014211325498929462,0.4
176,1,Those,DET,det,-0.4216159589528914,10.488998794058478,10.91061475301137,0,0.14879753672790735,0.0
176,2,monks,NOUN,nsubj,0.2643268214454242,5.482079380118688,5.217752558673264,1,0.28620415544314914,0.0
176,3,that,PRON,nsubj,-1.0291196254528927,6.437894453110473,7.467014078563365,0,0.050067732314691776,0.0
176,4,accept,VERB,acl:relcl,0.22435216557681414,14.18943851219957,13.965086346622757,2,0.9617965240995312,0.0
176,5,money,NOUN,obj,-0.5315403611520519,12.867510417312209,13.399050778464261,1,0.26173834279912617,0.0
176,6,are,AUX,cop,-0.8784032104694317,7.693583485312399,8.571986695781831,0,0.0858374073476037,0.0
176,7,almost,ADV,advmod,0.42244037933746625,12.604476011478415,12.182035632140948,0,0.471373208020766,0.0
176,8,always,ADV,advmod,1.0063012137942842,11.019513510757259,10.013212296962974,1,0.23126004230081812,0.0
176,9,fakes,NOUN,root,-1.5520519478594972,5.482079380118688,7.034131327978185,,0.05987613079403872,0.0
176,10,.,PUNCT,punct,0.12000935541297464,3.7008451783641614,3.5808358229511867,,0.02671641205642595,0.0
177,1,Tulsa,PROPN,root,-0.19592036260047863,6.11262291514874,6.3085432777492185,,0.07664910517989604,0.0
178,1,Tulsa,PROPN,nsubj,-0.19592036260047863,6.11262291514874,6.3085432777492185,0,0.07664910517989604,0.0
178,2,is,AUX,cop,-1.8307846244783317,6.470049691257488,8.30083431573582,0,0.18342849685047422,0.0
178,3,in,ADP,case,-0.5152787064268827,6.195085075340713,6.710363781767596,0,0.13463265587722886,0.0
178,4,the,DET,det,0.49639261191453343,4.733084097091282,4.236691485176749,0,0.1768346731464115,0.0
178,5,Green,ADJ,amod,-0.9396610474933613,13.18943851219957,14.129099559692932,0,0.7965218218263526,0.0
178,6,Country,PROPN,compound,0.7251452729599865,11.867510417312209,11.142365144352222,1,0.35756845567772694,0.0
178,7,region,NOUN,root,-0.05754431438489327,13.867510417312209,13.925054731697102,,0.38598727561734,0.0
178,8,of,ADP,case,-0.27552056225761135,5.747531807657332,6.023052369914943,0,0.04618071805080244,0.0
178,9,Oklahoma,PROPN,nmod,0.9785995241538199,15.18943851219957,14.21083898804575,1,0.5642086913310012,0.2
178,10,.,PUNCT,punct,-0.026639486264852685,3.7008451783641614,3.727484664629014,,0.02954614498379101,0.2
179,1,The,DET,det,-0.7976025969652571,4.733084097091282,5.53068669405654,0,0.026145197178954215,0.0
179,2,Tulsa,PROPN,compound,0.7404907190566465,6.11262291514874,5.372132196092093,0,0.04415598534219181,0.0
179,3,Bartlesville,PROPN,compound,2.341863931466723,6.11262291514874,3.770758983682017,1,0.07029778581806559,0.0
179,4,Combined,VERB,amod,-2.6143454796103303,15.18943851219957,17.8037839918099,0,1.291023264058441,0.1
179,5,area,NOUN,nsubj,-1.8259563649227193,12.488998794058478,14.314955158981197,3,0.7155717933976302,0.1
179,6,had,VERB,root,-1.1754288846197447,9.15601551066212,10.331444395281865,,0.1863627829144799,0.1
179,7,"988,000",NUM,obj,-0.8825243799021472,8.849588509314946,9.732112889217094,0,0.14114046580378112,0.1
179,8,in,ADP,case,-0.08135431242490032,6.195085075340713,6.276439387765613,0,0.04365719630556954,0.1
179,9,the,DET,det,0.7367544057772557,4.733084097091282,3.9963296913140267,0,0.04206410051884498,0.1
179,10,2010,NUM,compound,-0.04195194122420709,12.604476011478415,12.646427952702622,0,0.3070025180939481,0.1
179,11,census,NOUN,obl,0.44155008164910203,5.482079380118688,5.040529298469586,3,0.08249857686925975,0.1
179,12,.,PUNCT,punct,0.46952671731909223,3.7008451783641614,3.231318461045069,,0.013707502162766392,0.1
180,1,Understand,VERB,root,1.150267084373846,11.604476011478415,10.454208927104569,,0.45717908049137396,0.0
181,1,As,ADP,case,-0.005958685723868484,8.150519522907269,8.156478208631137,0,0.15770395054083133,0.0
181,2,a,DET,det,-0.6005221698496861,5.916808727223201,6.517330897072887,0,0.1861926864771891,0.0
181,3,result,NOUN,obl,7.6567699197939785,13.382083590141967,5.7253136703479885,2,3.767716173959383,0.0
181,4,",",PUNCT,punct,2.0888479995645683,4.552360855055908,2.4635128554913397,,1.267168767912365,0.0
181,5,Tulsa,PROPN,nsubj,-5.567729983151392,6.11262291514874,11.680352898300132,0,4.283262087415581,0.0
181,6,breaks,VERB,root,-5.98897305520628,14.604476011478415,20.593449066684695,,1.9284588589456628,0.2
181,7,the,DET,det,-0.6132890980802088,4.733084097091282,5.346373195171491,0,0.02714494360310568,0.2
181,8,Oklahoma,PROPN,compound,-0.08693165037176698,15.18943851219957,15.276370162571338,0,0.4091657437182332,0.3
181,9,stereotype,NOUN,obj,-0.643779873210863,5.482079380118688,6.125859253329551,2,0.06679101230198725,0.3
181,10,of,ADP,nmod,-0.24872574941862968,5.747531807657332,5.996257557075961,1,0.045730066041749236,0.3
181,11,being,AUX,cop,-0.6232810417259316,11.604476011478415,12.227757053204346,0,0.27462812744420534,0.3
181,12,nothing,PRON,advcl,-0.2373462457027138,12.019513510757259,12.256859756459972,2,0.22298897628801884,0.3
181,13,but,ADP,case,0.08211102261157066,8.167070699171116,8.084959676559546,0,0.07608954964179515,0.3
181,14,a,DET,det,-0.14305839007863685,5.916808727223201,6.059867117301838,0,0.04256463731021672,0.3
181,15,flat,ADJ,amod,0.43125076954637187,14.604476011478415,14.173225241932043,0,1.0397303366041224,0.3
181,16,",",PUNCT,punct,0.1357613553551298,4.552360855055908,4.416599499700778,,0.06888875060144596,0.3
181,17,arid,ADJ,amod,0.21814778959780234,6.939140094293238,6.720992304695436,0,0.059207543675611526,0.3
181,18,dust,NOUN,compound,0.9943469450313751,5.482079380118688,4.487732435087313,0,0.0346818922491127,0.3
181,19,bowl,NOUN,nmod,0.23883796257393186,15.18943851219957,14.950600549625639,6,0.715612694074608,0.5
181,20,.,PUNCT,punct,0.3809631892551555,3.7008451783641614,3.319881989109006,,0.04025121661686039,0.5
182,1,The,DET,det,-0.7976025969652571,4.733084097091282,5.53068669405654,0,0.026145197178954215,0.0
182,2,winters,NOUN,nsubj:pass,1.061914760053039,5.482079380118688,4.420164620065649,1,0.039376904451116634,0.0
182,3,are,AUX,aux:pass,-0.8249685085028764,7.693583485312399,8.518551993815276,0,0.2145382526167912,0.0
182,4,considered,VERB,root,4.625430112134978,13.18943851219957,8.564008400064592,,2.3390511084932735,0.0
182,5,to,PART,mark,-0.7596895054621271,5.85516522689238,6.614854732354507,0,0.6869753149074584,0.0
182,6,be,AUX,cop,1.1946750808726447,8.075696346150382,6.881021265277737,0,1.8717656556167075,0.0
182,7,very,ADV,advmod,0.525657099132161,9.713705081233172,9.188047982101011,0,1.043698122242773,0.0
182,8,mild,ADJ,xcomp,6.817503125795381,14.604476011478415,7.786972885683034,3,3.1592137715335573,0.2
182,9,.,PUNCT,punct,-11.931859783935435,3.7008451783641614,15.632704962299597,,4.596226893364327,0.2
183,1,Tulsa,PROPN,nsubj,-0.19592036260047863,6.11262291514874,6.3085432777492185,0,0.07664910517989604,0.0
183,2,has,VERB,root,-1.3431360679145978,9.235242201812696,10.578378269727294,,0.4042148726385269,0.0
183,3,over,ADV,advmod,-1.0284191593157406,9.634849660521933,10.663268819837674,0,0.3269187049192509,0.0
183,4,225,NUM,nummod,2.0125726918268505,8.849588509314946,6.837015817488096,1,1.2197633779121426,0.0
183,5,days,NOUN,obj,-1.8275912156634053,11.665876556142557,13.493467771805962,1,1.2990512698143415,0.0
183,6,of,ADP,case,-0.12810228864232354,5.747531807657332,5.875634096299655,0,0.2506692463000767,0.0
183,7,sunshine,NOUN,nmod,0.09873548574849345,5.482079380118688,5.383343894370195,2,0.15418149981507667,0.0
183,8,annually,ADV,advmod,-1.0469738929293388,15.18943851219957,16.23641240512891,0,0.6635129131629944,0.2
183,9,.,PUNCT,punct,0.013516105656453892,3.7008451783641614,3.6873290727077075,,0.031123894924441127,0.2
184,1,In,ADP,case,-0.7512908726612668,6.195085075340713,6.94637594800198,0,0.059321265642547326,0.0
184,2,Tulsa,PROPN,obl,1.2966978607172726,6.11262291514874,4.815925054431467,1,0.09117592193594014,0.0
184,3,you,PRON,nsubj,-2.3768791712619697,6.339251674553796,8.716130845815766,0,0.13021596930331952,0.0
184,4,will,AUX,aux,1.4633162916933555,9.060155495254604,7.596839203561248,0,0.5045629574013298,0.0
184,5,find,VERB,root,0.20526637276069337,11.282547916591051,11.077281543830358,,0.7218870656670554,0.0
184,6,old,ADJ,amod,-1.0628293198949272,11.604476011478415,12.667305331373342,0,0.3854354164363819,0.0
184,7,west,NOUN,compound,-0.2821284284919212,13.382083590141967,13.664212018633888,0,0.7631962457466683,0.0
184,8,charm,NOUN,obj,-0.5014100172948606,5.482079380118688,5.983489397413549,2,0.10373753016383176,0.0
184,9,as,ADV,cc,-0.40185389650039305,8.150519522907269,8.552373419407662,0,0.08328843924667038,0.0
184,10,well,ADV,fixed,0.7384617783530185,8.858521634084953,8.120059855731935,1,0.1941282419518328,0.0
184,11,as,ADP,fixed,4.187559584058185,8.150519522907269,3.962959938849084,1,1.3781654922673603,0.0
184,12,a,DET,det,0.9204814248363249,5.916808727223201,4.996327302386876,0,0.55025594423454,0.0
184,13,cosmopolitan,ADJ,amod,0.5668777936381835,6.939140094293238,6.372262300655055,0,1.278088140003413,0.0
184,14,atmosphere,NOUN,conj,-6.4436811561800535,15.18943851219957,21.633119668379624,4,2.733497844245892,0.0
184,15,.,PUNCT,punct,0.43843207754055147,3.7008451783641614,3.26241310082361,,0.016813984083938645,0.0
185,1,Get,VERB,root,0.7929135120806929,9.282547916591051,8.489634404510358,,0.16448987959021752,0.0
185,2,in,ADV,advmod,-0.6113177704319535,6.195085075340713,6.806402845772666,0,0.21643672932108668,0.0
186,1,By,ADP,case,-0.2566331095169776,8.531227029447775,8.787860138964753,0,0.15605085950251552,0.0
186,2,plane,NOUN,root,9.04440188522824,14.604476011478415,5.560074126250174,,0.8170333784622295,0.0
187,1,Tulsa,PROPN,compound,-0.19592036260047863,6.11262291514874,6.3085432777492185,0,0.07664910517989604,0.0
187,2,International,ADJ,compound,-0.04100888277061898,12.730006893562273,12.771015776332892,0,1.2078260428266503,0.0
187,3,Airport,PROPN,root,-3.707760444199776,15.18943851219957,18.897198956399347,,1.2716569656496532,0.0
187,4,(,PUNCT,punct,-0.3673280189798014,9.517013170228076,9.884341189207877,,0.16446617376610465,0.0
187,5,IATA,PROPN,compound,0.4479458240062728,6.11262291514874,5.664677091142467,0,0.06588514231887943,0.0
187,6,:,PUNCT,punct,-0.29638693813200057,8.524102595014394,8.820489533146395,,0.10349448367969505,0.0
187,7,TUL,PROPN,appos,1.8469147917277775,6.11262291514874,4.265708123420962,1,0.04677118871519528,0.0
187,8,),PUNCT,punct,-0.14638636723082676,9.531227029447775,9.677613396678602,,0.1676118370129253,0.0
187,9,in,ADP,case,-0.030218461368888505,6.195085075340713,6.2253035367096015,0,0.045682693016221985,0.0
187,10,the,DET,det,0.03322269929657651,4.733084097091282,4.699861397794706,0,0.03400430904058674,0.0
187,11,northern,ADJ,amod,-0.6266198440844724,6.939140094293238,7.5657599383777105,0,0.09422085463155112,0.0
187,12,part,NOUN,nmod,0.3420860439067379,10.665876556142557,10.323790512235819,3,0.21144505760964374,0.0
187,13,of,ADP,case,0.018232021419974487,5.747531807657332,5.729299786237357,0,0.05169752846767087,0.0
187,14,Tulsa,PROPN,nmod,1.6642012758273657,6.11262291514874,4.448421639321374,2,0.05500148648331415,0.0
187,15,.,PUNCT,punct,0.1107160957361133,3.7008451783641614,3.590129082628048,,0.03308235613089886,0.0
188,1,It,PRON,nsubj,0.1358633281289432,6.147779360562356,6.011916032433413,0,0.08192350898677746,0.0
188,2,has,VERB,root,1.2607421293006809,9.235242201812696,7.974500072512015,,0.3465663899442864,0.0
188,3,major,ADJ,amod,-1.28689359724868,12.604476011478415,13.891369608727095,0,0.4891587362248828,0.0
188,4,airlines,NOUN,obj,1.0303370627848265,5.482079380118688,4.451742317333862,1,0.9524105779818935,0.0
188,5,with,ADP,case,-0.3662379160853195,7.899419665266953,8.265657581352272,0,0.22587027054593894,0.0
188,6,direct,ADJ,amod,0.049637930898351,13.867510417312209,13.817872486413858,0,1.1582827881518485,0.0
188,7,flights,NOUN,nmod,-1.412462423579207,14.604476011478415,16.01693843505762,3,2.3567357621189666,0.0
188,8,to,ADP,case,-0.23825358263571683,5.85516522689238,6.093418809528097,0,0.028094208189363378,0.0
188,9,major,ADJ,amod,-0.3927293373000271,12.604476011478415,12.997205348778442,0,0.2804111121456077,0.0
188,10,cities,NOUN,nmod,0.7132578386294348,15.18943851219957,14.476180673570136,3,0.5875429687402995,0.0
188,11,in,ADP,case,-0.1839693024433604,6.195085075340713,6.379054377784073,0,0.046606731196361016,0.0
188,12,the,DET,det,0.9013281635255783,4.733084097091282,3.831755933565704,0,0.030154583273327356,0.0
188,13,U.S.,PROPN,nmod,-0.11933432738240235,12.488998794058478,12.60833312144088,3,0.5186880234853655,0.0
189,1,The,DET,det,-0.7976025969652571,4.733084097091282,5.53068669405654,0,0.026145197178954215,0.0
189,2,car,NOUN,compound,1.8388004955473036,12.730006893562273,10.891206398014969,0,0.6060019005712411,0.0
189,3,rental,NOUN,compound,7.914628061400706,13.867510417312209,5.952882355911503,0,5.085599849137885,0.0
189,4,area,NOUN,nsubj:pass,-10.743859171942585,12.488998794058478,23.232857966001063,3,4.182431395132662,0.0
189,5,and,CCONJ,cc,-0.699863593599046,5.740289866824134,6.44015346042318,0,0.04879175745501122,0.0
189,6,parking,NOUN,conj,0.048684185467693375,5.482079380118688,5.433395194650995,2,0.058714241034985036,0.0
189,7,is,AUX,aux:pass,-0.5067135847169801,6.470049691257488,6.976763275974468,0,0.062324390408830393,0.0
189,8,well,ADV,advmod,-0.19282156818526275,8.858521634084953,9.051343202270216,0,0.0980903275461693,0.0
189,9,integrated,VERB,root,0.4651748586334623,15.18943851219957,14.724263653566108,,0.7870075823651022,0.2
189,10,.,PUNCT,punct,0.7600433007682952,3.7008451783641614,2.940801877595866,,0.10386471516931488,0.2
190,1,The,DET,det,-0.7976025969652571,4.733084097091282,5.53068669405654,0,0.026145197178954215,0.0
190,2,airport,NOUN,nsubj,0.2127898669640036,15.18943851219957,14.976648645235567,1,0.6031396117780602,0.0
190,3,offers,VERB,root,-0.9035975358343489,15.18943851219957,16.09303604803392,,0.5988236681539799,0.2
190,4,free,ADJ,amod,-1.1203948090167728,12.488998794058478,13.609393603075251,0,0.370968530593306,0.2
190,5,short,ADJ,amod,-0.30864860122902904,12.604476011478415,12.913124612707444,0,0.32103178503237517,0.2
190,6,term,NOUN,compound,0.830038699628938,13.382083590141967,12.552044890513029,1,0.5786782469028787,0.2
190,7,parking,NOUN,obj,-0.1420552017327692,5.482079380118688,5.624134581851457,2,0.03671736927254406,0.2
190,8,(,PUNCT,punct,0.054501255703728546,9.517013170228076,9.462511914524347,,0.23003046649776704,0.2
190,9,first,ADJ,amod,-0.7609743403255198,9.447971525798424,10.208945866123944,0,0.14874005626004938,0.2
190,10,half,NOUN,compound,0.18113073591915274,11.434551010036103,11.25342027411695,0,0.2606508438333067,0.2
190,11,-,PUNCT,punct,-0.07517112623340871,8.337689470783513,8.412860597016921,,0.10841061357773416,0.2
190,12,hour,NOUN,parataxis,-0.35627724849413234,13.867510417312209,14.223787665806341,2,0.6236796698712889,0.2
190,13,free,ADJ,amod,-0.7057737109436726,12.488998794058478,13.19477250500215,1,0.35545417142324454,0.2
190,14,),PUNCT,punct,0.04155414639461874,9.531227029447775,9.489672883053156,,0.14405495116980824,0.2
190,15,.,PUNCT,punct,-0.17660206121426647,3.7008451783641614,3.877447239578428,,0.03211511068361085,0.2
191,1,By,ADP,case,-0.2566331095169776,8.531227029447775,8.787860138964753,0,0.15605085950251552,0.0
191,2,train,NOUN,root,-1.6304469402064345,15.18943851219957,16.819885452406005,,0.6643010442302988,0.1
192,1,There,PRON,expl,0.5999457779647974,8.075696346150382,7.4757505681855845,0,0.10291354810212022,0.0
192,2,is,AUX,cop,1.9423695571413857,6.470049691257488,4.527680134116102,0,0.31871396500752747,0.0
192,3,no,DET,det,1.8628602527042153,8.567386692743195,6.70452644003898,0,1.1969637255713859,0.0
192,4,passenger,NOUN,compound,-2.525293365575604,5.482079380118688,8.007372745694292,0,1.5173525825109788,0.0
192,5,train,NOUN,compound,-2.6771323091417276,15.18943851219957,17.8665708213413,1,1.357487610112155,0.1
192,6,service,NOUN,root,-0.5592657358114295,12.867510417312209,13.426776153123638,,0.4082139247524031,0.1
192,7,to,ADP,case,-0.49442953207208706,5.85516522689238,6.349594758964467,0,0.0818107217660197,0.1
192,8,Tulsa,PROPN,nmod,-0.18792540983782047,6.11262291514874,6.30054832498656,1,0.20279738905925834,0.1
192,9,.,PUNCT,punct,0.17759086669350754,3.7008451783641614,3.523254311670654,,0.03167760907737684,0.1
193,1,By,ADP,case,-0.2566331095169776,8.531227029447775,8.787860138964753,0,0.15605085950251552,0.0
193,2,car,NOUN,root,3.0483602011776743,12.730006893562273,9.681646692384598,,1.4698420847278753,0.0
194,1,Most,ADJ,amod,0.12512106709979953,10.123349321741799,9.998228254642,0,0.19739127231302583,0.0
194,2,Tulsans,PROPN,nsubj,-2.2914894770185343,6.11262291514874,8.404112392167274,1,0.4538398741068674,0.0
194,3,drive,VERB,root,0.04472067116702316,6.197916666123875,6.153195994956852,,0.38694368105095833,0.0
194,4,almost,ADV,advmod,-0.1912425516455123,12.604476011478415,12.795718563123927,0,0.4985522419176037,0.0
194,5,everywhere,ADV,advmod,0.18491151821847218,14.604476011478415,14.419564493259942,0,0.9707823192340008,0.2
194,6,",",PUNCT,punct,0.4842349221413045,4.552360855055908,4.068125932914604,,0.030521797551783716,0.2
194,7,although,SCONJ,mark,-0.6374850866542872,13.019513510757259,13.656998597411546,0,0.5930327263850603,0.2
194,8,bus,NOUN,compound,-1.7354207484632447,14.604476011478415,16.33989675994166,0,0.8952133652210625,0.2
194,9,",",PUNCT,punct,-0.16274794396799486,4.552360855055908,4.715108799023903,,0.0491854018149243,0.2
194,10,bike,NOUN,conj,-0.8528816654385345,14.604476011478415,15.45735767691695,1,0.4228874534076851,0.3
194,11,",",PUNCT,punct,0.12988036019293858,4.552360855055908,4.4224804948629695,,0.03412207425501539,0.3
194,12,and,CCONJ,cc,-0.5720612745926763,5.740289866824134,6.31235114141681,0,0.06800290225247568,0.3
194,13,pedestrian,NOUN,conj,-0.2261631069665455,5.482079380118688,5.708242487085234,2,0.06368931958077181,0.3
194,14,routes,NOUN,nsubj,-0.34519870421165955,14.604476011478415,14.949674715690074,1,0.5241379776674061,0.3
194,15,are,AUX,aux,-0.5226148218004001,7.693583485312399,8.2161983071128,0,0.09119648784403721,0.3
194,16,starting,VERB,advcl,0.42251618139515834,13.019513510757259,12.5969973293621,3,0.39992324599198653,0.3
194,17,to,PART,mark,-0.4904864109681544,5.85516522689238,6.345651637860534,0,0.04836562864024476,0.3
194,18,catch,VERB,xcomp,0.40592758967705933,13.382083590141967,12.976156000464908,2,0.7852071575031744,0.3
194,19,on,ADP,compound:prt,-0.06480225123348937,7.520553527933323,7.585355779166813,1,0.07863184887724893,0.3
194,20,.,PUNCT,punct,-0.5537926734942373,3.7008451783641614,4.254637851858399,,0.06323517191946688,0.3
195,1,From,ADP,case,-0.6741319550767351,8.288571704218821,8.962703659295556,0,0.09520368428347249,0.0
195,2,the,DET,det,0.4865521723369417,4.733084097091282,4.246531924754341,0,0.1372541147186816,0.0
195,3,Northeast,PROPN,nmod,0.077925853279039,14.604476011478415,14.526550158199376,2,1.0018092980739919,0.2
195,4,/,SYM,cc,-0.4228187490994415,11.730006893562273,12.152825642661714,0,0.46243617352527555,0.2
195,5,Missouri,PROPN,conj,1.1416362672789546,6.11262291514874,4.970986647869785,2,0.710743674066791,0.2
195,6,-,PUNCT,punct,-0.1283803276528026,8.337689470783513,8.466069798436315,,0.1061522487563453,0.2
195,7,I,PROPN,root,-1.6949519234251191,5.824209662948026,7.519161586373145,,0.23349863937769325,0.2
195,8,-,PUNCT,punct,-0.8990755011519997,8.337689470783513,9.236764971935512,,0.09657460544831264,0.2
195,9,44,NUM,flat,2.7913478264234675,8.849588509314946,6.058240682891479,0,0.15207826235193195,0.2
195,10,West,PROPN,flat,0.18683303715574873,13.382083590141967,13.195250552986218,0,0.8905634255067962,0.2
195,11,",",PUNCT,punct,0.05241368430758708,4.552360855055908,4.499947170748321,,0.050825399774488675,0.2
195,12,aka,ADV,advmod,-1.1034211533802551,9.200753825427405,10.30417497880766,0,0.1799375919223257,0.2
195,13,the,DET,det,-1.2010646789816697,4.733084097091282,5.934148776072952,0,0.08247386294167053,0.2
195,14,"""",PUNCT,punct,-1.4401341722694676,7.845142604283754,9.285276776553221,,0.13674354354391455,0.2
195,15,Will,PROPN,compound,-0.6756921082387848,9.060155495254604,9.735847603493388,0,0.11380783087689453,0.2
195,16,Rogers,PROPN,flat,0.8011898620518725,6.11262291514874,5.311433053096867,1,0.35272655521535523,0.2
195,17,Turnpike,PROPN,appos,2.296603773324333,6.11262291514874,3.8160191418244067,3,0.07162536437252602,0.2
195,18,.,PUNCT,punct,0.14498276662813936,3.7008451783641614,3.555862411736022,,0.028401373950609404,0.2
195,19,"""",PUNCT,punct,-0.20400313857208108,7.845142604283754,8.049145742855835,,0.13823956673557353,0.2
196,1,The,DET,det,-0.7976025969652571,4.733084097091282,5.53068669405654,0,0.026145197178954215,0.0
196,2,world,NOUN,nmod:poss,1.1752558830531683,10.331457517071998,9.15620163401883,1,0.3182907668422455,0.0
196,3,'s,PART,case,0.8713350049529769,6.812227981811018,5.940892976858041,1,0.8377929313616852,0.0
196,4,former,ADJ,amod,-2.181132505013963,13.382083590141967,15.56321609515593,0,0.893200036453981,0.0
196,5,largest,ADJ,amod,0.21732525985234652,12.382083590141967,12.16475833028962,1,0.5187937493927935,0.0
196,6,McDonalds,PROPN,nsubj,-0.9547501028801966,6.11262291514874,7.0673730180289365,2,0.2434906178395054,0.0
196,7,spans,VERB,root,-1.672255960871297,6.197916666123875,7.870172626995172,,0.11598616316935416,0.0
196,8,the,DET,det,-0.30297116690455184,4.733084097091282,5.036055263995834,0,0.14149253597384528,0.0
196,9,roadway,NOUN,obj,2.0177154233625747,5.482079380118688,3.4643639567561135,1,0.48257084837149117,0.0
196,10,near,ADP,case,-0.8173034942263548,12.867510417312209,13.684813911538564,0,0.5394874537422127,0.0
196,11,Vinita,PROPN,compound,2.1310737478289568,6.11262291514874,3.981549167319783,0,1.2462263837855874,0.0
196,12,",",PUNCT,punct,0.056052603923671285,4.552360855055908,4.496308251132237,,0.047105809648349185,0.0
196,13,OK,PROPN,nmod,-2.001200848602309,13.867510417312209,15.868711265914518,3,1.1823665961995233,0.0
196,14,.,PUNCT,punct,1.0765909701487772,3.7008451783641614,2.624254208215384,,1.0456231238779456,0.0
197,1,From,ADP,case,-0.6741319550767351,8.288571704218821,8.962703659295556,0,0.09520368428347249,0.0
197,2,the,DET,det,0.4865521723369417,4.733084097091282,4.246531924754341,0,0.1372541147186816,0.0
197,3,East,PROPN,nmod,-0.38943463826517366,12.867510417312209,13.256945055577383,2,0.8684798962851706,0.0
197,4,/,SYM,cc,-0.24034195867164954,11.730006893562273,11.970348852233922,0,0.4737352717869704,0.0
197,5,Arkansas,PROPN,conj,1.4119911819431916,6.11262291514874,4.700631733205548,2,0.34653938590565253,0.0
197,6,-,PUNCT,punct,-0.10756298490390037,8.337689470783513,8.445252455687413,,0.0962475243708726,0.0
197,7,US,PROPN,root,-0.22115365207842075,9.517013170228076,9.738166822306496,,0.3979418794788706,0.0
197,8,-,PUNCT,punct,-0.2908166961763694,8.337689470783513,8.628506166959882,,0.103125303281745,0.0
197,9,412,NUM,flat,2.291181701488661,8.849588509314946,6.558406807826286,0,0.1541188282094821,0.0
197,10,West,PROPN,compound,0.6208896918909836,13.382083590141967,12.761193898250983,0,0.7612336893702435,0.0
197,11,",",PUNCT,punct,-0.051222825824210005,4.552360855055908,4.603583680880118,,0.040090747548369124,0.0
197,12,aka,ADV,advmod,-1.250506616977603,9.200753825427405,10.451260442405008,0,0.14963455500106534,0.0
197,13,the,DET,det,-1.1832520382699077,4.733084097091282,5.91633613536119,0,0.06833109572082496,0.0
197,14,"""",PUNCT,punct,-1.4441216203448421,7.845142604283754,9.289264224628596,,0.16851663725986143,0.0
197,15,Cherokee,PROPN,compound,2.1171669427812874,6.11262291514874,3.9954559723674525,0,0.11051345951390543,0.0
197,16,Turnpike,PROPN,appos,2.340058204490838,6.11262291514874,3.772564710657902,3,0.03600811217763903,0.0
197,17,.,PUNCT,punct,0.1064612505160154,3.7008451783641614,3.594383927848146,,0.029994219106618474,0.0
197,18,"""",PUNCT,punct,-0.2646122328261695,7.845142604283754,8.109754837109923,,0.14748517340056227,0.0
198,1,From,ADP,case,-0.6741319550767351,8.288571704218821,8.962703659295556,0,0.09520368428347249,0.0
198,2,the,DET,det,0.4865521723369417,4.733084097091282,4.246531924754341,0,0.1372541147186816,0.0
198,3,Southeast,PROPN,nmod,1.4571303166203213,6.11262291514874,4.655492598528419,2,0.24919267940692033,0.0
198,4,/,SYM,cc,1.3064572794847145,11.730006893562273,10.423549614077558,0,0.812190434132528,0.0
198,5,Arkansas,PROPN,conj,3.2382688402843494,6.11262291514874,2.8743540748643905,2,1.6722255012495668,0.0
198,6,-,PUNCT,punct,0.82681555443299,8.337689470783513,7.510873916350523,,0.4968957877740613,0.0
198,7,The,DET,det,-0.7669423727045368,4.733084097091282,5.500026469795819,0,0.24374999508506248,0.0
198,8,"""",PUNCT,punct,-0.34316218017965827,7.845142604283754,8.188304784463412,,0.5787907474942806,0.0
198,9,Muskogee,PROPN,compound,4.929745253902504,6.11262291514874,1.182877661246236,0,0.8217280383198523,0.0
198,10,Turnpike,PROPN,root,3.5809484713395388,6.11262291514874,2.531674443809201,,0.2992053888316287,0.0
198,11,.,PUNCT,punct,-0.15064350598930698,3.7008451783641614,3.8514886843534684,,0.16385762978888024,0.0
198,12,"""",PUNCT,punct,0.749169982371563,7.845142604283754,7.095972621912191,,0.5760371124942908,0.0
199,1,From,ADP,case,-0.6741319550767351,8.288571704218821,8.962703659295556,0,0.09520368428347249,0.0
199,2,the,DET,det,0.4865521723369417,4.733084097091282,4.246531924754341,0,0.1372541147186816,0.0
199,3,South,PROPN,nmod,-0.048948579147882754,11.941510998755986,11.990459577903868,2,0.32556488325486266,0.0
199,4,-,PUNCT,punct,-0.45821296168580616,8.337689470783513,8.795902432469319,,0.08188913635959104,0.0
199,5,US,PROPN,root,-0.25615715175920606,9.517013170228076,9.773170321987282,,0.31490519062446487,0.0
199,6,-,PUNCT,punct,-0.41892182086654906,8.337689470783513,8.756611291650062,,0.10222583585629724,0.0
199,7,75,NUM,flat,1.8488227258110976,8.849588509314946,7.000765783503849,0,0.13951741048140112,0.0
199,8,from,ADP,case,-0.31165201182602864,8.288571704218821,8.60022371604485,0,0.06140001234423729,0.0
199,9,Okmulgee,PROPN,nmod,2.1376307381389483,6.11262291514874,3.9749921770097916,1,0.0435827027462748,0.0
199,10,",",PUNCT,punct,0.01958186739869916,4.552360855055908,4.532778987657209,,0.029298035171184046,0.0
199,11,OK,PROPN,nmod:unmarked,-1.3521008683551337,13.867510417312209,15.219611285667343,1,0.7598743816112709,0.0
199,12,",",PUNCT,punct,1.1191872816578852,4.552360855055908,3.433173573398023,,0.2375062928818536,0.0
199,13,aka,ADV,advmod,-0.9047723891891746,9.200753825427405,10.10552621461658,0,0.08408839287671958,0.0
199,14,the,DET,det,-1.1969226624264806,4.733084097091282,5.930006759517763,0,0.12921606549864453,0.0
199,15,"""",PUNCT,punct,-1.4949132562335583,7.845142604283754,9.340055860517312,,0.17364928718209563,0.0
199,16,Okmulgee,PROPN,compound,2.0947299268091246,6.11262291514874,4.017892988339615,0,0.09690027185921224,0.0
199,17,Beeline,PROPN,appos,2.384345329323643,6.11262291514874,3.7282775858250967,3,0.04464922361091904,0.0
199,18,.,PUNCT,punct,0.14541177952167939,3.7008451783641614,3.555433398842482,,0.03295383958337322,0.0
199,19,"""",PUNCT,punct,-0.2097449456842524,7.845142604283754,8.054887549968006,,0.14798819577353284,0.0
200,1,From,ADP,case,-0.6741319550767351,8.288571704218821,8.962703659295556,0,0.09520368428347249,0.0
200,2,the,DET,det,0.4865521723369417,4.733084097091282,4.246531924754341,0,0.1372541147186816,0.0
200,3,Southwest,PROPN,nmod,1.4571303166203213,6.11262291514874,4.655492598528419,2,0.24919267940692033,0.0
200,4,/,SYM,cc,1.3064572794847145,11.730006893562273,10.423549614077558,0,0.812190434132528,0.0
200,5,Oklahoma,PROPN,compound,-1.5644272686122331,15.18943851219957,16.753865780811804,0,0.8622465198098619,0.2
200,6,City,PROPN,conj,1.0613840510436958,11.434551010036103,10.373166958992407,3,0.5125483380492039,0.2
200,7,-,PUNCT,punct,-0.11703159500330074,8.337689470783513,8.454721065786813,,0.07652126295524206,0.2
200,8,I,PROPN,root,-1.7452100247011995,5.824209662948026,7.5694196876492255,,0.06852978148942389,0.2
200,9,-,PUNCT,punct,-0.9595096532881318,8.337689470783513,9.297199124071645,,0.09751701235809068,0.2
200,10,44,NUM,flat,2.479693736026741,8.849588509314946,6.369894773288205,0,0.16734615326788707,0.2
200,11,East,PROPN,flat,0.3409865176847813,12.867510417312209,12.526523899627428,0,0.8499678093237569,0.2
200,12,",",PUNCT,punct,0.039104386546094716,4.552360855055908,4.513256468509813,,0.04625200443478984,0.2
200,13,aka,ADV,advmod,-1.1184688438182828,9.200753825427405,10.319222669245688,0,0.2841312640229785,0.2
200,14,the,DET,det,-1.1917098777490391,4.733084097091282,5.9247939748403216,0,0.08457245185278124,0.2
200,15,"""",PUNCT,punct,-1.4321921112193943,7.845142604283754,9.277334715503148,,0.11756241311261312,0.2
200,16,Turner,PROPN,compound,1.992746853808021,6.11262291514874,4.119876061340719,0,0.14812314446587302,0.2
200,17,Turnpike,PROPN,appos,2.3171476246885403,6.11262291514874,3.7954752904601996,3,0.04683605022747378,0.2
200,18,.,PUNCT,punct,0.11383701924978507,3.7008451783641614,3.5870081591143763,,0.02731100548648636,0.2
200,19,"""",PUNCT,punct,-0.24348761813442987,7.845142604283754,8.088630222418184,,0.08714266873790788,0.2
201,1,From,ADP,case,-0.6741319550767351,8.288571704218821,8.962703659295556,0,0.09520368428347249,0.0
201,2,the,DET,det,0.4865521723369417,4.733084097091282,4.246531924754341,0,0.1372541147186816,0.0
201,3,West,PROPN,nmod,0.3274119681996588,13.382083590141967,13.054671621942308,2,0.7760992634838126,0.0
201,4,-,PUNCT,punct,-0.7408720623425467,8.337689470783513,9.07856153312606,,0.310374460871813,0.0
201,5,US,PROPN,root,-0.45711415155090407,9.517013170228076,9.97412732177898,,0.31735755236381785,0.0
201,6,-,PUNCT,punct,-0.48602770935162276,8.337689470783513,8.823717180135136,,0.13696514405822782,0.0
201,7,412,NUM,flat,1.7692759161201081,8.849588509314946,7.080312593194838,0,0.20771902417048793,0.0
201,8,East,PROPN,compound,0.593750649724635,12.867510417312209,12.273759767587574,0,0.8472760758991612,0.0
201,9,",",PUNCT,punct,-0.11860411783987868,4.552360855055908,4.670964972895787,,0.03383858451932189,0.0
201,10,aka,ADV,advmod,-1.2168524081730325,9.200753825427405,10.417606233600438,0,0.26925608878506124,0.0
201,11,the,DET,det,-1.169430213962559,4.733084097091282,5.902514311053841,0,0.09183060285034741,0.0
201,12,"""",PUNCT,punct,-1.4843527986973415,7.845142604283754,9.329495402981095,,0.1858592533287955,0.0
201,13,Cimarron,PROPN,compound,2.099599751887986,6.11262291514874,4.013023163260754,0,0.11822762042928255,0.0
201,14,Turnpike,PROPN,appos,2.330174157301799,6.11262291514874,3.782448757846941,3,0.042535593472819634,0.0
201,15,.,PUNCT,punct,0.09033633039304068,3.7008451783641614,3.6105088479711207,,0.029435859015119664,0.0
201,16,"""",PUNCT,punct,-0.2877689970458901,7.845142604283754,8.132911601329644,,0.1446162952199576,0.0
202,1,For,ADP,case,-0.6007896276470355,7.502937985016352,8.103727612663388,0,0.054257875705539194,0.0
202,2,the,DET,det,0.40721037251177705,4.733084097091282,4.325873724579505,0,0.05710453177464834,0.0
202,3,slow,ADJ,amod,-0.4812211498060055,13.382083590141967,13.863304739947973,0,0.9479716067615436,0.0
202,4,scenic,ADJ,amod,-0.29598575102838787,14.604476011478415,14.900461762506803,0,1.0150784679569915,0.1
202,5,route,NOUN,obl,1.0760990663223708,5.482079380118688,4.405980313796317,4,0.054469269015443446,0.1
202,6,from,ADP,case,-0.30959731140904445,8.288571704218821,8.598169015627866,0,0.07990189842426423,0.1
202,7,Northeast,PROPN,nmod,0.7670681155566115,14.604476011478415,13.837407895921803,2,0.914427111812091,0.3
202,8,or,CCONJ,cc,-0.5415074371998454,8.461518057636372,9.003025494836217,0,0.09034227228579686,0.3
202,9,Southwest,PROPN,conj,1.4193124007971862,6.11262291514874,4.693310514351554,2,0.5466418296710229,0.3
202,10,come,VERB,root,-1.5740616215488288,10.634849660521933,12.208911282070762,,0.29073558307622716,0.3
202,11,in,ADP,compound:prt,-0.22455410878894533,6.195085075340713,6.419639184129658,0,0.050958798942729554,0.3
202,12,on,ADP,case,0.5482771817840932,7.520553527933323,6.97227634614923,0,0.07535164908874502,0.3
202,13,old,ADJ,amod,-0.3362437840239636,11.604476011478415,11.940719795502378,0,0.3500578638786866,0.3
202,14,Route,PROPN,obl,0.32631819237137094,6.11262291514874,5.786304722777369,2,0.1867072443184199,0.3
202,15,66,NUM,flat,1.319241676501072,8.849588509314946,7.5303468328138745,1,0.1288890745468417,0.3
202,16,.,PUNCT,punct,0.5745693966387404,3.7008451783641614,3.126275781725421,,0.03794489725190315,0.3
203,1,By,ADP,case,-0.2566331095169776,8.531227029447775,8.787860138964753,0,0.15605085950251552,0.0
203,2,bus,NOUN,root,6.436994126544771,14.604476011478415,8.167481884933643,,2.5868803404898784,0.0
204,1,Greyhound,PROPN,compound,-0.19592036260047863,6.11262291514874,6.3085432777492185,0,0.07664910517989604,0.0
204,2,Bus,PROPN,compound,-3.829799005638211,14.604476011478415,18.434275017116626,1,0.8294696621633685,0.0
204,3,Lines,PROPN,root,-1.1158721245145653,15.18943851219957,16.305310636714136,,0.7352564838901775,0.2
204,4,+1918584-4428,NUM,dep,-0.7450337103466698,8.849588509314946,9.594622219661616,,0.12491548128170553,0.2
204,5,",",PUNCT,punct,0.11647023613660856,4.552360855055908,4.4358906189192995,,0.05439329428305501,0.2
204,6,317,NUM,nummod,2.358977435751809,8.849588509314946,6.490611073563137,0,0.10721932311391828,0.2
204,7,S,PROPN,compound,-0.6311616814858017,15.18943851219957,15.820600193685372,0,0.9323093905098647,0.3
204,8,Detroit,PROPN,compound,1.0735967996567215,6.11262291514874,5.039026115492018,0,0.5830609069162581,0.3
204,9,Ave.,PROPN,dep,1.7806554955224376,6.11262291514874,4.331967419626302,,0.11138322938225517,0.3
204,10,(,PUNCT,punct,-0.10322053074270521,9.517013170228076,9.62023370097078,,0.13420319528493255,0.3
204,11,downtown,NOUN,compound,1.8755697941822138,15.18943851219957,13.313868718017357,0,0.7312275786450941,0.3
204,12,),PUNCT,punct,-0.04174146186457328,9.531227029447775,9.572968491312349,,0.1290105209577691,0.3
204,13,.,PUNCT,punct,-0.37231891498632796,3.7008451783641614,4.073164093350489,,0.06503847822717797,0.3
205,1,Get,VERB,root,0.7929135120806929,9.282547916591051,8.489634404510358,,0.16448987959021752,0.0
205,2,around,ADV,advmod,1.2859428310163814,10.941510998755986,9.655568167739604,0,1.2115726965232623,0.0
206,1,Thanks,NOUN,obl:unmarked,1.0571060720567171,12.867510417312209,11.810404345255492,0,0.4343763934093438,0.0
206,2,to,ADP,case,-1.3905053136539953,5.85516522689238,7.245670540546375,0,0.6824072405766922,0.0
206,3,urban,ADJ,amod,-3.3339050491994513,14.604476011478415,17.938381060677866,0,0.6438414977881451,0.0
206,4,planning,NOUN,nmod,-0.7357223859027169,14.604476011478415,15.340198397381132,3,1.1370177087525182,0.1
206,5,",",PUNCT,punct,0.08237497898860102,4.552360855055908,4.469985876067307,,0.3386621703655451,0.1
206,6,the,DET,det,-0.47093274264122087,4.733084097091282,5.204016839732503,0,0.12208680392667566,0.1
206,7,major,ADJ,amod,0.026282137278929696,12.604476011478415,12.578193874199485,0,0.2792303106762407,0.1
206,8,city,NOUN,compound,0.5099756924990704,11.434551010036103,10.924575317537032,0,0.3440878460874708,0.1
206,9,streets,NOUN,nsubj:pass,-0.08048046540247888,14.18943851219957,14.26991897760205,3,0.2799794803542742,0.1
206,10,are,AUX,aux:pass,-0.5665344426725225,7.693583485312399,8.260117927984922,0,0.1522065430874095,0.1
206,11,placed,VERB,root,0.6450520218333144,6.197916666123875,5.552864644290561,,0.1061656621937519,0.1
206,12,in,ADP,case,-0.16227914557636325,6.195085075340713,6.357364220917076,0,0.05557580682192491,0.1
206,13,a,DET,det,0.6400980640187157,5.916808727223201,5.276710663204486,0,0.05200830991365319,0.1
206,14,grid,NOUN,compound,1.3400802647315464,5.482079380118688,4.141999115387142,0,0.025934692430956228,0.1
206,15,layout,NOUN,obl,0.03511567702948071,5.482079380118688,5.4469637030892075,3,0.02877233484202671,0.1
206,16,.,PUNCT,punct,0.492618193460586,3.7008451783641614,3.2082269849035754,,0.018051974326123866,0.1
207,1,Almost,ADV,advmod,-0.06666707468870214,12.604476011478415,12.671143086167117,0,0.5595869209019138,0.0
207,2,all,DET,det,-1.8584009765367284,8.312921565634571,10.1713225421713,0,0.19843371726669629,0.0
207,3,major,ADJ,amod,0.4234953635979952,12.604476011478415,12.18098064788042,0,0.317875427935777,0.0
207,4,intersections,NOUN,nsubj,1.4506387119805284,5.482079380118688,4.03144066813816,3,0.9728839361187491,0.0
207,5,are,AUX,cop,-0.5532019758157736,7.693583485312399,8.246785461128173,0,0.28477404415882857,0.0
207,6,one,NUM,nummod,-1.950340836263715,8.552813891655921,10.503154727919636,0,0.7009115441824045,0.0
207,7,mile,NOUN,root,0.2945099015384276,5.482079380118688,5.187569478580261,,0.36890412934855266,0.0
207,8,from,ADP,case,-0.2737785266089734,8.288571704218821,8.562350230827795,0,0.24356610372040277,0.0
207,9,each,DET,obl,-0.22413344713985417,11.730006893562273,11.954140340702127,1,1.31170783417225,0.0
207,10,other,ADJ,fixed,2.0239987712396594,9.867510417312209,7.84351164607255,1,1.3227271628727344,0.0
207,11,",",PUNCT,punct,-0.6887087052064729,4.552360855055908,5.241069560262381,,0.31715978024921376,0.0
207,12,and,CCONJ,cc,-0.2858070024380197,5.740289866824134,6.026096869262154,0,0.6805673909598648,0.0
207,13,exactly,ADV,advmod,-1.5980979480473767,13.604476011478415,15.202573959525791,0,1.268911933976094,0.0
207,14,in,ADP,case,-0.3911813141146414,6.195085075340713,6.586266389455354,0,0.065329158007943,0.0
207,15,a,DET,det,0.7208182473534546,5.916808727223201,5.195990479869747,0,0.060887519637821304,0.0
207,16,straight,ADJ,amod,-0.28604701321027015,13.382083590141967,13.668130603352237,0,0.40399566179663704,0.0
207,17,line,NOUN,conj,0.9761107302134242,13.019513510757259,12.043402780543834,5,0.4369387618947436,0.0
207,18,.,PUNCT,punct,0.41688347718275054,3.7008451783641614,3.283961701181411,,0.019499488857146134,0.0
208,1,That,PRON,nsubj,0.35977588386288684,6.437894453110473,6.078118569247586,0,0.06134847913119392,0.0
208,2,makes,VERB,root,2.292883065260636,12.282547916591051,9.989664851330415,,0.43019039943568904,0.0
208,3,it,PRON,obj,1.4691073768970009,6.147779360562356,4.678671983665355,0,0.6088904721800188,0.0
208,4,much,ADV,advmod,-2.187784461230173,10.282547916591051,12.470332377821224,0,1.2347535224381412,0.0
208,5,easier,ADJ,xcomp,5.47542513902923,6.939140094293238,1.4637149552640076,1,1.698616582118783,0.0
208,6,to,PART,mark,-0.5220093662122833,5.85516522689238,6.377174593104663,0,0.3783112940854293,0.0
208,7,find,VERB,xcomp,-0.9513241274419961,11.282547916591051,12.233872044033047,2,3.1987911213602165,0.0
208,8,places,NOUN,obj,-7.441473487604583,13.382083590141967,20.82355707774655,1,3.7763277875782597,0.0
208,9,than,SCONJ,mark,-0.2548825097970884,10.604476011478415,10.859358521275503,0,0.14821302758471877,0.0
208,10,in,ADP,case,0.504784712906095,6.195085075340713,5.690300362434618,0,0.05394047580911956,0.0
208,11,cities,NOUN,advcl,0.9483925251487921,15.18943851219957,14.241045987050779,3,0.5537822382648313,0.0
208,12,where,ADV,advmod,-0.4469545465922806,10.574728668084362,11.021683214676642,0,0.12763276905657378,0.0
208,13,streets,NOUN,nsubj,-0.6590575101270044,14.18943851219957,14.848496022326575,0,0.25829843881465975,0.0
208,14,go,VERB,acl:relcl,-0.7117841448427704,9.502937985016352,10.214722129859123,3,0.17738055143449724,0.0
208,15,every,DET,det,-0.33012783269926693,11.101975670949232,11.432103503648499,0,0.2742359790849793,0.0
208,16,which,DET,det,-0.1586898337292748,10.30679546283773,10.465485296567005,0,0.1627020394060793,0.0
208,17,way,NOUN,obl:unmarked,1.1534145153731235,10.545582322424846,9.392167807051722,3,0.20800877938142506,0.0
208,18,.,PUNCT,punct,0.5802239360893799,3.7008451783641614,3.1206212422747814,,0.02016506750341867,0.0
209,1,By,ADP,case,-0.2566331095169776,8.531227029447775,8.787860138964753,0,0.15605085950251552,0.0
209,2,car,NOUN,root,3.0483602011776743,12.730006893562273,9.681646692384598,,1.4698420847278753,0.0
210,1,In,ADP,case,-0.7512908726612668,6.195085075340713,6.94637594800198,0,0.059321265642547326,0.0
210,2,the,DET,det,0.5564226776451635,4.733084097091282,4.176661419446119,0,0.04856337869467587,0.0
210,3,mid-town,NOUN,compound,1.1667312997315227,5.482079380118688,4.3153480803871656,0,0.05306748327864662,0.0
210,4,area,NOUN,obl,-1.2519393739813989,12.488998794058478,13.740938168039877,3,0.6164904323564045,0.0
210,5,the,DET,det,-0.61684899141044,4.733084097091282,5.3499330885017224,0,0.03176467181557281,0.0
210,6,names,NOUN,nsubj:pass,1.3037515133221476,13.867510417312209,12.563758903990061,1,0.5238060525860658,0.0
210,7,are,AUX,aux:pass,-0.7154091812579564,7.693583485312399,8.408992666570356,0,0.07691663577847771,0.0
210,8,taken,VERB,root,0.6071513795984256,13.382083590141967,12.774932210543541,,0.5796339362218212,0.0
210,9,from,ADP,case,-0.25303004622715264,8.288571704218821,8.541601750445974,0,0.07591599566994334,0.0
210,10,colleges,NOUN,obl,0.6574398678343227,5.482079380118688,4.8246395122843655,1,0.0388410783303907,0.0
210,11,and,CCONJ,cc,-0.5999112482793345,5.740289866824134,6.3402011151034685,0,0.05359370055706979,0.0
210,12,college,NOUN,compound,0.030020090965420465,13.382083590141967,13.352063499176547,0,0.42445406288723403,0.0
210,13,towns,NOUN,conj,-0.3887812390563514,5.482079380118688,5.87086061917504,3,0.12223925455387119,0.0
210,14,.,PUNCT,punct,0.32969375214438124,3.7008451783641614,3.37115142621978,,0.0221717504182615,0.0
211,1,North,PROPN,nsubj:pass,-0.2978169894605269,11.867510417312209,12.165327406772736,0,0.5196313005192514,0.0
211,2,/,SYM,cc,-1.5769584355767527,11.730006893562273,13.306965329139025,0,0.5029598524162233,0.0
211,3,South,PROPN,conj,0.2610310860554783,11.941510998755986,11.680479912700507,2,0.41696283166046044,0.0
211,4,is,AUX,aux:pass,-1.2154542436177387,6.470049691257488,7.685503934875227,0,0.10271142286744733,0.0
211,5,divided,VERB,root,0.6199684515310269,6.197916666123875,5.5779482145928485,,0.09313128707712531,0.0
211,6,by,ADP,case,-0.3033005054265363,8.531227029447775,8.834527534874312,0,0.1155664828114322,0.0
211,7,Admiral,PROPN,compound,0.611226144693271,6.11262291514874,5.501396770455469,0,0.1838454147381648,0.0
211,8,Blvd,PROPN,obl:agent,2.0607363639731426,6.11262291514874,4.051886551175597,2,0.26409983658039476,0.0
211,9,.,PUNCT,punct,0.07414140809582159,3.7008451783641614,3.62670377026834,,0.09131816492539585,0.0
212,1,In,ADP,case,-0.7512908726612668,6.195085075340713,6.94637594800198,0,0.059321265642547326,0.0
212,2,the,DET,det,0.5564226776451635,4.733084097091282,4.176661419446119,0,0.04856337869467587,0.0
212,3,parts,NOUN,obl,0.435401932802991,13.604476011478415,13.169074078675424,2,0.475800551359685,0.0
212,4,of,ADP,case,-0.7027449875614149,5.747531807657332,6.4502767952187465,0,0.04945111690398743,0.0
212,5,the,DET,det,0.9065087314024027,4.733084097091282,3.8265753656888797,0,0.031354618888831835,0.0
212,6,city,NOUN,nmod,0.8331119112014438,11.434551010036103,10.601439098834659,3,0.31538561274198273,0.0
212,7,farther,ADJ,amod,-0.7239196106172576,6.939140094293238,7.663059704910496,1,0.04575178020668517,0.0
212,8,from,ADP,case,0.31452847372632675,8.288571704218821,7.974043230492494,0,0.0757572477649986,0.0
212,9,downtown,NOUN,obl,0.7433012094088696,15.18943851219957,14.446137302790701,2,0.6160432746981586,0.1
212,10,",",PUNCT,punct,0.04297745002086373,4.552360855055908,4.509383405035044,,0.03372159429309342,0.1
212,11,north,NOUN,compound,1.4866202016611343,11.867510417312209,10.380890215651075,0,0.39081134339323925,0.1
212,12,-,PUNCT,punct,0.07818966891881374,8.337689470783513,8.259499801864699,,0.06212670452760295,0.1
212,13,south,NOUN,compound,1.8742757959330572,11.941510998755986,10.067235202822928,1,0.19229164826190817,0.1
212,14,streets,NOUN,nsubj:pass,-1.3864378500905499,14.18943851219957,15.57587636229012,1,0.29195680070370295,0.1
212,15,are,AUX,aux:pass,-0.7297104668015253,7.693583485312399,8.423293952113925,0,0.07692085017445556,0.1
212,16,numbered,VERB,root,0.5263773853714211,6.197916666123875,5.671539280752454,,0.07321537983858965,0.1
212,17,.,PUNCT,punct,0.7531624113106243,3.7008451783641614,2.947682767053537,,0.020179743232990845,0.1
213,1,Numbered,ADJ,amod,0.014812312186456289,6.939140094293238,6.924327782106782,0,0.03357182618896338,0.0
213,2,streets,NOUN,nsubj,-1.9090484669551326,14.18943851219957,16.098486979154703,1,0.2912638843192168,0.0
213,3,run,VERB,root,-0.9306941661524686,12.382083590141967,13.312777756294436,,0.5691974466074493,0.0
213,4,East,ADV,advmod,-1.0949633246317152,12.867510417312209,13.962473741943924,0,0.511305606972839,0.0
213,5,/,SYM,cc,-0.18527366958926095,11.730006893562273,11.915280563151533,0,0.4108229398449959,0.0
213,6,West,ADV,conj,-0.015057307874716486,13.382083590141967,13.397140898016684,2,0.6808394205008986,0.0
213,7,with,SCONJ,mark,-0.06268462220462201,7.899419665266953,7.962104287471575,0,0.10275019072815836,0.0
213,8,Main,ADJ,amod,-0.8773378775933605,12.488998794058478,13.366336671651839,0,0.39618679259679435,0.0
213,9,Street,PROPN,nsubj,1.2472248583563221,12.730006893562273,11.48278203520595,1,0.424631048587708,0.0
213,10,and,CCONJ,cc,-0.5256875859872148,5.740289866824134,6.265977452811349,0,0.06187229691054125,0.0
213,11,the,DET,det,-0.05300619194125833,4.733084097091282,4.786090289032541,0,0.08627925319240558,0.0
213,12,Arkansas,PROPN,compound,2.0526403735361125,6.11262291514874,4.059982541612627,0,0.3101863195041291,0.0
213,13,River,PROPN,conj,0.6339390967421163,14.18943851219957,13.555499415457454,4,1.5534979562223976,0.0
213,14,as,ADP,case,-0.37376546018553114,8.150519522907269,8.5242849830928,0,0.08320896769400954,0.0
213,15,the,DET,det,-0.00436894115569153,4.733084097091282,4.737453038246974,0,0.12873249664724845,0.0
213,16,dividing,VERB,amod,-4.320823009752695,6.197916666123875,10.51873967587657,0,0.12239276913885522,0.0
213,17,line,NOUN,advcl,0.08416316185104655,13.019513510757259,12.935350348906212,5,0.45594899051933435,0.0
213,18,.,PUNCT,punct,0.3351638547534397,3.7008451783641614,3.3656813236107217,,0.02955068692262003,0.0
214,1,In,ADP,case,-0.7512908726612668,6.195085075340713,6.94637594800198,0,0.059321265642547326,0.0
214,2,some,DET,det,0.5489878971958095,9.223654227537484,8.674666330341674,0,0.31047807631256974,0.0
214,3,parts,NOUN,obl,0.4323274303039497,13.604476011478415,13.172148581174465,2,0.6640060826714145,0.0
214,4,of,ADP,case,-0.7027865530863036,5.747531807657332,6.450318360743635,0,0.04944579058435843,0.0
214,5,the,DET,det,0.9064335829973538,4.733084097091282,3.8266505140939286,0,0.031351777764212774,0.0
214,6,city,NOUN,nmod,0.833115555591661,11.434551010036103,10.601435454444442,3,0.3153868975051807,0.0
214,7,",",PUNCT,punct,0.01870690404939168,4.552360855055908,4.533653951006516,,0.030399663650417984,0.0
214,8,numbered,ADJ,amod,-0.7735402123820574,6.939140094293238,7.712680306675296,0,0.04779315143457726,0.0
214,9,streets,NOUN,nsubj,0.5906918268076975,14.18943851219957,13.598746685391873,1,0.25487261682162005,0.0
214,10,intersect,VERB,root,-0.8558626619948058,6.197916666123875,7.053779328118681,,0.06251643883723955,0.0
214,11,",",PUNCT,punct,0.5038970768548117,4.552360855055908,4.048463778201096,,0.018522834975579383,0.0
214,12,so,ADV,advmod,-0.45229940072638897,7.738227400367242,8.19052680109363,0,0.11103759759310222,0.0
214,13,the,DET,det,-0.9061268099140429,4.733084097091282,5.639210907005325,0,0.03826836982588812,0.0
214,14,distinction,NOUN,nsubj,1.2362037709727947,15.18943851219957,13.953234741226776,1,0.9944001997005449,0.1
214,15,is,AUX,cop,-0.6080088358617672,6.470049691257488,7.078058527119255,0,0.0480242515609555,0.1
214,16,important,ADJ,parataxis,1.0169962761379931,12.019513510757259,11.002517234619265,3,0.23964276881687946,0.1
214,17,.,PUNCT,punct,0.4719739386876589,3.7008451783641614,3.2288712396765025,,0.02672449085434121,0.1
215,1,Downtown,PROPN,compound,-1.1488352714638967,15.18943851219957,16.338273783663467,0,0.6306711714933813,0.1
215,2,streets,NOUN,nsubj:pass,-2.8768840967747895,14.18943851219957,17.06632260897436,1,0.30270264587319273,0.1
215,3,were,AUX,aux:pass,-0.49417867943765437,9.060155495254604,9.554334174692258,0,0.10982372888318623,0.1
215,4,originally,ADV,advmod,0.21408958789561439,15.18943851219957,14.975348924303956,0,0.7744586186858134,0.2
215,5,platted,VERB,root,0.9285101646220051,6.197916666123875,5.26940650150187,,0.07255917568570598,0.2
215,6,parallel,ADJ,xcomp,-0.7901195913131005,6.939140094293238,7.729259685606339,0,0.0570665830009907,0.2
215,7,to,ADP,case,-0.5653169680313637,5.85516522689238,6.420482194923744,0,0.049189825970618474,0.2
215,8,the,DET,det,0.6079476805841058,4.733084097091282,4.125136416507177,0,0.03494954833892475,0.2
215,9,Frisco,PROPN,compound,-0.5694788250678249,6.11262291514874,6.682101740216565,0,0.06761346029347191,0.2
215,10,railroad,NOUN,compound,-0.24967859901343736,5.482079380118688,5.731757979132126,0,0.04006100976504938,0.2
215,11,tracks,NOUN,obl,0.009615537758485004,14.604476011478415,14.59486047371993,5,0.637878402821101,0.2
215,12,.,PUNCT,punct,0.5181025093500886,3.7008451783641614,3.1827426690140728,,0.014813254178922134,0.2
216,1,Thus,ADV,advmod,0.4812409064497416,13.18943851219957,12.70819760574983,0,0.5895222357921035,0.0
216,2,the,DET,det,-2.5618427477419408,4.733084097091282,7.294926844833223,0,0.29333834434396466,0.0
216,3,"""",PUNCT,punct,-2.1930976632247594,7.845142604283754,10.038240267508513,,0.2587286911102727,0.0
216,4,twisted,VERB,amod,-1.7819337149195569,6.197916666123875,7.979850381043432,0,0.3920088966440506,0.0
216,5,"""",PUNCT,punct,0.4630086323056748,7.845142604283754,7.382133971978079,,0.1570267964346564,0.0
216,6,area,NOUN,nsubj,-0.6481313400742987,12.488998794058478,13.137130134132777,2,0.5507077181317186,0.0
216,7,down,NOUN,compound,-0.32941923965023,10.235242201812696,10.564661441462926,0,0.23358237255304312,0.0
216,8,-,PUNCT,punct,-0.41230983509377417,8.337689470783513,8.749999305877287,,0.08241022787628885,0.0
216,9,town,NOUN,obl:unmarked,-0.5743290561150989,13.18943851219957,13.76376756831467,2,0.46730532195847047,0.0
216,10,represents,VERB,root,-0.7119605465005892,6.197916666123875,6.9098772126244645,,0.11155418772738611,0.0
216,11,the,DET,det,-0.49125933899931784,4.733084097091282,5.2243434360906,0,0.033913247445826654,0.0
216,12,original,ADJ,amod,0.023377939589746433,12.867510417312209,12.844132477722463,0,0.5046607186958086,0.0
216,13,extent,NOUN,obj,1.105444032708288,14.18943851219957,13.083994479491283,2,0.5447840217806059,0.1
216,14,of,ADP,case,-0.0679872984428389,5.747531807657332,5.8155191061001705,0,0.042277216186211504,0.1
216,15,Tulsa,PROPN,nmod,0.5084728868162944,6.11262291514874,5.6041500283324455,2,0.06805421850196139,0.1
216,16,ca,ADP,case,-0.9368024692203125,10.831886507581487,11.7686889768018,0,0.23342118966726016,0.1
216,17,1907,NUM,nmod,0.5049701901164685,8.849588509314946,8.344618319198478,2,0.1834400360832723,0.1
216,18,.,PUNCT,punct,0.776618467365914,3.7008451783641614,2.9242267109982474,,0.0404732934527323,0.1
217,1,By,ADP,case,-0.2566331095169776,8.531227029447775,8.787860138964753,0,0.15605085950251552,0.0
217,2,bus,NOUN,root,6.436994126544771,14.604476011478415,8.167481884933643,,2.5868803404898784,0.0
218,1,Tulsa,PROPN,compound,-0.19592036260047863,6.11262291514874,6.3085432777492185,0,0.07664910517989604,0.0
218,2,Transit,PROPN,nsubj,1.5592150997014613,6.11262291514874,4.553407815447279,1,0.06968842426473332,0.0
218,3,provides,VERB,root,-3.0154659939204276,13.019513510757259,16.034979504677686,,0.47490241212224527,0.0
218,4,bus,NOUN,compound,-0.8699522545322722,14.604476011478415,15.474428266010687,0,0.8352980921604014,0.0
218,5,service,NOUN,obj,-0.6433978551762376,12.867510417312209,13.510908272488447,1,0.42457216130731734,0.0
218,6,for,ADP,case,-0.4687170201567783,7.502937985016352,7.9716550051731305,0,0.04922916020924279,0.0
218,7,the,DET,det,0.6586173522748311,4.733084097091282,4.074466744816451,0,0.046942950526517736,0.0
218,8,Tulsa,PROPN,compound,0.32307612077391923,6.11262291514874,5.789546794374821,0,0.22589653872231027,0.0
218,9,Metro,PROPN,compound,2.02515878187036,6.11262291514874,4.08746413327838,0,0.06348463983464865,0.0
218,10,area,NOUN,nmod,-1.3532124468997857,12.488998794058478,13.842211240958264,5,0.6493252626737943,0.0
218,11,.,PUNCT,punct,0.24863352622408597,3.7008451783641614,3.4522116521400754,,0.030136389652129177,0.0
219,1,Cities,NOUN,nsubj,0.5787567943259528,15.18943851219957,14.610681717873618,0,1.8764255983968996,0.0
219,2,served,VERB,acl,-3.1781343272979594,14.18943851219957,17.36757283949753,1,1.9323308201297884,0.0
219,3,are,AUX,cop,-1.339890392839652,7.693583485312399,9.033473878152051,0,0.0866351535549158,0.0
219,4,Tulsa,PROPN,root,-1.3679079054379368,6.11262291514874,7.480530820586677,,0.0846362521890427,0.0
219,5,",",PUNCT,punct,-0.18095320200022957,4.552360855055908,4.733314057056138,,0.031844609476896484,0.0
219,6,Sand,PROPN,compound,-1.1612178138573572,15.18943851219957,16.350656326056928,0,0.5332802373056026,0.1
219,7,Springs,PROPN,conj,-0.613049370158107,6.11262291514874,6.725672285306847,1,0.05216516101539981,0.1
219,8,",",PUNCT,punct,0.0592658898938625,4.552360855055908,4.4930949651620455,,0.02339924275582442,0.1
219,9,Sapulpa,PROPN,conj,1.0121194081684184,6.11262291514874,5.1005035069803215,0,0.052236896002343935,0.1
219,10,",",PUNCT,punct,0.14939689390526656,4.552360855055908,4.4029639611506415,,0.028499162692477875,0.1
219,11,Jenks,PROPN,conj,1.6160957621592527,6.11262291514874,4.496527152989487,0,0.05341339952973973,0.1
219,12,",",PUNCT,punct,0.18788636073713771,4.552360855055908,4.36447449431877,,0.02961661347114075,0.1
219,13,and,CCONJ,cc,-0.45498318808351357,5.740289866824134,6.195273054907648,0,0.0731795373473525,0.1
219,14,Broken,ADJ,amod,0.030437832401320364,6.939140094293238,6.908702261891918,0,0.08768733274045373,0.1
219,15,Arrow,PROPN,conj,1.6109767759220555,6.11262291514874,4.501646139226684,2,0.05959899099977857,0.1
219,16,.,PUNCT,punct,0.2567330738561546,3.7008451783641614,3.4441121045080068,,0.03083896651937631,0.1
220,1,The,DET,det,-0.7976025969652571,4.733084097091282,5.53068669405654,0,0.026145197178954215,0.0
220,2,central,ADJ,amod,0.7363666609166302,13.604476011478415,12.868109350561785,0,0.9804849015042693,0.0
220,3,station,NOUN,nsubj,-2.176226414371648,14.604476011478415,16.780702425850063,2,1.6896693123105864,0.1
220,4,is,AUX,cop,-1.2032551461814345,6.470049691257488,7.6733048374389226,0,0.03862879054691191,0.1
220,5,at,ADP,case,-0.05808481716777436,8.055012191978644,8.113097009146419,0,0.0852095198396282,0.1
220,6,319,NUM,nummod,1.1621895486413072,8.849588509314946,7.687398960673639,0,0.1914204960488826,0.1
220,7,S.,PROPN,compound,0.48180003872451405,6.11262291514874,5.630822876424226,0,0.09047858885539968,0.1
220,8,Denver,PROPN,root,1.8387092620247207,6.11262291514874,4.273913653124019,,0.03906317565608154,0.1
220,9,(,PUNCT,punct,-0.08297382559232602,9.517013170228076,9.599986995820402,,0.17436109776270986,0.1
220,10,downtown,NOUN,compound,2.0127813735326363,15.18943851219957,13.176657138666934,0,0.7014109213154243,0.2
220,11,),PUNCT,punct,-0.051890141526257594,9.531227029447775,9.583117170974033,,0.18512001067683162,0.2
220,12,.,PUNCT,punct,-0.4093156898744428,3.7008451783641614,4.110160868238604,,0.02336147800518245,0.2
221,1,They,PRON,nsubj,0.5840665445386906,7.894817763307944,7.310751218769253,0,0.06515816144839605,0.0
221,2,do,AUX,aux,1.2114469338063998,7.650279701091539,6.438832767285139,0,0.15803595880169055,0.0
221,3,not,PART,advmod,0.5391862810489689,7.801421226854436,7.262234945805467,0,0.35296111524983753,0.0
221,4,run,VERB,root,0.1079646536402521,12.382083590141967,12.274118936501715,,0.8490017768652461,0.0
221,5,that,ADV,advmod,-0.2119348257548186,6.437894453110473,6.649829278865291,0,0.06441337003864034,0.0
221,6,often,ADV,advmod,0.052639550324336426,11.867510417312209,11.814870866987873,1,0.2544451080888229,0.0
221,7,",",PUNCT,punct,0.2940446688265794,4.552360855055908,4.258316186229329,,0.034406742589020343,0.0
221,8,especially,ADV,advmod,0.5887879083476459,13.604476011478415,13.015688103130769,1,0.6659973694803064,0.0
221,9,to,ADP,case,-0.37701445356085905,5.85516522689238,6.232179680453239,0,0.0469298748951236,0.0
221,10,the,DET,det,-0.7975130608534995,4.733084097091282,5.530597157944782,0,0.04799217925913077,0.0
221,11,outer,ADJ,amod,0.17326218540242433,6.939140094293238,6.765877908890814,0,0.07780012877164903,0.0
221,12,towns,NOUN,obl,1.003854345408869,5.482079380118688,4.478225034709819,3,0.035323946246252035,0.0
221,13,like,ADP,case,-0.45576001737289307,7.951033772874491,8.406793790247384,0,0.07233200835943239,0.0
221,14,Broken,ADJ,amod,-0.31698554125939715,6.939140094293238,7.256125635552635,0,0.07024890609447608,0.0
221,15,Arrow,PROPN,nmod,-0.5587807007815986,6.11262291514874,6.6714036159303385,3,0.0889739940158203,0.0
221,16,.,PUNCT,punct,0.1002729125880415,3.7008451783641614,3.60057226577612,,0.026007012522185576,0.0
222,1,It,PRON,nsubj,0.1358633281289432,6.147779360562356,6.011916032433413,0,0.08192350898677746,0.0
222,2,is,AUX,cop,0.9959141665178581,6.470049691257488,5.47413552473963,0,0.07806024664638797,0.0
222,3,usually,ADV,advmod,3.437983742489072,12.604476011478415,9.166492268989343,0,1.1735374816402628,0.0
222,4,a,DET,det,-2.360375330060756,5.916808727223201,8.277184057283957,0,0.7467756650634603,0.0
222,5,means,NOUN,root,-5.002284656834762,11.941510998755986,16.943795655590748,,1.2351764294176082,0.0
222,6,of,ADP,case,-0.2061276618252217,5.747531807657332,5.953659469482553,0,0.08389686390298576,0.0
222,7,travel,NOUN,nmod,-0.5861263008176056,13.604476011478415,14.19060231229602,1,0.5483667600714023,0.0
222,8,for,ADP,case,-0.17744374771615146,7.502937985016352,7.680381732732504,0,0.058955795894127576,0.0
222,9,those,PRON,nmod,0.5297858138117224,10.488998794058478,9.959212980246756,2,0.1422047332281613,0.0
222,10,who,PRON,nsubj,-0.4036402399497252,9.814399080852645,10.21803932080237,0,0.10519683279487373,0.0
222,11,are,AUX,acl:relcl,0.4045953345120248,7.693583485312399,7.288988150800375,2,0.11597154372108164,0.0
222,12,without,ADP,case,-0.1215628042825152,12.604476011478415,12.72603881576093,0,0.30507865338269496,0.0
222,13,their,PRON,nmod:poss,0.4845426332083189,9.867510417312209,9.38296778410389,0,0.14978839634688243,0.0
222,14,own,ADJ,amod,0.47197286509596026,11.331457517071998,10.859484651976038,0,0.4523838334985577,0.0
222,15,motor,NOUN,compound,0.6294810693268813,5.482079380118688,4.852598310791807,0,0.11072427187629019,0.0
222,16,vehicle,NOUN,obl,0.16009580917339505,15.18943851219957,15.029342703026176,5,0.48371316763040606,0.3
222,17,.,PUNCT,punct,0.4396906680616559,3.7008451783641614,3.2611545103025055,,0.03682661395042846,0.3
223,1,By,ADP,case,-0.2566331095169776,8.531227029447775,8.787860138964753,0,0.15605085950251552,0.0
223,2,bicycle,NOUN,root,-0.29328930725062197,5.482079380118688,5.77536868736931,,0.13976192003572965,0.0
224,1,Tulsa,PROPN,nsubj,-0.19592036260047863,6.11262291514874,6.3085432777492185,0,0.07664910517989604,0.0
224,2,has,VERB,root,-1.3431360679145978,9.235242201812696,10.578378269727294,,0.4042148726385269,0.0
224,3,an,DET,det,-1.1972049207101971,8.922651971504669,10.119856892214866,0,0.5046834982802272,0.0
224,4,extensive,ADJ,amod,-0.7620723283121311,15.18943851219957,15.951510840511702,0,0.5960861237388957,0.1
224,5,interconnected,ADJ,amod,-0.011569233746937968,6.939140094293238,6.950709328040176,0,0.07187704455412387,0.1
224,6,paved,ADJ,amod,0.038895897861833006,6.939140094293238,6.900244196431405,0,0.07152363536620197,0.1
224,7,bike,NOUN,compound,1.0412471867855828,14.604476011478415,13.563228824692832,0,0.619340093900781,0.2
224,8,trail,NOUN,compound,-0.15437311362035544,14.18943851219957,14.343811625819926,2,0.7908390877765831,0.2
224,9,system,NOUN,obj,-0.19726180900697798,11.730006893562273,11.92726870256925,4,0.45010970325257227,0.2
224,10,.,PUNCT,punct,0.20490632820637966,3.7008451783641614,3.4959388501577817,,0.08033300494798301,0.2
225,1,Rivertrail,PROPN,nsubj,-0.19592036260047863,6.11262291514874,6.3085432777492185,0,0.07664910517989604,0.0
225,2,follows,VERB,root,-2.1015825182080583,14.604476011478415,16.706058529686473,,0.6930574833366566,0.1
225,3,the,DET,det,-0.8974194041255235,4.733084097091282,5.630503501216806,0,0.03315781889271271,0.1
225,4,Arkansas,PROPN,compound,-0.2076483709701229,6.11262291514874,6.320271286118863,0,0.05833158797255375,0.1
225,5,River,PROPN,obj,0.3314796089730727,14.18943851219957,13.857958903226498,2,0.8884738553119534,0.1
225,6,from,ADP,case,-0.0932571441200416,8.288571704218821,8.381828848338863,0,0.15014082554490985,0.1
225,7,downtown,ADJ,amod,2.2898784368968634,15.18943851219957,12.899560075302707,0,0.6153122446773085,0.2
225,8,Tulsa,PROPN,obl,2.18291024262774,6.11262291514874,3.929712672521,2,0.0957397996981686,0.2
225,9,south,ADV,advmod,2.0221094735489,11.941510998755986,9.919401525207086,0,0.23986669762722343,0.2
225,10,to,ADP,case,0.5079525234777851,5.85516522689238,5.347212703414595,0,0.07466739163666582,0.2
225,11,the,DET,det,-0.3870414337069379,4.733084097091282,5.12012553079822,0,0.03099364755515126,0.2
225,12,suburbs,NOUN,obl,0.30585144005954756,5.482079380118688,5.176227940059141,2,0.08154825471166006,0.2
225,13,.,PUNCT,punct,0.2708613781036493,3.7008451783641614,3.429983800260512,,0.01996192385595364,0.2
226,1,The,DET,det,-0.7976025969652571,4.733084097091282,5.53068669405654,0,0.026145197178954215,0.0
226,2,Katy,PROPN,compound,0.7404907190566465,6.11262291514874,5.372132196092093,0,0.04415598534219181,0.0
226,3,Trail,PROPN,nsubj,2.9311806759848675,14.18943851219957,11.258257836214703,2,3.4143571299202438,0.0
226,4,runs,VERB,root,-3.2541581336756273,13.604476011478415,16.858634145154042,,2.6797832083519806,0.0
226,5,west,ADV,advmod,-2.7787174648817974,13.382083590141967,16.160801055023764,0,1.6650069225097555,0.0
226,6,to,ADP,case,0.030411750803557958,5.85516522689238,5.824753476088822,0,0.21334339927290208,0.0
226,7,Sand,PROPN,compound,-1.1409348780734394,15.18943851219957,16.33037339027301,0,0.42667067216170235,0.1
226,8,Springs,PROPN,obl,-0.03172866279774045,6.11262291514874,6.14435157794648,2,0.20122850327930614,0.1
226,9,.,PUNCT,punct,-0.12090040141331215,3.7008451783641614,3.8217455797774735,,0.07407036234407349,0.1
227,1,The,DET,det,-0.7976025969652571,4.733084097091282,5.53068669405654,0,0.026145197178954215,0.0
227,2,Creek,PROPN,compound,0.7404907190566465,6.11262291514874,5.372132196092093,0,0.04415598534219181,0.0
227,3,Trail,PROPN,nsubj,2.9311806759848675,14.18943851219957,11.258257836214703,2,3.4143571299202438,0.0
227,4,connects,VERB,root,-1.767652246853192,6.197916666123875,7.9655689129770675,,0.49327202444818824,0.0
227,5,Rivertrail,PROPN,obj,0.19899678224378547,6.11262291514874,5.913626132904954,0,0.7483198918434847,0.0
227,6,and,CCONJ,cc,-0.642696394760879,5.740289866824134,6.382986261585013,0,0.12343701070007888,0.0
227,7,continues,VERB,conj,5.585813048990673,14.18943851219957,8.603625463208898,1,4.502725274662798,0.0
227,8,east,ADV,advmod,-11.056249645975987,12.867510417312209,23.923760063288196,1,4.4510051175962975,0.0
227,9,through,ADP,case,-0.12226743315102162,11.434551010036103,11.556818443187124,0,0.1748863983185483,0.0
227,10,Broken,ADJ,amod,-0.5943927115908503,6.939140094293238,7.5335328058840885,0,0.15029149574083386,0.0
227,11,Arrow,PROPN,obl,1.1761404902862358,6.11262291514874,4.936482424862504,3,0.35229335591934474,0.0
227,12,to,ADP,case,0.586190982151213,5.85516522689238,5.268974244741167,0,0.08319566301410002,0.0
227,13,the,DET,det,-0.31182697083077215,4.733084097091282,5.044911067922055,0,0.08611407295228934,0.0
227,14,NSU,PROPN,compound,2.4113356312018874,6.11262291514874,3.7012872839468525,0,0.1038337850822156,0.0
227,15,-,PUNCT,punct,0.26655962742413664,8.337689470783513,8.071129843359376,,0.07980942583997996,0.0
227,16,Broken,ADJ,amod,-1.3006443086087813,6.939140094293238,8.23978440290202,0,0.0837185541103538,0.0
227,17,Arrow,PROPN,compound,2.1409767987702955,6.11262291514874,3.9716461163784444,1,0.10729998121460949,0.0
227,18,campus,NOUN,obl,-1.9505171203439309,5.482079380118688,7.432596500462619,5,0.10349712295908214,0.0
227,19,.,PUNCT,punct,0.2384097008720416,3.7008451783641614,3.4624354774921198,,0.04017780855128578,0.0
228,1,If,SCONJ,mark,0.6507670307312896,8.876555556915216,8.225788526183926,0,0.12486982165802919,0.0
228,2,you,PRON,nsubj,1.234255010938349,6.339251674553796,5.104996663615447,0,0.08892111424232486,0.0
228,3,are,AUX,aux,0.04011625585984291,7.693583485312399,7.6534672294525565,0,0.24937571252811208,0.0
228,4,looking,VERB,advcl,0.7364123923748487,11.941510998755986,11.205098606381137,3,0.265409311802687,0.0
228,5,for,ADP,case,-0.26505933746623,7.502937985016352,7.767997322482582,0,0.04909477953706534,0.0
228,6,a,DET,det,0.5609504818926503,5.916808727223201,5.355858245330551,0,0.04996861669251578,0.0
228,7,good,ADJ,amod,0.041930094543936036,9.447971525798424,9.406041431254488,0,0.1724252519210078,0.0
228,8,workout,NOUN,obl,1.1029345030611974,5.482079380118688,4.379144877057491,4,0.03379749387360019,0.0
228,9,",",PUNCT,punct,0.5765846556914673,4.552360855055908,3.9757761993644407,,0.02475126211404594,0.0
228,10,the,DET,det,-0.324863356354947,4.733084097091282,5.057947453446229,0,0.027638358562169958,0.0
228,11,Creek,PROPN,compound,-0.1748864328878339,6.11262291514874,6.287509348036574,0,0.06984734092416282,0.0
228,12,Turnpike,PROPN,compound,1.6973784358029178,6.11262291514874,4.415244479345822,0,0.04266237586228447,0.0
228,13,Trail,PROPN,nsubj,0.3769416972869344,14.18943851219957,13.812496814912636,3,1.466983961836249,0.0
228,14,follows,VERB,root,-1.556592470198538,14.604476011478415,16.161068481676953,,0.7831726131329122,0.1
228,15,the,DET,det,-0.37082207819723134,4.733084097091282,5.103906175288514,0,0.0311886768988745,0.1
228,16,land,NOUN,nmod:poss,1.2323703585806207,11.941510998755986,10.709140640175365,1,0.3697937856983528,0.1
228,17,'s,PART,case,-0.7354691876953661,6.812227981811018,7.547697169506384,1,0.06402715106827137,0.1
228,18,original,ADJ,amod,0.7662350157612021,12.867510417312209,12.101275401551007,0,0.5273160597873856,0.1
228,19,contours,NOUN,obj,0.6172652742337821,5.482079380118688,4.864814105884906,2,0.029583408711462287,0.1
228,20,.,PUNCT,punct,0.5318375197535885,3.7008451783641614,3.169007658610573,,0.020002506136102646,0.1
229,1,Rivertrail,PROPN,nsubj:outer,-0.19592036260047863,6.11262291514874,6.3085432777492185,0,0.07664910517989604,0.0
229,2,is,AUX,cop,-1.8307846244783317,6.470049691257488,8.30083431573582,0,0.18342849685047422,0.0
229,3,probably,ADV,advmod,-0.16692032802330914,11.101975670949232,11.26889599897254,0,0.2710173289798065,0.0
229,4,be,AUX,cop,0.4905403185566719,8.075696346150382,7.58515602759371,0,0.16312622317769865,0.0
229,5,best,ADJ,amod,0.4058147012669835,11.235242201812696,10.829427500545712,0,0.25186123021348844,0.0
229,6,choice,NOUN,root,-0.4560949619616732,13.18943851219957,13.645533474161244,,0.501581617247158,0.0
229,7,for,ADP,case,-0.4168222036262277,7.502937985016352,7.91976018864258,0,0.05155489833962734,0.0
229,8,the,DET,det,0.6758240021314954,4.733084097091282,4.057260094959787,0,0.03685829391835697,0.0
229,9,rider,NOUN,nmod,1.2561528302142388,15.18943851219957,13.933285681985332,2,0.5457670028384741,0.1
229,10,seeking,VERB,acl,-0.23902894715422818,6.197916666123875,6.4369456132781036,1,0.07166736240578701,0.1
229,11,an,DET,det,-0.42834153027891375,8.922651971504669,9.350993501783583,0,0.0839866923310908,0.1
229,12,easy,ADJ,amod,-0.06884636172659953,12.867510417312209,12.936356779038809,0,0.48145896359387585,0.1
229,13,route,NOUN,obj,1.0699623127167817,5.482079380118688,4.412117067401907,3,0.03007712898584879,0.1
229,14,.,PUNCT,punct,0.5288108292224702,3.7008451783641614,3.172034349141691,,0.022970941377071702,0.1
230,1,Tulsa,PROPN,nsubj,-0.19592036260047863,6.11262291514874,6.3085432777492185,0,0.07664910517989604,0.0
230,2,has,VERB,root,-1.3431360679145978,9.235242201812696,10.578378269727294,,0.4042148726385269,0.0
230,3,an,DET,det,-1.1972049207101971,8.922651971504669,10.119856892214866,0,0.5046834982802272,0.0
230,4,active,ADJ,amod,-0.7611652167879264,13.18943851219957,13.950603728987497,0,0.8832942886976356,0.0
230,5,bicycling,NOUN,compound,0.8705423328380171,5.482079380118688,4.611537047280671,0,0.032548493277215124,0.0
230,6,community,NOUN,obj,-0.1695562622936393,13.604476011478415,13.774032273772054,3,0.4509428723842725,0.0
230,7,.,PUNCT,punct,0.1320956137374134,3.7008451783641614,3.568749564626748,,0.024571113369465204,0.0
231,1,York,PROPN,root,-1.1234121146141778,13.019513510757259,14.142925625371436,,0.4830779130433871,0.0
232,1,York,PROPN,nsubj,-1.1234121146141778,13.019513510757259,14.142925625371436,0,0.4830779130433871,0.0
232,2,is,AUX,cop,-1.4832197688978734,6.470049691257488,7.9532694601553615,0,0.044819430492178514,0.0
232,3,an,DET,det,-1.1718269826416847,8.922651971504669,10.094478954146354,0,0.09412566535269876,0.0
232,4,ancient,ADJ,amod,0.1252751408334376,14.18943851219957,14.064163371366133,0,0.7845615823866423,0.0
232,5,cathedral,NOUN,compound,0.6999566091256746,5.482079380118688,4.782122770993014,0,0.048991288247620696,0.0
232,6,city,NOUN,root,-0.18270534918187664,11.434551010036103,11.61725635921798,,0.32379168617246235,0.0
232,7,with,ADP,case,-0.278352840163242,7.899419665266953,8.177772505430195,0,0.06410392471918509,0.0
232,8,a,DET,det,0.5750464103599597,5.916808727223201,5.3417623168632415,0,0.07335678598703517,0.0
232,9,history,NOUN,nmod,1.06784762280488,11.282547916591051,10.214700293786171,2,0.3451112181273994,0.0
232,10,that,PRON,nsubj,-0.40737384942284827,6.437894453110473,6.845268302533321,0,0.059139598794186614,0.0
232,11,dates,VERB,acl:relcl,0.7555776290447458,6.197916666123875,5.44233903707913,2,0.07448362990954523,0.0
232,12,back,ADV,advmod,0.023045983398644054,9.999613953319553,9.976567969920909,1,0.1699043858683155,0.0
232,13,to,PART,mark,-0.420164072723491,5.85516522689238,6.275329299615871,0,0.044097092123810695,0.0
232,14,before,ADP,case,0.18904580252745617,10.697585415869895,10.508539613342439,0,0.2169316788167282,0.0
232,15,Roman,ADJ,amod,-0.18413596631538187,6.939140094293238,7.12327606060862,0,0.052643931300610944,0.0
232,16,times,NOUN,advcl,0.5870671331504145,12.282547916591051,11.695480783440637,4,0.4096706165722279,0.0
232,17,.,PUNCT,punct,0.42043417230290636,3.7008451783641614,3.280411006061255,,0.016862938795262412,0.0
233,1,As,ADV,advmod,-0.005958685723868484,8.150519522907269,8.156478208631137,0,0.15770395054083133,0.0
233,2,of,ADP,case,-0.4951975307387677,5.747531807657332,6.242729338396099,0,0.15057023230705008,0.0
233,3,the,DET,det,0.5614128920514032,4.733084097091282,4.171671205039879,0,0.12254689576175631,0.0
233,4,2001,NUM,compound,-1.179890661780723,8.849588509314946,10.02947917109567,0,0.1799367872279275,0.0
233,5,census,NOUN,nmod,1.13664298449888,5.482079380118688,4.345436395619808,4,0.34107864157786943,0.0
233,6,",",PUNCT,punct,-0.024219985411161105,4.552360855055908,4.576580840467069,,0.07497259473235318,0.0
233,7,the,DET,det,-0.4084846420382373,4.733084097091282,5.14156873912952,0,0.048579159206123074,0.0
233,8,population,NOUN,nsubj,2.249773834201653,13.382083590141967,11.132309755940314,1,1.143943099070009,0.0
233,9,of,ADP,case,0.4389749691569884,5.747531807657332,5.308556838500343,0,0.7186530476148795,0.0
233,10,York,PROPN,nmod,-1.6467911326654843,13.019513510757259,14.666304643422743,2,1.5286665774565962,0.0
233,11,was,AUX,cop,-0.8242895606146323,7.073094550962102,7.897384111576734,0,0.05723836777066869,0.0
233,12,"181,000",NUM,root,0.32307000780113704,8.849588509314946,8.52651850151381,,0.20159885161028507,0.0
233,13,.,PUNCT,punct,0.6565797396554345,3.7008451783641614,3.044265438708727,,0.04223742505647633,0.0
234,1,York,PROPN,nsubj:pass,-1.1234121146141778,13.019513510757259,14.142925625371436,0,0.4830779130433871,0.0
234,2,is,AUX,aux:pass,-1.4832197688978734,6.470049691257488,7.9532694601553615,0,0.044819430492178514,0.0
234,3,frequently,ADV,advmod,0.15186337055168053,9.200753825427405,9.048890454875725,0,0.11142077495560113,0.0
234,4,ranked,VERB,root,0.948154917461939,6.197916666123875,5.249761748661936,,0.0632491084708056,0.0
234,5,(,PUNCT,punct,0.8152300277909745,9.517013170228076,8.701783142437101,,0.17024248742161663,0.0
234,6,often,ADV,advmod,0.022964104057825452,11.867510417312209,11.844546313254384,0,0.2498897391126377,0.0
234,7,vying,VERB,advcl,-0.5007115328434377,6.197916666123875,6.698628198967313,1,0.06302528218356178,0.0
234,8,with,ADP,case,-0.23076753819830742,7.899419665266953,8.13018720346526,0,0.0627041786667667,0.0
234,9,Manchester,PROPN,obl,0.161953595162732,6.11262291514874,5.950669319986008,2,0.053255701007643055,0.0
234,10,),PUNCT,punct,0.3055036191631295,9.531227029447775,9.225723410284646,,0.17663212388470267,0.0
234,11,the,DET,det,-0.5287444820387783,4.733084097091282,5.261828579130061,0,0.029211275587105234,0.0
234,12,second,ADV,advmod,-0.35682282477426064,11.282547916591051,11.639370741365312,0,0.19243184989706763,0.0
234,13,most,ADV,advmod,-0.2677370094301832,10.123349321741799,10.391086331171982,1,0.21866651117057434,0.0
234,14,visited,VERB,amod,-2.074572521179066,14.18943851219957,16.264011033378637,1,0.8088541051525395,0.0
234,15,city,NOUN,xcomp,0.0012966744504208094,11.434551010036103,11.433254335585682,2,0.29908883062577585,0.0
234,16,in,ADP,case,0.1243103371343004,6.195085075340713,6.070774738206413,0,0.05782800086603317,0.0
234,17,England,PROPN,nmod,1.6144330292547853,12.488998794058478,10.874565764803693,2,0.5391249122477725,0.0
234,18,after,ADP,case,-0.20110832831148784,10.730006893562273,10.93111522187376,0,0.15730890790254642,0.0
234,19,London,PROPN,obl,2.4816870969689244,13.18943851219957,10.707751415230646,1,0.5813738846731418,0.0
234,20,.,PUNCT,punct,0.3428283805490411,3.7008451783641614,3.3580167978151203,,0.027969374084366165,0.0
235,1,York,PROPN,root,-1.1234121146141778,13.019513510757259,14.142925625371436,,0.4830779130433871,0.0
235,2,Minster,PROPN,flat,0.8173369189522282,6.11262291514874,5.295285996196512,0,0.04811903328755527,0.0
236,1,Understand,VERB,root,1.150267084373846,11.604476011478415,10.454208927104569,,0.45717908049137396,0.0
237,1,York,PROPN,nsubj,-1.1234121146141778,13.019513510757259,14.142925625371436,0,0.4830779130433871,0.0
237,2,was,AUX,cop,-1.4368937745980102,7.073094550962102,8.509988325560112,0,0.10882228657934429,0.0
237,3,home,NOUN,root,-0.2999244207987761,10.665876556142557,10.965800976941333,,0.35964414449066195,0.0
237,4,first,ADV,advmod,0.04343405972628567,9.447971525798424,9.404537466072139,0,0.1831970586921862,0.0
237,5,to,ADP,case,-0.23940814506212504,5.85516522689238,6.094573371954505,0,0.06537980938129427,0.0
237,6,the,DET,det,-0.35349294789739094,4.733084097091282,5.086577044988673,0,0.06485235900256169,0.0
237,7,Ninth,ADJ,amod,-0.002306640572346197,6.939140094293238,6.941446734865584,0,0.07242736841904289,0.0
237,8,Legion,PROPN,obl,0.15558287987824926,6.11262291514874,5.957040035270491,3,0.13562697545877148,0.0
237,9,and,CCONJ,cc,-0.45559119223518163,5.740289866824134,6.195881059059316,0,0.07393735292187169,0.0
237,10,later,ADV,orphan,-0.39857755919961946,11.665876556142557,12.064454115342176,0,0.37748184340680174,0.0
237,11,the,DET,det,-0.5202962280696362,4.733084097091282,5.253380325160919,0,0.17881909392452808,0.0
237,12,Sixth,PROPN,conj,1.3943404954284064,6.11262291514874,4.7182824197203335,4,0.07850559545444223,0.0
237,13,.,PUNCT,punct,0.15251706300158263,3.7008451783641614,3.5483281153625787,,0.03309702109662767,0.0
238,1,The,DET,det,-0.7976025969652571,4.733084097091282,5.53068669405654,0,0.026145197178954215,0.0
238,2,Coppergate,PROPN,compound,0.7404907190566465,6.11262291514874,5.372132196092093,0,0.04415598534219181,0.0
238,3,excavations,NOUN,nsubj,-1.5984809681912218,5.482079380118688,7.08056034830991,2,0.15632211816792124,0.0
238,4,of,ADP,case,-0.4544646123571079,5.747531807657332,6.2019964200144395,0,0.0835403788264911,0.0
238,5,the,DET,det,0.7757954420532038,4.733084097091282,3.9572886550380786,0,0.07974642029197669,0.0
238,6,1970s,NOUN,nmod,1.4051200655510208,5.482079380118688,4.0769593145676675,3,0.15989124392237405,0.0
238,7,revealed,VERB,root,-0.5528079449321686,6.197916666123875,6.750724611056044,,0.13152222974547761,0.0
238,8,much,ADJ,obj,-1.7819443152207448,10.282547916591051,12.064492231811796,0,0.3605563260477833,0.0
238,9,of,ADP,case,0.3548515312134839,5.747531807657332,5.392680276443848,0,0.5667604249509823,0.0
238,10,this,DET,det,-0.17744175026695874,7.086150703787548,7.263592454054507,0,0.5733587913896049,0.0
238,11,Viking,PROPN,compound,-1.0227225615935804,6.11262291514874,7.13534547674232,0,0.38574382109171473,0.0
238,12,past,NOUN,nmod,-0.5273991516381713,12.282547916591051,12.809947068229222,4,0.4132879951657462,0.0
238,13,.,PUNCT,punct,-0.006766670735601998,3.7008451783641614,3.7076118490997634,,0.10252503249490025,0.0
239,1,York,PROPN,nsubj:pass,-1.1234121146141778,13.019513510757259,14.142925625371436,0,0.4830779130433871,0.0
239,2,is,AUX,aux:pass,-1.4832197688978734,6.470049691257488,7.9532694601553615,0,0.044819430492178514,0.0
239,3,known,VERB,root,0.9322062430140559,12.18943851219957,11.257232269185515,,0.48311399709908504,0.0
239,4,as,ADP,case,-0.4414828158159807,8.150519522907269,8.59200233872325,0,0.09071214684838544,0.0
239,5,England,PROPN,nmod:poss,-0.028228564645354837,12.488998794058478,12.517227358703833,0,0.5741204111497605,0.0
239,6,'s,PART,case,-0.658321765940105,6.812227981811018,7.470549747751123,1,0.07085561221342238,0.0
239,7,"""",PUNCT,punct,-0.5765847245208144,7.845142604283754,8.421727328804568,,0.16564717051361882,0.0
239,8,City,PROPN,obl,0.31273977131723996,11.434551010036103,11.121811238718863,2,0.4425392767398391,0.0
239,9,of,ADP,case,-0.029195184326824553,5.747531807657332,5.776726991984156,0,0.03196605023426725,0.0
239,10,Festivals,NOUN,nmod,-0.5936611116611905,5.482079380118688,6.075740491779879,2,0.17718394387431602,0.0
239,11,"""",PUNCT,punct,0.28662896146984274,7.845142604283754,7.558513642813911,,0.13576286887522662,0.0
239,12,as,SCONJ,mark,-0.4496248406325254,8.150519522907269,8.600144363539794,0,0.08224757680901713,0.0
239,13,there,PRON,expl,-0.015488276041809357,8.075696346150382,8.091184622192191,0,0.1008238287293964,0.0
239,14,are,VERB,advcl,0.44556984737092087,7.693583485312399,7.248013637941479,2,0.10087119412488427,0.0
239,15,regular,ADJ,amod,0.802398855910786,14.18943851219957,13.387039656288785,0,0.5392245833796931,0.0
239,16,cultural,ADJ,amod,0.08381973191639958,12.18943851219957,12.105618780283171,0,0.20358841867517005,0.0
239,17,festivals,NOUN,nsubj,0.7310342293798717,5.482079380118688,4.7510451507388165,3,0.03461653078187594,0.0
239,18,every,DET,det,-0.039000906504648825,11.101975670949232,11.14097657745388,0,0.27000542358583957,0.0
239,19,year,NOUN,obl:unmarked,1.2787386391442261,10.604476011478415,9.325737372334189,2,0.24106119674515317,0.0
239,20,.,PUNCT,punct,0.4063602946909648,3.7008451783641614,3.2944848836731966,,0.019031688269788214,0.0
240,1,It,PRON,nsubj,0.1358633281289432,6.147779360562356,6.011916032433413,0,0.08192350898677746,0.0
240,2,'s,AUX,cop,1.400291623519169,6.812227981811018,5.411936358291849,0,0.06662202903220009,0.0
240,3,a,DET,det,-0.41051023091717465,5.916808727223201,6.327318958140376,0,0.26333720149741496,0.0
240,4,romantic,ADJ,amod,-2.378123643066637,14.604476011478415,16.98259965454505,0,0.6390039842364046,0.0
240,5,city,NOUN,root,0.235828196818888,11.434551010036103,11.198722813217215,,0.3061528926068687,0.0
240,6,for,ADP,case,-0.22346242925747095,7.502937985016352,7.726400414273823,0,0.06517639208202171,0.0
240,7,a,DET,det,0.71661098119535,5.916808727223201,5.200197746027851,0,0.055550018585029434,0.0
240,8,weekend,NOUN,compound,1.2440345722432173,15.18943851219957,13.945403939956353,0,0.7452939104351267,0.3
240,9,break,NOUN,nmod,-0.01992400498774316,14.18943851219957,14.209362517187314,3,0.3448006726935982,0.3
240,10,.,PUNCT,punct,0.2650645316352751,3.7008451783641614,3.4357806467288863,,0.13525583059140378,0.3
241,1,York,PROPN,nsubj,-1.1234121146141778,13.019513510757259,14.142925625371436,0,0.4830779130433871,0.0
241,2,is,AUX,cop,-1.4832197688978734,6.470049691257488,7.9532694601553615,0,0.044819430492178514,0.0
241,3,full,ADJ,root,-0.045717101284990846,12.101975670949232,12.147692772234223,,0.3722301496774038,0.0
241,4,of,ADP,case,0.0704785297846442,5.747531807657332,5.677053277872687,0,0.06803904282857698,0.0
241,5,magic,NOUN,obl,1.0273644833256625,13.18943851219957,12.162074028873908,1,0.3811904478841322,0.0
241,6,and,CCONJ,cc,-0.5250444444878637,5.740289866824134,6.265334311311998,0,0.08135490240139848,0.0
241,7,a,DET,det,-0.07135791298998573,5.916808727223201,5.988166640213187,0,0.13627835327414015,0.0
241,8,wonderful,ADJ,amod,-0.07225419909389963,14.18943851219957,14.26169271129347,0,0.8150170434423604,0.1
241,9,place,NOUN,conj,0.6832748916571294,11.235242201812696,10.551967310155566,3,0.2947807477552626,0.1
241,10,to,PART,mark,-0.0798939233879361,5.85516522689238,5.935059150280316,0,0.02742447001605879,0.1
241,11,bring,VERB,acl,0.35126961149368086,12.867510417312209,12.516240805818528,2,0.3264078910690773,0.1
241,12,children,NOUN,obj,-0.32952016274763984,12.604476011478415,12.933996174226055,1,0.5410993160583344,0.1
241,13,!,PUNCT,punct,0.5482317017783975,8.195085075340712,7.6468533735623145,,0.06689873993308788,0.1
242,1,Get,VERB,root,0.7929135120806929,9.282547916591051,8.489634404510358,,0.16448987959021752,0.0
242,2,in,ADV,advmod,-0.6113177704319535,6.195085075340713,6.806402845772666,0,0.21643672932108668,0.0
243,1,By,ADP,case,-0.2566331095169776,8.531227029447775,8.787860138964753,0,0.15605085950251552,0.0
243,2,car,NOUN,root,3.0483602011776743,12.730006893562273,9.681646692384598,,1.4698420847278753,0.0
244,1,Driving,VERB,csubj,0.8802889052717067,13.867510417312209,12.987221512040502,0,0.670395723944271,0.0
244,2,into,ADP,case,-2.1481591946346192,9.849588509314946,11.997747703949566,0,0.2830205623365052,0.0
244,3,the,DET,det,1.1856079449628263,4.733084097091282,3.547476152128456,0,0.6149408100605731,0.0
244,4,city,NOUN,compound,0.05885772728320937,11.434551010036103,11.375693282752893,0,0.6448549122715302,0.0
244,5,centre,NOUN,obl,-0.31241194478993783,15.18943851219957,15.501850456989509,4,0.8638842454972422,0.3
244,6,itself,PRON,nmod:unmarked,-0.7825416476654983,12.867510417312209,13.650052064977707,1,0.42647681460463177,0.3
244,7,is,AUX,cop,0.22713145407290902,6.470049691257488,6.242918237184579,0,0.03512208270062374,0.3
244,8,something,PRON,root,0.30943654235223406,10.545582322424846,10.236145780072611,,0.0656898546657607,0.3
244,9,to,PART,mark,0.39079638224219604,5.85516522689238,5.464368844650184,0,0.03267747858867513,0.3
244,10,avoid,VERB,acl,1.4734764754493153,15.18943851219957,13.715962036750255,1,0.461877256622343,0.7
244,11,.,PUNCT,punct,0.9801413643968861,3.7008451783641614,2.7207038139672752,,0.011175033494060708,0.7
245,1,How,ADV,root,0.4418275764880235,9.167070699171116,8.725243122683093,,0.15605535644908047,0.0
245,2,to,PART,mark,0.27871856738048706,5.85516522689238,5.576446659511893,0,0.21935209577274067,0.0
245,3,Detect,VERB,acl,0.953826708439288,6.197916666123875,5.244089957684587,1,0.23866940661871178,0.0
245,4,Arrogant,ADJ,amod,-1.210756586988765,6.939140094293238,8.149896681282003,0,0.16291329768273902,0.0
245,5,People,NOUN,obj,1.1750371558970762,9.270575274924976,8.0955381190279,2,0.5707603408344879,0.0
246,1,Steps,NOUN,root,-0.4630968330209555,13.867510417312209,14.330607250333165,,1.2087195260678532,0.0
247,1,Pay,VERB,root,0.2999638077896023,13.382083590141967,13.082119782352365,,0.7131096303318095,0.0
247,2,attention,NOUN,obj,-1.9058500192145331,12.604476011478415,14.510326030692948,0,0.5722550666432744,0.0
247,3,to,ADP,case,-1.1086248140902697,5.85516522689238,6.96379004098265,0,0.0417717280249786,0.0
247,4,their,PRON,nmod:poss,0.19628106307770032,9.867510417312209,9.671229354234509,0,0.12055788903550234,0.0
247,5,conversations,NOUN,obl,-0.5559493246398803,5.482079380118688,6.038028704758569,2,0.029834959843619595,0.0
247,6,.,PUNCT,punct,0.04721195077143392,3.7008451783641614,3.6536332275927275,,0.02277466663310906,0.0
248,1,Is,AUX,cop,0.4321410992952055,6.470049691257488,6.037908591962283,0,0.04555577001798195,0.0
248,2,it,PRON,nsubj,0.4750479544885087,6.147779360562356,5.672731406073847,0,0.10075645089020188,0.0
248,3,always,ADV,advmod,-0.07434166612427973,11.019513510757259,11.093855176881538,0,0.34343635250751114,0.0
248,4,about,ADP,case,-0.7290665764121851,9.101975670949232,9.831042247361417,0,0.22546056351341,0.0
248,5,them,PRON,root,0.37676313632131553,9.56008189211996,9.183318755798645,,0.2442869470205579,0.0
248,6,?,PUNCT,punct,-1.0795179504253847,6.650279701091539,7.7297976515169236,,0.06890052938232576,0.0
249,1,Do,AUX,aux,0.7443699706952938,7.650279701091539,6.905909730396245,0,0.06751253051743049,0.0
249,2,they,PRON,nsubj,0.5866879201696307,7.894817763307944,7.308129843138313,0,0.14852222590265726,0.0
249,3,get,VERB,root,-0.4345214677555109,9.282547916591051,9.717069384346562,,0.21698656360193724,0.0
249,4,mad,ADJ,xcomp,-0.9774264035852447,14.604476011478415,15.58190241506366,0,0.8791610921389755,0.1
249,5,or,CCONJ,cc,-0.5165265704363442,8.461518057636372,8.978044628072716,0,0.0824108157424253,0.1
249,6,irritated,VERB,conj,-0.8201643314720188,6.197916666123875,7.018080997595894,2,0.05737181978144145,0.1
249,7,if,SCONJ,mark,-0.8846263537156496,8.876555556915216,9.761181910630865,0,0.1324817535797668,0.1
249,8,the,DET,det,-0.47327432873648156,4.733084097091282,5.206358425827764,0,0.19780274510222284,0.1
249,9,centre,NOUN,nsubj,1.291476893682745,15.18943851219957,13.897961618516826,1,0.8809137063295379,0.3
249,10,of,ADP,case,-0.09955229226325457,5.747531807657332,5.847084099920586,0,0.04796279945012867,0.3
249,11,attention,NOUN,nmod,0.8742226093831906,12.604476011478415,11.730253402095224,2,0.24907619867932415,0.3
249,12,moves,VERB,advcl,-0.7700236903666529,6.197916666123875,6.967940356490528,2,0.08138381809752882,0.3
249,13,to,ADP,case,-0.5540583977399871,5.85516522689238,6.409223624632367,0,0.05412218073242483,0.3
249,14,someone,PRON,obl,0.38327166940241675,13.18943851219957,12.806166842797154,2,0.5632707206348809,0.3
249,15,else,ADV,advmod,0.08047834848776247,12.18943851219957,12.108960163711808,1,0.4086236267341603,0.3
249,16,?,PUNCT,punct,0.04023417517475458,6.650279701091539,6.610045525916784,,0.046260759620255804,0.3
250,1,These,PRON,nsubj,-0.6462011911951695,9.461518057636372,10.107719248831541,0,0.11127158649067743,0.0
250,2,are,AUX,cop,1.2908034735411134,7.693583485312399,6.402780011771286,0,0.3842787685129234,0.0
250,3,good,ADJ,amod,-0.6560032057152281,9.447971525798424,10.103974731513652,0,0.6235341160944365,0.0
250,4,signs,NOUN,root,0.14082334978966937,5.482079380118688,5.341256030329019,,0.6291567673283728,0.0
250,5,of,ADP,case,-0.49379156638993216,5.747531807657332,6.241323374047264,0,0.09846215199305046,0.0
250,6,arrogance,NOUN,nmod,1.0967542308608715,5.482079380118688,4.385325149257817,1,0.1425763222812499,0.0
250,7,.,PUNCT,punct,-0.13081274360594186,3.7008451783641614,3.8316579219701032,,0.06281680536811457,0.0
251,1,Arrogant,ADJ,amod,0.014812312186456289,6.939140094293238,6.924327782106782,0,0.03357182618896338,0.0
251,2,people,NOUN,nsubj,-0.6724801833381644,9.270575274924976,9.94305545826314,1,0.49241592380907123,0.0
251,3,have,VERB,root,0.7520530972563435,7.634849660521933,6.88279656326559,,1.0707329260177256,0.0
251,4,an,DET,det,-0.2878791936358134,8.922651971504669,9.210531165140482,0,0.6214712606696201,0.0
251,5,extremely,ADV,advmod,-2.7258040345515564,14.18943851219957,16.915242546751127,0,1.3384690474125867,0.0
251,6,strong,ADJ,amod,-0.22714913392147906,12.488998794058478,12.716147927979957,1,1.5218859322747917,0.0
251,7,need,NOUN,obj,-1.528986937971185,10.763173757497473,12.292160695468658,2,0.421039233996534,0.0
251,8,to,PART,mark,-0.45036831515356734,5.85516522689238,6.305533542045947,0,0.04289025911362095,0.0
251,9,look,VERB,acl,0.048487505443118195,10.258701174636684,10.210213669193566,2,0.19132785485469375,0.0
251,10,good,ADJ,xcomp,-0.5700409812617533,9.447971525798424,10.018012507060178,1,0.17151749141294115,0.0
251,11,.,PUNCT,punct,0.2866772250451479,3.7008451783641614,3.4141679533190135,,0.020446414592406283,0.0
252,1,Challenge,VERB,root,-1.803425392467334,15.18943851219957,16.992863904666905,,0.763100992112486,0.2
252,2,their,PRON,nmod:poss,-1.4120211043205373,9.867510417312209,11.279531521632746,0,0.13905762806275943,0.2
252,3,worldview,NOUN,obj,-0.8929607308483103,5.482079380118688,6.3750401109669985,1,0.044686265383371525,0.2
252,4,.,PUNCT,punct,-0.5072184855273307,3.7008451783641614,4.208063663891492,,0.023248267369142938,0.2
253,1,Do,AUX,aux,0.7443699706952938,7.650279701091539,6.905909730396245,0,0.06751253051743049,0.0
253,2,n't,PART,advmod,2.6300812262755286,7.876555556915215,5.246474330639686,0,0.18381827934121633,0.0
253,3,be,AUX,cop,-1.5424721709820481,8.075696346150382,9.61816851713243,0,0.30197560709146004,0.0
253,4,aggressive,ADJ,root,-1.4781838118516237,15.18943851219957,16.667622324051194,,0.80555962454987,0.1
253,5,––,PUNCT,punct,0.4640392747738762,14.18943851219957,13.725399237425695,,0.5097101041647852,0.1
253,6,just,ADV,advmod,-0.7809929158773716,8.627196087978497,9.408189003855869,0,0.08573011193462145,0.1
253,7,skeptical,ADJ,parataxis,0.9337229842887727,15.18943851219957,14.255715527910798,1,0.9029798641015172,0.3
253,8,and,CCONJ,cc,-0.5693202756287574,5.740289866824134,6.309610142452891,0,0.045441846771094155,0.3
253,9,curious,ADJ,conj,1.0925727096756184,6.939140094293238,5.84656738461762,2,0.11489133570658026,0.3
253,10,.,PUNCT,punct,0.4246935616856722,3.7008451783641614,3.276151616678489,,0.04870508433897054,0.3
254,1,If,SCONJ,mark,0.6507670307312896,8.876555556915216,8.225788526183926,0,0.12486982165802919,0.0
254,2,they,PRON,nsubj:pass,1.3201525855794198,7.894817763307944,6.574665177728524,0,0.46214593097082973,0.0
254,3,get,AUX,aux:pass,-0.05478377926039357,9.282547916591051,9.337331695851445,0,0.3639008588363448,0.0
254,4,upset,VERB,advcl,-0.45155794705633756,6.197916666123875,6.649474613180213,3,0.6036882003654075,0.0
254,5,",",PUNCT,punct,0.36313808269649694,4.552360855055908,4.189222772359411,,0.393013544329985,0.0
254,6,gauge,VERB,root,-0.8291029906574128,6.197916666123875,7.027019656781288,,0.38774140835654997,0.0
254,7,their,PRON,nmod:poss,0.23171389887642668,9.867510417312209,9.635796518435782,0,0.1839420723407375,0.0
254,8,anger,NOUN,obj,0.5422262615998088,5.482079380118688,4.939853118518879,1,0.704235437659569,0.0
254,9,.,PUNCT,punct,0.8403198025355882,3.7008451783641614,2.860525375828573,,0.23315010430881633,0.0
255,1,If,SCONJ,mark,0.6507670307312896,8.876555556915216,8.225788526183926,0,0.12486982165802919,0.0
255,2,it,PRON,nsubj,0.22363389214059382,6.147779360562356,5.924145468421762,0,0.12287826851241859,0.0
255,3,'s,AUX,cop,0.9285971798566433,6.812227981811018,5.883630801954375,0,0.173866314011741,0.0
255,4,minimal,ADJ,advcl,-0.4334914570338686,6.939140094293238,7.372631551327107,3,0.6172681306903118,0.0
255,5,",",PUNCT,punct,-0.03919391622021884,4.552360855055908,4.591554771276127,,0.20912142417038143,0.0
255,6,they,PRON,nsubj,-0.9313807730551185,7.894817763307944,8.826198536363062,0,0.22586794339404836,0.0
255,7,may,AUX,aux,-0.06746678060875944,10.212158588699655,10.279625369308414,0,0.3913424736824602,0.0
255,8,be,AUX,aux,0.5865128978318239,8.075696346150382,7.489183448318558,0,0.13430995610327146,0.0
255,9,simply,ADV,advmod,0.45611989268056696,13.019513510757259,12.563393618076692,0,0.852219107723562,0.0
255,10,having,VERB,root,0.4327505584357958,11.867510417312209,11.434759858876413,,0.5519887098309842,0.0
255,11,a,DET,det,-0.5057634446937236,5.916808727223201,6.422572171916925,0,0.08719445738904873,0.0
255,12,bad,ADJ,amod,0.06243930010264975,11.941510998755986,11.879071698653336,0,0.471995948283911,0.0
255,13,day,NOUN,obj,0.9627965274860539,10.434551010036103,9.471754482550049,2,0.1704531993397725,0.0
255,14,.,PUNCT,punct,0.6459981430117998,3.7008451783641614,3.0548470353523616,,0.02362333391671525,0.0
256,1,But,CCONJ,cc,0.5233161282293821,8.167070699171116,7.643754570941734,0,0.09592954419910181,0.0
256,2,if,SCONJ,mark,0.7433168508191095,8.876555556915216,8.133238706096106,0,0.17792603869651707,0.0
256,3,they,PRON,nsubj:pass,1.5603748571461962,7.894817763307944,6.3344429061617475,0,0.6141400051775636,0.0
256,4,'re,AUX,aux:pass,3.1361995118250245,9.0809140554214,5.944714543596376,0,1.4112558760480356,0.0
256,5,enraged,VERB,advcl,-0.637060769437265,6.197916666123875,6.83497743556114,3,1.5698499386678424,0.0
256,6,",",PUNCT,punct,-0.18981071616823453,4.552360855055908,4.742171571224143,,0.2905846751811162,0.0
256,7,then,ADV,advmod,0.7395273754831049,9.294620748891626,8.555093373408521,0,0.47240612828366496,0.0
256,8,they,PRON,nsubj,-0.4117777947582075,7.894817763307944,8.306595558066151,0,0.4012508367171611,0.0
256,9,may,AUX,aux,0.3901420707383103,10.212158588699655,9.822016517961345,0,0.6410727414859086,0.0
256,10,see,VERB,root,-0.7565183149967893,9.589525670012442,10.346043985009231,,0.8242707969857062,0.0
256,11,you,PRON,obj,0.13322883394137008,6.339251674553796,6.206022840612426,0,0.045334739178563496,0.0
256,12,as,SCONJ,mark,-0.09427865268751745,8.150519522907269,8.244798175594786,0,0.10179988767284194,0.0
256,13,questioning,VERB,advcl,0.16547567074321456,6.197916666123875,6.032440995380661,1,0.08025639261926878,0.0
256,14,their,PRON,nmod:poss,0.1505303606797206,9.867510417312209,9.716980056632488,0,0.11854020159601966,0.0
256,15,',PUNCT,punct,0.22639930163523658,10.517013170228076,10.290613868592839,,0.23575425528503482,0.0
256,16,perfect,ADJ,amod,-0.6159282071569319,13.382083590141967,13.998011797298899,0,0.598141581378975,0.0
256,17,little,ADJ,amod,-0.10658803165513753,10.0809140554214,10.187502087076538,0,0.195280474505531,0.0
256,18,world,NOUN,obj,0.5700689497036429,10.331457517071998,9.761388567368355,4,0.1530391042405444,0.0
256,19,.,PUNCT,punct,0.6026637107880672,3.7008451783641614,3.098181467576094,,0.013918750014149106,0.0
256,20,',PUNCT,punct,0.2813796999972542,10.517013170228076,10.235633470230821,,0.24405141099618674,0.0
257,1,And,CCONJ,cc,0.26494226057534664,5.740289866824134,5.475347606248787,0,0.05872014748880523,0.0
257,2,having,VERB,csubj,0.8212322057079486,11.867510417312209,11.04627821160426,0,0.41217814436812006,0.0
257,3,one,NUM,obj,-1.9069484443517286,8.552813891655921,10.45976233600765,1,0.2501702466285823,0.0
257,4,of,ADP,case,-0.39072784311114983,5.747531807657332,6.1382596507684815,0,0.03373861741712624,0.0
257,5,those,PRON,nmod,0.6751080324275183,10.488998794058478,9.81389076163096,2,0.19351624054916208,0.0
257,6,is,AUX,cop,-0.32753262635876723,6.470049691257488,6.797582317616255,0,0.196116443345579,0.0
257,7,usually,ADV,advmod,0.32308203450579853,12.604476011478415,12.281393976972616,0,0.4065720044315947,0.0
257,8,indicative,ADJ,root,1.1354491306980607,6.939140094293238,5.803690963595177,,0.1763890490923799,0.0
257,9,of,ADP,case,0.2708722950707676,5.747531807657332,5.476659512586564,0,0.05212004233571973,0.0
257,10,arrogance,NOUN,obl,1.2352453171206497,5.482079380118688,4.246834062998039,1,0.03771549839220134,0.0
257,11,.,PUNCT,punct,0.43122593303028145,3.7008451783641614,3.26961924533388,,0.015042540685574932,0.0
258,1,At,ADP,case,-0.6039599783785476,8.055012191978644,8.658972170357192,0,0.09739666071824205,0.0
258,2,some,DET,det,0.15611554463429655,9.223654227537484,9.067538682903187,0,0.28216064567206023,0.0
258,3,point,NOUN,obl,0.5940688486068169,12.382083590141967,11.78801474153515,2,0.5879598305490089,0.0
258,4,or,CCONJ,cc,-0.8570615501514389,8.461518057636372,9.318579607787811,0,0.08698319162680332,0.0
258,5,another,DET,conj,0.10181183772583147,10.941510998755986,10.839699161030154,2,0.22875680025796372,0.0
258,6,",",PUNCT,punct,-2.0108130125880717,4.552360855055908,6.56317386764398,,0.07219317855298303,0.0
258,7,most,ADJ,amod,-0.09240357949581401,10.123349321741799,10.215752901237613,0,0.19157770871773738,0.0
258,8,people,NOUN,nsubj,0.6360367859098641,9.270575274924976,8.634538489015112,1,0.11098640001390749,0.0
258,9,realize,VERB,root,-0.8553736002595329,14.18943851219957,15.044812112459104,,0.6326341848358424,0.0
258,10,that,SCONJ,mark,-0.3641527075594899,6.437894453110473,6.802047160669963,0,0.05951575304895183,0.0
258,11,the,DET,det,-0.06948853798964283,4.733084097091282,4.802572635080925,0,0.038879788555380254,0.0
258,12,world,NOUN,nsubj,1.0297928914481425,10.331457517071998,9.301664625623856,1,0.15471245837144196,0.0
258,13,does,AUX,aux,-0.6075337967763623,10.019513510757259,10.627047307533621,0,0.20069578661160328,0.0
258,14,n't,PART,advmod,0.5589603123373506,7.876555556915215,7.3175952445778645,0,0.050796391277336886,0.0
258,15,revolve,VERB,ccomp,1.3973270312158022,6.197916666123875,4.800589634908073,4,0.06427721287450301,0.0
258,16,around,ADP,case,0.04421418450244019,10.941510998755986,10.897296814253545,0,0.2498960048809498,0.0
258,17,them,PRON,obl,0.17894193377869527,9.56008189211996,9.381139958341265,2,0.13418392719323674,0.0
258,18,.,PUNCT,punct,-0.023532099318992916,3.7008451783641614,3.7243772776831543,,0.01772856770578759,0.0
259,1,Learn,VERB,root,0.9850300721881986,12.488998794058478,11.50396872187028,,0.31011270954428966,0.0
259,2,the,DET,det,-1.7535581893294383,4.733084097091282,6.486642286420721,0,0.2184448652223988,0.0
259,3,quality,NOUN,obj,0.2960960421873722,13.019513510757259,12.723417468569886,1,0.3949015336537014,0.0
259,4,of,ADP,case,-0.4664575653763432,5.747531807657332,6.213989373033675,0,0.056146643788566104,0.0
259,5,their,PRON,nmod:poss,-0.06406109521742032,9.867510417312209,9.93157151252963,0,0.11635644529407926,0.0
259,6,friendships,NOUN,nmod,0.3969879935286871,5.482079380118688,5.085091386590001,3,0.04736134386414008,0.0
259,7,.,PUNCT,punct,0.24822065479156885,3.7008451783641614,3.4526245235725925,,0.01881371752480462,0.0
260,1,Ironically,ADV,advmod,-0.04588086716539763,9.200753825427405,9.246634692592803,0,0.10096461599514396,0.0
260,2,",",PUNCT,punct,-0.15236894924798516,4.552360855055908,4.704729804303893,,0.2640019373318934,0.0
260,3,arrogant,ADJ,amod,0.5079968057775694,6.939140094293238,6.431143288515669,0,0.5550342914617277,0.0
260,4,people,NOUN,nsubj,-0.6384281790078941,9.270575274924976,9.90900345393287,1,0.7227104608949125,0.0
260,5,often,ADV,advmod,-0.05842847095072301,11.867510417312209,11.925938888262932,0,1.326950162554,0.0
260,6,ca,AUX,aux,0.6307021133705923,10.831886507581487,10.201184394210895,0,1.276912171647949,0.0
260,7,n't,PART,advmod,3.5205802678279507,7.876555556915215,4.355975289087264,0,0.7833651046159752,0.0
260,8,understand,VERB,root,-3.6350332124699563,11.604476011478415,15.239509223948371,,1.8797959709282233,0.0
260,9,why,ADV,obj,0.21455444973293858,10.574728668084362,10.360174218351423,0,0.18336380633462654,0.0
260,10,they,PRON,nsubj,-0.09221232618613762,7.894817763307944,7.987030089494081,0,0.05220910400428537,0.0
260,11,do,AUX,aux,0.42432320837649407,7.650279701091539,7.225956492715045,0,0.04279305702315986,0.0
260,12,n't,PART,advmod,0.6118138184645092,7.876555556915215,7.264741738450706,0,0.06648833264937667,0.0
260,13,have,VERB,advcl:relcl,1.2699875555062965,7.634849660521933,6.364862105015637,4,0.07950707062895569,0.0
260,14,any,DET,det,-0.5734354465076095,10.282547916591051,10.85598336309866,0,0.23264320218739779,0.0
260,15,reliable,ADJ,amod,0.07486379878268146,15.18943851219957,15.11457471341689,0,0.7477946800393556,0.0
260,16,and,CCONJ,cc,-0.16932025055556732,5.740289866824134,5.909610117379701,0,0.05517587550449653,0.0
260,17,supportive,ADJ,conj,0.957275387447841,6.939140094293238,5.981864706845397,2,0.09279941975672147,0.0
260,18,friends,NOUN,obj,0.8855064682977289,12.604476011478415,11.718969543180686,3,0.39624668008358616,0.0
260,19,.,PUNCT,punct,0.6257451886900682,3.7008451783641614,3.075099989674093,,0.018102212851554833,0.0
261,1,How,ADV,advmod,0.4418275764880235,9.167070699171116,8.725243122683093,0,0.15605535644908047,0.0
261,2,do,AUX,aux,1.1728129093577424,7.650279701091539,6.4774667917337965,0,0.22915297873245447,0.0
261,3,they,PRON,nsubj,0.1259948510900939,7.894817763307944,7.76882291221785,0,0.24159916935590547,0.0
261,4,treat,VERB,root,-1.1995812711207403,14.18943851219957,15.389019783320311,,1.2953376962836474,0.0
261,5,those,PRON,obj,-0.2737326604815369,10.488998794058478,10.762731454540015,0,0.16927265249248105,0.0
261,6,not,PART,advmod,-0.738825810969618,7.801421226854436,8.540247037824054,0,0.334805795081757,0.0
261,7,like,ADP,case,0.18646021209788088,7.951033772874491,7.76457356077661,0,0.0896459653173117,0.0
261,8,themselves,PRON,nmod,0.3706143219377118,13.382083590141967,13.011469268204255,3,0.6370184821094053,0.0
261,9,?,PUNCT,punct,-0.4853298414709144,6.650279701091539,7.135609542562453,,0.10064463700055527,0.0
262,1,Determine,VERB,root,0.8217822363415159,13.867510417312209,13.045728180970693,,1.5942376389823485,0.0
262,2,this,PRON,obj,-2.0912088325300155,7.086150703787548,9.177359536317564,0,0.4231830532024101,0.0
262,3,based,VERB,advcl,-1.1330223794768912,12.282547916591051,13.415570296067942,0,0.3251837300673542,0.0
262,4,on,ADP,case,-0.30307894662877555,7.520553527933323,7.823632474562099,0,0.08403304959127784,0.0
262,5,their,PRON,nmod:poss,0.2952294311563435,9.867510417312209,9.572280986155866,0,0.12498826481221549,0.0
262,6,general,ADJ,amod,-0.26305750483787094,11.604476011478415,11.867533516316286,0,0.30791607328195836,0.0
262,7,personality,NOUN,obl,0.5544161145446402,15.18943851219957,14.63502239765493,4,0.6284301590931027,0.0
262,8,and,CCONJ,cc,-0.6017553195600271,5.740289866824134,6.342045186384161,0,0.0550290953434328,0.0
262,9,the,DET,det,0.27163469020656716,4.733084097091282,4.461449406884715,0,0.05607912501726111,0.0
262,10,people,NOUN,conj,1.3155222274786702,9.270575274924976,7.955053047446306,3,0.1256854115442719,0.0
262,11,they,PRON,nsubj,-0.5016247984473816,7.894817763307944,8.396442561755325,0,0.05174812006526462,0.0
262,12,'re,AUX,aux,0.3615734401325881,9.0809140554214,8.719340615288813,0,0.1672364087761341,0.0
262,13,interacting,VERB,acl:relcl,0.8403656980312384,6.197916666123875,5.357550968092637,3,0.05579185513691491,0.0
262,14,with,ADP,obl,-0.0765572157793768,7.899419665266953,7.975976881046329,1,0.061442094922362495,0.0
262,15,.,PUNCT,punct,-0.6820849717543003,3.7008451783641614,4.382930150118462,,0.05224784755872976,0.0
263,1,This,PRON,nsubj,-0.14321683198097546,7.086150703787548,7.229367535768524,0,0.07024480721902689,0.0
263,2,is,AUX,cop,1.2723097325284787,6.470049691257488,5.197739958729009,0,0.12075725451804441,0.0
263,3,simply,ADV,advmod,1.0029682751793896,13.019513510757259,12.016545235577869,0,1.54898044082536,0.0
263,4,a,DET,det,-2.9311348318768955,5.916808727223201,8.847943559100097,0,1.5774270385013751,0.0
263,5,protective,ADJ,amod,3.025250569712755,6.939140094293238,3.9138895245804832,0,1.2617672830745301,0.0
263,6,mechanism,NOUN,root,0.7296212694699555,5.482079380118688,4.752458110648733,,0.7991677311183483,0.0
263,7,for,ADP,case,-0.21762036369273652,7.502937985016352,7.720558348709089,0,0.20623087018308475,0.0
263,8,their,PRON,nmod:poss,-0.5837188070737493,9.867510417312209,10.451229224385958,0,0.4203706264555539,0.0
263,9,false,ADJ,amod,0.586072149206359,6.939140094293238,6.353067945086879,0,0.3087292210782623,0.0
263,10,image,NOUN,nmod,-2.6610748620766635,10.604476011478415,13.265550873555078,3,1.4243873436377192,0.0
263,11,or,CCONJ,cc,-0.23516925242167197,8.461518057636372,8.696687310058044,0,0.08297806039226324,0.0
263,12,their,PRON,nmod:poss,0.12232081995751543,9.867510417312209,9.745189597354694,0,0.12559953534653412,0.0
263,13,fantasy,NOUN,compound,-0.5461019342391502,5.482079380118688,6.028181314357838,0,0.053272455156383985,0.0
263,14,land,NOUN,conj,-0.13209604581550138,11.941510998755986,12.073607044571487,4,0.3828196807823644,0.0
263,15,.,PUNCT,punct,0.07376056381821838,3.7008451783641614,3.627084614545943,,0.020006925460584878,0.0
264,1,What,PRON,root,0.6444114563773944,8.034620403147466,7.390208946770072,,0.10125883508777528,0.0
264,2,'s,AUX,cop,0.260036785549036,6.812227981811018,6.552191196261982,0,0.23372011798564607,0.0
264,3,their,PRON,nmod:poss,-0.3254540186176609,9.867510417312209,10.19296443592987,0,0.23397978276567488,0.0
264,4,personality,NOUN,nsubj,-1.7994655572985376,15.18943851219957,16.98890406949811,1,0.652423922675916,0.0
264,5,like,ADP,case,-0.01596546429296275,7.951033772874491,7.966999237167454,0,0.06566034393091023,0.0
264,6,?,PUNCT,punct,0.4674323817258097,6.650279701091539,6.182847319365729,,0.07368411185103432,0.0
265,1,Take,VERB,root,0.6892847206138839,10.545582322424846,9.856297601810962,,0.28574343958947823,0.0
265,2,note,NOUN,obj,-2.5622767282387517,13.867510417312209,16.42978714555096,0,0.5962001076351966,0.0
265,3,of,ADP,case,-0.7577217695240144,5.747531807657332,6.505253577181346,0,0.04864909626515546,0.0
265,4,how,ADV,obl,-0.5410165582707407,9.167070699171116,9.708087257441857,1,0.15305434251138278,0.0
265,5,they,PRON,nsubj,-0.5285314823249019,7.894817763307944,8.423349245632846,0,0.048674735636513186,0.0
265,6,act,VERB,advcl:relcl,-0.8090947771666084,13.18943851219957,13.99853328936618,2,0.4885013735533094,0.0
265,7,",",PUNCT,punct,0.40712751098543265,4.552360855055908,4.145233344070475,,0.2289919189045227,0.0
265,8,talk,VERB,conj,-0.9236858708365414,12.604476011478415,13.528161882314956,1,0.3378851990860656,0.0
265,9,",",PUNCT,punct,0.7567261598974278,4.552360855055908,3.7956346951584803,,0.03163307336288046,0.0
265,10,and,CCONJ,cc,-0.6863865181597086,5.740289866824134,6.426676384983843,0,0.0646929960846061,0.0
265,11,use,VERB,conj,0.06757755445596736,10.697585415869895,10.630007861413928,2,0.16659202110509788,0.0
265,12,their,PRON,nmod:poss,-0.0940862379743308,9.867510417312209,9.96159665528654,0,0.1260811343972028,0.0
265,13,social,ADJ,amod,-0.1926019381799211,12.604476011478415,12.797077949658336,0,0.45554577037974,0.0
265,14,status,NOUN,obj,0.617222549058102,15.18943851219957,14.572215963141469,3,0.6034452369940984,0.0
265,15,.,PUNCT,punct,0.5219233959279852,3.7008451783641614,3.178921782436176,,0.015952160794845408,0.0
266,1,Do,AUX,aux,0.7443699706952938,7.650279701091539,6.905909730396245,0,0.06751253051743049,0.0
266,2,they,PRON,nsubj,0.5866879201696307,7.894817763307944,7.308129843138313,0,0.14852222590265726,0.0
266,3,have,VERB,root,2.8857936883735933,7.634849660521933,4.74905597214834,,0.44617730197365457,0.0
266,4,a,DET,det,0.32423495627384114,5.916808727223201,5.59257377094936,0,0.21496216369418653,0.0
266,5,general,ADJ,amod,-2.83439324384039,11.604476011478415,14.438869255318805,0,0.8859054716535395,0.0
266,6,sense,NOUN,obj,-1.083382430994348,13.382083590141967,14.465466021136315,2,1.2082663152935862,0.0
266,7,of,ADP,case,-0.19911069656083935,5.747531807657332,5.946642504218171,0,0.03295589246439414,0.0
266,8,',PUNCT,punct,-1.530575550440462,10.517013170228076,12.047588720668537,,0.23702400139272833,0.0
266,9,coolness,NOUN,nmod,0.03679690336615149,5.482079380118688,5.445282476752537,2,0.0586400501319359,0.0
266,10,?,PUNCT,punct,0.4058560952604866,6.650279701091539,6.244423605831052,,0.05198349699340211,0.0
266,11,',PUNCT,punct,-0.006276873596757326,10.517013170228076,10.523290043824833,,0.23733408224004748,0.0
267,1,Are,AUX,cop,0.5865732854487984,7.693583485312399,7.107010199863601,0,0.06869784901198628,0.0
267,2,they,PRON,nsubj,0.8490631520104088,7.894817763307944,7.045754611297535,1,0.24153647565205855,0.0
267,3,a,DET,det,-2.197868270282437,5.916808727223201,8.114676997505638,0,0.22925021881882793,0.0
267,4,chatterbox,NOUN,root,1.2937253649992444,5.482079380118688,4.188354015119444,,0.2858222808953426,0.0
267,5,?,PUNCT,punct,-0.37885702114395325,6.650279701091539,7.029136722235492,,0.3013197602017951,0.0
268,1,Do,AUX,aux,0.7443699706952938,7.650279701091539,6.905909730396245,0,0.06751253051743049,0.0
268,2,they,PRON,nsubj,0.5866879201696307,7.894817763307944,7.308129843138313,0,0.14852222590265726,0.0
268,3,act,VERB,root,-1.7447055250945152,13.18943851219957,14.934144037294086,,0.6944644225913704,0.0
268,4,like,SCONJ,mark,-0.5029833735083686,7.951033772874491,8.45401714638286,0,0.15378669302361977,0.0
268,5,they,PRON,nsubj,0.24926369442323804,7.894817763307944,7.645554068884706,0,0.11459644784721981,0.0
268,6,own,VERB,advcl,-0.6427917840963921,11.331457517071998,11.97424930116839,2,0.6297848100397022,0.0
268,7,the,DET,det,0.3529355425744569,4.733084097091282,4.3801485545168255,0,0.13807275643975567,0.0
268,8,place,NOUN,obj,1.1025109702044809,11.235242201812696,10.132731231608215,2,0.3230920117290998,0.0
268,9,",",PUNCT,punct,0.4592272287986674,4.552360855055908,4.093133626257241,,0.04311213879541801,0.0
268,10,or,CCONJ,cc,-0.5030768926337021,8.461518057636372,8.964594950270074,0,0.1157688658597411,0.0
268,11,act,VERB,conj,0.016997212379884274,13.18943851219957,13.172441299819686,1,0.47086713508994293,0.0
268,12,like,ADP,case,-0.5525724330492467,7.951033772874491,8.503606205923738,0,0.05431481232518001,0.0
268,13,the,DET,det,0.051757049328897686,4.733084097091282,4.681327047762385,0,0.08659932325577688,0.0
268,14,',PUNCT,punct,-1.8533222938709297,10.517013170228076,12.370335464099005,,0.24520406702706316,0.0
268,15,big,ADJ,amod,0.49494448899792154,11.382083590141967,10.887139101144045,0,0.3026056142839491,0.0
268,16,dog,NOUN,obl,0.8829728202151124,13.604476011478415,12.721503191263302,4,0.8013023642696202,0.0
268,17,?,PUNCT,punct,0.5219183942716015,6.650279701091539,6.128361306819937,,0.05167886455350477,0.0
268,18,',PUNCT,punct,0.14389772200384243,10.517013170228076,10.373115448224233,,0.2418170733857623,0.0
269,1,Are,AUX,cop,0.5865732854487984,7.693583485312399,7.107010199863601,0,0.06869784901198628,0.0
269,2,they,PRON,nsubj,0.8490631520104088,7.894817763307944,7.045754611297535,0,0.24153647565205855,0.0
269,3,very,ADV,advmod,-0.7697662000515955,9.713705081233172,10.483471281284768,0,0.7424670473406406,0.0
269,4,keen,ADJ,root,1.7371262276462973,6.939140094293238,5.202013866646941,,0.935987121797782,0.0
269,5,on,ADP,case,-1.0466516702674973,7.520553527933323,8.56720519820082,0,0.5192177858548644,0.0
269,6,their,PRON,nmod:poss,0.7629967458526643,9.867510417312209,9.104513671459545,0,0.8059236088960079,0.0
269,7,self,NOUN,compound,-2.1538001152208537,12.867510417312209,15.021310532533063,0,1.1730389477806265,0.0
269,8,-,PUNCT,punct,3.1704801153139384,8.337689470783513,5.167209355469574,,1.6415337996129022,0.0
269,9,image,NOUN,obl,-3.7190526274031654,10.604476011478415,14.32352863888158,3,1.9308386154136794,0.0
269,10,?,PUNCT,punct,-0.1298814547225513,6.650279701091539,6.78016115581409,,0.05645313590223201,0.0
270,1,Mention,VERB,root,0.41606333282163277,13.867510417312209,13.451447084490576,,1.3272212297060513,0.0
270,2,people,NOUN,obj,-2.027349348736367,9.270575274924976,11.297924623661343,0,0.26444889761056517,0.0
270,3,you,PRON,nsubj,-0.8933290450330684,6.339251674553796,7.232580719586864,0,0.0425282682704315,0.0
270,4,know,VERB,acl:relcl,0.08860046844456271,8.531227029447775,8.442626561003213,2,0.09636071806985466,0.0
270,5,that,SCONJ,mark,-0.2790941192440748,6.437894453110473,6.7169885723545475,0,0.06175161956150981,0.0
270,6,they,PRON,nsubj,0.01517114000952624,7.894817763307944,7.8796466232984175,0,0.06144536390262234,0.0
270,7,do,AUX,aux,0.6234564118926489,7.650279701091539,7.02682328919889,0,0.06469368047022982,0.0
270,8,n't,PART,advmod,0.7380164619999965,7.876555556915215,7.1385390949152185,0,0.08819868424431394,0.0
270,9,like,VERB,ccomp,1.1732323568280725,7.951033772874491,6.777801416046419,5,0.36591190481843444,0.0
270,10,.,PUNCT,punct,1.2345071573499076,3.7008451783641614,2.466338021014254,,0.17380235390385151,0.0
271,1,This,PRON,nsubj:pass,-0.14321683198097546,7.086150703787548,7.229367535768524,0,0.07024480721902689,0.0
271,2,is,AUX,aux:pass,1.2723097325284787,6.470049691257488,5.197739958729009,0,0.12075725451804441,0.0
271,3,n't,PART,advmod,0.5228867591876947,7.876555556915215,7.35366879772752,0,0.43999844629639867,0.0
271,4,meant,VERB,root,0.16459108894693486,14.18943851219957,14.024847423252636,,0.7934865007084446,0.0
271,5,to,PART,mark,-0.7283574771275108,5.85516522689238,6.583522704019891,0,0.05937364545852045,0.0
271,6,begin,VERB,xcomp,0.3321632399320187,13.382083590141967,13.049920350209948,1,0.40955035782870947,0.0
271,7,a,DET,det,-0.40460689989553256,5.916808727223201,6.321415627118734,0,0.04342947878513897,0.0
271,8,conflict,NOUN,obj,1.2692682063852363,14.18943851219957,12.920170305814334,2,0.65835057015793,0.0
271,9,",",PUNCT,punct,0.6721952000874079,4.552360855055908,3.8801656549685,,0.020729003871611223,0.0
271,10,but,CCONJ,cc,-0.6360191836530404,8.167070699171116,8.803089882824157,0,0.07854652959602615,0.0
271,11,to,PART,mark,0.04950699685993065,5.85516522689238,5.805658230032449,0,0.0702616667691182,0.0
271,12,gauge,VERB,conj,0.8245692053541314,6.197916666123875,5.373347460769744,3,0.085391315587646,0.0
271,13,their,PRON,nmod:poss,0.12457681291049916,9.867510417312209,9.74293360440171,0,0.11872004360162267,0.0
271,14,rivalries,NOUN,obj,-0.27896183091274285,5.482079380118688,5.761041211031431,2,0.03729083172631573,0.0
271,15,",",PUNCT,punct,0.6583060296634722,4.552360855055908,3.894054825392436,,0.018619469017789533,0.0
271,16,annoyances,NOUN,conj,-0.4112497478286752,5.482079380118688,5.893329127947363,1,0.03826959676304633,0.0
271,17,and,CCONJ,cc,-0.6147989742701023,5.740289866824134,6.355088841094236,0,0.058958703781493114,0.0
271,18,enmities,NOUN,conj,0.1658924563672537,5.482079380118688,5.3161869237514345,2,0.042106162292945164,0.0
271,19,.,PUNCT,punct,0.5323906127863967,3.7008451783641614,3.1684545655777647,,0.015883729464168855,0.0
272,1,If,SCONJ,mark,0.6507670307312896,8.876555556915216,8.225788526183926,0,0.12486982165802919,0.0
272,2,their,PRON,nmod:poss,-0.27076739428145125,9.867510417312209,10.13827781159366,0,0.1340679242313886,0.0
272,3,condemnation,NOUN,nsubj,-0.8993770702814343,5.482079380118688,6.3814564504001225,1,0.42460327734221354,0.0
272,4,seems,VERB,advcl,0.13652096104905276,12.730006893562273,12.59348593251322,2,0.6546111610502013,0.0
272,5,to,PART,mark,-0.6919065276502767,5.85516522689238,6.547071754542657,0,0.05949883550085294,0.0
272,6,be,AUX,cop,0.05011464599270887,8.075696346150382,8.025581700157673,0,0.08850730946941514,0.0
272,7,reasonable,ADJ,xcomp,0.3621457631770397,14.604476011478415,14.242330248301375,3,0.7712085871922106,0.0
272,8,",",PUNCT,punct,0.4646572397629569,4.552360855055908,4.087703615292951,,0.03698484980657464,0.0
272,9,they,PRON,nsubj,-0.5476710128363509,7.894817763307944,8.442488776144295,0,0.05717288242391576,0.0
272,10,probably,ADV,advmod,-0.16881366408524023,11.101975670949232,11.270789335034472,0,0.2782444087357496,0.0
272,11,are,AUX,cop,0.3129307931326881,7.693583485312399,7.380652692179711,0,0.08700015223672704,0.0
272,12,n't,PART,advmod,0.6220798400799072,7.876555556915215,7.254475716835308,0,0.05849018160342824,0.0
272,13,hubristic,ADJ,root,0.6293031111840319,6.939140094293238,6.309836983109206,,0.06517776408753666,0.0
272,14,.,PUNCT,punct,0.8195904029194572,3.7008451783641614,2.881254775444704,,0.024345888729570095,0.0
273,1,If,SCONJ,mark,0.6507670307312896,8.876555556915216,8.225788526183926,0,0.12486982165802919,0.0
273,2,it,PRON,nsubj,0.22363389214059382,6.147779360562356,5.924145468421762,0,0.12287826851241859,0.0
273,3,'s,AUX,cop,0.9285971798566433,6.812227981811018,5.883630801954375,0,0.173866314011741,0.0
273,4,harsh,ADJ,advcl,-0.4334914570338686,6.939140094293238,7.372631551327107,3,0.6172681306903118,0.0
273,5,",",PUNCT,punct,-0.03919391622021884,4.552360855055908,4.591554771276127,,0.20912142417038143,0.0
273,6,they,PRON,nsubj,-0.9313807730551185,7.894817763307944,8.826198536363062,0,0.22586794339404836,0.0
273,7,are,AUX,root,2.1394712636790523,7.693583485312399,5.554112221633347,,0.6117250739804061,0.0
273,8,.,PUNCT,punct,-0.2837326265068185,3.7008451783641614,3.98457780487098,,0.2342672278441538,0.0
274,1,The,DET,det,-0.7976025969652571,4.733084097091282,5.53068669405654,0,0.026145197178954215,0.0
274,2,more,ADV,advcl,-0.5539475298091414,9.502937985016352,10.056885514825494,1,0.36731016006123657,0.0
274,3,they,PRON,nsubj,-1.1593839020428538,7.894817763307944,9.054201665350798,0,0.17457035645808291,0.0
274,4,hate,VERB,advcl:relcl,-1.1137586333865332,14.604476011478415,15.718234644864948,2,0.8290508363180351,0.1
274,5,someone,PRON,obj,-0.06882764268139141,13.18943851219957,13.258266154880962,1,0.4953004649612262,0.1
274,6,",",PUNCT,punct,-0.0559623596173342,4.552360855055908,4.608323214673242,,0.021090458603223824,0.1
274,7,the,DET,det,-0.11573494956271002,4.733084097091282,4.848819046653992,0,0.051555689255173426,0.1
274,8,more,ADV,advmod,-0.5188576705321548,9.502937985016352,10.021795655548507,0,0.1621565821770168,0.1
274,9,dangerous,ADJ,root,0.8214136726423114,13.867510417312209,13.046096744669898,,0.7672202897275205,0.1
274,10,that,DET,det,-0.5100137970560699,6.437894453110473,6.947908250166543,0,0.05635481324566579,0.1
274,11,person,NOUN,nsubj,0.9831103389133169,11.867510417312209,10.884400078398892,1,0.23576539268897964,0.1
274,12,is,AUX,advcl:relcl,-0.6223974389774822,6.470049691257488,7.09244713023497,1,0.044695580319875826,0.1
274,13,to,ADP,case,0.2210871440594424,5.85516522689238,5.6340780828329375,0,0.04046137785028415,0.1
274,14,their,PRON,nmod:poss,0.42586188895952937,9.867510417312209,9.44164852835268,0,0.12945527334066495,0.1
274,15,fantasy,NOUN,compound,-0.8440444559910221,5.482079380118688,6.32612383610971,0,0.04032895117357584,0.1
274,16,land,NOUN,obl,-0.14301554991168963,11.941510998755986,12.084526548667675,3,0.41229661792333,0.1
274,17,.,PUNCT,punct,0.16013787266835333,3.7008451783641614,3.540707305695808,,0.020124352822691125,0.1
275,1,And,CCONJ,cc,0.26494226057534664,5.740289866824134,5.475347606248787,0,0.05872014748880523,0.0
275,2,in,ADP,case,-0.9675676746483131,6.195085075340713,7.162652749989026,0,0.07816777627928176,0.0
275,3,turn,NOUN,obl,-0.7867634318704972,12.488998794058478,13.275762225928975,1,2.008430398313641,0.0
275,4,",",PUNCT,punct,-0.047717169026174844,4.552360855055908,4.600078024082083,,0.3486002665679572,0.0
275,5,the,DET,det,-1.0555387082301984,4.733084097091282,5.788622805321481,0,0.32805649652705043,0.0
275,6,bigger,ADJ,advcl,-0.5607194576011132,14.18943851219957,14.750157969800684,1,1.8503204424529218,0.1
275,7,the,DET,det,0.8917442356453207,4.733084097091282,3.8413398614459617,0,0.03942181557402797,0.1
275,8,threat,NOUN,advcl:relcl,1.41679044546179,5.482079380118688,4.065288934656898,2,0.04364123151212,0.1
275,9,",",PUNCT,punct,0.3774689685469861,4.552360855055908,4.174891886508922,,0.04922973161771596,0.1
275,10,the,DET,det,-0.2933724895713885,4.733084097091282,5.026456586662671,0,0.026991287403635857,0.1
275,11,harsher,ADJ,root,0.026297112223553576,6.939140094293238,6.912842982069685,,0.070079192830021,0.1
275,12,the,DET,det,0.9241550422524076,4.733084097091282,3.808929054838875,0,0.03393901808664753,0.1
275,13,criticism,NOUN,advcl:relcl,1.4255969370639932,15.18943851219957,13.763841575135578,1,0.6334339506021536,0.2
275,14,.,PUNCT,punct,0.4226461084453028,3.7008451783641614,3.2781990699188586,,0.037041960808439627,0.2
276,1,Ask,VERB,root,0.7009547587449649,12.019513510757259,11.318558752012294,,0.4524151536720412,0.0
276,2,around,ADV,advmod,-1.5329431075707607,10.941510998755986,12.474454106326746,0,0.3974969869340709,0.0
276,3,to,PART,mark,-0.6663205286017648,5.85516522689238,6.521485755494145,0,0.20470727079501333,0.0
276,4,see,VERB,advcl,-0.7673184428538171,9.589525670012442,10.35684411286626,1,0.3778210019637544,0.0
276,5,what,PRON,obj,-0.06197464513945761,8.034620403147466,8.096595048286924,1,0.09309622931954502,0.0
276,6,they,PRON,nsubj,-0.008773073208955928,7.894817763307944,7.9035908365169,0,0.053792680487005765,0.0
276,7,'ve,AUX,aux,0.4849023399102368,10.235242201812696,9.750339861902459,0,0.1778373568730246,0.0
276,8,been,AUX,aux,0.5684968696075217,9.343948461255195,8.775451591647673,0,0.08459805749735046,0.0
276,9,saying,VERB,acl:relcl,1.1870673747525426,13.382083590141967,12.195016215389424,4,0.5626704477556727,0.0
276,10,about,ADP,case,-0.029628775930424567,9.101975670949232,9.131604446879656,0,0.13011352678603438,0.0
276,11,you,PRON,obl,0.3183058969855841,6.339251674553796,6.020945777568212,2,0.05739539727041213,0.0
276,12,.,PUNCT,punct,0.06757610219479249,3.7008451783641614,3.633269076169369,,0.018650356405214518,0.0
277,1,If,SCONJ,mark,0.6507670307312896,8.876555556915216,8.225788526183926,0,0.12486982165802919,0.0
277,2,they,PRON,nsubj,1.3201525855794198,7.894817763307944,6.574665177728524,0,0.46214593097082973,0.0
277,3,have,AUX,aux,2.6510355139861685,7.634849660521933,4.983814146535765,0,0.313167940555249,0.0
277,4,been,AUX,aux,1.8424107446079283,9.343948461255195,7.501537716647267,0,1.4065582670259762,0.0
277,5,saying,VERB,advcl,-3.847751580055345,13.382083590141967,17.229835170197312,4,1.789628234534937,0.0
277,6,bad,ADJ,amod,-0.6863359545481149,11.941510998755986,12.6278469533041,0,0.4472122976163621,0.0
277,7,things,NOUN,obj,0.3113844199154787,10.867510417312209,10.55612599739673,2,0.24372634683512578,0.0
277,8,about,ADP,case,-0.20092047552733305,9.101975670949232,9.302896146476565,0,0.11568240796587423,0.0
277,9,you,PRON,obl,0.09442711412552374,6.339251674553796,6.244824560428272,2,0.05253925374675347,0.0
277,10,",",PUNCT,punct,-0.3716259158183375,4.552360855055908,4.9239867708742455,,0.03655045015683979,0.0
277,11,they,PRON,nsubj,-0.15083381938961526,7.894817763307944,8.045651582697559,0,0.0557299128656183,0.0
277,12,may,AUX,aux,0.0889190974687093,10.212158588699655,10.123239491230946,0,0.11629661200739011,0.0
277,13,simply,ADV,advmod,0.30573276388888715,13.019513510757259,12.713780746868371,0,0.741866930258138,0.0
277,14,not,PART,advmod,0.5277846691418979,7.801421226854436,7.273636557712538,0,0.06470123811852987,0.0
277,15,like,VERB,root,0.29415198537684173,7.951033772874491,7.65688178749765,,0.07838319219943883,0.0
277,16,you,PRON,obj,0.46333693658711805,6.339251674553796,5.875914737966678,0,0.05110814766322879,0.0
277,17,.,PUNCT,punct,-0.37800588095563414,3.7008451783641614,4.0788510593197955,,0.08204702431610782,0.0
278,1,Arrogant,ADJ,amod,0.014812312186456289,6.939140094293238,6.924327782106782,0,0.03357182618896338,0.0
278,2,people,NOUN,nsubj,-0.6724801833381644,9.270575274924976,9.94305545826314,1,0.49241592380907123,0.0
278,3,often,ADV,advmod,-0.16552227712862155,11.867510417312209,12.03303269444083,0,1.9749835901767117,0.0
278,4,subconsciously,ADV,advmod,-1.040593659667305,9.200753825427405,10.24134748509471,0,1.9992055958412611,0.0
278,5,know,VERB,root,-0.13036333478815543,8.531227029447775,8.66159036423593,,0.2972084197644601,0.0
278,6,that,SCONJ,mark,-0.2557434494766282,6.437894453110473,6.693637902587101,0,0.060274006342653216,0.0
278,7,they,PRON,nsubj,0.05369944124265835,7.894817763307944,7.841118322065285,0,0.06158390542275828,0.0
278,8,do,AUX,aux,0.6596870328497086,7.650279701091539,6.99059266824183,0,0.03503850710917705,0.0
278,9,n't,PART,advmod,0.6927006049468876,7.876555556915215,7.1838549519683275,0,0.06506614229513474,0.0
278,10,have,VERB,ccomp,1.309598074910685,7.634849660521933,6.325251585611248,4,0.08501219299981179,0.0
278,11,any,DET,det,-0.4246437799304221,10.282547916591051,10.707191696521473,0,0.5085065253089278,0.0
278,12,good,ADJ,amod,-0.04674885320635802,9.447971525798424,9.494720379004782,0,0.4940369873593612,0.0
278,13,friends,NOUN,obj,0.8668138620487245,12.604476011478415,11.73766214942969,3,0.477049524413494,0.0
278,14,.,PUNCT,punct,0.6404079730587839,3.7008451783641614,3.0604372053053774,,0.01902712679264785,0.0
279,1,Then,ADV,advmod,0.36401872374813316,9.294620748891626,8.930602025143493,0,0.1404490167297728,0.0
279,2,they,PRON,nsubj,0.5659962262813378,7.894817763307944,7.328821537026606,0,0.1959973994720502,0.0
279,3,simply,ADV,advmod,-0.6782603793096449,13.019513510757259,13.697773890066903,0,1.0972908845877758,0.0
279,4,insult,VERB,root,3.320144380511294,6.197916666123875,2.8777722856125814,,1.4965430347559918,0.0
279,5,their,PRON,nmod:poss,0.5584349679935166,9.867510417312209,9.309075449318692,0,0.4519168017701952,0.0
279,6,trophy,NOUN,compound,1.0103021691252039,5.482079380118688,4.471777210993484,0,0.6646431508904401,0.0
279,7,friends,NOUN,obj,-4.666712374026442,12.604476011478415,17.271188385504857,2,2.2975264466899077,0.0
279,8,when,ADV,advmod,-1.218530169039088,9.270575274924976,10.489105443964064,0,0.3908074982326116,0.0
279,9,they,PRON,nsubj,-0.22298496820030866,7.894817763307944,8.117802731508252,0,0.05022085901324258,0.0
279,10,are,AUX,aux,0.6596985776863615,7.693583485312399,7.033884907626038,0,0.10363355507086089,0.0
279,11,n't,PART,advmod,0.8797601773735089,7.876555556915215,6.996795379541706,0,0.05355194097602021,0.0
279,12,looking,VERB,advcl,1.492097439693028,11.941510998755986,10.449413559062958,4,0.2532300509811792,0.0
279,13,.,PUNCT,punct,0.9915938042042156,3.7008451783641614,2.7092513741599458,,0.018646875446580346,0.0
280,1,How,ADV,root,0.4418275764880235,9.167070699171116,8.725243122683093,,0.15605535644908047,0.0
280,2,to,PART,mark,0.27871856738048706,5.85516522689238,5.576446659511893,0,0.21935209577274067,0.0
280,3,Ballet,NOUN,compound,-2.6767558836968446,5.482079380118688,8.158835263815533,0,0.19166819650859948,0.0
280,4,Dance,VERB,acl,-0.27341348971458324,13.867510417312209,14.140923907026792,2,0.8122113703426279,0.0
281,1,Part,NOUN,root,-0.47371687864735534,10.665876556142557,11.139593434789912,,0.30223269260162977,0.0
281,2,1,NUM,flat,1.548446099090265,10.634849660521933,9.086403561431668,0,2.8093407809769064,0.0
281,3,Getting,VERB,appos,-1.5341788184079235,11.382083590141967,12.91626240854989,0,2.865131591297271,0.0
281,4,Ready,ADJ,xcomp,-5.373798726977883,13.019513510757259,18.39331223773514,1,2.7496868127016723,0.0
281,5,to,PART,mark,-0.6534032436987323,5.85516522689238,6.508568470591112,0,0.05644485106858187,0.0
281,6,Dance,VERB,xcomp,0.0933393658619952,13.867510417312209,13.774171051450214,2,0.6486470266136427,0.0
282,1,Stretch,VERB,root,0.8254603755137726,6.197916666123875,5.372456290610103,,0.06508830294114955,0.0
282,2,your,PRON,nmod:poss,-1.0385443096659817,8.658057051683258,9.69660136134924,0,0.1200860707657548,0.0
282,3,muscles,NOUN,obj,-2.3311530126896507,14.604476011478415,16.935629024168065,1,0.8152215225956994,0.1
282,4,thoroughly,ADV,advmod,-0.6955598185499614,9.200753825427405,9.896313643977367,0,0.08874855705048908,0.1
282,5,.,PUNCT,punct,-0.033855577444972695,3.7008451783641614,3.734700755809134,,0.04991588133184363,0.1
283,1,Stretching,VERB,csubj,-0.05457781598632394,15.18943851219957,15.244016328185895,0,0.9240473246188663,0.2
283,2,is,AUX,cop,-2.0600275079066073,6.470049691257488,8.530077199164095,0,0.04499440909301299,0.2
283,3,important,ADJ,root,0.8805053954396165,12.019513510757259,11.139008115317642,,0.19928900198192673,0.2
283,4,to,PART,mark,-0.7421763695100259,5.85516522689238,6.597341596402406,0,0.06332133810866927,0.2
283,5,loosen,VERB,advcl,-0.5252542604861423,6.197916666123875,6.723170926610018,1,0.10729788859944339,0.2
283,6,muscles,NOUN,obj,-0.6645191214029822,14.604476011478415,15.268995132881397,1,0.8902305555591825,0.3
283,7,",",PUNCT,punct,0.37450348976540226,4.552360855055908,4.177857365290506,,0.06221239577502138,0.3
283,8,strengthen,VERB,conj,-1.3948576505669985,6.197916666123875,7.592774316690874,1,0.06497775771542112,0.3
283,9,muscles,NOUN,obj,-0.7266422872807627,14.604476011478415,15.331118298759177,1,0.8094403108479713,0.3
283,10,and,CCONJ,cc,-0.6013471397609456,5.740289866824134,6.34163700658508,0,0.05552094310066533,0.3
283,11,to,PART,mark,0.08661362439946974,5.85516522689238,5.76855160249291,0,0.08982647790634887,0.3
283,12,elongate,VERB,conj,0.5996577562676171,6.197916666123875,5.598258909856258,3,0.1307565481419121,0.3
283,13,your,PRON,nmod:poss,0.10729233354524048,8.658057051683258,8.550764718138018,0,0.10519744611336514,0.3
283,14,posture,NOUN,obj,-0.22529610946900291,5.482079380118688,5.707375489587691,2,0.03574935868225743,0.3
283,15,.,PUNCT,punct,0.6175055644085168,3.7008451783641614,3.0833396139556446,,0.018518962679630806,0.3
284,1,It,PRON,expl,0.1358633281289432,6.147779360562356,6.011916032433413,0,0.08192350898677746,0.0
284,2,is,AUX,cop,0.9959141665178581,6.470049691257488,5.47413552473963,0,0.07806024664638797,0.0
284,3,vital,ADJ,root,0.5976485767452635,6.939140094293238,6.341491517547975,,0.18957332102143404,0.0
284,4,that,SCONJ,mark,-0.9334328005646482,6.437894453110473,7.371327253675121,0,0.47758483892916437,0.0
284,5,it,PRON,nsubj:pass,0.5061077067380113,6.147779360562356,5.6416716538243445,0,0.5651260564374299,0.0
284,6,is,AUX,aux:pass,2.0258792459804216,6.470049691257488,4.4441704452770665,0,0.5310292397300275,0.0
284,7,done,VERB,csubj,-2.6063477606119267,11.488998794058478,14.095346554670405,3,1.6565675383824532,0.0
284,8,at,ADP,case,-0.09256497252397367,8.055012191978644,8.147577164502618,0,0.09869633539776002,0.0
284,9,the,DET,det,0.7270491616337624,4.733084097091282,4.00603493545752,0,0.04546809003917523,0.0
284,10,beginning,NOUN,obl,0.6977650618038354,13.18943851219957,12.491673450395735,3,0.9630072498291704,0.0
284,11,of,ADP,case,-0.023351846308694135,5.747531807657332,5.770883653966026,0,0.04193792120361494,0.0
284,12,each,DET,det,0.8727083611122097,11.730006893562273,10.857298532450063,0,0.35532865851974993,0.0
284,13,ballet,NOUN,compound,1.348892680992134,5.482079380118688,4.133186699126554,0,0.03507421220927945,0.0
284,14,session,NOUN,nmod,0.14976816447549002,5.482079380118688,5.332311215643198,4,0.0328056554611921,0.0
284,15,",",PUNCT,punct,0.4872914861718831,4.552360855055908,4.065069368884025,,0.03550431932182185,0.0
284,16,including,VERB,case,-0.7458969173564327,13.18943851219957,13.935335429556003,0,0.2635258118674189,0.0
284,17,before,ADP,case,-0.22670579050907058,10.697585415869895,10.924291206378966,0,0.15955497072353853,0.0
284,18,a,DET,det,0.068013626247315,5.916808727223201,5.848795100975886,0,0.06490808320665588,0.0
284,19,performance,NOUN,obl,1.311721293096209,13.867510417312209,12.555789124216,4,0.7800443776124711,0.0
284,20,.,PUNCT,punct,0.544450200503753,3.7008451783641614,3.1563949778604083,,0.016455617452097338,0.0
285,1,You,PRON,nsubj,0.406728407907031,6.339251674553796,5.932523266646765,0,0.06306914613167432,0.0
285,2,should,AUX,aux,1.8398035918360112,10.461518057636372,8.62171446580036,0,0.3891223894626643,0.0
285,3,also,ADV,advmod,1.0070167035875937,9.434551010036103,8.427534306448509,0,1.6649124470181162,0.0
285,4,stretch,VERB,root,-0.20826033553546264,6.197916666123875,6.406177001659338,,1.8706639647524497,0.0
285,5,to,PART,mark,-0.5227967614211568,5.85516522689238,6.377961988313537,0,0.07600894013100697,0.0
285,6,"""",PUNCT,punct,-1.1671293845266897,7.845142604283754,9.012271988810443,,0.2752327273530849,0.0
285,7,wind,VERB,advcl,-0.9678191358737642,13.867510417312209,14.835329553185973,1,0.9765968510810769,0.0
285,8,down,ADP,compound:prt,0.7665213525512371,10.235242201812696,9.468720849261459,1,0.9639633460323133,0.0
285,9,"""",PUNCT,punct,-0.8951043957261833,7.845142604283754,8.740247000009937,,0.460607144332498,0.0
285,10,at,ADP,case,-0.7331749157228256,8.055012191978644,8.78818710770147,0,0.1688336670378698,0.0
285,11,the,DET,det,0.7718374329581947,4.733084097091282,3.9612466641330877,0,0.1664181818624706,0.0
285,12,end,NOUN,obl,0.45015001739696636,11.665876556142557,11.21572653874559,3,0.9469900024930038,0.0
285,13,of,ADP,case,0.426619508502883,5.747531807657332,5.320912299154449,0,0.34402601474405115,0.0
285,14,ballet,NOUN,compound,0.04698045129635631,5.482079380118688,5.435098928822332,0,0.6173360108625215,0.0
285,15,dancing,NOUN,nmod,0.10800093895228091,5.482079380118688,5.374078441166407,3,0.03307961858982089,0.0
285,16,.,PUNCT,punct,0.2547732395777458,3.7008451783641614,3.4460719387864156,,0.015143294687275596,0.0
286,1,Always,ADV,advmod,0.4229082369656094,11.019513510757259,10.59660527379165,0,0.21294558374394346,0.0
286,2,wear,VERB,root,-0.8601222347729607,13.019513510757259,13.87963574553022,,0.5049237898240896,0.0
286,3,ballet,NOUN,compound,-0.9022395454340195,5.482079380118688,6.384318925552708,0,0.03505820011640643,0.0
286,4,slippers,NOUN,obj,-0.6543124140474452,5.482079380118688,6.1363917941661335,1,0.03274032759460742,0.0
286,5,.,PUNCT,punct,0.24190788172600897,3.7008451783641614,3.4589372966381524,,0.016603539787636526,0.0
287,1,You,PRON,nsubj,0.406728407907031,6.339251674553796,5.932523266646765,0,0.06306914613167432,0.0
287,2,should,AUX,aux,1.8398035918360112,10.461518057636372,8.62171446580036,0,0.3891223894626643,0.0
287,3,fit,VERB,root,-1.4479160244513842,13.867510417312209,15.315426441763593,,1.070059716447089,0.0
287,4,them,PRON,obj,-0.14000347498120824,9.56008189211996,9.700085367101169,0,0.1352010995161721,0.0
287,5,to,ADP,case,-0.2881718870600638,5.85516522689238,6.143337113952444,0,0.23118188920356622,0.0
287,6,where,ADV,obl,0.1052017180781295,10.574728668084362,10.469526950006232,1,0.10848608358178298,0.0
287,7,the,DET,det,-1.420789351229005,4.733084097091282,6.1538734483202875,0,0.11896951940483873,0.0
287,8,drawstring,NOUN,nsubj:pass,1.153385549339708,5.482079380118688,4.32869383077898,1,0.0575866274689949,0.0
287,9,is,AUX,aux:pass,-0.04079975563308036,6.470049691257488,6.510849446890568,0,0.15006779169870002,0.0
287,10,tied,VERB,advcl:relcl,1.0300096225262454,6.197916666123875,5.16790704359763,3,0.11014419015327087,0.0
287,11,slightly,ADV,advmod,0.26113095606278947,14.604476011478415,14.343345055415625,0,1.0180897341427408,0.1
287,12,loose,ADJ,amod,-0.044714380310139745,15.18943851219957,15.23415289250971,2,0.86272092612657,0.1
287,13,.,PUNCT,punct,0.6021696326025481,3.7008451783641614,3.0986755457616133,,0.023866289256372457,0.1
288,1,The,DET,det,-0.7976025969652571,4.733084097091282,5.53068669405654,0,0.026145197178954215,0.0
288,2,drawstring,NOUN,nsubj,1.061914760053039,5.482079380118688,4.420164620065649,1,0.039376904451116634,0.0
288,3,just,ADV,advmod,-1.5253304010824138,8.627196087978497,10.15252648906091,0,0.09820243627068316,0.0
288,4,completes,VERB,root,1.311503430766944,6.197916666123875,4.886413235356931,,0.23203219907888464,0.0
288,5,the,DET,det,-0.3629808360304594,4.733084097091282,5.096064933121742,0,0.06387186178169077,0.0
288,6,fit,NOUN,obj,-1.74639956193392,13.867510417312209,15.613909979246129,1,2.6218780762033065,0.0
288,7,.,PUNCT,punct,0.43856429556599164,3.7008451783641614,3.2622808827981697,,0.034320363608260865,0.0
289,1,It,PRON,nsubj:pass,0.1358633281289432,6.147779360562356,6.011916032433413,0,0.08192350898677746,0.0
289,2,is,AUX,aux:pass,0.9959141665178581,6.470049691257488,5.47413552473963,0,0.07806024664638797,0.0
289,3,n't,PART,advmod,0.8129383590263783,7.876555556915215,7.063617197888837,0,0.257157009885133,0.0
289,4,made,VERB,root,1.4636746279302884,10.488998794058478,9.02532416612819,,0.30239702287426484,0.0
289,5,to,PART,mark,-0.6907112500478769,5.85516522689238,6.545876476940257,0,0.1801850692145111,0.0
289,6,tighten,VERB,advcl,0.3054891109221263,6.197916666123875,5.892427555201749,1,0.5311429405741518,0.0
289,7,overly,ADV,advmod,0.16732489486759405,9.200753825427405,9.033428930559811,0,0.21970595638905363,0.0
289,8,large,ADJ,amod,1.626806622207983,12.488998794058478,10.862192171850495,1,0.9451157298264977,0.0
289,9,shoes,NOUN,obj,-1.8611416734993238,13.382083590141967,15.24322526364129,2,1.1560065975655556,0.0
289,10,.,PUNCT,punct,0.6058836260846707,3.7008451783641614,3.0949615522794907,,0.015969436512226723,0.0
290,1,If,SCONJ,mark,0.6507670307312896,8.876555556915216,8.225788526183926,0,0.12486982165802919,0.0
290,2,you,PRON,nsubj,1.234255010938349,6.339251674553796,5.104996663615447,0,0.08892111424232486,0.0
290,3,ca,AUX,aux,2.0558626271277554,10.831886507581487,8.776023880453732,0,1.0626777554022164,0.0
290,4,n't,PART,advmod,4.25261153905524,7.876555556915215,3.6239440178599747,0,0.5780477628150846,0.0
290,5,buy,VERB,advcl,-3.879042105094607,12.867510417312209,16.746552522406816,4,1.2955852736584175,0.0
290,6,ballet,NOUN,compound,-0.4254645083011521,5.482079380118688,5.90754388841984,0,0.03607654631546288,0.0
290,7,shoes,NOUN,obj,-0.33312413900043225,13.382083590141967,13.7152077291424,2,0.5351256498298406,0.0
290,8,",",PUNCT,punct,0.6031942837680337,4.552360855055908,3.9491665712878743,,0.017574592255073542,0.0
290,9,that,PRON,reparandum,-0.4095046994606024,6.437894453110473,6.847399152571075,,0.06734121342675212,0.0
290,10,it,PRON,nsubj,0.026604817708967055,6.147779360562356,6.121174542853389,0,0.06596344075616495,0.0
290,11,is,AUX,cop,0.6270789982663256,6.470049691257488,5.8429706929911625,0,0.03381319724585827,0.0
290,12,okay,ADJ,root,-0.18214730629184217,9.502937985016352,9.685085291308194,,0.1085287982901688,0.0
290,13,.,PUNCT,punct,1.1261140324377568,3.7008451783641614,2.5747311459264046,,0.038712248251958827,0.0
291,1,Use,VERB,root,0.5644249515823052,10.697585415869895,10.13316046428759,,0.27037434383783526,0.0
291,2,socks,NOUN,obj,-1.1085570614651328,5.482079380118688,6.590636441583821,0,0.5009156102675252,0.0
291,3,without,ADP,case,-1.7458461519887738,12.604476011478415,14.350322163467188,0,0.6371446701836736,0.0
291,4,the,DET,det,0.9936747760017988,4.733084097091282,3.7394093210894837,0,0.6753582733969593,0.0
291,5,stickies,NOUN,obl,0.06383263425822694,5.482079380118688,5.418246745860461,2,0.7197307784144068,0.0
291,6,on,ADP,case,-0.3355053230362852,7.520553527933323,7.8560588509696085,0,0.08199745693661951,0.0
291,7,the,DET,det,0.8463342448661266,4.733084097091282,3.886749852225156,0,0.028357382719700654,0.0
291,8,bottom,NOUN,nmod,1.347138499247019,5.482079380118688,4.134940880871669,3,0.0348961280446782,0.0
291,9,",",PUNCT,punct,0.3210348260968754,4.552360855055908,4.231326028959033,,0.026562454265102068,0.0
291,10,so,SCONJ,mark,-0.7218356750459005,7.738227400367242,8.460063075413142,0,0.11530163675188772,0.0
291,11,you,PRON,nsubj,-0.4309720888061941,6.339251674553796,6.77022376335999,0,0.06013321484284778,0.0
291,12,can,AUX,aux,0.770107337236583,8.388538612279266,7.618431275042683,0,0.06846758016762967,0.0
291,13,turn,VERB,advcl,0.8454113027076069,12.488998794058478,11.643587491350871,3,0.45287535274057045,0.0
291,14,!,PUNCT,punct,0.895615343545991,8.195085075340712,7.299469731794721,,0.08044326999233252,0.0
292,1,Wear,VERB,root,0.6990712119350828,13.019513510757259,12.320442298822176,,0.39392280786063116,0.0
292,2,comfortable,ADJ,amod,-2.7610871006523503,6.939140094293238,9.700227194945588,0,0.20717056305890422,0.0
292,3,and,CCONJ,cc,-0.6040153823988126,5.740289866824134,6.344305249222947,0,0.18488303962750477,0.0
292,4,snug,ADJ,amod,0.9415244598841639,6.939140094293238,5.997615634409074,0,0.25369477173194943,0.0
292,5,-,PUNCT,punct,0.3000451252463119,8.337689470783513,8.0376443455372,,0.39151783194069745,0.0
292,6,fitting,VERB,amod,-0.9713518739784188,15.18943851219957,16.16079038617799,1,1.5110491523846585,0.1
292,7,athletic,ADJ,conj,-0.007371823045629,6.939140094293238,6.946511917338867,3,0.14583758630646107,0.1
292,8,clothes,NOUN,obj,1.0344437288925867,14.604476011478415,13.570032282585828,1,0.6540967824245402,0.2
292,9,.,PUNCT,punct,0.32696525453275527,3.7008451783641614,3.373879923831406,,0.018690200383914373,0.2
293,1,A,DET,det,-0.7489890469122029,5.916808727223201,6.665797774135404,0,0.04887894799059029,0.0
293,2,plain,ADJ,amod,-0.09948905106065009,6.939140094293238,7.038629145353888,0,0.10714689536008311,0.0
293,3,black,ADJ,amod,-0.13033519012710748,12.488998794058478,12.619333984185586,0,0.3530238695265506,0.0
293,4,leotard,NOUN,nsubj,2.375393742624033,5.482079380118688,3.1066856374946554,3,0.9152708595025387,0.0
293,5,and,CCONJ,cc,-0.5600747495890683,5.740289866824134,6.300364616413202,0,0.1251660260753834,0.0
293,6,pink,ADJ,amod,1.3603151515928449,6.939140094293238,5.578824942700393,0,0.39129311246840554,0.0
293,7,tights,NOUN,conj,1.5386444841720914,5.482079380118688,3.943434895946597,3,0.34415142947792,0.0
293,8,are,AUX,cop,-0.35655647126994783,7.693583485312399,8.050139956582347,0,0.35815712388450377,0.0
293,9,usually,ADV,advmod,-0.7387850351018521,12.604476011478415,13.343261046580267,0,1.2768278878762813,0.0
293,10,a,DET,det,1.0701599604260643,5.916808727223201,4.846648766797137,0,1.8940810101416272,0.0
293,11,safe,ADJ,amod,-4.85530281889001,14.604476011478415,19.459778830368425,0,3.0226332597630043,0.0
293,12,bet,NOUN,root,-1.2735014792348576,14.604476011478415,15.877977490713272,,0.7377058639584546,0.3
293,13,.,PUNCT,punct,0.0436947268500929,3.7008451783641614,3.6571504515140685,,0.22815959639832975,0.3
294,1,Pink,ADJ,amod,0.014812312186456289,6.939140094293238,6.924327782106782,0,0.03357182618896338,0.0
294,2,or,CCONJ,cc,-1.7220526963721365,8.461518057636372,10.183570754008509,0,0.26020691239325533,0.0
294,3,black,ADJ,conj,0.3679945607632078,12.488998794058478,12.12100423329527,2,0.46364855042498654,0.0
294,4,ballet,NOUN,compound,1.742002618164837,5.482079380118688,3.7400767619538513,0,0.7524150123671388,0.0
294,5,slippers,NOUN,nsubj,0.3707916237431377,5.482079380118688,5.1112877563755506,2,0.344812761014912,0.0
294,6,are,AUX,cop,-0.3772801978926763,7.693583485312399,8.070863683205076,0,0.3965682677232686,0.0
294,7,also,ADV,advmod,-0.750477757200942,9.434551010036103,10.185028767237045,0,0.6181498793303286,0.0
294,8,appropriate,ADJ,root,-0.8526550794663752,14.604476011478415,15.45713109094479,,1.1775581862864173,0.1
294,9,.,PUNCT,punct,0.5586203586994305,3.7008451783641614,3.142224819664731,,0.042056609382327186,0.1
295,1,Mostly,ADV,advmod,0.15824533522395257,13.867510417312209,13.709265082088256,0,0.4825765594761403,0.0
295,2,they,PRON,nsubj,0.4235390528284677,7.894817763307944,7.471278710479476,0,1.1605955982654226,0.0
295,3,require,VERB,root,-0.253327066513652,14.18943851219957,14.442765578713223,,1.4125558930268947,0.0
295,4,tight,ADJ,amod,-0.9740643195777912,6.939140094293238,7.913204413871029,0,0.05981287255116185,0.0
295,5,fitting,ADJ,amod,-0.8689034653503409,15.18943851219957,16.05834197754991,0,1.3048427404783707,0.1
295,6,clothing,NOUN,obj,0.5979276059127496,14.18943851219957,13.591510906286821,2,0.7726317540724525,0.1
295,7,so,SCONJ,mark,-0.5577357638770035,7.738227400367242,8.295963164244245,0,0.10293700425076174,0.1
295,8,they,PRON,nsubj,-0.30632586936112194,7.894817763307944,8.201143632669066,0,0.05898570956892642,0.1
295,9,can,AUX,aux,0.6026265996147933,8.388538612279266,7.785912012664473,0,0.09168318845155826,0.1
295,10,see,VERB,advcl,1.0359790244329403,9.589525670012442,8.553546645579502,3,0.14266202806656691,0.1
295,11,that,SCONJ,mark,-0.07258009020917822,6.437894453110473,6.510474543319651,0,0.0656376370902265,0.1
295,12,your,PRON,nmod:poss,0.133071854869673,8.658057051683258,8.524985196813585,0,0.10359845502133286,0.1
295,13,muscles,NOUN,nsubj,-1.0771294345959586,14.604476011478415,15.681605446074373,1,0.8721760349018681,0.2
295,14,are,AUX,aux,-0.18095308018636036,7.693583485312399,7.87453656549876,0,0.12382648813990596,0.2
295,15,working,VERB,ccomp,0.8019289460265,12.18943851219957,11.38750956617307,4,0.5020936189241286,0.2
295,16,properly,ADV,advmod,0.22909490002192,9.200753825427405,8.971658925405485,1,0.10320526451856966,0.2
295,17,and,CCONJ,cc,-0.4066054188376098,5.740289866824134,6.146895285661744,0,0.04488097039763588,0.2
295,18,so,ADV,advmod,0.7490947235813463,7.738227400367242,6.9891326767858954,0,0.1398052963310091,0.2
295,19,on,ADV,conj,-0.6008850696104577,7.520553527933323,8.121438597543781,3,0.10659471746228422,0.2
295,20,.,PUNCT,punct,-0.5972292958611791,3.7008451783641614,4.2980744742253405,,0.11904399154008866,0.2
296,1,Find,VERB,root,0.805600142013704,11.282547916591051,10.476947774577347,,0.3647134189123852,0.0
296,2,an,DET,det,-1.0044379687916223,8.922651971504669,9.927089940296291,0,1.2244205659531897,0.0
296,3,appropriate,ADJ,amod,-1.446844854890358,14.604476011478415,16.051320866368773,0,1.0384106618044289,0.1
296,4,space,NOUN,obj,0.7050882948647779,12.488998794058478,11.7839104991937,2,0.41257208587039595,0.1
296,5,to,PART,mark,-0.5303626749041879,5.85516522689238,6.385527901796568,0,0.055324003464083185,0.1
296,6,practice,VERB,acl,0.1975959231144948,14.604476011478415,14.40688008836392,2,0.8955884196711285,0.2
296,7,.,PUNCT,punct,0.22118251723730653,3.7008451783641614,3.479662661126855,,0.020124215942303146,0.2
297,1,Ballet,NOUN,nsubj:outer,-0.8732365632322434,5.482079380118688,6.355315943350932,0,0.04098359429255844,0.0
297,2,is,AUX,cop,-1.3347974708397334,6.470049691257488,7.8048471620972215,0,0.07703130467085346,0.0
297,3,less,ADV,advmod,0.6937094941684769,12.101975670949232,11.408266176780755,0,0.5083356578716923,0.0
297,4,about,SCONJ,mark,-0.9819307062450164,9.101975670949232,10.083906377194248,0,0.3753616805140986,0.0
297,5,learning,VERB,root,-0.6888197226731894,12.282547916591051,12.97136763926424,,0.3883322807436863,0.0
297,6,the,DET,det,-0.5040204834633109,4.733084097091282,5.237104580554593,0,0.05982683877789823,0.0
297,7,moves,NOUN,obj,1.2869666311634944,5.482079380118688,4.195112748955194,1,0.03350956151393978,0.0
297,8,and,CCONJ,cc,-0.3209721862151662,5.740289866824134,6.0612620530393,0,0.08456505335468012,0.0
297,9,more,ADV,advmod,0.3472387511029602,9.502937985016352,9.155699233913392,0,0.20934197988443848,0.0
297,10,about,SCONJ,mark,-0.05496556914181916,9.101975670949232,9.15694124009105,0,0.11837052245717052,0.0
297,11,perfecting,VERB,conj,-0.6542045203647513,6.197916666123875,6.852121186488627,3,0.20210019602308016,0.0
297,12,them,PRON,obj,0.08572031220582588,9.56008189211996,9.474361579914135,1,0.12705513898530962,0.0
297,13,.,PUNCT,punct,0.24160128105533385,3.7008451783641614,3.4592438973088275,,0.023444667210055656,0.0
298,1,The,DET,det,-0.7976025969652571,4.733084097091282,5.53068669405654,0,0.026145197178954215,0.0
298,2,back,NOUN,nsubj,-0.030526043086995358,9.999613953319553,10.030139996406549,1,0.475943953905211,0.0
298,3,of,ADP,case,-0.011090484376373944,5.747531807657332,5.758622292033706,0,0.7294809266115284,0.0
298,4,a,DET,det,0.5424154286641016,5.916808727223201,5.3743932985591,0,0.9637110956352835,0.0
298,5,chair,NOUN,nmod,-0.8951740314966603,13.019513510757259,13.914687542253919,3,1.2303270899207035,0.0
298,6,can,AUX,aux,-0.8381228784374208,8.388538612279266,9.226661490716687,0,0.05515004156392498,0.0
298,7,replace,VERB,root,0.28937287099062736,14.604476011478415,14.315103140487787,,0.6472184109975613,0.0
298,8,the,DET,det,-0.4298399240736943,4.733084097091282,5.162924021164977,0,0.043658471218289634,0.0
298,9,need,NOUN,obj,-1.7390771528546498,10.763173757497473,12.502250910352123,1,0.6822583450784007,0.0
298,10,for,ADP,case,-0.09308698233357049,7.502937985016352,7.596024967349923,0,0.06020121283504812,0.0
298,11,a,DET,det,0.8394171126917787,5.916808727223201,5.077391614531423,0,0.054983784369818746,0.0
298,12,bar,NOUN,nmod,1.1787325598034428,13.604476011478415,12.425743451674972,3,0.9518252458337508,0.0
298,13,.,PUNCT,punct,0.4478139992225576,3.7008451783641614,3.253031179141604,,0.03221718417394242,0.0
299,1,Position,VERB,root,-0.5040504540250073,13.382083590141967,13.886134044166974,,0.6564661926545662,0.0
299,2,a,DET,det,-2.352589577095613,5.916808727223201,8.269398304318814,0,0.4098061953880963,0.0
299,3,large,ADJ,amod,0.9348284703003156,12.488998794058478,11.554170323758163,0,0.7506011478604051,0.0
299,4,mirror,NOUN,obj,3.599559810300712,5.482079380118688,1.8825195698179762,2,1.0706506750710318,0.0
299,5,so,SCONJ,mark,-1.557421094891728,7.738227400367242,9.29564849525897,0,0.6728531305168045,0.0
299,6,you,PRON,nsubj,-0.7149593831969412,6.339251674553796,7.054211057750737,0,0.35515381424483256,0.0
299,7,can,AUX,aux,2.2200547756010582,8.388538612279266,6.168483836678208,0,0.6835887862658276,0.0
299,8,check,VERB,advcl,-3.4022451636562767,12.867510417312209,16.269755580968486,3,1.6576767216449173,0.0
299,9,your,PRON,nmod:poss,0.09022061811020521,8.658057051683258,8.567836433573053,0,0.09766556077724528,0.0
299,10,positioning,NOUN,obj,-0.3571090249977056,5.482079380118688,5.839188405116394,2,0.042607214380670076,0.0
299,11,and,CCONJ,cc,-0.46072557540947834,5.740289866824134,6.201015442233612,0,0.05444547963278671,0.0
299,12,see,VERB,conj,0.37427962455258523,9.589525670012442,9.215246045459857,2,0.14107257987254943,0.0
299,13,what,PRON,obj,0.07680460215415863,8.034620403147466,7.957815800993307,1,0.09355551267179196,0.0
299,14,you,PRON,nsubj,0.11389260229810816,6.339251674553796,6.225359072255688,0,0.04676783315512112,0.0
299,15,'re,AUX,aux,0.5104396708074894,9.0809140554214,8.570474384613911,0,0.1610309117955417,0.0
299,16,doing,VERB,acl:relcl,1.079244142686015,10.831886507581487,9.752642364895472,3,0.2238421857186213,0.0
299,17,.,PUNCT,punct,0.9856263481472172,3.7008451783641614,2.715218830216944,,0.017812664160021696,0.0
300,1,How,ADV,root,0.4418275764880235,9.167070699171116,8.725243122683093,,0.15605535644908047,0.0
300,2,to,PART,mark,0.27871856738048706,5.85516522689238,5.576446659511893,0,0.21935209577274067,0.0
300,3,Grow,VERB,acl,7.102477824281696,13.019513510757259,5.917035686475563,1,1.560463773810876,0.0
300,4,Basil,NOUN,obj,7.771587278365465,13.18943851219957,5.417851233834106,1,4.56279781545803,0.0
301,1,Three,NUM,nummod,0.0003951502293215725,10.123349321741799,10.122954171512477,0,0.14590297563046425,0.0
301,2,Methods,NOUN,root,-2.9182788243568236,14.18943851219957,17.107717336556394,,0.7981267422509546,0.0
301,3,:,PUNCT,punct,-0.661140049427571,8.524102595014394,9.185242644441965,,0.10257371318993211,0.0
301,4,Starting,NOUN,compound,-0.8165683413452918,13.019513510757259,13.83608185210255,0,0.34230622804035904,0.0
301,5,Seeds,NOUN,appos,-0.7188543080695382,13.18943851219957,13.908292820269109,1,0.7123274735499959,0.0
301,6,Caring,VERB,conj,-0.9068729189716,6.197916666123875,7.104789585095475,1,0.09800004389942775,0.0
301,7,for,ADP,case,-0.39545560275048963,7.502937985016352,7.898393587766842,0,0.054744082231702504,0.0
301,8,Basil,NOUN,obl,0.6139888508284734,13.18943851219957,12.575449661371097,2,0.41916868395585555,0.0
301,9,Harvesting,VERB,conj,-1.0865662666324605,6.197916666123875,7.284482932756336,1,0.058071130667970115,0.0
301,10,and,CCONJ,cc,-0.7731716111627254,5.740289866824134,6.513461477986859,0,0.06008326106014482,0.0
301,11,Using,VERB,conj,0.06735327163989524,13.382083590141967,13.314730318502072,2,0.4341582734813719,0.0
301,12,Basil,NOUN,obj,-0.34073437546773633,13.18943851219957,13.530172887667307,1,0.41729665687010425,0.0
302,1,Basil,NOUN,nsubj,-0.8096769790242391,13.18943851219957,13.99911549122381,0,0.7931516026688139,0.0
302,2,is,AUX,cop,-2.15167417176084,6.470049691257488,8.621723863018328,0,0.6157382555407163,0.0
302,3,easy,ADJ,root,0.3719072345705161,12.867510417312209,12.495603182741693,,0.4454959221217835,0.0
302,4,to,PART,mark,-0.6888466700262237,5.85516522689238,6.544011896918604,0,0.1452830797036484,0.0
302,5,grow,VERB,xcomp,0.25762669703674135,13.019513510757259,12.761886813720517,1,0.6161030679140741,0.0
302,6,",",PUNCT,punct,0.8275904357574633,4.552360855055908,3.7247704192984448,,0.03043743640234997,0.0
302,7,and,CCONJ,cc,-0.6551505205166972,5.740289866824134,6.395440387340831,0,0.06029649538139937,0.0
302,8,transforms,VERB,conj,0.019116842806634615,6.197916666123875,6.178799823317241,1,0.0935818884747582,0.0
302,9,ordinary,ADJ,amod,-0.7043435121588599,6.939140094293238,7.643483606452098,0,0.07198430975769013,0.0
302,10,meals,NOUN,obj,0.5596732779493454,5.482079380118688,4.922406102169343,2,0.034222834938412064,0.0
302,11,into,ADP,case,-0.10121881020380386,9.849588509314946,9.95080731951875,0,0.126809115435215,0.0
302,12,culinary,ADJ,amod,-0.2893323402452248,6.939140094293238,7.228472434538463,0,0.07354054733469204,0.0
302,13,treasures,NOUN,obl,1.0293730970133828,5.482079380118688,4.4527062831053055,3,0.030469404277503328,0.0
302,14,!,PUNCT,punct,0.544165100531484,8.195085075340712,7.650919974809228,,0.05762580723755142,0.0
303,1,This,DET,det,-0.14321683198097546,7.086150703787548,7.229367535768524,0,0.07024480721902689,0.0
303,2,article,NOUN,nsubj,2.3714628125530144,13.867510417312209,11.496047604759195,1,2.3845274216022814,0.0
303,3,outlines,VERB,root,1.9008764954053543,6.197916666123875,4.297040170718521,,1.3201585806309273,0.0
303,4,how,ADV,obj,-1.0771901906963848,9.167070699171116,10.244260889867501,0,0.8763925251010837,0.0
303,5,to,PART,mark,0.6077902421186643,5.85516522689238,5.247374984773716,0,0.7408804039304465,0.0
303,6,plant,VERB,acl,-2.813701619934262,13.019513510757259,15.83321513069152,2,3.2680860851388283,0.0
303,7,and,CCONJ,cc,-1.423837645117496,5.740289866824134,7.16412751194163,0,0.2692113921205999,0.0
303,8,harvest,VERB,conj,1.0354106949164468,6.197916666123875,5.162505971207429,2,0.25454855570529344,0.0
303,9,basil,NOUN,obj,-3.444425173486648,13.18943851219957,16.63386368568622,1,0.8840386801545721,0.0
303,10,.,PUNCT,punct,0.7123865923576305,3.7008451783641614,2.988458586006531,,0.014702948508747876,0.0
304,1,Method,NOUN,root,1.068392702128305,14.18943851219957,13.121045810071266,,1.0986258211200017,0.0
304,2,1,NUM,flat,6.666047919406896,10.634849660521933,3.9688017411150374,0,0.8462847458709708,0.0
304,3,of,ADP,case,-0.4266052251428256,5.747531807657332,6.174137032800157,0,1.6280225312539094,0.0
304,4,3,NUM,nmod,-8.02220834530282,11.941510998755986,19.963719344058806,1,2.266061679340621,0.0
304,5,:,PUNCT,punct,-0.33122234920826443,8.524102595014394,8.855324944222659,,1.0068556702211564,0.0
304,6,Starting,NOUN,compound,-1.528413718393283,13.019513510757259,14.547927229150542,0,0.5912812689398722,0.0
304,7,Seeds,NOUN,appos,-0.5792385390244537,13.18943851219957,13.768677051224024,1,0.7033402679579819,0.0
305,1,1,X,discourse,-0.6004360080365458,10.634849660521933,11.235285668558479,0,0.2706294185378408,0.0
305,2,Choose,VERB,root,-3.1891363297918662,12.867510417312209,16.056646747104075,,0.5018424650053124,0.0
305,3,the,DET,det,-0.8350630803745425,4.733084097091282,5.568147177465825,0,0.030536810165796506,0.0
305,4,kind,NOUN,obj,1.2655811166178452,11.060155495254604,9.794574378636758,1,0.2731837111886164,0.0
305,5,of,ADP,case,-0.3568553777937362,5.747531807657332,6.104387185451068,0,0.03793182515697677,0.0
305,6,basil,NOUN,nmod,0.8271220269891462,13.18943851219957,12.362316485210425,2,0.41246530412878374,0.0
305,7,you,PRON,nsubj,-0.624518006500101,6.339251674553796,6.963769681053897,0,0.04336854486904358,0.0
305,8,wish,VERB,acl:relcl,0.11053755971296653,13.382083590141967,13.271546030429,2,0.7077239719774362,0.0
305,9,to,PART,mark,-0.6127348340641552,5.85516522689238,6.467900060956535,0,0.07105948895239646,0.0
305,10,grow,VERB,xcomp,0.3209856432208227,13.019513510757259,12.698527867536436,2,0.3488583090158556,0.0
305,11,.,PUNCT,punct,0.8875036956605222,3.7008451783641614,2.813341482703639,,0.01741041918467643,0.0
306,1,Basil,NOUN,nsubj,-0.8096769790242391,13.18943851219957,13.99911549122381,0,0.7931516026688139,0.0
306,2,comes,VERB,root,-1.7897005539477693,12.282547916591051,14.07224847053882,,0.8656930158254112,0.0
306,3,in,ADP,case,-0.6205914752975508,6.195085075340713,6.815676550638264,0,0.04808656580249855,0.0
306,4,many,ADJ,amod,-0.5069011660770251,10.235242201812696,10.742143367889721,0,0.17823396402418376,0.0
306,5,different,ADJ,amod,-0.03181942818288164,11.101975670949232,11.133795099132113,0,0.21367964560106933,0.0
306,6,varieties,NOUN,obl,1.0640597059206245,5.482079380118688,4.418019674198064,3,0.03134127678669996,0.0
306,7,",",PUNCT,punct,0.3935768698303974,4.552360855055908,4.158783985225511,,0.02493954055346975,0.0
306,8,each,DET,nsubj,-0.40438708526196976,11.730006893562273,12.134393978824242,0,0.36269507413399177,0.0
306,9,of,ADP,case,0.7505870855121968,5.747531807657332,4.996944722145135,0,0.04382527235518213,0.0
306,10,which,PRON,nmod,-0.005497617974729252,10.30679546283773,10.31229308081246,2,0.15396803072052717,0.0
306,11,have,VERB,acl:relcl,-1.0639481682974345,7.634849660521933,8.698797828819368,2,0.0932470064668439,0.0
306,12,a,DET,det,0.523343254274752,5.916808727223201,5.393465472948449,0,0.036751931716231374,0.0
306,13,unique,ADJ,amod,0.32199598071819047,13.867510417312209,13.545514436594019,0,0.2808884898727618,0.0
306,14,flavor,NOUN,obj,1.1225764283773954,5.482079380118688,4.359502951741293,3,0.032264430093847246,0.0
306,15,and,CCONJ,cc,-0.4142769607428427,5.740289866824134,6.154566827566977,0,0.05191889871272414,0.0
306,16,smell,NOUN,conj,0.34181154878624653,12.867510417312209,12.525698868525962,2,0.6355189245763151,0.0
306,17,.,PUNCT,punct,0.4946480481257436,3.7008451783641614,3.206197130238418,,0.04328895525735321,0.0
307,1,Here,ADV,dep,0.14756867281017705,9.369259549784383,9.221690876974206,,0.2641192461765262,0.0
307,2,are,AUX,cop,0.05018856305342734,7.693583485312399,7.643394922258972,0,0.4817107066747114,0.0
307,3,a,DET,det,-1.9854981466601673,5.916808727223201,7.902306873883369,0,0.3423465356103313,0.0
307,4,few,ADJ,amod,0.9759629050332403,11.545582322424846,10.569619417391605,0,0.9299046911481197,0.0
307,5,ideas,NOUN,root,-0.22762884797422345,13.019513510757259,13.247142358731482,,0.712436164003064,0.0
307,6,:,PUNCT,punct,-0.004443502511284336,8.524102595014394,8.528546097525679,,0.09836595220608034,0.0
308,1,Cinnamon,NOUN,compound,-1.3546399194919339,14.18943851219957,15.544078431691505,0,0.6406221863115024,0.0
308,2,basil,NOUN,nsubj,-2.1646789264062285,13.18943851219957,15.3541174386058,1,0.45258527102052265,0.0
308,3,really,ADV,advmod,-1.0685880159267978,9.619582903868622,10.68817091979542,0,0.15015961247733342,0.0
308,4,does,AUX,aux,0.46638729753289354,10.019513510757259,9.553126213224365,0,0.19536916857942468,0.0
308,5,smell,VERB,root,-0.5273425041049311,12.867510417312209,13.39485292141714,,0.7235230308737246,0.0
308,6,like,ADP,case,-0.515862673830509,7.951033772874491,8.466896446705,0,0.1469252169054304,0.0
308,7,the,DET,det,-0.08052275645213935,4.733084097091282,4.813606853543422,0,0.06517188523071574,0.0
308,8,sweet,ADJ,amod,0.04783943423659487,15.18943851219957,15.141599077962976,0,0.6654116754238752,0.1
308,9,spice,NOUN,obl,1.1278222183100306,5.482079380118688,4.354257161808658,3,0.02829443576542205,0.1
308,10,",",PUNCT,punct,0.48127886574621037,4.552360855055908,4.071081989309698,,0.029365544581761688,0.1
308,11,and,CCONJ,cc,-0.41912501242850464,5.740289866824134,6.159414879252639,0,0.0821791287002926,0.1
308,12,it,PRON,nsubj,0.10287311832007617,6.147779360562356,6.04490624224228,0,0.09935388963923943,0.1
308,13,also,ADV,advmod,0.12636296040274786,9.434551010036103,9.308188049633355,0,0.15966697653683826,0.1
308,14,has,VERB,conj,0.670824041457367,9.235242201812696,8.564418160355329,3,0.13320730579601517,0.1
308,15,unusually,ADV,advmod,0.5072560547805995,9.200753825427405,8.693497770646806,0,0.08558032207406957,0.1
308,16,beautiful,ADJ,amod,0.7102664397906473,11.488998794058478,10.77873235426783,1,0.24370188907392945,0.1
308,17,and,CCONJ,cc,-0.41053703333540703,5.740289866824134,6.150826900159541,0,0.050362595452257214,0.1
308,18,fragrant,ADJ,conj,1.0896430136393818,6.939140094293238,5.849497080653856,2,0.09894332565888397,0.1
308,19,flowers,NOUN,obj,0.6650569311179986,15.18943851219957,14.524381581081572,2,0.7694344942847867,0.2
308,20,.,PUNCT,punct,0.46132195736254467,3.7008451783641614,3.2395232210016167,,0.02456248360363389,0.2
309,1,Lemon,NOUN,compound,-0.5786212837680527,12.867510417312209,13.446131701080262,0,0.6000363662414402,0.0
309,2,basil,NOUN,nsubj,-2.9406975621301097,13.18943851219957,16.13013607432968,1,0.6990910277310501,0.0
309,3,actually,ADV,advmod,-1.0685880159267978,11.18943851219957,12.258026528126369,0,0.1818054200095273,0.0
309,4,contains,VERB,root,0.7200558971861764,14.604476011478415,13.884420114292238,,0.9658073851225385,0.0
309,5,citral,NOUN,obj,-0.5749940165115586,5.482079380118688,6.057073396630247,0,0.03483595187170106,0.0
309,6,",",PUNCT,punct,0.4715382093874725,4.552360855055908,4.0808226456684356,,0.018559571226703635,0.0
309,7,an,DET,det,-0.7149262494387951,8.922651971504669,9.637578220943464,0,0.07771363151765817,0.0
309,8,aromatic,ADJ,amod,0.013882711355625688,6.939140094293238,6.9252573829376125,0,0.07130095137002529,0.0
309,9,compound,NOUN,appos,1.0993134521659886,15.18943851219957,14.090125060033582,3,0.6852293895324446,0.1
309,10,found,VERB,acl,-1.1122440942181129,11.665876556142557,12.77812065036067,1,0.25049675967159724,0.1
309,11,in,ADP,case,-0.21257412623048833,6.195085075340713,6.407659201571201,0,0.04779274129182937,0.1
309,12,citrus,ADJ,amod,-0.37551612347231256,6.939140094293238,7.314656217765551,0,0.07910373322831948,0.1
309,13,fruit,NOUN,obl,0.9926281227165825,5.482079380118688,4.489451257402106,3,0.03791494506295796,0.1
309,14,",",PUNCT,punct,0.5090820406707399,4.552360855055908,4.043278814385168,,0.02369704858051617,0.1
309,15,and,CCONJ,cc,-0.581484769650018,5.740289866824134,6.321774636474152,0,0.06624072732336127,0.1
309,16,smells,VERB,conj,0.10222039503332248,15.18943851219957,15.087218117166248,1,0.8614028256942885,0.4
309,17,very,ADV,advmod,-0.14336336680956308,9.713705081233172,9.857068448042735,0,0.18616585722841425,0.4
309,18,lemony,ADJ,xcomp,0.21003412319989856,6.939140094293238,6.72910597109334,2,0.16431244025943012,0.4
309,19,.,PUNCT,punct,0.4884779071153589,3.7008451783641614,3.2123672712488025,,0.03227277534043598,0.4
310,1,Purple,ADJ,amod,-0.5573087868888145,13.604476011478415,14.16178479836723,0,0.6244228612505466,0.0
310,2,basil,NOUN,nsubj:pass,-1.3369273678798628,13.18943851219957,14.526365880079434,1,0.5075131148900656,0.0
310,3,is,AUX,aux:pass,-1.0319078918685847,6.470049691257488,7.501957583126073,0,0.05102221023496324,0.0
310,4,often,ADV,advmod,0.20804810672581375,11.867510417312209,11.659462310586395,0,0.2662802376831806,0.0
310,5,grown,VERB,root,0.7276109365318302,13.604476011478415,12.876865074946584,,0.8106047656451874,0.0
310,6,for,ADP,case,-0.25420161040959766,7.502937985016352,7.75713959542595,0,0.0499535937007487,0.0
310,7,decoration,NOUN,obl,0.5962691719080775,5.482079380118688,4.885810208210611,1,0.035495218506816646,0.0
310,8,",",PUNCT,punct,0.5441071302809863,4.552360855055908,4.008253724774922,,0.020379927047226246,0.0
310,9,as,ADV,cc,-0.4380585581241121,8.150519522907269,8.58857808103138,0,0.09362146061511317,0.0
310,10,well,ADV,fixed,-0.5583603893985707,8.858521634084953,9.416882023483524,1,0.11232591796865257,0.0
310,11,as,ADP,fixed,-0.27895600813004684,8.150519522907269,8.429475531037316,1,0.14874606741214216,0.0
310,12,its,PRON,nmod:poss,0.29176979335908904,10.634849660521933,10.343079867162844,0,0.1942505628714911,0.0
310,13,scent,NOUN,conj,-0.8169828664359446,15.18943851219957,16.006421378635515,3,0.9267461962127266,0.2
310,14,and,CCONJ,cc,-0.16106373243631644,5.740289866824134,5.9013535992604504,0,0.04580282286205899,0.2
310,15,flowers,NOUN,conj,-0.24429610247216793,15.18943851219957,15.433734614671739,2,0.6977301998599463,0.3
310,16,.,PUNCT,punct,0.2406761324290101,3.7008451783641614,3.4601690459351513,,0.02114775223046619,0.3
311,1,2,X,discourse,-1.3416731850709187,11.488998794058478,12.830671979129397,0,0.25514655550853194,0.0
311,2,Start,VERB,root,-2.4052823080754404,12.18943851219957,14.594720820275011,,0.5853495617541233,0.0
311,3,seed,NOUN,obj,-0.8680564853600616,5.482079380118688,6.35013586547875,0,0.05933300732495155,0.0
311,4,indoors,ADV,advmod,-0.5521181876645542,9.200753825427405,9.75287201309196,0,0.09268811414790058,0.0
311,5,four,NUM,nummod,-0.516032343658571,11.434551010036103,11.950583353694674,0,0.33566391417712643,0.0
311,6,to,ADP,case,-1.0446998571822403,5.85516522689238,6.89986508407462,0,0.08460035002579373,0.0
311,7,six,NUM,nmod,2.3744526298228408,11.604476011478415,9.230023381655574,2,0.2838638559161125,0.0
311,8,weeks,NOUN,obl:unmarked,-0.6838164938182132,13.18943851219957,13.873255006017784,1,0.8303293988511028,0.0
311,9,before,ADP,case,-0.5880140407981376,10.697585415869895,11.285599456668033,0,0.18094536334683484,0.0
311,10,last,ADJ,amod,0.01043321034200062,10.604476011478415,10.594042801136414,0,0.20081733077164934,0.0
311,11,frost,NOUN,obl,0.6860011465713605,15.18943851219957,14.50343736562821,3,0.6388768514656298,0.0
311,12,.,PUNCT,punct,0.31152475161275417,3.7008451783641614,3.389320426751407,,0.021149417052171923,0.0
312,1,If,SCONJ,mark,0.6507670307312896,8.876555556915216,8.225788526183926,0,0.12486982165802919,0.0
312,2,you,PRON,nsubj,1.234255010938349,6.339251674553796,5.104996663615447,0,0.08892111424232486,0.0
312,3,live,VERB,advcl,-0.16025574562230638,12.101975670949232,12.262231416571538,2,0.42039621235946956,0.0
312,4,in,ADP,case,-0.3780679755098193,6.195085075340713,6.573153050850532,0,0.049968361048879244,0.0
312,5,a,DET,det,0.5407677321888755,5.916808727223201,5.376040995034326,0,0.04971076608195781,0.0
312,6,hot,ADJ,amod,-0.00319580562830879,12.18943851219957,12.19263431782788,0,0.29253827491661305,0.0
312,7,climate,NOUN,obl,0.9718440224550449,13.604476011478415,12.63263198902337,4,0.6541984175395211,0.0
312,8,",",PUNCT,punct,0.49820134731268517,4.552360855055908,4.054159507743223,,0.038010564081333895,0.0
312,9,you,PRON,nsubj,-0.4566613962672452,6.339251674553796,6.795913070821041,0,0.04691585861160602,0.0
312,10,can,AUX,aux,0.17107250254521134,8.388538612279266,8.217466109734055,0,0.08535926230378275,0.0
312,11,start,VERB,root,0.7816608303934167,12.18943851219957,11.407777681806154,,0.700138609099793,0.0
312,12,the,DET,det,-0.36160939045725193,4.733084097091282,5.094693487548534,0,0.03268980590875029,0.0
312,13,seeds,NOUN,obj,1.2731524257518014,13.18943851219957,11.91628608644777,1,0.717734755873401,0.0
312,14,outside,ADP,obl,-0.14701892437878605,12.730006893562273,12.877025817941059,0,0.43471662261975863,0.0
312,15,instead,ADV,advmod,0.6253707571804092,13.867510417312209,13.2421396601318,0,1.049096127836831,0.0
312,16,.,PUNCT,punct,0.49963408521298813,3.7008451783641614,3.2012110931511732,,0.03724886397951921,0.0
313,1,3,X,discourse,-0.934746281406369,11.941510998755986,12.876257280162354,0,0.33497289856744167,0.0
313,2,Prepare,VERB,root,-2.8604527396576422,6.197916666123875,9.058369405781518,,0.3952490361912318,0.0
313,3,seed,NOUN,compound,-0.588520793064025,5.482079380118688,6.070600173182713,0,0.17474503868151536,0.0
313,4,containers,NOUN,obj,-0.3213887039783705,5.482079380118688,5.803468084097059,1,0.20062794552460358,0.0
313,5,.,PUNCT,punct,0.01175206521040062,3.7008451783641614,3.6890931131537608,,0.12664105435327147,0.0
314,1,Fill,VERB,root,0.6474620848498347,14.18943851219957,13.541976427349736,,0.6420805673327503,0.0
314,2,flats,NOUN,obj,-0.6130969887942479,5.482079380118688,6.095176368912936,0,0.8068635505497567,0.0
314,3,or,CCONJ,cc,-0.8520693249291114,8.461518057636372,9.313587382565483,0,0.1875135194679213,0.0
314,4,individual,ADJ,amod,-0.4682648978659767,13.867510417312209,14.335775315178186,0,1.1344353338647375,0.0
314,5,seed,NOUN,compound,3.4274888147928415,5.482079380118688,2.0545905653258467,0,1.099510797685346,0.0
314,6,containers,NOUN,conj,0.7941649795186647,5.482079380118688,4.6879144006000235,4,0.33773120467696105,0.0
314,7,with,ADP,case,-0.4496106589650921,7.899419665266953,8.349030324232045,0,0.07336472172647512,0.0
314,8,a,DET,det,0.5455186760037458,5.916808727223201,5.3712900512194555,0,0.07252319870607558,0.0
314,9,mixture,NOUN,nmod,3.935282542488445,5.482079380118688,1.5467968376302434,3,0.7812668926872571,0.0
314,10,of,ADP,case,0.1383845683745717,5.747531807657332,5.60914723928276,0,0.15740195237563448,0.0
314,11,equal,ADJ,amod,-3.1001098308319026,15.18943851219957,18.289548343031473,0,2.7183345674039554,0.0
314,12,parts,NOUN,compound,-4.083721783793166,13.604476011478415,17.68819779527158,1,0.49153716328970243,0.0
314,13,perlite,NOUN,nmod,0.11906312080726345,5.482079380118688,5.363016259311425,3,0.03264117233534788,0.0
314,14,",",PUNCT,punct,0.3112376440864777,4.552360855055908,4.24112321096943,,0.02770350506747221,0.0
314,15,vermiculite,NOUN,conj,-0.33232807170826284,5.482079380118688,5.814407451826951,1,0.03728552987522992,0.0
314,16,",",PUNCT,punct,0.2216679499545373,4.552360855055908,4.330692905101371,,0.02704197209409225,0.0
314,17,and,CCONJ,cc,-0.7557889466928192,5.740289866824134,6.496078813516953,0,0.0654497549758783,0.0
314,18,peat,NOUN,conj,0.17232694385891012,5.482079380118688,5.309752436259778,2,0.04015088415811327,0.0
314,19,.,PUNCT,punct,0.2345545046251627,3.7008451783641614,3.4662906737389987,,0.017474761561675798,0.0
315,1,Press,VERB,root,1.3663523762399752,13.382083590141967,12.015731213901992,,0.9891645233533516,0.0
315,2,the,DET,det,-0.5955958729245934,4.733084097091282,5.328679970015876,0,1.629488582939087,0.0
315,3,mixture,NOUN,obj,-2.0158656915978934,5.482079380118688,7.497945071716582,1,1.1790612340426523,0.0
315,4,slightly,ADV,advmod,-0.8161248643116519,14.604476011478415,15.420600875790067,0,1.02068169406687,0.1
315,5,to,PART,mark,-0.4899840999063896,5.85516522689238,6.3451493267987695,0,0.193562090518319,0.1
315,6,eliminate,VERB,advcl,0.9802260755889467,6.197916666123875,5.217690590534929,1,0.14214762995162072,0.1
315,7,air,NOUN,compound,-0.5045289258004555,12.604476011478415,13.10900493727887,0,0.5259214858293292,0.1
315,8,pockets,NOUN,obj,-0.35537898379101307,14.18943851219957,14.544817495990584,2,0.6559736263235219,0.1
315,9,.,PUNCT,punct,0.5103159402508837,3.7008451783641614,3.1905292381132777,,0.014279068315022275,0.1
316,1,4,X,discourse,-1.380699830674951,12.604476011478415,13.985175842153366,0,0.49246277614599165,0.0
316,2,Plant,VERB,root,-1.8673609784440313,13.019513510757259,14.88687448920129,,0.5400382349997769,0.0
316,3,the,DET,det,-0.9532554911913662,4.733084097091282,5.686339588282649,0,0.037306814338800315,0.0
316,4,seeds,NOUN,obj,1.288839775872665,13.18943851219957,11.900598736326906,1,0.7183118157797207,0.0
316,5,.,PUNCT,punct,-0.008136736423571378,3.7008451783641614,3.7089819147877328,,0.05608485807420028,0.0
317,1,Drop,VERB,root,0.39444616442732894,14.18943851219957,13.794992347772242,,1.1345919900547652,0.0
317,2,one,NUM,nummod,-2.8845269505642808,8.552813891655921,11.437340842220202,0,0.2676665357816744,0.0
317,3,to,ADP,case,-1.033480726802103,5.85516522689238,6.888645953694483,0,0.17084266469620346,0.0
317,4,two,NUM,nmod,1.0983062530090475,9.282547916591051,8.184241663582004,2,0.3274715619112899,0.0
317,5,seeds,NOUN,obj,-0.41526597672215004,13.18943851219957,13.60470448892172,1,0.7065468861243722,0.0
317,6,into,ADP,case,-0.4411637221805478,9.849588509314946,10.290752231495494,0,0.12059653615368185,0.0
317,7,each,DET,det,0.8067617676345744,11.730006893562273,10.923245125927698,0,0.3639724068863993,0.0
317,8,container,NOUN,obl,1.3373159106902364,13.867510417312209,12.530194506621973,2,0.6709209402262696,0.0
317,9,.,PUNCT,punct,0.3022057937585889,3.7008451783641614,3.3986393846055725,,0.052672609838541676,0.0
318,1,Cover,VERB,root,-0.054577815986322165,13.867510417312209,13.922088233298531,,0.6476209136529059,0.0
318,2,them,PRON,obj,-1.078235951534138,9.56008189211996,10.638317843654098,0,0.13020667460741697,0.0
318,3,lightly,ADV,advmod,-0.3016483042431144,9.200753825427405,9.50240212967052,0,0.09585507190224349,0.0
318,4,with,ADP,case,-0.9306301415577742,7.899419665266953,8.830049806824727,0,0.07936535842716733,0.0
318,5,soil,NOUN,obl,0.2760854135271593,14.604476011478415,14.328390597951255,1,0.8516368662723037,0.1
318,6,.,PUNCT,punct,0.07584317672422314,3.7008451783641614,3.6250020016399382,,0.018086799878376088,0.1
319,1,Cover,VERB,root,-0.054577815986322165,13.867510417312209,13.922088233298531,,0.6476209136529059,0.0
319,2,containers,NOUN,obj,-1.5513083954386078,5.482079380118688,7.033387775557296,0,0.037042389615148115,0.0
319,3,with,ADP,case,-0.8548243564215596,7.899419665266953,8.754244021688512,0,0.05868038543822255,0.0
319,4,clear,ADJ,amod,-0.5461516032315821,12.867510417312209,13.413662020543791,0,0.9113128793228433,0.0
319,5,plastic,NOUN,compound,0.8849590827775007,5.482079380118688,4.5971202973411875,0,0.054760572196294995,0.0
319,6,kitchen,NOUN,compound,-0.1445447434937268,14.604476011478415,14.749020754972141,0,0.6521551467273295,0.1
319,7,wrap,NOUN,obl,-0.279484159905925,5.482079380118688,5.761563540024613,4,0.03311412260723186,0.1
319,8,",",PUNCT,punct,0.177356498748388,4.552360855055908,4.37500435630752,,0.02627391870873271,0.1
319,9,so,SCONJ,mark,-0.757223837320975,7.738227400367242,8.495451237688217,0,0.10128985154896253,0.1
319,10,they,PRON,nsubj,-0.49345789921543126,7.894817763307944,8.388275662523375,0,0.058199057424436755,0.1
319,11,stay,VERB,advcl,0.619230443189899,12.282547916591051,11.663317473401152,2,0.2661332769618193,0.1
319,12,moist,ADJ,xcomp,-0.6913039260977447,6.939140094293238,7.630444020390983,1,0.05959523163919089,0.1
319,13,.,PUNCT,punct,0.3911877939169077,3.7008451783641614,3.3096573844472537,,0.024147058150784984,0.1
320,1,Leave,VERB,root,0.9353966828818212,12.382083590141967,11.446686907260146,,0.37589239191707513,0.0
320,2,the,DET,det,-1.1969466547298575,4.733084097091282,5.93003075182114,0,0.4653364387514601,0.0
320,3,containers,NOUN,obj,0.6953799731173875,5.482079380118688,4.786699407001301,1,0.6707237616172395,0.0
320,4,in,ADP,case,-0.4123662135114827,6.195085075340713,6.607451288852196,0,0.12327557352250514,0.0
320,5,a,DET,det,0.4259261723806409,5.916808727223201,5.49088255484256,0,0.1413046524791937,0.0
320,6,sunny,ADJ,amod,-0.10844341078759623,6.939140094293238,7.047583505080834,0,0.18489685188351165,0.0
320,7,window,NOUN,obl,0.7110759418802441,14.604476011478415,13.89340006959817,3,0.7731071951192864,0.2
320,8,.,PUNCT,punct,0.36036190710129823,3.7008451783641614,3.340483271262863,,0.014210362697113437,0.2
321,1,Twice,ADV,advmod,-0.2532877806296998,13.867510417312209,14.120798197941909,0,0.5524100396735172,0.0
321,2,daily,ADV,advmod,-0.7090161274441478,13.019513510757259,13.728529638201406,1,0.6537131431393515,0.0
321,3,",",PUNCT,punct,0.022164450259513302,4.552360855055908,4.530196404796395,,0.04293892420658068,0.0
321,4,remove,VERB,root,-1.903288688710873,6.197916666123875,8.101205354834748,,0.13275821294144932,0.0
321,5,the,DET,det,-0.5960882105144361,4.733084097091282,5.3291723076057185,0,0.0336753526966913,0.0
321,6,plastic,NOUN,compound,1.276192635345378,5.482079380118688,4.20588674477331,0,0.03209563587595509,0.0
321,7,wrap,NOUN,obj,-0.22868034162848616,5.482079380118688,5.710759721747174,2,0.030339611285960102,0.0
321,8,and,CCONJ,cc,-0.6846423304740377,5.740289866824134,6.424932197298172,0,0.05054040142273349,0.0
321,9,sprinkle,VERB,conj,0.18632991993392967,6.197916666123875,6.011586746189946,1,0.06413795514533024,0.0
321,10,the,DET,det,-0.3990160623863659,4.733084097091282,5.132100159477648,0,0.032041762111691845,0.0
321,11,containers,NOUN,obj,1.278838329801646,5.482079380118688,4.203241050317042,2,0.0328918918922192,0.0
321,12,with,ADP,case,-0.14257899198563706,7.899419665266953,8.04199865725259,0,0.05918797665667509,0.0
321,13,more,ADJ,amod,-0.4659570094740406,9.502937985016352,9.968894994490393,0,0.17731648480154188,0.0
321,14,water,NOUN,obl,0.15423582579302497,12.18943851219957,12.035202686406546,3,0.32383086529129235,0.0
321,15,.,PUNCT,punct,0.5182261004287567,3.7008451783641614,3.1826190779354047,,0.02500007713183466,0.0
322,1,5,X,discourse,-1.446469948353073,12.382083590141967,13.82855353849504,0,0.5316584849929422,0.0
322,2,Remove,VERB,root,-2.3610504890952573,6.197916666123875,8.558967155219133,,0.21905375855471731,0.0
322,3,the,DET,det,-0.8337861346339235,4.733084097091282,5.566870231725206,0,0.03119369995451198,0.0
322,4,plastic,NOUN,compound,1.267365266929989,5.482079380118688,4.214714113188699,0,0.033012855056262586,0.0
322,5,wrap,NOUN,obj,-0.3066883121822812,5.482079380118688,5.788767692300969,2,0.03186112164277968,0.0
322,6,when,ADV,advmod,-0.5808871089531706,9.270575274924976,9.851462383878147,0,0.14501409767439988,0.0
322,7,the,DET,det,-0.9383614700495864,4.733084097091282,5.671445567140869,0,0.049094145772130816,0.0
322,8,sprouts,NOUN,nsubj,1.2293753280117476,5.482079380118688,4.252704052106941,1,0.03521248426257964,0.0
322,9,emerge,VERB,advcl,-0.8645081041754032,6.197916666123875,7.062424770299279,2,0.05882595731416431,0.0
322,10,.,PUNCT,punct,0.7051313245298729,3.7008451783641614,2.9957138538342885,,0.01788490124135145,0.0
323,1,Keep,VERB,root,0.7747709325457794,11.282547916591051,10.507776984045272,,0.27200254545337693,0.0
323,2,watering,VERB,xcomp,-0.9986719431438162,6.197916666123875,7.196588609267692,0,0.7878088976139216,0.0
323,3,the,DET,det,-0.6136921409325584,4.733084097091282,5.346776238023841,0,0.25873102345538007,0.0
323,4,sprouts,NOUN,obj,0.9429454640083978,5.482079380118688,4.53913391611029,2,0.273573357721787,0.0
323,5,twice,ADV,advmod,-2.206257257147966,13.867510417312209,16.073767674460175,0,0.8025893832021023,0.0
323,6,daily,ADV,advmod,-0.33495923836824026,13.019513510757259,13.354472749125499,2,0.3423149495594206,0.0
323,7,",",PUNCT,punct,0.3627543028740545,4.552360855055908,4.1896065521818535,,0.03633013674198545,0.0
323,8,never,ADV,advmod,-0.5795493553272237,10.831886507581487,11.41143586290871,0,0.23026811347887308,0.0
323,9,letting,VERB,advcl,-0.8417794609617122,6.197916666123875,7.039696127085588,2,0.07253628239991806,0.0
323,10,the,DET,det,-0.27348031469939293,4.733084097091282,5.006564411790675,0,0.035772645721303356,0.0
323,11,soil,NOUN,obj,1.302828792855136,14.604476011478415,13.301647218623279,2,0.8521547607679937,0.1
323,12,dry,VERB,xcomp,-0.5973103621019487,13.18943851219957,13.78674887430152,1,0.4993274428942721,0.1
323,13,out,ADP,compound:prt,0.17614547522182988,9.15601551066212,8.97987003544029,1,0.07845875860934805,0.1
323,14,.,PUNCT,punct,-1.3087271327224772,3.7008451783641614,5.009572311086639,,0.09451463325176257,0.1
324,1,Method,NOUN,root,1.068392702128305,14.18943851219957,13.121045810071266,,1.0986258211200017,0.0
324,2,2,NUM,flat,8.289291546936068,11.488998794058478,3.1997072471224097,0,3.7380949592116095,0.0
324,3,of,ADP,case,-0.5173240371917984,5.747531807657332,6.26485584484913,0,1.4600846793543238,0.0
324,4,3,NUM,nmod,-8.534663049304909,11.941510998755986,20.476174048060894,1,3.943166199916324,0.0
324,5,:,PUNCT,punct,-0.9105531651713239,8.524102595014394,9.434655760185718,,1.064514430324757,0.0
324,6,Caring,VERB,appos,-2.068917469795233,6.197916666123875,8.266834135919108,0,0.2721671502217713,0.0
324,7,for,ADP,case,-0.24961944101149047,7.502937985016352,7.752557426027843,0,0.15973642545153413,0.0
324,8,Basil,NOUN,obl,0.15379759468244636,13.18943851219957,13.035640917517124,2,0.6358591354767057,0.0
325,1,1,X,discourse,-0.6004360080365458,10.634849660521933,11.235285668558479,0,0.2706294185378408,0.0
325,2,Transplant,VERB,root,-3.186245470152615,6.197916666123875,9.38416213627649,,0.2869723646707616,0.0
325,3,the,DET,det,-0.8292225712322736,4.733084097091282,5.562306668323556,0,0.03146220917889981,0.0
325,4,basil,NOUN,compound,1.256849747836327,13.18943851219957,11.932588764363244,0,0.40036551868262205,0.0
325,5,plants,NOUN,obj,-0.3078648836374711,13.867510417312209,14.17537530094968,2,0.5558333989577035,0.0
325,6,.,PUNCT,punct,0.25711515296432585,3.7008451783641614,3.4437300253998355,,0.018313087715649275,0.0
326,1,Once,ADV,advmod,0.08637153561460487,11.665876556142557,11.579505020527952,0,0.20521303480383907,0.0
326,2,two,NUM,nummod,-2.1535516876147227,9.282547916591051,11.436099604205774,0,0.2043126391829913,0.0
326,3,sets,NOUN,nsubj,0.1693998286630789,5.482079380118688,5.312679551455609,1,0.5001350810916867,0.0
326,4,of,ADP,case,-0.39742908540034705,5.747531807657332,6.144960893057679,0,0.15287759048764926,0.0
326,5,leaves,NOUN,nmod,1.765896224581463,5.482079380118688,3.7161831555372253,2,0.4901385670202043,0.0
326,6,have,AUX,aux,-0.4710830537555033,7.634849660521933,8.105932714277436,0,1.167602098622169,0.0
326,7,formed,VERB,advcl,-2.211895149425489,14.18943851219957,16.40133366162506,3,1.097992098855228,0.0
326,8,",",PUNCT,punct,0.7934235684734334,4.552360855055908,3.7589372865824746,,0.017439243007657416,0.0
326,9,basil,NOUN,nsubj:pass,-0.5970381192947674,13.18943851219957,13.786476631494338,0,0.4127849848184417,0.0
326,10,can,AUX,aux,-0.7920623323469886,8.388538612279266,9.180600944626255,0,0.07653534644103513,0.0
326,11,be,AUX,aux:pass,0.40689532198378586,8.075696346150382,7.668801024166596,0,0.08329361545845573,0.0
326,12,planted,VERB,root,0.9564884261729674,6.197916666123875,5.241428239950908,,0.06326475083488528,0.0
326,13,into,ADP,case,-0.078948316164837,9.849588509314946,9.928536825479783,0,0.13586566161250016,0.0
326,14,the,DET,det,0.6385822896193707,4.733084097091282,4.094501807471912,0,0.03371165571101969,0.0
326,15,garden,NOUN,obl,1.3446663670263082,13.019513510757259,11.67484714373095,2,0.3781811742827522,0.0
326,16,or,CCONJ,cc,-0.4797653546631455,8.461518057636372,8.941283412299518,0,0.08297132940668893,0.0
326,17,permanent,ADJ,amod,0.6154765084641625,6.939140094293238,6.323663585829076,0,0.08021141082842671,0.0
326,18,containers,NOUN,conj,0.7412730091485811,5.482079380118688,4.740806370970107,3,0.029818570240440736,0.0
326,19,.,PUNCT,punct,0.6071325008328152,3.7008451783641614,3.093712677531346,,0.018309764488857988,0.0
327,1,Basil,NOUN,nsubj,-0.8096769790242391,13.18943851219957,13.99911549122381,0,0.7931516026688139,0.0
327,2,does,AUX,aux,-2.142106836732708,10.019513510757259,12.161620347489967,0,0.7052100284995846,0.0
327,3,not,PART,advmod,0.8866407360702615,7.801421226854436,6.914780490784175,0,0.06640959112126547,0.0
327,4,tolerate,VERB,root,1.606941682644642,6.197916666123875,4.590974983479233,,0.0621177306049808,0.0
327,5,frost,NOUN,obj,-0.48729003065407284,15.18943851219957,15.676728542853644,0,0.6366097937660152,0.0
327,6,so,ADV,advmod,-0.34862329676097836,7.738227400367242,8.08685069712822,0,0.11159969305663354,0.0
327,7,do,AUX,aux,-0.286969419962273,7.650279701091539,7.937249121053812,0,0.061264204319515486,0.0
327,8,n't,PART,advmod,0.4455239295469644,7.876555556915215,7.431031627368251,0,0.06864393223773196,0.0
327,9,plant,VERB,parataxis,0.46375697525432535,13.019513510757259,12.555756535502933,3,0.540844055999486,0.0
327,10,too,ADV,advmod,0.22822028676217876,10.604476011478415,10.376255724716236,0,0.13677739834794111,0.0
327,11,early,ADJ,xcomp,0.1401395501028908,11.730006893562273,11.589867343459382,2,0.15205966650729577,0.0
327,12,.,PUNCT,punct,0.6198331588286456,3.7008451783641614,3.0810120195355157,,0.015597258194130761,0.0
328,1,To,PART,mark,0.1421648765254222,5.85516522689238,5.713000350366958,0,0.047100670614718905,0.0
328,2,plant,VERB,advcl,2.0347449111932203,13.019513510757259,10.984768599564038,1,0.9944351974923528,0.0
328,3,the,DET,det,0.32672963794144305,4.733084097091282,4.406354459149839,0,0.5529967161001599,0.0
328,4,basil,NOUN,obj,-2.4764730011692393,13.18943851219957,15.66591151336881,2,1.1779308966152728,0.0
328,5,in,ADP,case,-0.3938496330835566,6.195085075340713,6.5889347084242695,0,0.04323978729617372,0.0
328,6,the,DET,det,0.7922902393952822,4.733084097091282,3.940793857696,0,0.029741787297535988,0.0
328,7,garden,NOUN,obl,1.3441602923058458,13.019513510757259,11.675353218451413,3,0.3775427668356229,0.0
328,8,",",PUNCT,punct,0.37095139035971325,4.552360855055908,4.181409464696195,,0.03604855877078856,0.0
328,9,dig,VERB,root,-1.110553418371829,6.197916666123875,7.3084700844957045,,0.06390936767438636,0.0
328,10,holes,NOUN,obj,-0.4784659891651266,5.482079380118688,5.960545369283815,0,0.03933317028281398,0.0
328,11,spaced,VERB,acl,-1.0532831899910917,6.197916666123875,7.251199856114967,1,0.05083942027693604,0.0
328,12,at,ADP,case,-0.2401251098019337,8.055012191978644,8.295137301780578,0,0.08354796256235757,0.0
328,13,least,ADJ,nmod,-0.41542356785127055,12.382083590141967,12.797507157993238,1,0.4635046287535528,0.0
328,14,6,NUM,nummod,-0.8889417510136042,12.382083590141967,13.271025341155571,1,0.40855602409474717,0.0
328,15,inches,NOUN,obl:unmarked,0.8016289844215327,5.482079380118688,4.6804503956971555,1,0.1213504959743919,0.0
328,16,apart,ADV,advmod,-0.4451850433709428,14.18943851219957,14.634623555570514,2,0.9013404188003799,0.0
328,17,.,PUNCT,punct,0.3000190743085267,3.7008451783641614,3.4008261040556347,,0.03164502147085718,0.0
329,1,Place,VERB,root,0.21488368931725432,11.235242201812696,11.020358512495442,,0.4833790823939862,0.0
329,2,the,DET,det,-2.2843551373222706,4.733084097091282,7.017439234413553,0,0.38774138426599086,0.0
329,3,roots,NOUN,obj,0.2289903399265807,14.604476011478415,14.375485671551834,1,0.9061890498708668,0.1
329,4,in,ADP,case,-0.6458921514490186,6.195085075340713,6.8409772267897315,0,0.046918716881685675,0.1
329,5,the,DET,det,0.8483273160063911,4.733084097091282,3.8847567810848913,0,0.029569852631249168,0.1
329,6,holes,NOUN,nmod,1.3398818250244693,5.482079380118688,4.142197555094219,3,0.036984703745478104,0.1
329,7,and,CCONJ,cc,-0.5713513694184797,5.740289866824134,6.311641236242614,0,0.05921832031024257,0.1
329,8,place,VERB,conj,0.25463796401351324,11.235242201812696,10.980604237799183,1,0.2910044003952862,0.1
329,9,soil,NOUN,obj,-0.13688937537668266,14.604476011478415,14.741365386855097,1,0.8937445694710202,0.2
329,10,around,ADP,case,-0.462963553699101,10.941510998755986,11.404474552455087,0,0.2469410429316278,0.2
329,11,the,DET,det,0.5058073014790008,4.733084097091282,4.227276795612282,0,0.10327321996589411,0.2
329,12,stems,NOUN,nmod,1.3277303968310834,5.482079380118688,4.154348983287605,3,0.03781542222298277,0.2
329,13,.,PUNCT,punct,0.282271589288698,3.7008451783641614,3.4185735890754634,,0.01903353078681294,0.2
330,1,Pat,VERB,root,0.8254603755137726,6.197916666123875,5.372456290610103,,0.06508830294114955,0.0
330,2,down,ADP,compound:prt,0.587783864960798,10.235242201812696,9.647458336851898,0,0.33425091234857046,0.0
330,3,soil,NOUN,obj,-2.704848470289779,14.604476011478415,17.309324481768193,0,0.673233468930071,0.1
330,4,around,ADP,case,-0.6264459451957656,10.941510998755986,11.567956943951751,0,0.24907010544771233,0.1
330,5,the,DET,det,0.3316498249121276,4.733084097091282,4.401434272179155,0,0.10822036763945161,0.1
330,6,plants,NOUN,nmod,1.3266901964225113,13.867510417312209,12.540820220889698,3,0.5530367683452331,0.1
330,7,to,PART,mark,-0.4833768801440552,5.85516522689238,6.338542107036435,0,0.036449012651541685,0.1
330,8,eliminate,VERB,advcl,-0.002208622942181826,6.197916666123875,6.200125289066057,1,0.11415651737278826,0.1
330,9,air,NOUN,compound,-0.4266233277053768,12.604476011478415,13.031099339183791,0,0.5315239196350681,0.1
330,10,pockets,NOUN,obj,-0.2797565054874447,14.18943851219957,14.469195017687015,2,0.6582450261455175,0.1
330,11,.,PUNCT,punct,0.43178021396200705,3.7008451783641614,3.2690649644021543,,0.017890988015404306,0.1
331,1,they,PRON,nsubj,0.5840665445386906,7.894817763307944,7.310751218769253,0,0.06515816144839605,0.0
331,2,need,VERB,root,1.0007286002635425,10.763173757497473,9.76244515723393,,0.6569560572010436,0.0
331,3,to,PART,mark,0.5498998010953411,5.85516522689238,5.305265425797039,0,0.7981216937360532,0.0
331,4,be,AUX,aux:pass,2.9481995106269405,8.075696346150382,5.127496835523441,0,1.8699865110182141,0.0
331,5,planted,VERB,xcomp,-2.854789861253238,6.197916666123875,9.052706527377113,2,2.414060082986513,0.0
331,6,6,NUM,nummod,-2.6993365834258505,12.382083590141967,15.081420173567817,0,1.4291061608145514,0.0
331,7,inches,NOUN,obl:unmarked,-0.05853293289453543,5.482079380118688,5.540612313013224,1,0.04382692163342872,0.0
331,8,apart,ADV,advmod,-0.1815357273046363,14.18943851219957,14.370974239504207,2,0.8979322940422209,0.0
331,9,",",PUNCT,punct,0.4595855955739081,4.552360855055908,4.092775259482,,0.025339466160265636,0.0
331,10,since,SCONJ,mark,-0.31496390582706546,12.101975670949232,12.416939576776297,0,0.2546138903080095,0.0
331,11,they,PRON,nsubj,0.1956340410806705,7.894817763307944,7.699183722227273,0,0.08068521430077817,0.0
331,12,grow,VERB,advcl,0.5090203482109512,13.019513510757259,12.510493162546307,3,0.3036137324364866,0.0
331,13,quite,ADV,advmod,-0.011661541763229977,12.019513510757259,12.031175052520489,0,0.271608000457938,0.0
331,14,large,ADJ,xcomp,-0.0012429334284629334,12.488998794058478,12.490241727486941,2,0.42929614347094885,0.0
331,15,.,PUNCT,punct,0.3505735192142754,3.7008451783641614,3.350271659149886,,0.06508541187964517,0.0
332,1,2,X,discourse,-1.3416731850709187,11.488998794058478,12.830671979129397,0,0.25514655550853194,0.0
332,2,Keep,VERB,root,-2.4550190145053037,11.282547916591051,13.737566931096355,,0.27775089767504924,0.0
332,3,the,DET,det,-0.8345837632143658,4.733084097091282,5.567667860305648,0,0.031229940906664377,0.0
332,4,soil,NOUN,obj,1.266217714281833,14.604476011478415,13.338258297196582,1,0.851538717373354,0.1
332,5,damp,ADJ,xcomp,-0.8533781168390799,15.18943851219957,16.04281662903865,0,0.9366135915498743,0.3
332,6,",",PUNCT,punct,0.060689525486989915,4.552360855055908,4.491671329568918,,0.03706243270882838,0.3
332,7,but,CCONJ,cc,-0.4073035814571373,8.167070699171116,8.574374280628254,0,0.0750728192061383,0.3
332,8,not,PART,advmod,-0.6689042636263816,7.801421226854436,8.470325490480818,0,0.091909312188001,0.3
332,9,soaked,VERB,conj,1.081451326474073,6.197916666123875,5.116465339649802,3,0.08061354782897617,0.3
332,10,.,PUNCT,punct,0.8802792924875109,3.7008451783641614,2.8205658858766505,,0.015159991542100243,0.3
333,1,Basil,NOUN,nsubj,-0.8096769790242391,13.18943851219957,13.99911549122381,0,0.7931516026688139,0.0
333,2,does,VERB,root,-2.142106836732708,10.019513510757259,12.161620347489967,,0.7052100284995846,0.0
333,3,best,ADV,advmod,0.31540204869313726,11.235242201812696,10.919840153119559,0,0.2779917837430696,0.0
333,4,in,ADP,case,-0.33466848396413074,6.195085075340713,6.529753559304844,0,0.09174811384927319,0.0
333,5,well,ADV,advmod,-1.115612448847065,8.858521634084953,9.974134082932018,0,0.10162622241262725,0.0
333,6,-,PUNCT,punct,0.8600150528309598,8.337689470783513,7.477674417952553,,0.10078063438779739,0.0
333,7,drained,VERB,amod,-1.5918326354224162,6.197916666123875,7.7897493015462915,1,0.21003685486091905,0.0
333,8,soil,NOUN,obl,-0.2263558202389575,14.604476011478415,14.830831831717372,2,0.8594985700250827,0.1
333,9,",",PUNCT,punct,0.49158291737113835,4.552360855055908,4.06077793768477,,0.03460467933168227,0.1
333,10,and,CCONJ,cc,-0.5605181395258176,5.740289866824134,6.300808006349952,0,0.06695892986909634,0.1
333,11,should,AUX,aux,0.1930842623692577,10.461518057636372,10.268433795267114,0,0.1894675024041455,0.1
333,12,not,PART,advmod,0.7462406728010977,7.801421226854436,7.055180554053338,0,0.057087177966591296,0.1
333,13,be,AUX,aux:pass,0.7901568080606092,8.075696346150382,7.285539538089773,0,0.08701707548342202,0.1
333,14,subjected,VERB,conj,1.3066317240292484,6.197916666123875,4.891284942094627,4,0.06361383661700634,0.1
333,15,to,ADP,case,-0.5288492641604083,5.85516522689238,6.384014491052788,0,0.0605574514884641,0.1
333,16,standing,VERB,amod,0.33575774340572195,15.18943851219957,14.853680768793849,0,0.8914960453749875,0.1
333,17,water,NOUN,obl,-0.4063632364408942,12.18943851219957,12.595801748640465,3,0.2576391039742181,0.1
333,18,.,PUNCT,punct,0.8535610849523669,3.7008451783641614,2.8472840934117944,,0.030346769594477047,0.1
334,1,3,X,discourse,-0.934746281406369,11.941510998755986,12.876257280162354,0,0.33497289856744167,0.0
334,2,Pinch,VERB,root,-2.8604527396576422,6.197916666123875,9.058369405781518,,0.3952490361912318,0.0
334,3,off,ADP,compound:prt,-0.5275593655049402,11.665876556142557,12.193435921647497,0,0.301768349694261,0.0
334,4,flower,NOUN,compound,0.5374112680423044,5.482079380118688,4.944668112076384,0,0.1321992156795196,0.0
334,5,heads,NOUN,obj,-0.2542646751872777,5.482079380118688,5.736344055305966,1,0.10724599930127059,0.0
334,6,.,PUNCT,punct,0.1717168904986237,3.7008451783641614,3.5291282878655377,,0.09434353296774729,0.0
335,1,When,ADV,advmod,0.5479403464776436,9.270575274924976,8.722634928447333,0,0.13530096433341013,0.0
335,2,you,PRON,nsubj,0.13894327876683743,6.339251674553796,6.2003083957869585,0,0.22903060988614152,0.0
335,3,see,VERB,advcl,5.219961465630006,9.589525670012442,4.369564204382436,2,0.8595384639455298,0.0
335,4,flower,NOUN,compound,-1.7290428423498918,5.482079380118688,7.21112222246858,0,0.7402543034392047,0.0
335,5,buds,NOUN,obj,-0.5509470929753748,5.482079380118688,6.033026473094063,2,0.213072776890475,0.0
335,6,",",PUNCT,punct,-0.03699508995326539,4.552360855055908,4.589355945009173,,0.17418747725612707,0.0
335,7,pinch,VERB,root,0.1511159586318671,6.197916666123875,6.046800707492008,,0.8706911618548979,0.0
335,8,them,PRON,obj,1.4725011424409207,9.56008189211996,8.08758074967904,0,0.5268610329247266,0.0
335,9,and,CCONJ,cc,-0.7520991229286738,5.740289866824134,6.492388989752808,0,0.24810300212035685,0.0
335,10,two,NUM,nummod,-0.45530069564245323,9.282547916591051,9.737848612233504,0,0.8030894878982977,0.0
335,11,pairs,NOUN,conj,1.5892480196938035,5.482079380118688,3.8928313604248848,3,0.764990234982912,0.0
335,12,of,ADP,case,0.2836710032147369,5.747531807657332,5.463860804442595,0,0.09859235479786398,0.0
335,13,leaves,NOUN,nmod,1.2703180234357063,5.482079380118688,4.211761356682982,2,0.0973432662173272,0.0
335,14,under,ADP,case,0.5819735156982624,11.145044392841116,10.563070877142854,0,0.4417874788293361,0.0
335,15,them,PRON,nmod,-10.111869690121186,9.56008189211996,19.671951582241146,2,1.9741904366270977,0.0
335,16,off,ADP,compound:prt,-0.022651168289899104,11.665876556142557,11.688527724432456,0,0.30207932707291296,0.0
335,17,.,PUNCT,punct,-1.5117943283382966,3.7008451783641614,5.212639506702458,,0.2546318472193317,0.0
336,1,This,PRON,nsubj:pass,-0.14321683198097546,7.086150703787548,7.229367535768524,0,0.07024480721902689,0.0
336,2,is,AUX,aux:pass,1.2723097325284787,6.470049691257488,5.197739958729009,0,0.12075725451804441,0.0
336,3,called,VERB,root,1.465771088044935,10.797121089420811,9.331350001375876,,0.4809251752636508,0.0
336,4,"""",PUNCT,punct,-1.37773019339589,7.845142604283754,9.222872797679644,,0.4535815484121372,0.0
336,5,bolting,VERB,xcomp,-1.4792522458458812,6.197916666123875,7.677168911969757,0,0.10882636528649685,0.0
336,6,"""",PUNCT,punct,0.6641854348991725,7.845142604283754,7.180957169384581,,0.14784685302915723,0.0
336,7,and,CCONJ,cc,-0.874440703154149,5.740289866824134,6.614730569978283,0,0.0611675440902549,0.0
336,8,is,AUX,cop,0.13777782565842234,6.470049691257488,6.332271865599066,0,0.06490392702157945,0.0
336,9,more,ADV,advmod,0.8341237873325067,9.502937985016352,8.668814197683846,0,0.19246283167120262,0.0
336,10,likely,ADJ,conj,0.5419746254211066,14.604476011478415,14.062501386057308,3,0.5231389993034891,0.0
336,11,to,PART,mark,-0.4748348498075643,5.85516522689238,6.330000076699944,0,0.08373317848797188,0.0
336,12,happen,VERB,xcomp,0.22336219059039664,13.18943851219957,12.966076321609174,2,0.4991799805197877,0.0
336,13,when,ADV,advmod,0.2161555512763922,9.270575274924976,9.054419723648584,0,0.14787339982922929,0.0
336,14,there,PRON,expl,0.38107690806241834,8.075696346150382,7.694619438087964,0,0.11620436824760223,0.0
336,15,'s,VERB,advcl,0.11577860050420252,6.812227981811018,6.696449381306816,3,0.059187817717257715,0.0
336,16,extra,ADJ,amod,0.9232464193832062,15.18943851219957,14.266192092816365,0,0.7249470528459441,0.1
336,17,sunshine,NOUN,nsubj,0.36337075876755875,5.482079380118688,5.1187086213511295,2,0.06263265696180226,0.1
336,18,.,PUNCT,punct,0.563657374584793,3.7008451783641614,3.1371878037793683,,0.03809401468406263,0.1
337,1,4,X,discourse,-1.380699830674951,12.604476011478415,13.985175842153366,0,0.49246277614599165,0.0
337,2,Watch,VERB,root,-2.1996671468564006,12.867510417312209,15.06717756416861,,0.3638004633704574,0.0
337,3,for,ADP,case,-0.7242675740072464,7.502937985016352,8.227205559023599,0,0.11929121940368105,0.0
337,4,pests,NOUN,obl,0.6295022676799809,5.482079380118688,4.852577112438707,1,0.06195832784147005,0.0
337,5,and,CCONJ,cc,-0.7740453000798357,5.740289866824134,6.51433516690397,0,0.06742585603853882,0.0
337,6,mold,NOUN,conj,0.21881193087561712,5.482079380118688,5.263267449243071,2,0.06617544795675886,0.0
337,7,.,PUNCT,punct,0.1973997745004512,3.7008451783641614,3.50344540386371,,0.07866581250681651,0.0
338,1,Basil,NOUN,compound,-0.8096769790242391,13.18943851219957,13.99911549122381,0,0.7931516026688139,0.0
338,2,plants,NOUN,nsubj,7.984358518686606,13.867510417312209,5.883151898625603,1,5.419092386486701,0.0
338,3,are,AUX,cop,-8.844452577426608,7.693583485312399,16.538036062739007,0,5.402488590072231,0.0
338,4,attractive,ADJ,root,1.4595542958620094,6.939140094293238,5.479585798431229,,0.06279029508063197,0.0
338,5,to,ADP,case,-0.6569700927964357,5.85516522689238,6.512135319688816,0,0.06794035546757579,0.0
338,6,Japanese,ADJ,amod,-2.028792958868328,15.18943851219957,17.2182314710679,0,0.7948655375149034,0.0
338,7,beetles,NOUN,obl,-0.7396528491793299,5.482079380118688,6.221732229298018,2,0.5874345426966215,0.0
339,1,the,DET,det,-0.7976025969652571,4.733084097091282,5.53068669405654,0,0.026145197178954215,0.0
339,2,best,ADJ,amod,1.3376525342257093,11.235242201812696,9.897589667586987,0,0.6608845848218275,0.0
339,3,way,NOUN,nsubj:outer,-1.4978445909322566,10.545582322424846,12.043426913357102,2,0.6255560659213091,0.0
339,4,to,PART,mark,-0.6564942445079547,5.85516522689238,6.511659471400335,0,0.025084990256589043,0.0
339,5,control,VERB,acl,-0.02467692254199072,13.604476011478415,13.629152934020405,2,0.650920070614127,0.0
339,6,these,DET,det,-0.4932654962998111,9.461518057636372,9.954783553936183,0,0.07825079564949937,0.0
339,7,pests,NOUN,obj,1.12523140769739,5.482079380118688,4.356847972421298,2,0.04727316962684623,0.0
339,8,is,AUX,cop,-0.6184861244983137,6.470049691257488,7.088535815755802,0,0.05000106456776191,0.0
339,9,to,PART,mark,0.3689697582221889,5.85516522689238,5.486195468670191,0,0.045233070536664866,0.0
339,10,pick,VERB,root,1.156339223843693,13.867510417312209,12.711171193468516,,0.9380799448681514,0.0
339,11,them,PRON,obj,0.047602611221739366,9.56008189211996,9.512479280898221,0,0.13100634754650747,0.0
339,12,off,ADP,case,-0.2415046916647512,11.665876556142557,11.907381247807308,0,0.3040412786874584,0.0
339,13,the,DET,det,0.6106265163429052,4.733084097091282,4.122457580748377,0,0.12991906772330897,0.0
339,14,plants,NOUN,obl,1.3550809924898672,13.867510417312209,12.512429424822342,2,0.5524028741527922,0.0
339,15,by,ADP,case,-0.10661107418576421,8.531227029447775,8.63783810363354,0,0.11184283439740622,0.0
339,16,hand,NOUN,obl,0.7594434712859801,11.665876556142557,10.906433084856577,1,0.32665878868964054,0.0
339,17,.,PUNCT,punct,0.4975029342956798,3.7008451783641614,3.2033422440684816,,0.017488672355314254,0.0
340,1,Weed,VERB,root,0.8254603755137726,6.197916666123875,5.372456290610103,,0.06508830294114955,0.0
340,2,out,ADP,compound:prt,0.0950018109051971,9.15601551066212,9.061013699756924,0,0.323657813851819,0.0
340,3,the,DET,det,-0.8472531428320629,4.733084097091282,5.580337239923345,0,0.28288861713182384,0.0
340,4,smaller,ADJ,amod,-1.0240442676070405,14.604476011478415,15.628520279085455,0,0.4530431815776405,0.1
340,5,plants,NOUN,obj,1.1673921142497345,13.867510417312209,12.700118303062474,2,0.5364076897162869,0.1
340,6,to,PART,mark,-0.5076318921021032,5.85516522689238,6.362797118994483,0,0.03794499124745431,0.1
340,7,give,VERB,advcl,-0.15503987254056462,11.545582322424846,11.70062219496541,1,0.3574714150085624,0.1
340,8,the,DET,det,-0.3527304809040652,4.733084097091282,5.085814577995348,0,0.03169830706984342,0.1
340,9,larger,ADJ,amod,0.017417479909394018,14.604476011478415,14.58705853156902,0,0.7046171693327419,0.1
340,10,ones,NOUN,iobj,1.1283021208053157,13.382083590141967,12.253781469336651,3,0.5287093924356029,0.1
340,11,more,ADJ,amod,-0.48505182442636396,9.502937985016352,9.987989809442716,0,0.18052129135112502,0.1
340,12,space,NOUN,obj,-0.09316814756425273,12.488998794058478,12.58216694162273,2,0.33845544866275223,0.1
340,13,.,PUNCT,punct,0.3911117536309514,3.7008451783641614,3.30973342473321,,0.0336007969647322,0.1
341,1,Method,NOUN,root,1.068392702128305,14.18943851219957,13.121045810071266,,1.0986258211200017,0.0
341,2,3,NUM,flat,-4.98588594741503,11.941510998755986,16.927396946171015,0,1.0297531426957485,0.0
341,3,of,ADP,case,-0.5005230477854807,5.747531807657332,6.248054855442812,0,0.09915206617411478,0.0
341,4,3,NUM,nmod,2.470385739264776,11.941510998755986,9.47112525949121,1,0.2595096178733498,0.0
341,5,:,PUNCT,punct,0.6483467019554965,8.524102595014394,7.875755893058898,,0.11099950738190016,0.0
341,6,Harvesting,VERB,appos,-1.5612316414287912,6.197916666123875,7.759148307552667,0,0.09015606163724559,0.0
341,7,and,CCONJ,cc,-0.9474451309853924,5.740289866824134,6.687734997809526,0,0.06627651325024374,0.0
341,8,Using,VERB,conj,0.06040807405347515,13.382083590141967,13.321675516088492,2,0.44227837419747734,0.0
341,9,Basil,NOUN,obj,-0.4090134161429493,13.18943851219957,13.59845192834252,1,0.4145870968215908,0.0
342,1,1,X,discourse,-0.6004360080365458,10.634849660521933,11.235285668558479,0,0.2706294185378408,0.0
342,2,Harvest,VERB,root,-3.186245470152615,6.197916666123875,9.38416213627649,,0.2869723646707616,0.0
342,3,and,CCONJ,cc,-1.1252149137448146,5.740289866824134,6.865504780568949,0,0.060876068050135575,0.0
342,4,prune,VERB,conj,0.024462999360932436,6.197916666123875,6.173453666762943,1,0.06243754134470095,0.0
342,5,.,PUNCT,punct,0.803497589536359,3.7008451783641614,2.8973475888278024,,0.016603658510194078,0.0
343,1,Cut,VERB,root,0.9998083983840189,13.604476011478415,12.604667613094396,,0.999091342958331,0.0
343,2,close,ADV,advmod,-1.5340152020026299,13.18943851219957,14.7234537142022,0,0.7250133966981624,0.0
343,3,to,ADP,case,-0.7937472182769474,5.85516522689238,6.648912445169327,0,0.6432215449334311,0.0
343,4,those,DET,det,0.49132447585322403,10.488998794058478,9.997674318205254,0,0.7154378565590686,0.0
343,5,tiny,ADJ,amod,-1.7349261506202112,13.604476011478415,15.339402162098626,0,1.0134541742501464,0.0
343,6,leaves,NOUN,obl,0.9223529455241319,5.482079380118688,4.559726434594556,4,0.10648909947203991,0.0
343,7,",",PUNCT,punct,0.25869528085585625,4.552360855055908,4.293665574200052,,0.033056197843559655,0.0
343,8,but,CCONJ,cc,-0.6266196952347585,8.167070699171116,8.793690394405875,0,0.09378185971150163,0.0
343,9,be,AUX,cop,0.19154190239171598,8.075696346150382,7.884154443758666,0,0.09205813909387071,0.0
343,10,sure,ADJ,conj,0.9499898666109488,10.941510998755986,9.991521132145037,2,0.21709284450045138,0.0
343,11,not,PART,advmod,-0.8556022438388728,7.801421226854436,8.657023470693309,0,0.12344269512287538,0.0
343,12,to,PART,mark,0.31199942121175006,5.85516522689238,5.54316580568063,0,0.09210075257146434,0.0
343,13,damage,VERB,xcomp,-0.8567481168898947,13.019513510757259,13.876261627647153,3,0.35991808236247136,0.0
343,14,them,PRON,obj,-0.12047822034644717,9.56008189211996,9.680560112466408,1,0.16334858921031578,0.0
343,15,.,PUNCT,punct,-1.0487568832290495,3.7008451783641614,4.749602061593211,,0.027055952966457585,0.0
344,1,Pinching,VERB,csubj,0.8254603755137726,6.197916666123875,5.372456290610103,0,0.06508830294114955,0.0
344,2,encourages,VERB,root,-1.7451500688839037,6.197916666123875,7.943066735007779,,0.09140231276503182,0.0
344,3,the,DET,det,-0.6116165519440431,4.733084097091282,5.3447006490353255,0,0.043464803080223484,0.0
344,4,plant,NOUN,nmod:poss,3.537605120334181,13.019513510757259,9.481908390423078,1,2.80744758853076,0.0
344,5,'s,PART,case,-2.2180695650633933,6.812227981811018,9.030297546874412,1,0.822381967963243,0.0
344,6,energy,NOUN,obj,-3.8214258363275952,12.382083590141967,16.203509426469562,1,1.4635999912921358,0.0
344,7,to,PART,mark,-0.36589598132462164,5.85516522689238,6.221061208217002,0,0.04005616657228908,0.0
344,8,be,AUX,aux:pass,0.07380427008344448,8.075696346150382,8.001892076066937,0,0.10218734976285411,0.0
344,9,directed,VERB,xcomp,1.0209385426828979,6.197916666123875,5.1769781234409775,2,0.06749164946083729,0.0
344,10,into,ADP,case,-0.05643554685168439,9.849588509314946,9.90602405616663,0,0.13446176676903868,0.0
344,11,its,PRON,nmod:poss,0.3690295259559093,10.634849660521933,10.265820134566024,0,0.21302157666619548,0.0
344,12,stronger,ADJ,amod,0.03676925370760031,13.867510417312209,13.830741163604609,0,0.5716006567751393,0.0
344,13,stems,NOUN,obl,0.7821355275089887,5.482079380118688,4.6999438526096995,4,0.032143694951883094,0.0
344,14,and,CCONJ,cc,-0.45985234529684593,5.740289866824134,6.20014221212098,0,0.05420414360629516,0.0
344,15,leaves,NOUN,conj,0.3178113253504842,5.482079380118688,5.164268054768204,2,0.04103974188693006,0.0
344,16,.,PUNCT,punct,0.5717748480563007,3.7008451783641614,3.1290703303078606,,0.017199520595826696,0.0
345,1,This,PRON,nsubj,-0.14321683198097546,7.086150703787548,7.229367535768524,0,0.07024480721902689,0.0
345,2,helps,VERB,root,-0.42989915585873817,14.604476011478415,15.034375167337153,,0.7125987228994008,0.0
345,3,the,DET,det,-0.8786773209812822,4.733084097091282,5.611761418072565,0,0.032899195638636,0.0
345,4,plants,NOUN,obj,1.2608253627898804,13.867510417312209,12.606685054522329,1,0.5532840677549731,0.0
345,5,grow,VERB,xcomp,-1.2585135488104306,13.019513510757259,14.27802705956769,0,0.3244563980369378,0.0
345,6,bushy,ADJ,xcomp,-0.94529813675193,6.939140094293238,7.884438231045168,1,0.06263394613083531,0.0
345,7,.,PUNCT,punct,0.23409876555412712,3.7008451783641614,3.4667464128100343,,0.022678135911701237,0.0
346,1,You,PRON,nsubj,0.406728407907031,6.339251674553796,5.932523266646765,0,0.06306914613167432,0.0
346,2,want,VERB,root,2.9638464731496184,9.96061982170369,6.996773348554071,,0.37800319630531076,0.0
346,3,them,PRON,obj,-3.2836317219488365,9.56008189211996,12.843713614068797,0,0.41906265590243036,0.0
346,4,to,PART,mark,-0.4502998113296073,5.85516522689238,6.305465038221987,0,0.060818515273400854,0.0
346,5,get,VERB,dep,0.9899153996322898,9.282547916591051,8.292632516958761,,0.11207002243810302,0.0
346,6,bushy,ADJ,xcomp,-0.7948951739396506,6.939140094293238,7.734035268232889,1,0.07041297878409898,0.0
346,7,",",PUNCT,punct,0.3875606939736098,4.552360855055908,4.164800161082298,,0.03462019828871848,0.0
346,8,so,ADV,advmod,-0.37319333022405843,7.738227400367242,8.1114207305913,0,0.11117476437632391,0.0
346,9,pinch,VERB,parataxis,-0.6917460063297165,6.197916666123875,6.889662672453592,1,0.046699577882429545,0.0
346,10,from,ADP,case,-0.16032960983024935,8.288571704218821,8.44890131404907,0,0.07720527207836826,0.0
346,11,the,DET,det,0.6491575086105676,4.733084097091282,4.083926588480715,0,0.03714472082461978,0.0
346,12,top,NOUN,obl,0.9506335962969565,13.867510417312209,12.916876821015252,3,0.7010419575656037,0.0
346,13,.,PUNCT,punct,0.4625675321423772,3.7008451783641614,3.238277646221784,,0.09343697383417295,0.0
347,1,2,X,discourse,-1.3416731850709187,11.488998794058478,12.830671979129397,0,0.25514655550853194,0.0
347,2,Enjoy,VERB,root,-2.455019014505302,13.382083590141967,15.837102604647269,,0.5393437772506602,0.0
347,3,the,DET,det,-0.8345837632143649,4.733084097091282,5.567667860305647,0,0.031229940906664106,0.0
347,4,basil,NOUN,obj,1.266217714281833,13.18943851219957,11.923220797917738,1,0.40416579787741624,0.0
347,5,fresh,ADJ,xcomp,-0.8533781168390817,14.604476011478415,15.457854128317496,0,0.7091752216007629,0.1
347,6,.,PUNCT,punct,0.06068952548699125,3.7008451783641614,3.64015565287717,,0.01813578678509529,0.1
348,1,3,X,discourse,-0.934746281406369,11.941510998755986,12.876257280162354,0,0.33497289856744167,0.0
348,2,Store,VERB,root,-1.9831373927211349,13.382083590141967,15.365220982863102,,0.5461987785081295,0.0
348,3,the,DET,det,-1.0080350707622943,4.733084097091282,5.741119167853577,0,0.031866842641053605,0.0
348,4,basil,NOUN,obj,1.2992692888402644,13.18943851219957,11.890169223359306,1,0.4059644426144022,0.0
348,5,in,ADP,case,-0.554934086538049,6.195085075340713,6.750019161878762,0,0.047200309839509444,0.0
348,6,the,DET,det,0.8924438659196645,4.733084097091282,3.840640231171618,0,0.03074877232280438,0.0
348,7,refrigerator,NOUN,obl,1.3392935259780794,5.482079380118688,4.142785854140609,2,0.03524963275176163,0.0
348,8,.,PUNCT,punct,0.12316607929100831,3.7008451783641614,3.577679099073153,,0.022338314475442895,0.0
349,1,Wash,VERB,root,0.4269821175497839,13.382083590141967,12.955101472592183,,1.0896822872159755,0.0
349,2,the,DET,det,-2.025034302702328,4.733084097091282,6.75811839979361,0,0.3996121659689745,0.0
349,3,leaves,NOUN,obj,0.8828165620814978,5.482079380118688,4.59926281803719,1,0.13666834903953717,0.0
349,4,",",PUNCT,punct,0.07514386385173033,4.552360855055908,4.477216991204178,,0.042050370867365565,0.0
349,5,dry,VERB,conj,-1.286433561901001,13.18943851219957,14.475872074100572,0,0.4832211130076009,0.0
349,6,them,PRON,obj,-0.7094434841262167,9.56008189211996,10.269525376246177,1,0.17389046478749362,0.0
349,7,well,ADV,advmod,-0.7102592237472294,8.858521634084953,9.568780857832182,1,0.10414794592643631,0.0
349,8,",",PUNCT,punct,0.9027118927399287,4.552360855055908,3.6496489623159794,,0.05625732057866467,0.0
349,9,and,CCONJ,cc,-0.3884305306299183,5.740289866824134,6.128720397454052,0,0.08553878731058413,0.0
349,10,wrap,VERB,conj,0.5359664483593392,6.197916666123875,5.661950217764536,1,0.1290481025485861,0.0
349,11,them,PRON,obj,0.10846058386236024,9.56008189211996,9.4516213082576,1,0.1309711502656989,0.0
349,12,in,ADP,case,-0.20298260253652245,6.195085075340713,6.398067677877235,0,0.055515926320065974,0.0
349,13,paper,NOUN,compound,0.8269188417548659,12.282547916591051,11.455629074836185,0,0.2231991448430492,0.0
349,14,towels,NOUN,obl,0.008594769935905688,5.482079380118688,5.4734846101827825,3,0.049537329005042256,0.0
349,15,.,PUNCT,punct,0.5285263651279979,3.7008451783641614,3.1723188132361635,,0.029374017789300884,0.0
350,1,Place,VERB,root,0.21488368931725432,11.235242201812696,11.020358512495442,,0.4833790823939862,0.0
350,2,them,PRON,obj,-2.926959140993139,9.56008189211996,12.4870410331131,0,0.13875078822305,0.0
350,3,in,ADP,case,-0.8385167266496083,6.195085075340713,7.033601801990321,0,0.0568398006458277,0.0
350,4,a,DET,det,0.6937139417372764,5.916808727223201,5.223094785485925,0,0.04560942744253412,0.0
350,5,food,NOUN,compound,1.3503646324551895,11.797121089420811,10.446756456965621,0,0.3007689310344302,0.0
350,6,storage,NOUN,compound,-0.15975020465856993,5.482079380118688,5.641829584777258,1,0.03249312768582058,0.0
350,7,container,NOUN,obl,-0.2922629097969107,13.867510417312209,14.15977332710912,3,0.6689391894960741,0.0
350,8,with,ADP,case,-0.4488891809689992,7.899419665266953,8.348308846235952,0,0.05788494870341626,0.0
350,9,an,DET,det,0.8208109337874543,8.922651971504669,8.101841037717215,0,0.08513571675868571,0.0
350,10,airtight,ADJ,amod,-0.0030306245466418247,6.939140094293238,6.94217071883988,0,0.06597204256692824,0.0
350,11,lid,NOUN,nmod,1.1766654263080456,5.482079380118688,4.305413953810643,4,0.032995785005965166,0.0
350,12,.,PUNCT,punct,0.30873941067232424,3.7008451783641614,3.392105767691837,,0.014902171153162481,0.0
351,1,4,X,discourse,-1.380699830674951,12.604476011478415,13.985175842153366,0,0.49246277614599165,0.0
351,2,Freeze,VERB,root,-2.398459911166462,6.197916666123875,8.596376577290338,,0.20675697941062987,0.0
351,3,the,DET,det,-0.7709424933745623,4.733084097091282,5.504026590465845,0,0.04156988480547409,0.0
351,4,basil,NOUN,obj,1.175893301969209,13.18943851219957,12.013545210230362,1,0.42021989911338364,0.0
351,5,.,PUNCT,punct,0.31254515881334965,3.7008451783641614,3.3883000195508117,,0.017157826069203908,0.0
352,1,Place,VERB,root,0.21488368931725432,11.235242201812696,11.020358512495442,,0.4833790823939862,0.0
352,2,the,DET,det,-2.2843551373222706,4.733084097091282,7.017439234413553,0,0.38774138426599086,0.0
352,3,basil,NOUN,obj,0.2168323697208976,13.18943851219957,12.972606142478673,1,0.24074407557008776,0.0
352,4,in,ADP,case,-0.6413740228164144,6.195085075340713,6.836459098157127,0,0.04294335287086923,0.0
352,5,a,DET,det,0.8482019016628213,5.916808727223201,5.06860682556038,0,0.04206137724213992,0.0
352,6,blender,NOUN,obl,1.3364732024178538,5.482079380118688,4.145606177700834,2,0.03592086908255501,0.0
352,7,with,ADP,case,-0.28011217584440473,7.899419665266953,8.179531841111357,0,0.05795563399575725,0.0
352,8,a,DET,det,0.8896967005770087,5.916808727223201,5.027112026646193,0,0.04194437125410406,0.0
352,9,little,ADJ,amod,-0.00715500254405832,10.0809140554214,10.088069057965459,0,0.1785161501305748,0.0
352,10,water,NOUN,obl,0.776913816982109,12.18943851219957,11.412524695217462,3,0.36541913499343404,0.0
352,11,.,PUNCT,punct,0.3378836207891953,3.7008451783641614,3.362961557574966,,0.014734096258331967,0.0
353,1,Puree,VERB,root,0.8254603755137726,6.197916666123875,5.372456290610103,,0.06508830294114955,0.0
353,2,it,PRON,obj,-1.0675738585444874,6.147779360562356,7.215353219106843,0,0.13341608606260602,0.0
353,3,until,SCONJ,mark,-0.732774007858378,12.488998794058478,13.221772801916856,0,0.4392969294582269,0.0
353,4,smooth,ADJ,advcl,1.6942774415017636,6.939140094293238,5.244862652791475,1,1.2140081266656235,0.0
353,5,",",PUNCT,punct,-0.26135865064544106,4.552360855055908,4.813719505701349,,0.27521297548527135,0.0
353,6,then,ADV,advmod,-1.1071867511869176,9.294620748891626,10.401807500078544,0,0.40085260635543424,0.0
353,7,put,VERB,parataxis,-1.0536251401097978,10.30679546283773,11.360420602947528,1,1.0005769333614858,0.0
353,8,it,PRON,obj,1.0565519247642747,6.147779360562356,5.091227435798081,1,0.5244640091763931,0.0
353,9,in,ADP,case,0.0674462977340653,6.195085075340713,6.127638777606648,0,0.40460840963295047,0.0
353,10,a,DET,det,1.1234879974179908,5.916808727223201,4.7933207298052105,0,0.4681878129080662,0.0
353,11,food,NOUN,compound,-1.735691718294662,11.797121089420811,13.532812807715473,0,2.1442978991061237,0.0
353,12,storage,NOUN,compound,0.09797147173694665,5.482079380118688,5.384107908381742,1,0.035587088230947264,0.0
353,13,bag,NOUN,obl,-0.039725281845470306,14.18943851219957,14.229163794045041,4,0.5369687117145021,0.0
353,14,and,CCONJ,cc,-0.5476427739358458,5.740289866824134,6.28793264075998,0,0.05414240904526671,0.0
353,15,freeze,VERB,conj,0.08996071944224049,6.197916666123875,6.107955946681635,1,0.06063032432092886,0.0
353,16,until,SCONJ,mark,-0.4928986140479985,12.488998794058478,12.981897408106477,0,0.4687314266301428,0.0
353,17,you,PRON,nsubj,0.42664873653898283,6.339251674553796,5.912602938014813,0,0.07499998553950624,0.0
353,18,need,VERB,advcl,0.6124513208503082,10.763173757497473,10.150722436647165,3,0.18809343079546417,0.0
353,19,it,PRON,obj,0.12715620233367364,6.147779360562356,6.020623158228682,1,0.059747016656825865,0.0
353,20,.,PUNCT,punct,0.3102267498978146,3.7008451783641614,3.3906184284663468,,0.02971471991865968,0.0
354,1,How,ADV,root,0.4418275764880235,9.167070699171116,8.725243122683093,,0.15605535644908047,0.0
354,2,to,PART,mark,0.27871856738048706,5.85516522689238,5.576446659511893,0,0.21935209577274067,0.0
354,3,Hypnotize,VERB,acl,0.953826708439288,6.197916666123875,5.244089957684587,1,0.23866940661871178,0.0
354,4,a,DET,det,-0.7184530052103133,5.916808727223201,6.635261732433515,0,0.08283470093838395,0.0
354,5,Chicken,NOUN,obj,1.691566426548086,5.482079380118688,3.790512953570602,2,0.22504389526463137,0.0
355,1,Anyone,PRON,nsubj,0.01804288269935661,13.604476011478415,13.586433128779058,0,0.6672618788793256,0.0
355,2,who,PRON,nsubj,1.6085321197447229,9.814399080852645,8.205866961107922,0,1.40968065033929,0.0
355,3,'s,AUX,aux,1.467321658868478,6.812227981811018,5.34490632294254,0,0.41402583435146817,0.0
355,4,spent,VERB,acl:relcl,-1.0731822777260724,12.867510417312209,13.940692695038281,3,1.4209315292257227,0.0
355,5,a,DET,det,-0.5260375346443205,5.916808727223201,6.442846261867522,0,0.04282785345298729,0.0
355,6,lot,NOUN,obj,1.2600571591534777,10.904036293337322,9.643979134183844,2,0.23393687253157414,0.0
355,7,of,ADP,case,-0.1656615159361099,5.747531807657332,5.9131933235934415,0,0.03759724079060975,0.0
355,8,time,NOUN,nmod,0.7963945521614431,9.331457517071998,8.535062964910555,2,0.1089187433647999,0.0
355,9,on,ADP,case,-0.14542112388964323,7.520553527933323,7.665974651822967,0,0.07863320582829149,0.0
355,10,a,DET,det,0.7821067451872858,5.916808727223201,5.134701982035915,0,0.04958517650812181,0.0
355,11,farm,NOUN,obl,1.335661623710516,5.482079380118688,4.146417756408172,3,0.0339106341434241,0.0
355,12,with,ADP,case,-0.06352791496485377,7.899419665266953,7.962947580231806,0,0.05617805247343328,0.0
355,13,chickens,NOUN,obl,0.8748375232337624,5.482079380118688,4.607241856884926,2,0.03441436519248912,0.0
355,14,is,AUX,cop,-0.7187531310011597,6.470049691257488,7.188802822258648,0,0.04542454038680878,0.0
355,15,probably,ADV,advmod,0.28643311251412307,11.101975670949232,10.815542558435109,0,0.28399593500304876,0.0
355,16,familiar,ADJ,root,1.2001249573147952,15.18943851219957,13.989313554884776,,0.8220332239310284,0.2
355,17,with,ADP,case,0.12633967060611173,7.899419665266953,7.773079994660841,0,0.06570518339719789,0.2
355,18,this,DET,det,0.5863920120375443,7.086150703787548,6.499758691750004,0,0.029700564419882038,0.2
355,19,trick,NOUN,obl,1.2427538092155972,5.482079380118688,4.239325570903091,2,0.028050197951029907,0.2
355,20,.,PUNCT,punct,0.5265652790283006,3.7008451783641614,3.1742798993358607,,0.018652105774086443,0.2
356,1,Method,NOUN,root,1.068392702128305,14.18943851219957,13.121045810071266,,1.0986258211200017,0.0
356,2,One,NUM,dislocated,-4.459281102456197,8.552813891655921,13.012094994112118,0,1.114693954016614,0.0
356,3,of,ADP,case,-0.6502338484774617,5.747531807657332,6.397765656134793,0,0.08472316877228346,0.0
356,4,Two,NUM,nmod,2.336320815073897,9.282547916591051,6.946227101517154,1,0.5803978260423306,0.0
356,5,:,PUNCT,punct,-0.05934796795950348,8.524102595014394,8.583450562973898,,0.450293000006634,0.0
356,6,Hypnotizing,VERB,appos,-1.5999885404432872,6.197916666123875,7.797905206567163,0,0.16852991879166881,0.0
356,7,a,DET,det,-0.6569474343831159,5.916808727223201,6.573756161606317,0,0.059593739272530505,0.0
356,8,Chicken,NOUN,obj,1.3471753357667309,5.482079380118688,4.134904044351957,2,0.17389056688869614,0.0
357,1,Hold,VERB,root,0.07567806413435818,12.867510417312209,12.79183235317785,,0.45383017034282824,0.0
357,2,the,DET,det,-1.3411653699585946,4.733084097091282,6.074249467049877,0,0.3405231266642906,0.0
357,3,chicken,NOUN,obj,0.5477207757351481,5.482079380118688,4.93435860438354,1,0.6011986599613174,0.0
357,4,down,ADP,compound:prt,-0.6723152252407054,10.235242201812696,10.907557427053401,0,0.24665438048742377,0.0
357,5,on,ADP,case,0.22119711363114547,7.520553527933323,7.299356414302178,0,0.1342601542144575,0.0
357,6,a,DET,det,0.8976502613179198,5.916808727223201,5.0191584659052815,0,0.05313257931294943,0.0
357,7,flat,ADJ,amod,0.0022165446025397273,14.604476011478415,14.602259466875875,0,1.1024133819276847,0.0
357,8,surface,NOUN,obl,1.1679731358798957,13.604476011478415,12.436502875598519,3,0.6012230597003003,0.0
357,9,.,PUNCT,punct,0.3847928446406237,3.7008451783641614,3.3160523337235377,,0.021426635299345374,0.0
358,1,Hold,VERB,root,0.07567806413435818,12.867510417312209,12.79183235317785,,0.45383017034282824,0.0
358,2,the,DET,det,-1.3411653699585946,4.733084097091282,6.074249467049877,0,0.3405231266642906,0.0
358,3,chicken,NOUN,obj,0.5477207757351481,5.482079380118688,4.93435860438354,1,0.6011986599613174,0.0
358,4,with,SCONJ,mark,-0.5802178551923411,7.899419665266953,8.479637520459294,0,0.05804527465924782,0.0
358,5,one,NUM,nummod,0.4534985757854386,8.552813891655921,8.099315315870482,0,0.10368911880394184,0.0
358,6,hand,NOUN,nsubj,0.006673586510594021,11.665876556142557,11.659202969631963,1,0.3259291737419312,0.0
358,7,supporting,VERB,advcl,-1.2810707958335747,6.197916666123875,7.47898746195745,2,0.07941721680116268,0.0
358,8,the,DET,det,-0.4901569112463591,4.733084097091282,5.2232410083376415,0,0.035271346340394485,0.0
358,9,breast,NOUN,obj,1.291805559898811,5.482079380118688,4.190273820219877,2,0.03376982568963798,0.0
358,10,.,PUNCT,punct,0.4195187320596272,3.7008451783641614,3.281326446304534,,0.018159745325126164,0.0
359,1,Place,VERB,root,0.21488368931725432,11.235242201812696,11.020358512495442,,0.4833790823939862,0.0
359,2,it,PRON,obj,-2.3003076520560457,6.147779360562356,8.448087012618402,0,0.403639694403888,0.0
359,3,down,ADP,compound:prt,-0.7698805009327749,10.235242201812696,11.00512270274547,0,0.45592722000071934,0.0
359,4,so,SCONJ,mark,-0.04417139705852069,7.738227400367242,7.7823987974257625,0,0.22866033613361775,0.0
359,5,that,SCONJ,fixed,0.027583222327504764,6.437894453110473,6.410311230782968,1,0.06882541451702442,0.0
359,6,its,PRON,nmod:poss,0.4083098305040309,10.634849660521933,10.226539830017902,0,0.2447587740563368,0.0
359,7,breast,NOUN,nsubj,-1.404041033884683,5.482079380118688,6.886120414003371,1,0.3980404462403314,0.0
359,8,is,AUX,aux,0.3885167240348819,6.470049691257488,6.081532967222606,0,0.19810990738980122,0.0
359,9,carrying,VERB,advcl,1.2811377404614355,6.197916666123875,4.91677892566244,3,0.11827783061546848,0.0
359,10,its,PRON,nmod:poss,0.17671453086694378,10.634849660521933,10.45813512965499,0,0.21589779082658614,0.0
359,11,weight,NOUN,obj,-0.3591478386865372,14.604476011478415,14.963623850164952,2,0.4155717222017695,0.1
359,12,and,CCONJ,cc,-0.4088448199777508,5.740289866824134,6.149134686801885,0,0.05934100624385795,0.1
359,13,rests,VERB,conj,0.3608776235754929,6.197916666123875,5.8370390425483825,2,0.06233270972227838,0.1
359,14,on,ADP,case,-0.03273801436122792,7.520553527933323,7.553291542294551,0,0.0862111983341805,0.1
359,15,the,DET,det,0.6170518768316686,4.733084097091282,4.116032220259614,0,0.03350133878332073,0.1
359,16,ground,NOUN,obl,1.1955527352253519,13.382083590141967,12.186530854916615,3,0.46951546360602037,0.1
359,17,.,PUNCT,punct,0.7154917150507645,3.7008451783641614,2.985353463313397,,0.017048098037609774,0.1
360,1,Continue,VERB,root,1.085194531826673,12.867510417312209,11.782315885485536,,0.495257596376671,0.0
360,2,to,PART,mark,-0.21032101951387183,5.85516522689238,6.065486246406252,0,0.5992478954239914,0.0
360,3,hold,VERB,xcomp,-2.5602457353324493,12.867510417312209,15.427756152644658,1,0.8250052246771783,0.0
360,4,its,PRON,nmod:poss,-0.25210616837322775,10.634849660521933,10.886955828895161,0,0.1877119782494008,0.0
360,5,feet,NOUN,obj,-0.46561148363540283,13.18943851219957,13.655049995834974,2,0.5899770915087729,0.0
360,6,so,SCONJ,mark,-0.5310471361351645,7.738227400367242,8.269274536502406,0,0.11368653172565277,0.0
360,7,the,DET,det,-0.9802957791704605,4.733084097091282,5.713379876261743,0,0.04323935433859262,0.0
360,8,grand,ADJ,amod,0.27110695292603104,14.604476011478415,14.333369058552384,0,0.8862175265472567,0.1
360,9,experiment,NOUN,nsubj,0.9904367352167807,15.18943851219957,14.19900177698279,2,0.773027786442164,0.1
360,10,can,AUX,aux,-0.6236702464568431,8.388538612279266,9.012208858736109,0,0.0487839215375535,0.1
360,11,continue,VERB,advcl,0.5041031874372326,12.867510417312209,12.363407229874976,2,0.36370920818865954,0.1
360,12,.,PUNCT,punct,0.8799881718321751,3.7008451783641614,2.8208570065319862,,0.018227725934726997,0.1
361,1,You,PRON,nsubj,0.406728407907031,6.339251674553796,5.932523266646765,0,0.06306914613167432,0.0
361,2,can,AUX,aux,1.7458086679208176,8.388538612279266,6.642729944358448,0,0.24994233780035097,0.0
361,3,place,VERB,root,-2.8592448852094225,11.235242201812696,14.094487087022118,,0.4805670894739315,0.0
361,4,the,DET,det,-0.8039729755371132,4.733084097091282,5.537057072628396,0,0.05050512231731393,0.0
361,5,chicken,NOUN,obj,1.260320064333567,5.482079380118688,4.221759315785121,1,0.033453978400977503,0.0
361,6,on,ADP,case,-0.33307899155939324,7.520553527933323,7.853632519492717,0,0.08542577846728637,0.0
361,7,its,PRON,nmod:poss,0.1644769934584076,10.634849660521933,10.470372667063526,0,0.22581472614078008,0.0
361,8,breast,NOUN,obl,0.14749933186571162,5.482079380118688,5.334580048252977,2,0.051178656690248826,0.0
361,9,instead,ADV,advmod,-0.40886066271160537,13.867510417312209,14.276371080023814,0,1.0429989635906862,0.0
361,10,.,PUNCT,punct,0.08165277097903223,3.7008451783641614,3.619192407385129,,0.06874885346124512,0.0
362,1,Press,VERB,root,1.3663523762399752,13.382083590141967,12.015731213901992,,0.9891645233533516,0.0
362,2,gently,ADV,advmod,-3.2415019348273706,15.18943851219957,18.43094044702694,0,1.065930042471544,0.1
362,3,down,ADV,advmod,-0.0837051589427471,10.235242201812696,10.318947360755443,0,0.18859594549768138,0.1
362,4,on,ADP,case,-0.35465848743957906,7.520553527933323,7.875212015372902,0,0.16044809898856305,0.1
362,5,its,PRON,nmod:poss,0.27360216376306923,10.634849660521933,10.361247496758864,0,0.18677496292778561,0.1
362,6,back,NOUN,obl,0.14587402909873504,9.999613953319553,9.853739924220818,2,0.19900121335991064,0.1
362,7,",",PUNCT,punct,0.06996671273212485,4.552360855055908,4.482394142323783,,0.0498537954466472,0.1
362,8,and,CCONJ,cc,-0.16841986670925557,5.740289866824134,5.90870973353339,0,0.16558135209216848,0.1
362,9,gently,ADV,advmod,0.9387938551043824,15.18943851219957,14.250644657095188,0,0.7659487707235496,0.1
362,10,move,VERB,conj,0.30900685381019954,12.604476011478415,12.295469157668215,2,0.3539194171175238,0.1
362,11,its,PRON,nmod:poss,0.09792061475818592,10.634849660521933,10.536929045763747,0,0.21035015579387814,0.1
362,12,legs,NOUN,obj,-0.389393359902801,14.604476011478415,14.993869371381216,2,0.7852073578361678,0.2
362,13,back,ADV,advmod,-0.044611385770464196,9.999613953319553,10.044225339090017,1,0.1768611982376783,0.2
362,14,if,SCONJ,mark,-0.2292881999077867,8.876555556915216,9.105843756823003,0,0.10905622736194168,0.2
362,15,it,PRON,nsubj,0.5120574116672589,6.147779360562356,5.635721948895097,0,0.07478526790219528,0.2
362,16,tries,VERB,advcl,1.38913069614153,6.197916666123875,4.808785969982345,3,0.04606096738373714,0.2
362,17,to,PART,mark,-0.5102322027462627,5.85516522689238,6.365397429638643,0,0.052519676596519745,0.2
362,18,stand,VERB,xcomp,0.1414095825416517,13.18943851219957,13.048028929657919,2,0.42509904115971603,0.2
362,19,up,ADP,compound:prt,0.011264202204463558,9.13415607669838,9.122891874493916,1,0.15559018282291037,0.2
362,20,.,PUNCT,punct,-0.1564214829450994,3.7008451783641614,3.8572666613092608,,0.05854886184376082,0.2
363,1,Wiggle,VERB,root,0.8254603755137726,6.197916666123875,5.372456290610103,,0.06508830294114955,0.0
363,2,your,PRON,nmod:poss,-1.0385443096659817,8.658057051683258,9.69660136134924,0,0.1200860707657548,0.0
363,3,finger,NOUN,obj,-1.710162830614081,14.604476011478415,16.314638842092496,1,0.7199923724265874,0.0
363,4,.,PUNCT,punct,-6.638679206716347e-05,3.7008451783641614,3.7009115651562285,,0.0162829408489761,0.0
364,1,Hold,VERB,root,0.07567806413435818,12.867510417312209,12.79183235317785,,0.45383017034282824,0.0
364,2,the,DET,det,-1.3411653699585946,4.733084097091282,6.074249467049877,0,0.3405231266642906,0.0
364,3,bird,NOUN,obj,0.5303903882338918,15.18943851219957,14.659048123965679,1,1.1030503485698862,0.2
364,4,down,ADV,advmod,-0.6569011304286576,10.235242201812696,10.892143332241353,0,0.23335477919269526,0.2
364,5,gently,ADV,advmod,-0.06412824736704437,15.18943851219957,15.253566759566615,0,0.9244253066783098,0.3
364,6,with,ADP,case,-0.6686438693730583,7.899419665266953,8.568063534640011,0,0.11954387083749225,0.3
364,7,one,NUM,nummod,0.7332004228005751,8.552813891655921,7.819613468855346,0,0.12684007932320052,0.3
364,8,hand,NOUN,obl,-0.08286103016531854,11.665876556142557,11.748737586307875,2,0.29409417070821325,0.3
364,9,.,PUNCT,punct,0.27100564989853737,3.7008451783641614,3.429839528465624,,0.034499648769182496,0.3
365,1,Put,VERB,root,1.000504330507173,10.30679546283773,9.306291132330557,,0.2975615420026004,0.0
365,2,one,NUM,nummod,-2.6533926792344573,8.552813891655921,11.206206570890378,0,0.16518506124502144,0.0
365,3,finger,NOUN,obj,-0.757028889781477,14.604476011478415,15.361504901259892,1,0.6213584511658058,0.0
365,4,on,ADP,case,-0.634313897821217,7.520553527933323,8.15486742575454,0,0.08052173166730675,0.0
365,5,your,PRON,nmod:poss,-0.008118424258563905,8.658057051683258,8.666175475941822,0,0.10325496547818702,0.0
365,6,other,ADJ,amod,0.20456706077241904,9.867510417312209,9.66294335653979,0,0.16247041906268972,0.0
365,7,hand,NOUN,obl,0.7650337035717971,11.665876556142557,10.90084285257076,3,0.32246126344047243,0.0
365,8,just,ADV,advmod,-0.7080542935153531,8.627196087978497,9.33525038149385,0,0.10085553016803417,0.0
365,9,in,ADP,case,-0.5989535158614645,6.195085075340713,6.7940385912021775,0,0.06027807666223262,0.0
365,10,front,NOUN,obl,0.3171943584322374,12.867510417312209,12.550316058879972,2,0.4175448257704727,0.0
365,11,of,ADP,case,0.11906769567330056,5.747531807657332,5.628464111984031,0,0.1390729246386076,0.0
365,12,its,PRON,nmod:poss,-0.22654416590692783,10.634849660521933,10.861393826428861,0,0.18571504271225367,0.0
365,13,beak,NOUN,compound,0.7171242726536242,5.482079380118688,4.764955107465064,0,0.09250608020392194,0.0
365,14,tip,NOUN,nmod,0.1166183426996188,5.482079380118688,5.365461037419069,4,0.034614052183116376,0.0
365,15,",",PUNCT,punct,0.31070326974306095,4.552360855055908,4.241657585312847,,0.025236065853592334,0.0
365,16,without,SCONJ,mark,-0.4379367399012146,12.604476011478415,13.04241275137963,0,0.26398607564703935,0.0
365,17,touching,VERB,advcl,-1.149073430130441,6.197916666123875,7.346990096254316,1,1.0491556827690265,0.0
365,18,it,PRON,obj,-0.019169446128431744,6.147779360562356,6.166948806690788,1,0.10846061867626039,0.0
365,19,.,PUNCT,punct,0.14588672128236002,3.7008451783641614,3.5549584570818014,,0.12068625356489071,0.0
366,1,Move,VERB,root,0.5831051556231763,12.604476011478415,12.021370855855238,,0.40532021904671417,0.0
366,2,the,DET,det,-1.9976381100937033,4.733084097091282,6.730722207184986,0,0.24253938272295714,0.0
366,3,finger,NOUN,obj,0.9479685856233377,14.604476011478415,13.656507425855077,1,0.7511644777502446,0.0
366,4,backward,ADV,advmod,-0.7915802115735495,9.200753825427405,9.992334037000955,0,0.08668126054501805,0.0
366,5,to,ADP,case,-0.6440936296982818,5.85516522689238,6.499258856590662,0,0.052531350851137186,0.0
366,6,about,ADV,advmod,-0.10349823537772807,9.101975670949232,9.20547390632696,0,0.13982432256273256,0.0
366,7,4,NUM,nummod,0.058333156937449004,12.604476011478415,12.546142854540966,1,0.5064336843157672,0.0
366,8,inches,NOUN,obl:unmarked,0.02989118102844479,5.482079380118688,5.452188199090243,1,0.05999505336820769,0.0
366,9,(,PUNCT,punct,0.2376702075694137,9.517013170228076,9.279342962658662,,0.16502089310777468,0.0
366,10,10,NUM,nummod,0.6096121468315019,12.867510417312209,12.257898270480707,0,0.40595473590412295,0.0
366,11,cm,NOUN,appos,-0.25190499567181757,5.482079380118688,5.733984375790506,2,0.06164477360535528,0.0
366,12,),PUNCT,punct,0.2545181637370124,9.531227029447775,9.276708865710763,,0.1729811339998238,0.0
366,13,away,ADV,advmod,-0.5229723259148802,11.382083590141967,11.905055916056847,2,0.28278905679073757,0.0
366,14,",",PUNCT,punct,0.09804778670485259,4.552360855055908,4.4543130683510554,,0.038350241155467896,0.0
366,15,then,ADV,parataxis,0.5403225669978315,9.294620748891626,8.754298181893795,0,0.13244711643344187,0.0
366,16,back,ADV,orphan,0.8060705120290717,9.999613953319553,9.193543441290482,1,0.18589519298099896,0.0
366,17,again,ADV,orphan,1.1991145661125397,10.979985146570622,9.780870580458082,1,0.230643063929199,0.0
366,18,.,PUNCT,punct,0.3847812584396699,3.7008451783641614,3.3160639199244915,,0.048419901792043175,0.0
367,1,Repeat,VERB,root,0.8254603755137726,6.197916666123875,5.372456290610103,,0.06508830294114955,0.0
367,2,until,SCONJ,mark,-1.6687325939277233,12.488998794058478,14.157731387986201,0,0.5823304613453297,0.0
367,3,the,DET,det,-0.46196737394741216,4.733084097091282,5.195051471038695,0,0.6682131161562812,0.0
367,4,chicken,NOUN,nsubj,0.9628766592125793,5.482079380118688,4.519202720906109,1,0.1383032409138052,0.0
367,5,stops,VERB,advcl,0.03771896930567653,6.197916666123875,6.160197696818199,2,0.6420294858479545,0.0
367,6,moving,VERB,xcomp,-1.362497697425761,12.867510417312209,14.23000811473797,1,1.0835329191033953,0.0
367,7,or,CCONJ,cc,-0.42881344873195815,8.461518057636372,8.89033150636833,0,0.6644736278354564,0.0
367,8,squawking,VERB,conj,-0.713326475199513,6.197916666123875,6.911243141323388,2,0.7563683235379872,0.0
367,9,.,PUNCT,punct,0.8579407926450422,3.7008451783641614,2.842904385719119,,0.022765611801660545,0.0
368,1,Let,VERB,root,1.6301086747340996,10.060155495254604,8.430046820520504,,0.14715313783741862,0.0
368,2,go,VERB,xcomp,1.8109231962554615,9.502937985016352,7.692014788760891,0,0.7003610480844916,0.0
368,3,of,ADP,case,-1.5413255996416,5.747531807657332,7.288857407298932,0,0.41489063222187933,0.0
368,4,its,PRON,nmod:poss,-2.987975683401112,10.634849660521933,13.622825343923045,0,0.6655503644462515,0.0
368,5,legs,NOUN,obl,-1.5020587970357617,14.604476011478415,16.106534808514176,2,1.1778468899914263,0.1
368,6,.,PUNCT,punct,0.3071554326369288,3.7008451783641614,3.3936897457272326,,0.01507843861120065,0.1
369,1,The,DET,det,-0.7976025969652571,4.733084097091282,5.53068669405654,0,0.026145197178954215,0.0
369,2,chicken,NOUN,nsubj:pass,1.061914760053039,5.482079380118688,4.420164620065649,1,0.039376904451116634,0.0
369,3,should,AUX,aux,-1.1616729462481814,10.461518057636372,11.623191003884553,0,0.25304377548927726,0.0
369,4,be,AUX,aux:pass,1.0244460738344037,8.075696346150382,7.051250272315978,0,0.6230172202947929,0.0
369,5,"""",PUNCT,punct,-1.9949426104870271,7.845142604283754,9.840085214770781,,0.5568885075443653,0.0
369,6,hypnotized,VERB,root,1.3603325667370472,6.197916666123875,4.837584099386828,,0.48089773798525665,0.0
369,7,"""",PUNCT,punct,0.5548472716551016,7.845142604283754,7.290295332628652,,0.19680069615404908,0.0
369,8,and,CCONJ,cc,-0.6083753892238715,5.740289866824134,6.3486652560480055,0,0.07199053561453003,0.0
369,9,cease,VERB,conj,0.5365448741246963,6.197916666123875,5.661371791999179,1,0.19685654285375231,0.0
369,10,to,PART,mark,-0.43959418312574705,5.85516522689238,6.294759410018127,0,0.08115638339696996,0.0
369,11,struggle,VERB,xcomp,-1.0364187871448838,15.18943851219957,16.225857299344455,2,0.6638954894742506,0.2
369,12,.,PUNCT,punct,0.5949493823181329,3.7008451783641614,3.1058957960460285,,0.021924608619581162,0.2
370,1,It,PRON,nsubj,0.1358633281289432,6.147779360562356,6.011916032433413,0,0.08192350898677746,0.0
370,2,will,AUX,aux,0.30436408816140315,9.060155495254604,8.7557914070932,0,0.17057020023214567,0.0
370,3,lie,VERB,root,0.2862544283856021,13.867510417312209,13.581255988926607,,0.4610082756262871,0.0
370,4,there,ADV,advmod,-0.11090748926139327,8.075696346150382,8.186603835411775,0,0.08113687361060348,0.0
370,5,for,ADP,case,-0.5628975260820397,7.502937985016352,8.065835511098392,0,0.05336072908545768,0.0
370,6,anywhere,ADV,obl,-0.045876349382767856,13.604476011478415,13.650352360861183,1,0.4909501696819567,0.0
370,7,from,ADP,case,-0.5862040512454296,8.288571704218821,8.87477575546425,0,0.10386912957603173,0.0
370,8,30,NUM,nummod,0.8240921850854672,12.488998794058478,11.664906608973011,0,0.3120909991006738,0.0
370,9,seconds,NOUN,obl,-0.02315578760073045,13.867510417312209,13.89066620491294,3,0.7762096375452883,0.1
370,10,to,ADP,case,-0.38274971286801573,5.85516522689238,6.237914939760396,0,0.05929817708726873,0.1
370,11,several,ADJ,amod,-0.271877346798842,12.488998794058478,12.76087614085732,0,0.504126752803033,0.1
370,12,minutes,NOUN,nmod,0.7852015004354538,12.382083590141967,11.596882089706513,3,0.4338532689705265,0.1
370,13,.,PUNCT,punct,0.4059672588071881,3.7008451783641614,3.2948779195569733,,0.024999507816168692,0.1
371,1,Draw,VERB,root,0.39077268545503685,14.18943851219957,13.798665826744534,,1.1346297131958647,0.0
371,2,a,DET,det,-1.089426720101339,5.916808727223201,7.00623544732454,0,0.4154602427484645,0.0
371,3,line,NOUN,obj,0.022170458531020287,13.019513510757259,12.997343052226238,1,0.9941231302872539,0.0
371,4,in,ADP,case,-0.5584884916082391,6.195085075340713,6.753573566948952,0,0.046884703528949204,0.0
371,5,front,NOUN,obl,0.2502436661262255,12.867510417312209,12.617266751185984,1,0.49499665207350535,0.0
371,6,of,ADP,case,0.06948316468553806,5.747531807657332,5.678048642971794,0,0.19995748657542592,0.0
371,7,its,PRON,nmod:poss,-0.250805486207339,10.634849660521933,10.885655146729272,0,0.18606260665566396,0.0
371,8,beak,NOUN,nmod,0.7235228046919522,5.482079380118688,4.758556575426736,3,0.10538019700012226,0.0
371,9,instead,ADV,advmod,-0.7043861673255947,13.867510417312209,14.571896584637804,0,1.0489250919932784,0.0
371,10,.,PUNCT,punct,0.029650539293996747,3.7008451783641614,3.6711946390701646,,0.051782640451243964,0.0
372,1,If,SCONJ,mark,0.6507670307312896,8.876555556915216,8.225788526183926,0,0.12486982165802919,0.0
372,2,the,DET,det,-1.683661790886969,4.733084097091282,6.4167458879782515,0,0.08527256360680383,0.0
372,3,chicken,NOUN,nsubj:pass,0.728932037988236,5.482079380118688,4.753147342130452,1,0.23716860369289383,0.0
372,4,was,AUX,aux:pass,-0.14465042704680275,7.073094550962102,7.217744978008905,0,0.11398507478093449,0.0
372,5,n't,PART,advmod,0.8159099501414966,7.876555556915215,7.060645606773718,0,0.1056319807417242,0.0
372,6,hypnotized,VERB,advcl,1.7472552360292744,6.197916666123875,4.450661430094601,4,0.07771024296697641,0.0
372,7,",",PUNCT,punct,0.7973019640216337,4.552360855055908,3.7550588910342744,,0.05204322333828719,0.0
372,8,try,VERB,root,-1.0397078988104287,11.282547916591051,12.32225581540148,,0.22933401516158636,0.0
372,9,this,DET,det,-0.2613873127252262,7.086150703787548,7.347538016512774,0,0.034073748261766755,0.0
372,10,alternative,NOUN,obj,-0.19996773033902393,15.18943851219957,15.389406242538595,1,0.8838738288344756,0.2
372,11,.,PUNCT,punct,0.09791471067009727,3.7008451783641614,3.602930467694064,,0.024690374015810933,0.2
373,1,Start,VERB,root,0.8478548278427773,12.18943851219957,11.341583684356793,,0.8054094633736594,0.0
373,2,near,ADP,case,-0.9918102808451188,12.867510417312209,13.859320698157328,0,1.4141962889740227,0.0
373,3,the,DET,det,0.9134168467618364,4.733084097091282,3.819667250329446,0,0.9501340220786744,0.0
373,4,chicken,NOUN,nmod:poss,-0.4826874566048751,5.482079380118688,5.964766836723563,1,2.189153083423632,0.0
373,5,'s,PART,case,-0.9496809812079725,6.812227981811018,7.761908963018991,1,0.22521258007626208,0.0
373,6,beak,NOUN,obl,-0.3062819052356085,5.482079380118688,5.788361285354297,2,0.23656285261691132,0.0
373,7,and,CCONJ,cc,-0.4343063002014125,5.740289866824134,6.1745961670255465,0,0.2207720793586502,0.0
373,8,draw,VERB,conj,-0.0721567231416742,14.18943851219957,14.261595235341245,1,1.0941549013482994,0.0
373,9,the,DET,det,-0.33149854733628015,4.733084097091282,5.064582644427563,0,0.03149207425982918,0.0
373,10,line,NOUN,obj,1.2879595055223607,13.019513510757259,11.731554005234898,2,0.41499059929283527,0.0
373,11,slowly,ADV,advmod,-0.34099369102528243,14.604476011478415,14.945469702503697,1,0.8300180153975697,0.0
373,12,outward,ADV,advmod,0.7771324554743764,9.200753825427405,8.423621369953029,1,0.07610340871049112,0.0
373,13,",",PUNCT,punct,0.417663183468707,4.552360855055908,4.134697671587201,,0.07305067360999193,0.0
373,14,in,ADP,case,-0.5062887662735918,6.195085075340713,6.701373841614305,0,0.06296296932923054,0.0
373,15,front,NOUN,obl,0.16096426332017089,12.867510417312209,12.706546153992038,2,0.4266558206318411,0.0
373,16,of,ADP,case,0.12373070131447683,5.747531807657332,5.623801106342855,0,0.13551461233617557,0.0
373,17,its,PRON,nmod:poss,-0.16841270209749126,10.634849660521933,10.803262362619424,0,0.1885819553962911,0.0
373,18,head,NOUN,nmod,0.5127682482041056,11.797121089420811,11.284352841216705,3,0.3434845151231007,0.0
373,19,.,PUNCT,punct,0.46957312099056514,3.7008451783641614,3.2312720573735962,,0.037988729609821,0.0
374,1,Wake,VERB,root,0.48729084897945185,14.18943851219957,13.702147663220119,,0.6795289434758649,0.0
374,2,it,PRON,obj,-1.5296685221282251,6.147779360562356,7.677447882690581,0,0.2661978198025717,0.0
374,3,up,ADP,compound:prt,-0.7744321073721157,9.13415607669838,9.908588184070496,0,0.28011305367595657,0.0
374,4,by,SCONJ,mark,0.15302176523279343,8.531227029447775,8.378205264214982,0,0.11385784894367819,0.0
374,5,clapping,VERB,advcl,-2.663636861486083,6.197916666123875,8.861553527609958,1,0.25626528926595726,0.0
374,6,.,PUNCT,punct,0.7200256830841858,3.7008451783641614,2.9808194952799756,,0.04231480933737959,0.0
375,1,Be,AUX,cop,0.35965277019237707,8.075696346150382,7.716043575958005,0,0.07932408206403319,0.0
375,2,nice,ADJ,root,-0.5289007590557091,12.18943851219957,12.71833927125528,,0.41744879336571,0.0
375,3,to,ADP,case,-1.3220847021764062,5.85516522689238,7.177249929068786,0,0.056095333010356775,0.0
375,4,your,PRON,nmod:poss,0.07300291330212261,8.658057051683258,8.585054138381135,0,0.29558433771432363,0.0
375,5,feathered,ADJ,amod,0.17139593414459142,6.939140094293238,6.767744160148647,0,0.3124461577573213,0.0
375,6,friend,NOUN,obl,0.5618044136344178,12.730006893562273,12.168202479927855,3,0.3986483258057465,0.0
375,7,and,CCONJ,cc,-0.47359671548873994,5.740289866824134,6.213886582312874,0,0.051458813315525515,0.0
375,8,let,VERB,conj,0.3970059410399802,10.060155495254604,9.663149554214623,1,0.12555302919812053,0.0
375,9,it,PRON,obj,-0.012105560418644856,6.147779360562356,6.159884920981001,1,0.06008793152933156,0.0
375,10,get,VERB,xcomp,0.014072860471637583,9.282547916591051,9.268475056119414,1,0.13458534632000033,0.0
375,11,back,ADV,advmod,0.04723151503836043,9.999613953319553,9.952382438281193,1,0.17462256235598353,0.0
375,12,to,ADP,case,-0.45960549334115797,5.85516522689238,6.314770720233538,0,0.04104215046362061,0.0
375,13,its,PRON,nmod:poss,0.45198458398477115,10.634849660521933,10.182865076537162,0,0.1986317986698732,0.0
375,14,business,NOUN,obl,-0.7774721509513984,12.867510417312209,13.644982568263607,3,0.3519577112913267,0.0
375,15,.,PUNCT,punct,0.26439006000389353,3.7008451783641614,3.436455118360268,,0.03249978558434261,0.0
376,1,Clap,VERB,root,0.8254603755137726,6.197916666123875,5.372456290610103,,0.06508830294114955,0.0
376,2,your,PRON,nmod:poss,-1.0385443096659817,8.658057051683258,9.69660136134924,0,0.1200860707657548,0.0
376,3,hands,NOUN,obj,4.702351317330011,13.18943851219957,8.48708719486956,1,3.0808916941678155,0.0
376,4,or,CCONJ,cc,-2.272667229944375,8.461518057636372,10.734185287580747,0,1.5867271517098482,0.0
376,5,give,VERB,conj,-4.653364714774316,11.545582322424846,16.19894703719916,1,2.4319863884864747,0.0
376,6,it,PRON,iobj,-0.0016581106857422867,6.147779360562356,6.149437471248098,1,0.05907259014783053,0.0
376,7,a,DET,det,-0.3578289191592985,5.916808727223201,6.2746376463825,0,0.04480321156860633,0.0
376,8,gentle,ADJ,amod,0.07217387587990043,6.939140094293238,6.866966218413338,0,0.07275245724688054,0.0
376,9,shove,NOUN,obj,1.09241488487286,5.482079380118688,4.389664495245828,3,0.03285986658467341,0.0
376,10,until,SCONJ,mark,-0.4482395602997986,12.488998794058478,12.937238354358277,0,0.4744905937499037,0.0
376,11,it,PRON,nsubj,0.2397681787392072,6.147779360562356,5.908011181823149,0,0.0933219920518341,0.0
376,12,jumps,VERB,advcl,0.7945172515230237,6.197916666123875,5.403399414600852,2,0.23950250144012009,0.0
376,13,up,ADV,advmod,0.019844135814397035,9.13415607669838,9.114311940883983,1,0.14562486837407881,0.0
376,14,and,CCONJ,cc,-0.3362113138474321,5.740289866824134,6.076501180671566,0,0.05678241361289879,0.0
376,15,walks,VERB,conj,-0.8366535450775823,6.197916666123875,7.034570211201458,2,0.12195952218699083,0.0
376,16,away,ADV,advmod,0.23567874557285506,11.382083590141967,11.146404844569112,1,0.2913281193759111,0.0
376,17,.,PUNCT,punct,0.7177188357364521,3.7008451783641614,2.9831263426277093,,0.029415921263938338,0.0
377,1,Method,NOUN,root,1.068392702128305,14.18943851219957,13.121045810071266,,1.0986258211200017,0.0
377,2,Two,NUM,dep,-4.463519764490545,9.282547916591051,13.746067681081596,,1.127491573089687,0.0
377,3,of,ADP,case,-0.25857184600228234,5.747531807657332,6.006103653659614,0,0.3520745721665909,0.0
377,4,Two,NUM,nmod,4.3950783476834925,9.282547916591051,4.887469568907559,1,1.4823612874296865,0.0
377,5,:,PUNCT,punct,-1.696098665760859,8.524102595014394,10.220201260775253,,1.4599756579549459,0.0
377,6,Reducing,VERB,appos,-1.8887102827452953,6.197916666123875,8.08662694886917,0,0.6088885547209226,0.0
377,7,Stress,NOUN,obj,-0.4070254365668893,5.482079380118688,5.8891048166855775,1,0.555658558275332,0.0
377,8,in,ADP,case,-0.41945356381126686,6.195085075340713,6.61453863915198,0,0.06664128547115453,0.0
377,9,the,DET,det,0.7682885737984315,4.733084097091282,3.964795523292851,0,0.05841311318892649,0.0
377,10,Chicken,NOUN,obl,1.432292979278138,5.482079380118688,4.04978640084055,3,0.2411801028445649,0.0
378,1,Understand,VERB,root,1.150267084373846,11.604476011478415,10.454208927104569,,0.45717908049137396,0.0
378,2,the,DET,det,-2.2619997287114453,4.733084097091282,6.995083825802728,0,0.19426537145980374,0.0
378,3,hypnotic,ADJ,amod,-0.20961142285839696,6.939140094293238,7.148751517151635,0,0.2630986755119656,0.0
378,4,effect,NOUN,obj,0.8684154830918001,13.604476011478415,12.736060528386615,2,0.5700174087326215,0.0
378,5,.,PUNCT,punct,0.13366197195475227,3.7008451783641614,3.567183206409409,,0.14038480824763697,0.0
379,1,Researchers,NOUN,nsubj,-1.0488539736325144,13.867510417312209,14.916364390944723,0,0.7031149371756069,0.0
379,2,call,VERB,root,-1.6178970329920066,11.235242201812696,12.853139234804702,,0.3436756161138665,0.0
379,3,this,DET,det,-0.6700198259999928,7.086150703787548,7.756170529787541,0,0.03532583450751474,0.0
379,4,effect,NOUN,obj,0.517897559513175,13.604476011478415,13.08657845196524,1,0.5037934136558883,0.0
379,5,"""",PUNCT,punct,0.26594548534110984,7.845142604283754,7.579197118942644,,0.13736324199151653,0.0
379,6,tonic,ADJ,amod,-1.076709101506271,6.939140094293238,8.01584919579951,0,0.04945490582871121,0.0
379,7,immobility,NOUN,appos,0.5380252847061131,5.482079380118688,4.944054095412575,2,0.039245688990591,0.0
379,8,"""",PUNCT,punct,0.2609784606952559,7.845142604283754,7.584164143588498,,0.13765900532737668,0.0
379,9,.,PUNCT,punct,0.015194868060558697,3.7008451783641614,3.6856503103036027,,0.021753788943290227,0.0
380,1,This,PRON,nsubj,-0.14321683198097546,7.086150703787548,7.229367535768524,0,0.07024480721902689,0.0
380,2,may,AUX,aux,-0.37147130219574365,10.212158588699655,10.583629890895399,0,0.32113175816423967,0.0
380,3,be,AUX,cop,1.0430664726874683,8.075696346150382,7.032629873462914,0,0.8073192269716161,0.0
380,4,an,DET,det,-1.638558483393144,8.922651971504669,10.561210454897813,0,1.2114520216123692,0.0
380,5,attempt,NOUN,root,0.35886768127418733,13.867510417312209,13.508642736038022,,1.2116463748368556,0.0
380,6,to,PART,mark,0.05356604195353931,5.85516522689238,5.801599184938841,0,0.04088032819943662,0.0
380,7,play,VERB,acl,1.0595910013543541,13.867510417312209,12.807919415957855,1,0.4287407144803807,0.0
380,8,dead,ADJ,xcomp,-0.7622873580368186,13.604476011478415,14.366763369515233,1,0.5018429723729194,0.0
380,9,",",PUNCT,punct,0.42192313414734706,4.552360855055908,4.130437720908561,,0.03419161560890309,0.0
380,10,discouraging,VERB,acl,-1.3398833063606386,15.18943851219957,16.52932181856021,0,0.35747024702757046,0.2
380,11,predators,NOUN,obj,-0.2992183526764771,5.482079380118688,5.781297732795165,1,0.042721609180558326,0.2
380,12,that,PRON,nsubj,-0.31885874287256577,6.437894453110473,6.7567531959830385,0,0.06084888741256929,0.2
380,13,prefer,VERB,acl:relcl,0.1936204911135233,6.197916666123875,6.004296175010352,2,0.06991506470971653,0.2
380,14,live,ADJ,amod,-0.8067246168685767,12.101975670949232,12.908700287817808,0,0.2582757894155288,0.2
380,15,prey,NOUN,obj,-0.40763814107192786,15.18943851219957,15.597076653271499,2,0.8355970146891628,0.4
380,16,.,PUNCT,punct,0.6723191731980362,3.7008451783641614,3.028526005166125,,0.017622290691147183,0.4
381,1,Keep,VERB,root,0.7747709325457794,11.282547916591051,10.507776984045272,,0.27200254545337693,0.0
381,2,the,DET,det,-1.3751108565667565,4.733084097091282,6.108194953658039,0,0.3526008930661422,0.0
381,3,chicken,NOUN,obj,0.657248878960635,5.482079380118688,4.824830501158053,1,0.43599588980625503,0.0
381,4,upright,ADJ,xcomp,-0.35662702265227875,6.939140094293238,7.295767116945517,0,0.583558714947344,0.0
381,5,or,CCONJ,cc,-0.05450241357761065,8.461518057636372,8.516020471213983,0,0.531638476748873,0.0
381,6,on,ADP,case,-0.6581767009602171,7.520553527933323,8.17873022889354,0,0.4717428842460224,0.0
381,7,its,PRON,nmod:poss,-0.1755725986013399,10.634849660521933,10.810422259123273,0,0.3015070241971821,0.0
381,8,side,NOUN,conj,0.37106456345749095,12.730006893562273,12.358942330104782,4,0.6000721943212077,0.0
381,9,.,PUNCT,punct,0.36436729042450766,3.7008451783641614,3.3364778879396537,,0.01984660064287268,0.0
382,1,This,PRON,nsubj,-0.14321683198097546,7.086150703787548,7.229367535768524,0,0.07024480721902689,0.0
382,2,can,AUX,aux,-0.13011806669954495,8.388538612279266,8.518656678978811,0,0.18655987928683915,0.0
382,3,cause,VERB,root,0.3682696239148946,11.101975670949232,10.733706047034337,,0.24574050586776242,0.0
382,4,the,DET,det,-1.4099802031928608,4.733084097091282,6.143064300284143,0,0.1476159619035908,0.0
382,5,chicken,NOUN,iobj,1.2038414614009598,5.482079380118688,4.278237918717728,1,0.04663672214121868,0.0
382,6,significant,ADJ,amod,-0.6839399116530682,14.18943851219957,14.873378423852639,0,0.3989045888555586,0.0
382,7,discomfort,NOUN,obj,0.6016402965103165,5.482079380118688,4.880439083608372,1,0.03471086183428841,0.0
382,8,",",PUNCT,punct,0.1659726198433038,4.552360855055908,4.386388235212604,,0.04319205084749047,0.0
382,9,leading,VERB,advcl,-0.45262183969231984,14.604476011478415,15.057097851170735,0,0.8683734115488001,0.1
382,10,to,ADP,case,-0.6361159124476927,5.85516522689238,6.491281139340073,0,0.06706737209938173,0.1
382,11,fainting,NOUN,obl,0.266325838109033,5.482079380118688,5.215753542009655,2,0.30046391711696635,0.1
382,12,or,CCONJ,cc,-0.4400022994578183,8.461518057636372,8.90152035709419,0,0.08728561996326639,0.1
382,13,even,ADV,advmod,0.25601172808294415,10.434551010036103,10.178539281953158,0,0.2155620534215479,0.1
382,14,",",PUNCT,punct,0.0850367112335162,4.552360855055908,4.467324143822392,,0.08860685073576585,0.1
382,15,rarely,ADV,advmod,0.8802626008215171,15.18943851219957,14.309175911378054,0,0.6285126359371936,0.4
382,16,",",PUNCT,punct,0.29290158654050824,4.552360855055908,4.2594592685154,,0.08445081982972576,0.4
382,17,death,NOUN,conj,-1.193540047496528,12.382083590141967,13.575623637638495,4,0.3154673474728409,0.4
382,18,.,PUNCT,punct,0.21291881076347474,3.7008451783641614,3.4879263676006866,,0.0943132845962843,0.4
383,1,Keep,VERB,root,0.7747709325457794,11.282547916591051,10.507776984045272,,0.27200254545337693,0.0
383,2,hypnosis,NOUN,obj,-1.896088312732016,5.482079380118688,7.378167692850704,0,0.2802994376883768,0.0
383,3,short,ADJ,xcomp,-1.604181023423708,12.604476011478415,14.208657034902123,0,0.3817174782464893,0.0
383,4,and,CCONJ,cc,-0.44654838649822803,5.740289866824134,6.186838253322362,0,0.14216633080342084,0.0
383,5,infrequent,ADJ,conj,0.7424753943147069,6.939140094293238,6.196664699978531,2,0.2996733666861823,0.0
383,6,.,PUNCT,punct,0.20490259943006972,3.7008451783641614,3.4959425789340917,,0.036122284228327965,0.0
384,1,It,PRON,expl,0.1358633281289432,6.147779360562356,6.011916032433413,0,0.08192350898677746,0.0
384,2,'s,AUX,cop,1.400291623519169,6.812227981811018,5.411936358291849,0,0.06662202903220009,0.0
384,3,not,PART,advmod,1.534739772413868,7.801421226854436,6.266681454440568,0,0.3516802015454673,0.0
384,4,completely,ADV,advmod,-1.0676000188806363,13.382083590141967,14.449683609022603,0,0.8212842837431258,0.0
384,5,clear,ADJ,root,-0.8087315994380386,12.867510417312209,13.676242016750248,,0.6981728428111946,0.0
384,6,how,ADV,advmod,0.15801427467507168,9.167070699171116,9.009056424496045,0,0.2530648652718015,0.0
384,7,much,ADJ,amod,0.6597874923577045,10.282547916591051,9.622760424233347,1,0.20584806260024827,0.0
384,8,stress,NOUN,obj,-0.7224052529265812,5.482079380118688,6.204484633045269,1,0.3150455023806247,0.0
384,9,this,DET,det,-0.3044594530915665,7.086150703787548,7.390610156879115,0,0.03759910251501138,0.0
384,10,hypnosis,NOUN,nsubj,0.534421393294279,5.482079380118688,4.947657986824409,1,0.10003896831011742,0.0
384,11,causes,VERB,csubj,0.11864796891663332,15.18943851219957,15.070790543282937,2,0.7847096227187578,0.2
384,12,.,PUNCT,punct,0.8489992060609999,3.7008451783641614,2.8518459723031615,,0.020704523823703906,0.2
385,1,Even,ADV,advmod,0.2176187513643164,10.434551010036103,10.216932258671786,0,0.18559777897902713,0.0
385,2,if,SCONJ,mark,1.266191049724787,8.876555556915216,7.610364507190429,0,0.44433633986187343,0.0
385,3,it,PRON,nsubj,-0.7429519170682797,6.147779360562356,6.8907312776306355,0,0.3453126404901201,0.0
385,4,does,AUX,advcl,6.129899181680274,10.019513510757259,3.889614329076984,3,1.37546491502902,0.0
385,5,",",PUNCT,punct,0.37112933086862654,4.552360855055908,4.1812315241872815,,1.2882677962756648,0.0
385,6,the,DET,det,-3.538776351466927,4.733084097091282,8.27186044855821,0,0.8086160293202971,0.0
385,7,chicken,NOUN,nsubj,0.9547190829759256,5.482079380118688,4.527360297142763,1,0.7715294102837822,0.0
385,8,should,AUX,aux,0.289885338316898,10.461518057636372,10.171632719319474,0,0.783833814163941,0.0
385,9,n't,PART,advmod,3.118517765943219,7.876555556915215,4.758037790971996,0,0.7964032808005687,0.0
385,10,suffer,VERB,root,-5.17654697723785,14.18943851219957,19.36598548943742,,2.392401404053391,0.0
385,11,as,ADV,advmod,-0.14101987694329843,8.150519522907269,8.291539399850567,0,0.09673267774017213,0.0
385,12,long,ADV,advmod,0.0011861525851646348,10.382083590141967,10.380897437556802,1,0.18777393508468823,0.0
385,13,as,SCONJ,mark,-0.020427559488705782,8.150519522907269,8.170947082395974,0,0.10183255718223709,0.0
385,14,you,PRON,nsubj,0.09136086228200924,6.339251674553796,6.247890812271787,0,0.07209049024084122,0.0
385,15,let,VERB,advcl,0.4934799743407776,10.060155495254604,9.566675520913826,3,0.1834667020096694,0.0
385,16,it,PRON,obj,0.15369894133851236,6.147779360562356,5.9940804192238435,1,0.05722404104088773,0.0
385,17,go,VERB,xcomp,0.043300269587511764,9.502937985016352,9.45963771542884,1,0.19387925657071883,0.0
385,18,soon,ADV,advmod,0.2704568472785489,12.867510417312209,12.59705357003366,0,0.409947636304869,0.0
385,19,afterward,ADV,advmod,0.9136963495940478,9.200753825427405,8.287057475833358,2,0.07012565584752894,0.0
385,20,.,PUNCT,punct,0.7281998056420025,3.7008451783641614,2.972645372722159,,0.03277107459893512,0.0
386,1,Hours,NOUN,nsubj,-1.8034253924673322,14.604476011478415,16.407901403945747,0,0.40195793454773787,0.1
386,2,of,ADP,case,-1.7690316798447148,5.747531807657332,7.516563487502046,0,0.044439138832039975,0.1
386,3,stress,NOUN,nmod,0.7870945486973637,5.482079380118688,4.6949848314213245,2,0.037056523074641155,0.1
386,4,",",PUNCT,punct,-0.36449756398191546,4.552360855055908,4.9168584190378235,,0.03463275691795787,0.1
386,5,or,CCONJ,cc,-0.49444552492639104,8.461518057636372,8.955963582562763,0,0.09056897097153926,0.1
386,6,regular,ADJ,amod,0.30957931173719366,14.18943851219957,13.879859200462377,0,0.549005574852447,0.1
386,7,exposure,NOUN,conj,0.53230808785991,5.482079380118688,4.949771292258778,3,0.034390588949041546,0.1
386,8,to,ADP,case,-0.30258404002173744,5.85516522689238,6.157749266914117,0,0.02459765197086926,0.1
386,9,stressful,ADJ,amod,-0.4409669488459116,6.939140094293238,7.38010704313915,0,0.06818082117999942,0.1
386,10,situations,NOUN,nmod,0.7731278839340572,14.18943851219957,13.416310628265514,3,1.3295056209783973,0.1
386,11,",",PUNCT,punct,0.07060849610495001,4.552360855055908,4.481752358950958,,0.03130040524535781,0.1
386,12,can,AUX,aux,-0.4378894066260095,8.388538612279266,8.826428018905276,0,0.057956515770747216,0.1
386,13,cause,VERB,root,0.5297258873909332,11.101975670949232,10.572249783558298,,0.20927245525985325,0.1
386,14,serious,ADJ,amod,-0.18454958031449387,13.604476011478415,13.789025591792909,0,0.5487122763206033,0.1
386,15,health,NOUN,compound,0.40201709343375214,12.382083590141967,11.980066496708215,0,0.34454801568266774,0.1
386,16,problems,NOUN,obj,-0.09467801433662792,12.019513510757259,12.114191525093887,2,0.28585558250091103,0.1
386,17,.,PUNCT,punct,0.09023330255847384,3.7008451783641614,3.6106118758056875,,0.025836863637548113,0.1
387,1,Get,VERB,root,0.7929135120806929,9.282547916591051,8.489634404510358,,0.16448987959021752,0.0
387,2,your,PRON,nmod:poss,-1.0241156566649892,8.658057051683258,9.682172708348247,0,0.44409259640971055,0.0
387,3,chickens,NOUN,obj,-0.9790580838003615,5.482079380118688,6.46113746391905,1,0.3435977153283715,0.0
387,4,used,VERB,xcomp,-0.8910630628182066,11.382083590141967,12.273146652960174,0,0.4699922441948013,0.0
387,5,to,ADP,case,-0.12153075085420717,5.85516522689238,5.976695977746587,0,0.41593621237007444,0.0
387,6,humans,NOUN,obl,-0.10338249829381851,12.604476011478415,12.707858509772233,2,1.4494486338721164,0.0
387,7,and,CCONJ,cc,0.007653575161121751,5.740289866824134,5.732636291663012,0,0.33933735266607473,0.0
387,8,novelty,NOUN,conj,-0.7547813260378389,5.482079380118688,6.236860706156527,2,0.5839198480361308,0.0
387,9,.,PUNCT,punct,-0.14364393201475645,3.7008451783641614,3.844489110378918,,0.4654114482334636,0.0
388,1,Even,ADV,advmod,0.2176187513643164,10.434551010036103,10.216932258671786,0,0.18559777897902713,0.0
388,2,prolonged,ADJ,amod,-0.7617354223134818,6.939140094293238,7.70087551660672,0,0.09689359692745282,0.0
388,3,eye,NOUN,compound,-0.9174391558020236,13.867510417312209,14.784949573114233,0,0.7317770561642685,0.0
388,4,contact,NOUN,nsubj,-0.7812234383572338,14.604476011478415,15.385699449835649,2,0.8341536208576329,0.1
388,5,seems,VERB,root,-0.2972409077484208,12.730006893562273,13.027247801310693,,0.417165217687155,0.1
388,6,to,PART,mark,-0.8309338091041427,5.85516522689238,6.686099035996523,0,0.055141577750460836,0.1
388,7,have,VERB,xcomp,0.2720359631689728,7.634849660521933,7.36281369735296,1,0.08354644713962918,0.1
388,8,an,DET,det,-0.5552594279466909,8.922651971504669,9.47791139945136,0,0.08596264730904514,0.1
388,9,effect,NOUN,obj,1.2745578565410227,13.604476011478415,12.329918154937392,2,0.37027318150867805,0.1
388,10,.,PUNCT,punct,0.5081282257919364,3.7008451783641614,3.192716952572225,,0.014858901412499258,0.1
389,1,Living,VERB,csubj,-0.16871461128939735,12.730006893562273,12.89872150485167,0,0.546704841307995,0.0
389,2,in,ADP,case,-0.3811257503414227,6.195085075340713,6.576210825682136,0,0.7091012902066862,0.0
389,3,stimulating,VERB,amod,-4.356544522318025,6.197916666123875,10.5544611884419,0,0.9082219221455563,0.0
389,4,environments,NOUN,obl,1.3077507780488098,5.482079380118688,4.174328602069878,3,0.7489656753101557,0.0
389,5,with,ADP,case,-0.1548061843238031,7.899419665266953,8.054225849590756,0,0.13861327709658433,0.0
389,6,new,ADJ,amod,-0.5578068253451907,10.039691392694888,10.597498218040078,0,0.5638397198878922,0.0
389,7,objects,NOUN,nmod,-0.9798045086028377,15.18943851219957,16.16924302080241,3,0.9715795293601293,0.1
389,8,may,AUX,aux,-0.7061461084184142,10.212158588699655,10.918304697118069,0,0.17865199792441477,0.1
389,9,also,ADV,advmod,-0.04256208956814156,9.434551010036103,9.477113099604244,0,0.15860534091737288,0.1
389,10,help,VERB,root,-0.02407180338192383,12.101975670949232,12.126047474331155,,0.3138716592501853,0.1
389,11,.,PUNCT,punct,0.8064830283190978,3.7008451783641614,2.8943621500450636,,0.023833708408822776,0.1
390,1,Hens,NOUN,nsubj,-0.8732365632322434,5.482079380118688,6.355315943350932,0,0.04098359429255844,0.0
390,2,raise,VERB,acl,-1.7261409697397632,14.18943851219957,15.915579481939334,1,0.8330378989787905,0.0
390,3,in,ADP,case,-0.6205914752975508,6.195085075340713,6.815676550638264,0,0.0480865658024985,0.0
390,4,battery,NOUN,compound,0.5769169807744516,5.482079380118688,4.905162399344237,0,0.0450971810566135,0.0
390,5,cages,NOUN,obl,-0.36223211680690337,5.482079380118688,5.844311496925592,3,0.033428970153293366,0.0
390,6,stay,VERB,root,-1.017209939063651,12.282547916591051,13.299757855654702,,0.219923467008659,0.0
390,7,"""",PUNCT,punct,0.5653408994018569,7.845142604283754,7.279801704881897,,0.14824963202394414,0.0
390,8,hypnotized,VERB,xcomp,-1.287804609545777,6.197916666123875,7.485721275669652,0,0.05892042904541316,0.0
390,9,"""",PUNCT,punct,0.6850709917028803,7.845142604283754,7.160071612580873,,0.14335830044812414,0.0
390,10,longer,ADV,advmod,-0.2270542295494984,12.730006893562273,12.957061123111771,0,0.24316575000417048,0.0
390,11,",",PUNCT,punct,0.4337310107174055,4.552360855055908,4.1186298443385025,,0.022965460292688967,0.0
390,12,possibly,ADV,advmod,0.34004138877142864,14.604476011478415,14.264434622706986,0,0.7336596533331035,0.0
390,13,because,ADP,case,-0.4229306815249281,10.0809140554214,10.503844736946329,0,0.23476209681660917,0.0
390,14,of,ADP,fixed,-0.8151678855705882,5.747531807657332,6.56269969322792,1,0.11069577141380241,0.0
390,15,greater,ADJ,amod,-0.038255084792812255,13.382083590141967,13.42033867493478,0,0.40461924036048863,0.0
390,16,fear,NOUN,obl,0.5727025231780978,12.18943851219957,11.616735989021473,3,0.3579495440930572,0.0
390,17,.,PUNCT,punct,0.30443186483628315,3.7008451783641614,3.3964133135278782,,0.01938796004839151,0.0
391,1,Watch,VERB,root,0.8828997170333626,12.867510417312209,11.984610700278846,,0.49590539532910477,0.0
391,2,for,ADP,case,-0.5433647568503144,7.502937985016352,8.046302741866667,0,0.5816228471633231,0.0
391,3,signs,NOUN,obl,-1.4212327919785812,5.482079380118688,6.903312172097269,1,0.6300710023832783,0.0
391,4,of,ADP,case,-0.5581084459873216,5.747531807657332,6.305640253644653,0,0.04711893639942347,0.0
391,5,stress,NOUN,nmod,0.8156798497386148,5.482079380118688,4.666399530380073,2,0.04432148411925727,0.0
391,6,.,PUNCT,punct,0.19538033128274135,3.7008451783641614,3.50546484708142,,0.028657277634489338,0.0
392,1,Abnormal,ADJ,amod,0.014812312186456289,6.939140094293238,6.924327782106782,0,0.03357182618896338,0.0
392,2,feathering,NOUN,nsubj,-0.735555130011937,5.482079380118688,6.217634510130625,1,0.09746935686594238,0.0
392,3,",",PUNCT,punct,-0.8063624261913631,4.552360855055908,5.358723281247271,,0.08376444676484825,0.0
392,4,constant,ADJ,amod,-0.0708775488629545,6.939140094293238,7.010017643156193,0,0.26703389092741664,0.0
392,5,preening,NOUN,conj,0.9961682476657074,5.482079380118688,4.485911132452981,2,0.24691022627901263,0.0
392,6,",",PUNCT,punct,-0.3070188967228846,4.552360855055908,4.859379751778793,,0.13319726281103367,0.0
392,7,or,CCONJ,cc,0.8438689828416539,8.461518057636372,7.617649074794718,0,0.5310087630899774,0.0
392,8,delays,NOUN,conj,0.4315572155112246,5.482079380118688,5.050522164607464,2,0.32914235236681466,0.0
392,9,in,ADP,case,-0.25600697547907636,6.195085075340713,6.451092050819789,0,0.09243375219881382,0.0
392,10,egg,NOUN,compound,1.7415904873260413,5.482079380118688,3.740488892792647,0,0.20182916701753112,0.0
392,11,-,PUNCT,punct,0.6961047639567974,8.337689470783513,7.641584706826715,,0.4957318767755011,0.0
392,12,laying,NOUN,obl,0.9266142369317754,5.482079380118688,4.555465143186913,3,0.1418615368017119,0.0
392,13,are,AUX,cop,0.38080143944710265,7.693583485312399,7.312782045865297,0,0.821404195890023,0.0
392,14,all,ADV,advmod,-0.9709763442945221,8.312921565634571,9.283897909929093,0,0.55082539520796,0.0
392,15,signs,NOUN,root,2.049562648446354,5.482079380118688,3.4325167316723344,,0.8133481957941795,0.0
392,16,of,ADP,case,-0.061540971935410305,5.747531807657332,5.809072779592742,0,0.13596558949241647,0.0
392,17,a,DET,det,0.558959664073309,5.916808727223201,5.357849063149892,0,0.1531943885719431,0.0
392,18,stressed,VERB,amod,-2.5887147824711434,6.197916666123875,8.786631448595019,0,0.6492110449836691,0.0
392,19,chicken,NOUN,nmod,2.358304116417898,5.482079380118688,3.1237752637007903,3,0.6060748138284663,0.0
392,20,.,PUNCT,punct,-0.08039099238778435,3.7008451783641614,3.7812361707519457,,0.0988751241497544,0.0
393,1,How,ADV,root,0.4418275764880235,9.167070699171116,8.725243122683093,,0.15605535644908047,0.0
393,2,to,PART,mark,0.27871856738048706,5.85516522689238,5.576446659511893,0,0.21935209577274067,0.0
393,3,Make,VERB,acl,-0.3242391035312213,9.979985146570622,10.304224250101843,1,0.35047537422037767,0.0
393,4,Vegan,ADJ,amod,-0.8781777884303654,14.604476011478415,15.48265379990878,0,0.5865565251591014,0.1
393,5,Cupcakes,NOUN,obj,0.12925549481951748,5.482079380118688,5.352823885299171,2,0.4497127014409528,0.1
394,1,Two,NUM,nummod,-0.3412304801737758,9.282547916591051,9.623778396764827,0,0.32171146166914555,0.0
394,2,Methods,NOUN,root,-2.57665319395373,14.18943851219957,16.7660917061533,,0.8690671048243784,0.0
394,3,:,PUNCT,punct,-0.661140049427571,8.524102595014394,9.185242644441965,,0.10257371318993211,0.0
395,1,Basic,ADJ,amod,-0.3640240506465915,14.604476011478415,14.968500062125006,0,0.732104562275385,0.2
395,2,Vanilla,NOUN,compound,1.2609981980732927,5.482079380118688,4.2210811820453955,0,1.6727201162955438,0.2
395,3,Vegan,ADJ,amod,-3.763039671288169,14.604476011478415,18.367515682766584,0,1.700598372560016,0.2
395,4,Cupcakes,NOUN,root,0.01924203757900056,5.482079380118688,5.462837342539688,,0.541145942866989,0.2
396,1,Basic,ADJ,amod,-0.3640240506465915,14.604476011478415,14.968500062125006,0,0.732104562275385,0.2
396,2,Chocolate,NOUN,compound,-1.5302121041220857,13.604476011478415,15.1346881156005,0,0.8394132468322002,0.2
396,3,Vegan,ADJ,amod,-1.0352884472774768,14.604476011478415,15.639764458755891,0,0.5826936682386682,0.2
396,4,Cupcakes,NOUN,root,0.08265274826163704,5.482079380118688,5.399426631857051,,0.5449502160794343,0.2
397,1,No,DET,det,1.0553276856274403,8.567386692743195,7.512059007115755,0,0.13967961252012345,0.0
397,2,need,NOUN,root,-0.2204777053842335,10.763173757497473,10.983651462881706,,1.0467397731056396,0.0
397,3,to,PART,mark,0.9101085687627819,5.85516522689238,4.945056658129598,0,0.5306775664125981,0.0
397,4,give,VERB,acl,-4.166434137806618,11.545582322424846,15.712016460231464,1,1.3851248064371486,0.0
397,5,up,ADP,compound:prt,-0.15888095469675534,9.13415607669838,9.293037031395135,1,0.15073808499678798,0.0
397,6,wicked,ADJ,amod,-0.3621321461222582,6.939140094293238,7.301272240415496,0,0.06720728401925809,0.0
397,7,cakes,NOUN,obj,0.8224409046069177,5.482079380118688,4.659638475511771,2,0.04867073517022002,0.0
397,8,when,ADV,advmod,-0.35093453110105877,9.270575274924976,9.621509806026035,0,0.14694897712384852,0.0
397,9,you,PRON,nsubj,-0.2830894809320368,6.339251674553796,6.622341155485833,0,0.05419358220541117,0.0
397,10,toss,VERB,advcl,0.05817681637600103,15.18943851219957,15.13126169582357,3,0.9754018959743825,0.2
397,11,the,DET,det,-0.37939880853862107,4.733084097091282,5.1124829056299035,0,0.024799722171362098,0.2
397,12,eggs,NOUN,obj,1.2814896145875991,15.18943851219957,13.907948897611972,2,0.6215090609518772,0.3
397,13,",",PUNCT,punct,0.5928832326379077,4.552360855055908,3.9594776224180004,,0.06753477187573018,0.3
397,14,butter,NOUN,conj,-0.3648395668729574,15.18943851219957,15.554278079072528,1,0.8292193988447255,0.3
397,15,",",PUNCT,punct,0.5183251353243019,4.552360855055908,4.034035719731606,,0.048574392961483324,0.3
397,16,and,CCONJ,cc,-0.6677436804466303,5.740289866824134,6.408033547270764,0,0.05943689467843561,0.3
397,17,milk,NOUN,conj,0.09606000605426424,15.18943851219957,15.093378506145307,2,0.6938992069406786,0.3
397,18,!,PUNCT,punct,0.4406177115197618,8.195085075340712,7.75446736382095,,0.06216671458165068,0.3
398,1,They,PRON,nsubj:pass,0.5840665445386906,7.894817763307944,7.310751218769253,0,0.06515816144839605,0.0
398,2,'re,AUX,aux:pass,3.1517123603913637,9.0809140554214,5.929201695030037,0,0.16165233486741087,0.0
398,3,guaranteed,VERB,root,-0.3940812661077153,6.197916666123875,6.591997932231591,,0.5196328501555768,0.0
398,4,to,PART,mark,-0.6853941342926149,5.85516522689238,6.540559361184995,0,0.10856478170525588,0.0
398,5,be,AUX,cop,0.9615832800579316,8.075696346150382,7.11411306609245,0,0.5775317076936747,0.0
398,6,light,ADJ,xcomp,-3.052300418467219,11.941510998755986,14.993811417223204,2,0.9295890410511666,0.0
398,7,and,CCONJ,cc,0.013164933798861966,5.740289866824134,5.727124933025272,0,0.15824361993307132,0.0
398,8,fluffy,ADJ,conj,2.877973974212993,6.939140094293238,4.061166120080245,2,0.5672859280528707,0.0
398,9,and,CCONJ,cc,0.4830277416787876,5.740289866824134,5.257262125145346,0,0.10926120765857718,0.0
398,10,perfect,ADJ,conj,-0.21790306857209352,13.382083590141967,13.59998665871406,2,1.8642638304813388,0.0
398,11,for,ADP,case,2.515086787988005,7.502937985016352,4.9878511970283474,0,1.400984720153117,0.0
398,12,any,DET,det,-3.6655906712831996,10.282547916591051,13.94813858787425,0,3.084279024662763,0.0
398,13,occasion,NOUN,obl,1.396933153799619,5.482079380118688,4.085146226319069,3,0.03907174065062966,0.0
398,14,.,PUNCT,punct,0.5159780938066305,3.7008451783641614,3.184867084557531,,0.017975227217776946,0.0
399,1,Ingredients,NOUN,root,0.10159228814312371,14.18943851219957,14.087846224056447,,0.876094790684961,0.0
400,1,Method,NOUN,root,1.068392702128305,14.18943851219957,13.121045810071266,,1.0986258211200017,0.0
400,2,1,NUM,flat,6.666047919406896,10.634849660521933,3.9688017411150374,0,0.8462847458709708,0.0
400,3,:,PUNCT,punct,1.0972832005004447,8.524102595014394,7.42681939451395,,1.34838072750245,0.0
400,4,Basic,ADJ,amod,-8.098028440194227,14.604476011478415,22.70250445167264,0,1.978869764120786,0.2
400,5,Vanilla,NOUN,compound,4.181242032069982,5.482079380118688,1.300837348048706,0,1.760790821810548,0.2
400,6,Vegan,ADJ,amod,-6.547823115557566,14.604476011478415,21.15229912703598,0,4.622082383154976,0.2
400,7,Cupcakes,NOUN,appos,-3.2382388501019905,5.482079380118688,8.720318230220679,3,0.6145676715341432,0.2
400,8,:,PUNCT,punct,-0.08430859660142609,8.524102595014394,8.60841119161582,,0.13125850012861096,0.2
401,1,Servings,NOUN,root,-0.8732365632322434,5.482079380118688,6.355315943350932,,0.04098359429255844,0.0
401,2,:,PUNCT,punct,-0.8304720862318806,8.524102595014394,9.354574681246275,,0.2604914194002076,0.0
401,3,18,NUM,dep,-2.180025283850446,13.382083590141967,15.562108873992413,,0.5287427389038742,0.0
401,4,-,SYM,case,0.31367283780573096,8.337689470783513,8.024016632977782,0,0.12027065002704845,0.0
401,5,24,NUM,nmod,2.635108269696808,13.867510417312209,11.232402147615401,1,0.46867419952834,0.0
401,6,(,PUNCT,punct,0.6190515578807254,9.517013170228076,8.89796161234735,,0.17580969565389004,0.0
401,7,fewer,ADJ,parataxis,-1.1565110913061076,6.939140094293238,8.095651185599346,0,0.06641458957760435,0.0
401,8,if,SCONJ,mark,-1.172568456021816,8.876555556915216,10.049124012937032,0,0.13955847293419857,0.0
401,9,you,PRON,nsubj,0.0801239482812921,6.339251674553796,6.259127726272504,0,0.08217087175116394,0.0
401,10,opt,VERB,advcl,0.8373303414069717,6.197916666123875,5.360586324716904,3,0.08533167242052248,0.0
401,11,for,ADP,case,-0.06155490958783538,7.502937985016352,7.564492894604188,0,0.04013312390832227,0.0
401,12,larger,ADJ,amod,-0.2950084740387062,14.604476011478415,14.899484485517121,0,0.6896941616636805,0.0
401,13,-,PUNCT,punct,-0.072443585864443,8.337689470783513,8.410133056647956,,0.061989064830038576,0.0
401,14,sized,ADJ,amod,0.02748691299780326,6.939140094293238,6.911653181295435,1,0.06531089382075662,0.0
401,15,cupcakes,NOUN,obl,0.9963539470243248,5.482079380118688,4.4857254330943634,3,0.02750184334154348,0.0
401,16,),PUNCT,punct,0.4959206913381742,9.531227029447775,9.035306338109601,,0.17814342027502994,0.0
402,1,1,NUM,nummod,-0.6004360080365458,10.634849660521933,11.235285668558479,0,0.2706294185378408,0.0
402,2,tablespoon,NOUN,nmod:unmarked,-2.140797248092179,5.482079380118688,7.622876628210867,1,0.3126211303030913,0.0
402,3,(,PUNCT,punct,-0.6256237536705846,9.517013170228076,10.14263692389866,,0.1889581408588893,0.0
402,4,15,NUM,nummod,0.5052481039087464,12.604476011478415,12.099227907569668,0,0.318852780631663,0.0
402,5,ml,NOUN,appos,-0.8859498932076386,5.482079380118688,6.368029273326327,2,0.10019721397547518,0.0
402,6,),PUNCT,punct,-0.22186824495387292,9.531227029447775,9.753095274401648,,0.17827964769317525,0.0
402,7,apple,NOUN,compound,-0.8373083109444108,5.482079380118688,6.319387691063099,0,0.04304594871011932,0.0
402,8,cider,NOUN,compound,-0.5734121153340421,5.482079380118688,6.05549149545273,1,0.03133434519559746,0.0
402,9,vinegar,NOUN,root,-0.49951812670187046,5.482079380118688,5.981597506820559,,0.031261018896658936,0.0
403,1,1,NUM,nummod,-0.6004360080365458,10.634849660521933,11.235285668558479,0,0.2706294185378408,0.0
403,2,1/2,NUM,compound,2.1210272255668965,8.849588509314946,6.72856128374805,1,0.5022097863897943,0.0
403,3,cups,NOUN,nmod:unmarked,-1.7846336250458643,5.482079380118688,7.2667130051645525,1,0.4788648322092937,0.0
403,4,(,PUNCT,punct,0.28923774728041707,9.517013170228076,9.227775422947659,,0.2832918271401528,0.0
403,5,350,NUM,nummod,6.523161577170162,8.849588509314946,2.3264269321447846,0,1.2270466488919662,0.0
403,6,ml,NOUN,appos,-1.349782454912714,5.482079380118688,6.831861835031402,2,0.8363132939213912,0.0
403,7,),PUNCT,punct,3.7894461025986885,9.531227029447775,5.741780926849087,,0.9530106982961992,0.0
403,8,plain,ADJ,amod,-3.440568237889849,6.939140094293238,10.379708332183087,0,0.9558928249570408,0.0
403,9,soy,NOUN,compound,2.2133808669714923,5.482079380118688,3.268698513147196,0,0.8704799277816601,0.0
403,10,milk,NOUN,root,3.7928762358838277,15.18943851219957,11.396562276315743,,0.6893065611244292,0.0
404,1,2,NUM,nummod,-1.3416731850709187,11.488998794058478,12.830671979129397,0,0.25514655550853194,0.0
404,2,3/4,NUM,compound,1.1993912639298614,8.849588509314946,7.650197245385085,1,0.1806297832866356,0.0
404,3,cups,NOUN,nmod:unmarked,-1.3114735758665317,5.482079380118688,6.79355295598522,1,0.10445385655964128,0.0
404,4,(,PUNCT,punct,-0.39332970956553304,9.517013170228076,9.910342879793609,,0.18082587448022713,0.0
404,5,345,NUM,nummod,1.7806163364474,8.849588509314946,7.0689721728675465,0,0.20900026276399827,0.0
404,6,g,NOUN,appos,-1.4075924893098435,13.604476011478415,15.012068500788258,2,1.055644102658361,0.0
404,7,),PUNCT,punct,0.05343826801937901,9.531227029447775,9.477788761428396,,0.1728031601780987,0.0
404,8,self,NOUN,compound,-1.4974493996326022,12.867510417312209,14.364959816944811,0,0.66724228138126,0.0
404,9,raising,VERB,amod,-0.893898591817063,6.197916666123875,7.091815257940938,1,0.06679258309561362,0.0
404,10,flour,NOUN,root,-0.6650710424357236,5.482079380118688,6.147150422554412,,0.036658946090745145,0.0
405,1,2,NUM,nummod,-1.3416731850709187,11.488998794058478,12.830671979129397,0,0.25514655550853194,0.0
405,2,teaspoons,NOUN,nmod:unmarked,-1.5792950086021014,5.482079380118688,7.06137438872079,1,0.15995732051350078,0.0
405,3,(,PUNCT,punct,-0.6142036557462749,9.517013170228076,10.13121682597435,,0.18683489091123914,0.0
405,4,10,NUM,nummod,0.7161133090197342,12.867510417312209,12.151397108292475,0,0.26828128303896115,0.0
405,5,g,NOUN,appos,-0.9502823034249932,13.604476011478415,14.554758314903408,2,1.0058749895106864,0.0
405,6,),PUNCT,punct,-0.017492811344993697,9.531227029447775,9.548719840792769,,0.17914402633553325,0.0
405,7,baking,NOUN,compound,-1.4807008761734552,5.482079380118688,6.9627802562921435,0,0.20657768572619503,0.0
405,8,powder,NOUN,root,-0.650221543812024,5.482079380118688,6.132300923930712,,0.06741774326706326,0.0
406,1,1/2,NUM,nummod,-0.6427310942326923,8.849588509314946,9.492319603547639,0,0.10801367618213603,0.0
406,2,teaspoon,NOUN,nmod:unmarked,-1.2925164624620438,5.482079380118688,6.774595842580732,1,0.2626864620963661,0.0
406,3,baking,NOUN,compound,-0.3667024506202621,5.482079380118688,5.84878183073895,0,0.11437151138012465,0.0
406,4,soda,NOUN,root,0.17476821633637218,5.482079380118688,5.307311163782316,,0.2040815612631494,0.0
407,1,1/2,NUM,nummod,-0.6427310942326923,8.849588509314946,9.492319603547639,0,0.10801367618213603,0.0
407,2,teaspoon,NOUN,nmod:unmarked,-1.2925164624620438,5.482079380118688,6.774595842580732,1,0.2626864620963661,0.0
407,3,salt,NOUN,root,0.09027933109033626,12.867510417312209,12.777231086221873,,1.1613719469490664,0.0
408,1,1,NUM,nummod,-0.6004360080365458,10.634849660521933,11.235285668558479,0,0.2706294185378408,0.0
408,2,cup,NOUN,nmod:unmarked,-2.416352957057354,13.18943851219957,15.605791469256925,1,0.5739293831775117,0.0
408,3,(,PUNCT,punct,-0.43154455621384,9.517013170228076,9.948557726441916,,0.15760896314062928,0.0
408,4,200,NUM,nummod,2.457719484945679,15.18943851219957,12.731719027253892,0,0.4677647241900599,0.0
408,5,g,NOUN,appos,-0.3477909952135363,13.604476011478415,13.952267006691951,2,1.0119890839632526,0.0
408,6,),PUNCT,punct,-0.029181351549532053,9.531227029447775,9.560408380997307,,0.16397799416614448,0.0
408,7,sugar,NOUN,root,-1.8668993717871363,14.18943851219957,16.056337883986707,,0.5056299601583599,0.0
409,1,1/2,NUM,nummod,-0.6427310942326923,8.849588509314946,9.492319603547639,0,0.10801367618213603,0.0
409,2,cup,NOUN,nmod:unmarked,-2.6603287975148913,13.18943851219957,15.849767309714462,1,0.621795691382888,0.0
409,3,(,PUNCT,punct,-0.4511988882690776,9.517013170228076,9.968212058497153,,0.14660120978074428,0.0
409,4,120,NUM,nummod,2.742588006284172,8.849588509314946,6.107000503030775,0,0.1853523576857209,0.0
409,5,ml,NOUN,appos,-1.3957976512912404,5.482079380118688,6.877877031409929,2,0.08522811739603045,0.0
409,6,),PUNCT,punct,-0.13542552455439427,9.531227029447775,9.66665255400217,,0.17957842229283955,0.0
409,7,vegetable,NOUN,compound,-1.0859861998575253,5.482079380118688,6.5680655799762135,0,0.05244352102247298,0.0
409,8,oil,NOUN,root,-0.6790901373442608,13.019513510757259,13.69860364810152,,0.553695640869201,0.0
410,1,1,NUM,nummod,-0.6004360080365458,10.634849660521933,11.235285668558479,0,0.2706294185378408,0.0
410,2,teaspoon,NOUN,nmod:unmarked,-2.140797248092179,5.482079380118688,7.622876628210867,1,0.3126211303030913,0.0
410,3,vanilla,NOUN,compound,-0.665566339298163,5.482079380118688,6.147645719416851,0,0.3383630834899993,0.0
410,4,extract,NOUN,root,-1.5214469641909467,14.604476011478415,16.12592297566936,,0.6774213538335535,0.0
411,1,Vegan,ADJ,amod,0.739202530868436,14.604476011478415,13.865273480609979,0,1.6470625118649893,0.1
411,2,icing,NOUN,root,-3.00091835619281,5.482079380118688,8.482997736311498,,0.7586391660904142,0.1
411,3,of,ADP,case,-1.0586310095715605,5.747531807657332,6.806162817228892,0,0.047967988672567,0.1
411,4,your,PRON,nmod:poss,0.05700717866797689,8.658057051683258,8.601049873015281,0,0.1555223215109117,0.1
411,5,choice,NOUN,nmod,0.26546377519823317,13.18943851219957,12.923974737001338,2,0.48696180528920874,0.1
412,1,Method,NOUN,root,1.068392702128305,14.18943851219957,13.121045810071266,,1.0986258211200017,0.0
412,2,2,NUM,flat,8.289291546936068,11.488998794058478,3.1997072471224097,0,3.7380949592116095,0.0
412,3,:,PUNCT,punct,1.071379367221141,8.524102595014394,7.452723227793253,,1.290631639969971,0.0
412,4,Basic,ADJ,amod,-10.000749839051394,14.604476011478415,24.60522585052981,0,2.4622852823359636,0.2
412,5,Chocolate,NOUN,compound,-5.033607173984986,13.604476011478415,18.6380831854634,0,2.5116527301563676,0.2
412,6,Vegan,ADJ,amod,-0.5790189663496221,14.604476011478415,15.183494977828037,0,0.5822272471302228,0.2
412,7,Cupcakes,NOUN,appos,0.31683734195565894,5.482079380118688,5.165242038163029,3,0.5025021833188443,0.2
412,8,:,PUNCT,punct,-0.08279841589761894,8.524102595014394,8.606901010912013,,0.13144686036209877,0.2
413,1,Makes,VERB,root,1.1813027369030475,12.282547916591051,11.101245179688004,,0.44621984462705727,0.0
413,2,approx,ADV,advmod,-1.8766684417748678,9.200753825427405,11.077422267202273,0,0.21222171051162766,0.0
413,3,:,PUNCT,punct,-0.13783006725449098,8.524102595014394,8.661932662268885,,0.12681141630293605,0.0
413,4,20,NUM,nummod,-0.7697301200537119,12.019513510757259,12.78924363081097,1,0.2780320726323413,0.0
413,5,-,SYM,case,0.58148441892829,8.337689470783513,7.756205051855223,0,0.13088323843571828,0.0
413,6,24,NUM,nmod,2.4416924561004247,13.867510417312209,11.425817961211784,2,0.47669511982739077,0.0
413,7,cupcakes,NOUN,obj,-0.6607157935863279,5.482079380118688,6.142795173705016,1,0.0647626022338857,0.0
413,8,:,PUNCT,punct,0.21818202152745947,8.524102595014394,8.305920573486935,,0.10053367336088564,0.0
414,1,275,NUM,nummod,-0.6427310942326923,8.849588509314946,9.492319603547639,0,0.10801367618213603,0.0
414,2,g,NOUN,nmod:unmarked,-2.724819328262239,13.604476011478415,16.329295339740654,1,1.020594518029789,0.0
414,3,(,PUNCT,punct,-0.4135743479443956,9.517013170228076,9.930587518172471,,0.16041185084493922,0.0
414,4,2,NUM,nummod,2.8602742136676884,11.488998794058478,8.62872458039079,0,0.21597985912113174,0.0
414,5,cups,NOUN,appos,-1.4202605647550852,5.482079380118688,6.9023399448737734,2,0.09425721135819168,0.0
414,6,),PUNCT,punct,-0.13082718480518807,9.531227029447775,9.662054214252963,,0.18250584676934947,0.0
414,7,plain,ADJ,amod,-1.2536497665345454,6.939140094293238,8.192789860827784,0,0.061203375193841954,0.0
414,8,or,CCONJ,cc,-0.4961096884033136,8.461518057636372,8.957627746039686,0,0.060130936946588824,0.0
414,9,all,DET,det,0.5120308564641425,8.312921565634571,7.800890709170429,0,0.10300734287605434,0.0
414,10,-,PUNCT,punct,-1.7000390498853335,8.337689470783513,10.037728520668846,,0.10707658409471832,0.0
414,11,purpose,ADJ,conj,0.6565196265230053,13.867510417312209,13.210990790789204,3,0.5372738084390423,0.0
414,12,flour,NOUN,root,0.028501130549445364,5.482079380118688,5.453578249569243,,0.027532855897054904,0.0
414,13,(,PUNCT,punct,0.1262227813894672,9.517013170228076,9.390790388838608,,0.1687270222898328,0.0
414,14,sifted,VERB,acl,-0.8681623734748074,6.197916666123875,7.066079039598683,0,0.04767311417468737,0.0
414,15,),PUNCT,punct,0.5875864672372266,9.531227029447775,8.943640562210549,,0.17791439597517514,0.0
415,1,100,NUM,nummod,-1.0070622101041664,14.604476011478415,15.611538221582581,0,1.0972989679862013,0.1
415,2,g,NOUN,nmod:unmarked,-2.3604882123907647,13.604476011478415,15.96496422386918,1,1.0687531939627948,0.1
415,3,(,PUNCT,punct,-0.4135743479443956,9.517013170228076,9.930587518172471,,0.16901178493037927,0.1
415,4,3/4,NUM,nummod,2.908653842816814,8.849588509314946,5.940934666498133,0,0.07907480814176787,0.1
415,5,cup,NOUN,appos,-0.5759517603540178,13.18943851219957,13.765390272553589,2,0.48696108365396507,0.1
415,6,),PUNCT,punct,-0.0027499951401175338,9.531227029447775,9.533977024587893,,0.17143615256680284,0.1
415,7,quality,NOUN,compound,-1.715172789367859,13.019513510757259,14.734686300125118,0,0.3970473205489356,0.1
415,8,cocoa,NOUN,compound,-0.6489795579769506,5.482079380118688,6.131058938095639,1,0.06735713197087095,0.1
415,9,powder,NOUN,root,-0.5792605638386243,5.482079380118688,6.061339943957313,,0.03440717890228922,0.1
415,10,(,PUNCT,punct,-0.19940992178716144,9.517013170228076,9.716423092015237,,0.18118420907954985,0.1
415,11,sifted,VERB,acl,-0.7120921189372247,6.197916666123875,6.9100087850611,0,0.06565753174511932,0.1
415,12,),PUNCT,punct,0.5841335628912248,9.531227029447775,8.94709346655655,,0.1852103737995703,0.1
416,1,2,NUM,nummod,-1.3416731850709187,11.488998794058478,12.830671979129397,0,0.25514655550853194,0.0
416,2,teaspoons,NOUN,nmod:unmarked,-1.5792950086021014,5.482079380118688,7.06137438872079,1,0.15995732051350078,0.0
416,3,baking,NOUN,compound,-0.9369453496570062,5.482079380118688,6.419024729775694,0,0.03777170525960973,0.0
416,4,soda,NOUN,root,-0.7235170891386655,5.482079380118688,6.205596469257354,,0.039993452977743676,0.0
417,1,1,NUM,nummod,-0.6004360080365458,10.634849660521933,11.235285668558479,0,0.2706294185378408,0.0
417,2,teaspoon,NOUN,nmod:unmarked,-2.140797248092179,5.482079380118688,7.622876628210867,1,0.3126211303030913,0.0
417,3,baking,NOUN,compound,-0.665566339298163,5.482079380118688,6.147645719416851,0,0.3383630834899993,0.0
417,4,powder,NOUN,root,-0.2444684529407093,5.482079380118688,5.7265478330593975,,0.4342842188132012,0.0
418,1,Pinch,NOUN,root,-0.8732365632322434,5.482079380118688,6.355315943350932,,0.04098359429255844,0.0
418,2,of,ADP,case,-1.5039206897903492,5.747531807657332,7.251452497447681,0,0.08082278639067615,0.0
418,3,salt,NOUN,nmod,2.735096547678797,12.867510417312209,10.132413869633412,1,1.4265483370577565,0.0
419,1,450,NUM,nummod,-0.6427310942326923,8.849588509314946,9.492319603547639,0,0.10801367618213603,0.0
419,2,ml,NOUN,nmod:unmarked,-1.2925164624620438,5.482079380118688,6.774595842580732,1,0.2626864620963661,0.0
419,3,(,PUNCT,punct,-0.42223087805683335,9.517013170228076,9.939244048284909,,0.25955639125483,0.0
419,4,1,NUM,nummod,-0.49893398303509784,10.634849660521933,11.133783643557031,0,0.3422463482455332,0.0
419,5,-,SYM,cc,0.5069526784467051,8.337689470783513,7.830736792336808,0,0.13216601563988373,0.0
419,6,3/4,NUM,conj,2.8466022608347865,8.849588509314946,6.00298624848016,2,0.10913547104372312,0.0
419,7,cup,NOUN,appos,-0.9971104696864188,13.18943851219957,14.18654898188599,2,0.5340155518041094,0.0
419,8,),PUNCT,punct,0.08737983723931997,9.531227029447775,9.443847192208455,,0.15770862707530323,0.0
419,9,unsweetened,ADJ,amod,-1.5035193736253536,6.939140094293238,8.442659467918592,0,0.09622573801881716,0.0
419,10,soy,NOUN,compound,0.2927849990502924,5.482079380118688,5.189294381068396,0,0.05457146252962054,0.0
419,11,milk,NOUN,root,-0.3420043365722485,15.18943851219957,15.53144284877182,,0.6807749158724016,0.0
420,1,2,NUM,nummod,-1.3416731850709187,11.488998794058478,12.830671979129397,0,0.25514655550853194,0.0
420,2,teaspoons,NOUN,nmod:unmarked,-1.5792950086021014,5.482079380118688,7.06137438872079,1,0.15995732051350078,0.0
420,3,red,ADJ,amod,-1.1872436121750312,11.941510998755986,13.128754610931017,0,0.2430757187103455,0.0
420,4,wine,NOUN,root,0.29143592321015177,12.282547916591051,11.9911119933809,,0.2627329765084036,0.0
420,5,or,CCONJ,cc,-0.7102297214350184,8.461518057636372,9.17174777907139,0,0.0831390253739076,0.0
420,6,apple,NOUN,compound,0.10441992473227124,5.482079380118688,5.377659455386417,0,0.04544942969520938,0.0
420,7,cider,NOUN,compound,-0.2797857668713126,5.482079380118688,5.761865146990001,1,0.03178752019632615,0.0
420,8,vinegar,NOUN,conj,-0.3319743496175933,5.482079380118688,5.8140537297362815,2,0.031525690268355236,0.0
421,1,320,NUM,nummod,-0.6427310942326923,8.849588509314946,9.492319603547639,0,0.10801367618213603,0.0
421,2,g,NOUN,nmod:unmarked,-2.724819328262239,13.604476011478415,16.329295339740654,1,1.020594518029789,0.0
421,3,(,PUNCT,punct,-0.4135743479443956,9.517013170228076,9.930587518172471,,0.16041185084493922,0.0
421,4,1,NUM,nummod,2.8274526435802265,10.634849660521933,7.807397016941707,0,0.2532025513122655,0.0
421,5,-,SYM,cc,0.7090530342059607,8.337689470783513,7.628636436577552,0,0.1225142678583829,0.0
421,6,2/3,NUM,conj,3.034563964915071,8.849588509314946,5.815024544399876,2,0.09677068212684845,0.0
421,7,cups,NOUN,appos,-1.414845368462144,5.482079380118688,6.896924748580832,2,0.09094148946955317,0.0
421,8,),PUNCT,punct,-0.057314783514867074,9.531227029447775,9.588541812962642,,0.18362005554092664,0.0
421,9,caster,NOUN,compound,-1.1305270622250285,5.482079380118688,6.612606442343717,0,0.05919706516283281,0.0
421,10,/,SYM,cc,0.9005697081682786,11.730006893562273,10.829437185393994,0,0.4318104549709268,0.0
421,11,superfine,ADJ,conj,-1.5696970758181656,6.939140094293238,8.508837170111404,2,0.3206585204086109,0.0
421,12,sugar,NOUN,root,0.52784748182874,14.18943851219957,13.66159103037083,,0.5659636990480863,0.0
422,1,320,NUM,nummod,-0.6427310942326923,8.849588509314946,9.492319603547639,0,0.10801367618213603,0.0
422,2,ml,NOUN,nmod:unmarked,-1.2925164624620438,5.482079380118688,6.774595842580732,1,0.2626864620963661,0.0
422,3,(,PUNCT,punct,-0.42223087805683335,9.517013170228076,9.939244048284909,,0.25955639125483,0.0
422,4,1,NUM,nummod,-0.49893398303509784,10.634849660521933,11.133783643557031,0,0.3422463482455332,0.0
422,5,-,SYM,cc,0.5069526784467051,8.337689470783513,7.830736792336808,0,0.13216601563988373,0.0
422,6,1/4,NUM,conj,2.8466022608347865,8.849588509314946,6.00298624848016,2,0.10913547104372312,0.0
422,7,cups,NOUN,appos,-1.136717416459308,5.482079380118688,6.618796796577996,2,0.08653330880233298,0.0
422,8,),PUNCT,punct,-0.05378823286058143,9.531227029447775,9.585015262308357,,0.16315760417113398,0.0
422,9,sunflower,NOUN,compound,-0.951241680981564,5.482079380118688,6.433321061100252,0,0.050798250344761764,0.0
422,10,oil,NOUN,root,-0.6091015264644266,13.019513510757259,13.628615037221685,,0.5562689768578233,0.0
422,11,(,PUNCT,punct,-0.21270238503612404,9.517013170228076,9.7297155552642,,0.16754866146438552,0.0
422,12,or,CCONJ,cc,-0.5282950569450406,8.461518057636372,8.989813114581413,0,0.09271253820638223,0.0
422,13,coconut,NOUN,compound,-0.17894746039711418,5.482079380118688,5.661026840515802,0,0.04139855519782215,0.0
422,14,oil,NOUN,conj,-0.3277915319200879,13.019513510757259,13.347305042677347,2,0.5544010217853762,0.0
422,15,),PUNCT,punct,-0.0962569049623685,9.531227029447775,9.627483934410144,,0.17246809794716866,0.0
423,1,2,NUM,nummod,-1.3416731850709187,11.488998794058478,12.830671979129397,0,0.25514655550853194,0.0
423,2,tablespoons,NOUN,nmod:unmarked,-1.5792950086021014,5.482079380118688,7.06137438872079,1,0.15995732051350078,0.0
423,3,vanilla,NOUN,compound,-0.9369453496570062,5.482079380118688,6.419024729775694,0,0.03777170525960973,0.0
423,4,extract,NOUN,root,-1.0656205034584918,14.604476011478415,15.670096514936906,,0.3941804515115183,0.0
423,5,/,SYM,cc,-0.10134054667820713,11.730006893562273,11.83134744024048,0,0.4292704641472239,0.0
423,6,essence,NOUN,conj,-1.1446099608348002,5.482079380118688,6.626689340953488,1,0.18706315920557695,0.0
424,1,Method,NOUN,root,1.068392702128305,14.18943851219957,13.121045810071266,,1.0986258211200017,0.0
424,2,1,NUM,flat,6.666047919406896,10.634849660521933,3.9688017411150374,0,0.8462847458709708,0.0
424,3,of,ADP,case,-0.4266052251428256,5.747531807657332,6.174137032800157,0,1.6280225312539094,0.0
424,4,2,NUM,nmod,10.812069465614977,11.488998794058478,0.6769293284435007,1,3.7939932276985626,0.0
424,5,:,PUNCT,punct,0.8045159130236819,8.524102595014394,7.719586681990712,,1.5326732666636202,0.0
424,6,Basic,ADJ,amod,-9.793737251461906,14.604476011478415,24.39821326294032,0,4.1656822333216414,0.2
424,7,Vanilla,NOUN,compound,4.202183980583774,5.482079380118688,1.2798953995349147,0,1.7870121854412913,0.2
424,8,Vegan,ADJ,amod,-5.133469944390029,14.604476011478415,19.737945955868444,0,7.047487666256206,0.2
424,9,Cupcakes,NOUN,appos,-9.335753036254399,5.482079380118688,14.817832416373088,3,3.0700944069700387,0.2
424,10,.,PUNCT,punct,-0.6604582935736532,3.7008451783641614,4.3613034719378145,,0.1441196557244122,0.2
425,1,Preheat,VERB,root,0.8254603755137726,6.197916666123875,5.372456290610103,,0.06508830294114955,0.0
425,2,the,DET,det,-1.4279548700534734,4.733084097091282,6.161038967144756,0,0.04419818199171289,0.0
425,3,oven,NOUN,obj,1.2801925355424029,5.482079380118688,4.201886844576285,1,0.10825019287268782,0.0
425,4,to,ADP,case,-0.9163509802481622,5.85516522689238,6.771516207140542,0,0.07260164242017582,0.0
425,5,180,NUM,nummod,-0.33004908268998,8.849588509314946,9.179637592004926,0,0.6430986900226626,0.0
425,6,o,NOUN,obl,0.2962475908081128,14.18943851219957,13.893190921391458,2,0.9770884172677728,0.0
425,7,C,PROPN,nmod:unmarked,-1.5560989792582482,14.604476011478415,16.160574990736663,1,1.2481279515234236,0.0
425,8,/,SYM,cc,-0.7302339165224421,11.730006893562273,12.460240810084715,0,0.7701931861508756,0.0
425,9,350,NUM,nummod,3.0379000866218755,8.849588509314946,5.811688422693071,0,0.4649406048104714,0.0
425,10,o,NOUN,conj,-0.8924913483283436,14.18943851219957,15.081929860527914,3,0.6512139654502146,0.0
425,11,F,PROPN,nmod:unmarked,-0.6981913079190427,14.604476011478415,15.302667319397457,1,0.8421624748220174,0.0
425,12,.,PUNCT,punct,0.11871179031338697,3.7008451783641614,3.5821333880507744,,0.028592463962347863,0.0
426,1,Prepare,VERB,root,0.8254603755137726,6.197916666123875,5.372456290610103,,0.06508830294114955,0.0
426,2,the,DET,det,-1.4279548700534734,4.733084097091282,6.161038967144756,0,0.04419818199171289,0.0
426,3,muffin,NOUN,compound,1.2801925355424029,5.482079380118688,4.201886844576285,0,0.10825019287268782,0.0
426,4,tray,NOUN,obj,-0.057886780106746194,5.482079380118688,5.539966160225434,2,0.10163407040103911,0.0
426,5,by,SCONJ,mark,-0.6212662778937137,8.531227029447775,9.152493307341489,0,0.15280738609895078,0.0
426,6,adding,VERB,advcl,-0.10629172186963487,6.197916666123875,6.30420838799351,1,0.3339589050482138,0.0
426,7,cupcake,NOUN,compound,0.26814327172990815,5.482079380118688,5.21393610838878,0,0.17437789544462456,0.0
426,8,holders,NOUN,obj,0.4287098898283448,5.482079380118688,5.053369490290343,2,0.13427098274752355,0.0
426,9,/,SYM,cc,-0.9847429841809969,11.730006893562273,12.71474987774327,0,0.4693239101267815,0.0
426,10,cases,NOUN,conj,-4.393767424087079,14.18943851219957,18.58320593628665,2,0.9073182214465193,0.0
426,11,.,PUNCT,punct,0.29691223201203254,3.7008451783641614,3.403932946352129,,0.02444413052492187,0.0
427,1,Put,VERB,root,1.000504330507173,10.30679546283773,9.306291132330557,,0.2975615420026004,0.0
427,2,to,ADP,case,-1.8037376878550724,5.85516522689238,7.658902914747452,0,0.23998398695369327,0.0
427,3,one,NUM,nummod,-1.162175660347316,8.552813891655921,9.714989552003237,0,0.3311576185403972,0.0
427,4,side,NOUN,obl,-0.43970829728582217,12.730006893562273,13.169715190848095,2,0.40350712813624806,0.0
427,5,.,PUNCT,punct,0.12619090315629578,3.7008451783641614,3.5746542752078656,,0.018059217027381065,0.0
428,1,Alternatively,ADV,advmod,-0.04588086716539763,9.200753825427405,9.246634692592803,0,0.10096461599514396,0.0
428,2,",",PUNCT,punct,-0.15236894924798516,4.552360855055908,4.704729804303893,,0.2640019373318934,0.0
428,3,use,VERB,root,-1.1356918472059032,10.697585415869895,11.833277263075798,,0.25599709724736847,0.0
428,4,a,DET,det,-0.8979385557827317,5.916808727223201,6.814747283005933,0,0.058131550631691294,0.0
428,5,silicone,NOUN,compound,1.1887318208931505,5.482079380118688,4.293347559225538,0,0.03772104325195754,0.0
428,6,cupcake,NOUN,compound,-0.29334773165797934,5.482079380118688,5.775427111776668,0,0.03690116761261892,0.0
428,7,baking,NOUN,compound,-0.3429356992847934,5.482079380118688,5.825015079403482,0,0.042841765782757765,0.0
428,8,sheet,NOUN,obj,-0.4795337129974495,13.382083590141967,13.861617303139417,4,0.7025656908490167,0.0
428,9,with,ADP,case,-0.40485338878080057,7.899419665266953,8.304273054047753,0,0.0575935485243232,0.0
428,10,molded,VERB,amod,-2.4919274305590644,6.197916666123875,8.68984409668294,0,0.09363028426739647,0.0
428,11,holes,NOUN,nmod,-0.2262708576666519,5.482079380118688,5.70835023778534,3,0.041521951997123545,0.0
428,12,.,PUNCT,punct,0.511563263690237,3.7008451783641614,3.1892819146739244,,0.02012737040056635,0.0
429,1,Put,VERB,root,1.000504330507173,10.30679546283773,9.306291132330557,,0.2975615420026004,0.0
429,2,the,DET,det,-1.2322408315133657,4.733084097091282,5.965324928604648,0,0.1447007868282701,0.0
429,3,cider,NOUN,compound,1.1446320324518426,5.482079380118688,4.337447347666846,0,0.35170355169853246,0.0
429,4,vinegar,NOUN,obj,-0.02575150054896902,5.482079380118688,5.507830880667657,2,0.15682919974851134,0.0
429,5,into,ADP,case,0.1259117559148013,9.849588509314946,9.723676753400145,0,0.5134516388746564,0.0
429,6,a,DET,det,-0.15008143142035557,5.916808727223201,6.066890158643557,0,0.5325800773868116,0.0
429,7,small,ADJ,amod,0.23271301568882663,11.730006893562273,11.497293877873446,0,0.3573325177480211,0.0
429,8,bowl,NOUN,obl,-0.5111138961945088,15.18943851219957,15.70055240839408,3,0.8846396469367374,0.2
429,9,and,CCONJ,cc,-0.5905773339946307,5.740289866824134,6.330867200818765,0,0.05304271622528764,0.2
429,10,add,VERB,conj,-0.2970241605901105,14.18943851219957,14.486462672789681,1,0.6415210537624971,0.2
429,11,the,DET,det,-0.2736277206029847,4.733084097091282,5.006711817694267,0,0.03067998858710378,0.2
429,12,soy,NOUN,compound,1.2943515254624902,5.482079380118688,4.187727854656198,0,0.027172670465095486,0.2
429,13,milk,NOUN,obj,0.015690695557074363,15.18943851219957,15.173747816642496,3,0.7523474777593954,0.2
429,14,.,PUNCT,punct,0.46441366193671296,3.7008451783641614,3.2364315164274484,,0.017418339053805028,0.2
430,1,Stir,VERB,root,0.8254603755137726,6.197916666123875,5.372456290610103,,0.06508830294114955,0.0
430,2,this,PRON,obj,-1.5478503297147492,7.086150703787548,8.634001033502297,0,0.10220251498665892,0.0
430,3,well,ADV,advmod,-1.2995337230821065,8.858521634084953,10.15805535716706,0,0.14548186436952298,0.0
430,4,and,CCONJ,cc,-0.4283333668931162,5.740289866824134,6.16862323371725,0,0.13106213335363673,0.0
430,5,then,ADV,advmod,2.136514045318142,9.294620748891626,7.158106703573484,0,0.869307564252131,0.0
430,6,put,VERB,conj,0.8561656217195797,10.30679546283773,9.45062984111815,2,1.8915460492437473,0.0
430,7,to,ADP,case,-0.7876815791307772,5.85516522689238,6.642846806023157,0,0.15776046393975812,0.0
430,8,one,NUM,nummod,-1.9681317601463224,8.552813891655921,10.520945651802244,0,1.2248282164967865,0.0
430,9,side,NOUN,obl,-0.4634724793441247,12.730006893562273,13.193479372906397,3,0.7687515959376946,0.0
430,10,.,PUNCT,punct,0.5724545883967864,3.7008451783641614,3.128390589967375,,0.09154522182190535,0.0
431,1,The,DET,det,-0.7976025969652571,4.733084097091282,5.53068669405654,0,0.026145197178954215,0.0
431,2,mixture,NOUN,nsubj,1.061914760053039,5.482079380118688,4.420164620065649,1,0.039376904451116634,0.0
431,3,will,AUX,aux,-1.2133498808941034,9.060155495254604,10.273505376148707,0,0.20138931113192574,0.0
431,4,now,ADV,advmod,-0.13769821010023975,9.15601551066212,9.29371372076236,0,0.2230264207726174,0.0
431,5,curdle,VERB,root,1.3816371318191214,6.197916666123875,4.816279534304754,,0.29599202384491635,0.0
431,6,and,CCONJ,cc,-0.5956438127051911,5.740289866824134,6.335933679529325,0,0.08624585821314112,0.0
431,7,this,PRON,nsubj,-0.23509956210758975,7.086150703787548,7.321250265895138,0,0.14709540274050775,0.0
431,8,is,AUX,cop,1.0775657224783197,6.470049691257488,5.392483968779168,0,0.24604378881019193,0.0
431,9,what,PRON,conj,0.1947507344646464,8.034620403147466,7.8398696686828195,3,0.480869621937212,0.0
431,10,should,AUX,aux,0.1447442702608761,10.461518057636372,10.316773787375496,0,0.2707747710099847,0.0
431,11,be,AUX,aux,0.08712578903679535,8.075696346150382,7.9885705571135865,0,0.25468687665376744,0.0
431,12,happening,VERB,acl:relcl,0.8016447067064654,13.867510417312209,13.065865710605744,3,0.7074161461805271,0.0
431,13,.,PUNCT,punct,1.0274762063158853,3.7008451783641614,2.673368972048276,,0.01830241084182222,0.0
432,1,Stir,VERB,root,0.8254603755137726,6.197916666123875,5.372456290610103,,0.06508830294114955,0.0
432,2,together,ADP,compound:prt,-1.6205309912040988,11.730006893562273,13.350537884766371,0,0.43415499182478806,0.0
432,3,the,DET,det,-1.5197227710839618,4.733084097091282,6.252806868175244,0,0.13822768489193113,0.0
432,4,flour,NOUN,obj,1.4506734118649733,5.482079380118688,4.031405968253715,1,0.23050976898878084,0.0
432,5,",",PUNCT,punct,0.2418636173512123,4.552360855055908,4.310497237704696,,0.1488476286777758,0.0
432,6,sugar,NOUN,conj,-1.269451264849005,14.18943851219957,15.458889777048576,1,0.786224789717073,0.0
432,7,",",PUNCT,punct,0.06579797167690238,4.552360855055908,4.486562883379006,,0.02324852367880914,0.0
432,8,baking,NOUN,compound,-0.8885161790038678,5.482079380118688,6.370595559122556,0,0.03981693570988708,0.0
432,9,powder,NOUN,conj,-0.5634781702684268,5.482079380118688,6.045557550387115,2,0.03394927516346101,0.0
432,10,",",PUNCT,punct,0.0976730578751166,4.552360855055908,4.454687797180791,,0.02417250507341283,0.0
432,11,baking,NOUN,compound,-0.8168373198397774,5.482079380118688,6.298916699958466,0,0.040036248343374395,0.0
432,12,soda,NOUN,conj,-0.5207532345857198,5.482079380118688,6.002832614704408,2,0.03421768437415799,0.0
432,13,and,CCONJ,cc,-0.8134105217246761,5.740289866824134,6.55370038854881,0,0.05662959813881736,0.0
432,14,salt,NOUN,conj,0.17194337261026682,12.867510417312209,12.695567044701942,2,0.5098502400532621,0.0
432,15,.,PUNCT,punct,0.19082499150486143,3.7008451783641614,3.5100201868593,,0.017632755668388865,0.0
433,1,If,SCONJ,mark,0.6507670307312896,8.876555556915216,8.225788526183926,0,0.12486982165802919,0.0
433,2,you,PRON,nsubj,1.234255010938349,6.339251674553796,5.104996663615447,0,0.08892111424232486,0.0
433,3,want,VERB,advcl,5.682513325584825,9.96061982170369,4.278106496118864,2,1.1750295630367167,0.0
433,4,chocolate,NOUN,compound,-6.361279914795517,13.604476011478415,19.965755926273932,0,1.58506828209149,0.0
433,5,cupcakes,NOUN,obj,-0.49742305569351686,5.482079380118688,5.979502435812205,2,0.03361316899921301,0.0
433,6,",",PUNCT,punct,0.41062185414172614,4.552360855055908,4.141739000914182,,0.01865851375251532,0.0
433,7,add,VERB,root,-1.2802581066828687,14.18943851219957,15.46969661888244,,0.5887765519261251,0.0
433,8,cocoa,NOUN,obj,-0.548161707322671,5.482079380118688,6.030241087441359,0,0.03702833936138172,0.0
433,9,(,PUNCT,punct,0.5090366415578877,9.517013170228076,9.007976528670188,,0.16832531798464642,0.0
433,10,about,ADV,advmod,-0.4525065894529767,9.101975670949232,9.554482260402208,0,0.12772262407541038,0.0
433,11,1/2,NUM,nummod,0.35439645846920875,8.849588509314946,8.495192050845738,1,0.17650220090780822,0.0
433,12,cup,NOUN,appos,-0.7428286529691537,13.18943851219957,13.932267165168724,2,0.5360969811722107,0.0
433,13,),PUNCT,punct,0.31979390062604196,9.531227029447775,9.211433128821733,,0.18858660695670165,0.0
433,14,to,ADP,case,-0.5955097144845212,5.85516522689238,6.450674941376901,0,0.08366985640088864,0.0
433,15,this,DET,det,-0.07309605522918527,7.086150703787548,7.1592467590167335,0,0.0668162864037976,0.0
433,16,stage,NOUN,obl,0.588527818684863,14.18943851219957,13.600910693514708,2,0.93658063882967,0.1
433,17,.,PUNCT,punct,0.4036957980800091,3.7008451783641614,3.2971493802841523,,0.018025627503472842,0.1
434,1,Stir,VERB,root,0.8254603755137726,6.197916666123875,5.372456290610103,,0.06508830294114955,0.0
434,2,the,DET,det,-1.4279548700534734,4.733084097091282,6.161038967144756,0,0.04419818199171289,0.0
434,3,oil,NOUN,obj,0.3493217493423142,13.019513510757259,12.670191761414944,1,0.5441124528534618,0.0
434,4,and,CCONJ,cc,-0.8149111676287122,5.740289866824134,6.555201034452846,0,0.07976596954694407,0.0
434,5,vanilla,NOUN,compound,0.10178498800318447,5.482079380118688,5.380294392115504,0,0.09452703814866306,0.0
434,6,extract,NOUN,conj,-0.8501310773066262,14.604476011478415,15.45460708878504,3,0.3926662680533067,0.0
434,7,into,ADP,case,-0.1650602156977996,9.849588509314946,10.014648725012746,0,0.13377496007327258,0.0
434,8,the,DET,det,0.558547475477642,4.733084097091282,4.17453662161364,0,0.0315491815411868,0.0
434,9,bowl,NOUN,obl,1.0169729776497753,15.18943851219957,14.172465534549795,2,0.6830268887243075,0.2
434,10,containing,VERB,acl,-1.228042764828615,6.197916666123875,7.42595943095249,1,0.05564995825588569,0.2
434,11,the,DET,det,-0.36468002889622664,4.733084097091282,5.097764125987509,0,0.030765244715718853,0.2
434,12,soy,NOUN,compound,1.2828009357069199,5.482079380118688,4.199278444411768,0,0.027020290046904354,0.2
434,13,milk,NOUN,obj,-0.05733357454904464,15.18943851219957,15.246772086748615,3,0.7526954102585778,0.2
434,14,and,CCONJ,cc,-0.6320047726133682,5.740289866824134,6.372294639437502,0,0.05316237330073409,0.2
434,15,vinegar,NOUN,conj,0.2770513165314261,5.482079380118688,5.205028063587262,2,0.028134104136078107,0.2
434,16,.,PUNCT,punct,0.3615442331289458,3.7008451783641614,3.3393009452352156,,0.01961470757062814,0.2
435,1,Mix,VERB,root,-0.6787995157343882,15.18943851219957,15.868238027933959,,0.9183859510047702,0.2
435,2,together,ADV,advmod,-1.0901332997879987,11.730006893562273,12.820140193350271,0,0.37052483670395336,0.2
435,3,.,PUNCT,punct,0.04027729000432201,3.7008451783641614,3.6605678883598394,,0.18812139440550357,0.2
436,1,Fill,VERB,root,0.6474620848498347,14.18943851219957,13.541976427349736,,0.6420805673327503,0.0
436,2,the,DET,det,-0.7123799482769311,4.733084097091282,5.4454640453682135,0,0.6641686265558984,0.0
436,3,muffin,NOUN,compound,1.201429841057335,5.482079380118688,4.280649539061353,0,1.1900777030929977,0.0
436,4,pan,NOUN,obj,-1.2901672088797387,13.867510417312209,15.157677626191948,2,0.8814953425653347,0.0
436,5,.,PUNCT,punct,-0.5928450109477645,3.7008451783641614,4.293690189311926,,0.28448547977263255,0.0
437,1,Usually,ADV,advmod,0.4373761856448066,12.604476011478415,12.167099825833608,0,0.36807152126276865,0.0
437,2,fill,VERB,root,-0.729269318590898,14.18943851219957,14.918707830790469,,0.4418896240803701,0.0
437,3,each,DET,det,-0.9175877581663592,11.730006893562273,12.647594651728632,0,0.3691592702889741,0.0
437,4,paper,NOUN,compound,1.2560243766777646,12.282547916591051,11.026523539913287,0,0.22781476658579683,0.0
437,5,cupcake,NOUN,compound,-0.33545233627855087,5.482079380118688,5.817531716397239,0,0.031301578824900055,0.0
437,6,holder,NOUN,obj,-0.5481034160252953,14.604476011478415,15.15257942750371,3,0.6100896976297494,0.1
437,7,with,ADP,case,-0.36650860748399516,7.899419665266953,8.265928272750948,0,0.11323690437281078,0.1
437,8,about,ADV,advmod,0.3231914730253518,9.101975670949232,8.77878419792388,0,0.10290813057447172,0.1
437,9,1/4,NUM,nummod,0.6627284471110038,8.849588509314946,8.186860062203943,1,0.23437735337094148,0.1
437,10,cup,NOUN,obl,-0.26930143643830107,13.18943851219957,13.458739948637872,2,0.5300385478138943,0.1
437,11,of,ADP,case,0.11111096849351565,5.747531807657332,5.636420839163816,0,0.05874659217816183,0.1
437,12,batter,NOUN,nmod,0.08295862404701193,5.482079380118688,5.399120756071676,2,0.1494068478955143,0.1
437,13,.,PUNCT,punct,0.39221530314265163,3.7008451783641614,3.3086298752215098,,0.025488666167605034,0.1
438,1,Bake,VERB,root,0.8254603755137726,6.197916666123875,5.372456290610103,,0.06508830294114955,0.0
438,2,for,ADP,case,-1.2420418360640433,7.502937985016352,8.744979821080396,0,0.07164514372929,0.0
438,3,18,NUM,nummod,-0.8270887923561805,13.382083590141967,14.209172382498148,0,0.49474245911027426,0.0
438,4,-,SYM,case,0.5097626393408241,8.337689470783513,7.827926831442689,0,0.13916856582039103,0.0
438,5,20,NUM,nmod,2.4367309623819757,12.019513510757259,9.582782548375283,2,0.2553304743002159,0.0
438,6,minutes,NOUN,obl,-0.452353572174065,12.382083590141967,12.834437162316032,2,0.4442170580628174,0.0
438,7,.,PUNCT,punct,0.2230125901850819,3.7008451783641614,3.4778325881790795,,0.022141086825515,0.0
439,1,Wait,VERB,root,1.2464383143012903,11.867510417312209,10.621072103010919,,0.3782755496697515,0.0
439,2,for,SCONJ,mark,-0.5029929465662111,7.502937985016352,8.005930931582563,0,0.3239680104731206,0.0
439,3,the,DET,det,0.7439335861774596,4.733084097091282,3.989150510913823,0,1.0244204686696683,0.0
439,4,pan,NOUN,nsubj,-0.2892181446349529,13.867510417312209,14.156728561947162,1,1.5771332223180743,0.0
439,5,to,PART,mark,-1.1044179134919432,5.85516522689238,6.959583140384323,0,0.2031839198142664,0.0
439,6,cool,VERB,advcl,-0.5612047840881242,12.019513510757259,12.580718294845383,3,0.2419194426489577,0.0
439,7,down,ADP,compound:prt,-0.05611644378589631,10.235242201812696,10.291358645598592,1,0.29738906502198637,0.0
439,8,.,PUNCT,punct,-1.248795527783542,3.7008451783641614,4.9496407061477035,,0.10970064740240071,0.0
440,1,Place,VERB,root,0.21488368931725432,11.235242201812696,11.020358512495442,,0.4833790823939862,0.0
440,2,cupcakes,NOUN,obj,-0.3807387849382051,5.482079380118688,5.862818165056893,0,1.3417863445474094,0.0
440,3,onto,ADP,case,-3.8074574571618456,13.604476011478415,17.41193346864026,0,1.4998368176993322,0.0
440,4,a,DET,det,0.7110069956056284,5.916808727223201,5.205801731617573,0,0.09842540743221476,0.0
440,5,wire,NOUN,compound,1.3275054581130377,5.482079380118688,4.154573922005651,0,0.03611443016862878,0.0
440,6,rack,NOUN,obl,-0.17213910192551385,5.482079380118688,5.654218482044202,3,0.0319479526957207,0.0
440,7,to,PART,mark,-0.42664241312980344,5.85516522689238,6.281807640022183,0,0.03582477197600336,0.0
440,8,cool,VERB,advcl,-0.46494533960561135,12.019513510757259,12.48445885036287,1,0.25966756047861517,0.0
440,9,.,PUNCT,punct,0.03889133929014221,3.7008451783641614,3.661953839074019,,0.025723961160052204,0.0
441,1,Ice,VERB,root,-0.5377390876682995,13.604476011478415,14.142215099146714,,1.3357438010534932,0.0
441,2,the,DET,det,-1.9273349911083022,4.733084097091282,6.660419088199585,0,0.31424120496824676,0.0
441,3,cupcakes,NOUN,obj,0.20542796948032915,5.482079380118688,5.276651410638359,1,1.0557853537992663,0.0
441,4,.,PUNCT,punct,-0.37259291025833763,3.7008451783641614,4.073438088622499,,0.038301407198219305,0.0
442,1,Finished,VERB,root,0.8802889052717067,14.18943851219957,13.309149606927864,,0.8153521277591386,0.0
442,2,.,PUNCT,punct,0.0926034441136343,3.7008451783641614,3.608241734250527,,0.3847472858384665,0.0
443,1,Method,NOUN,root,1.068392702128305,14.18943851219957,13.121045810071266,,1.0986258211200017,0.0
443,2,2,NUM,flat,8.289291546936068,11.488998794058478,3.1997072471224097,0,3.7380949592116095,0.0
443,3,of,ADP,case,-0.5173240371917984,5.747531807657332,6.26485584484913,0,1.4600846793543238,0.0
443,4,2,NUM,nmod,10.922021753982616,11.488998794058478,0.5669770400758617,1,1.4843261028196002,0.0
443,5,:,PUNCT,punct,0.8201044582629251,8.524102595014394,7.703998136751469,,1.6158061142051439,0.0
443,6,Basic,ADJ,amod,-10.027101512710779,14.604476011478415,24.631577524189193,0,4.827884650417078,0.2
443,7,Chocolate,NOUN,compound,-12.483696160637653,13.604476011478415,26.088172172116067,0,6.2119519581641605,0.2
443,8,Vegan,ADJ,amod,-0.5444626938938892,14.604476011478415,15.148938705372304,0,0.583655853268538,0.2
443,9,Cupcakes,NOUN,appos,0.3380918262015191,5.482079380118688,5.143987553917169,3,0.4879942124476131,0.2
444,1,Preheat,VERB,root,0.8254603755137726,6.197916666123875,5.372456290610103,,0.06508830294114955,0.0
444,2,the,DET,det,-1.4279548700534734,4.733084097091282,6.161038967144756,0,0.04419818199171289,0.0
444,3,oven,NOUN,obj,1.2801925355424029,5.482079380118688,4.201886844576285,1,0.10825019287268782,0.0
444,4,to,ADP,case,-0.9163509802481622,5.85516522689238,6.771516207140542,0,0.07260164242017582,0.0
444,5,160,NUM,nummod,-0.33004908268998,8.849588509314946,9.179637592004926,0,0.6430986900226626,0.0
444,6,o,NOUN,obl,0.2962475908081128,14.18943851219957,13.893190921391458,2,0.9770884172677728,0.0
444,7,C,PROPN,nmod:unmarked,-1.5560989792582482,14.604476011478415,16.160574990736663,1,1.2481279515234236,0.0
444,8,/,SYM,cc,-0.7302339165224421,11.730006893562273,12.460240810084715,0,0.7701931861508756,0.0
444,9,315,NUM,nummod,3.0379000866218755,8.849588509314946,5.811688422693071,0,0.4649406048104714,0.0
444,10,o,NOUN,conj,-0.8924913483283436,14.18943851219957,15.081929860527914,3,0.6512139654502146,0.0
444,11,F,PROPN,nmod:unmarked,-0.6981913079190427,14.604476011478415,15.302667319397457,1,0.8421624748220174,0.0
444,12,.,PUNCT,punct,0.11871179031338697,3.7008451783641614,3.5821333880507744,,0.028592463962347863,0.0
445,1,If,SCONJ,mark,0.6507670307312896,8.876555556915216,8.225788526183926,0,0.12486982165802919,0.0
445,2,using,VERB,advcl,0.576268015456689,13.382083590141967,12.805815574685278,1,0.4223511090593703,0.0
445,3,cupcake,NOUN,compound,-0.8899406319215801,5.482079380118688,6.372020012040268,0,0.036507500868775244,0.0
445,4,cases,NOUN,obj,-0.6483800049511839,14.18943851219957,14.837818517150755,2,0.6345801278407914,0.0
445,5,",",PUNCT,punct,0.2543267059356822,4.552360855055908,4.298034149120226,,0.020344788297340176,0.0
445,6,arrange,VERB,root,-1.4493906016485099,6.197916666123875,7.647307267772385,,0.05997998205275186,0.0
445,7,on,ADP,case,-0.3561056052738989,7.520553527933323,7.876659133207222,0,0.08184960471934855,0.0
445,8,a,DET,det,0.5703066596233342,5.916808727223201,5.346502067599867,0,0.055168850952857354,0.0
445,9,baking,VERB,amod,-4.211145857460416,6.197916666123875,10.409062523584291,0,0.08317000923131163,0.0
445,10,sheet,NOUN,obl,0.7035771615222064,13.382083590141967,12.67850642861976,3,0.6633210287178897,0.0
445,11,now,ADV,advmod,-0.45419111689620095,9.15601551066212,9.610206627558322,0,0.13757888097730023,0.0
445,12,.,PUNCT,punct,0.27827125786611706,3.7008451783641614,3.4225739204980443,,0.028572103178053514,0.0
446,1,If,SCONJ,mark,0.6507670307312896,8.876555556915216,8.225788526183926,0,0.12486982165802919,0.0
446,2,using,VERB,advcl,0.576268015456689,13.382083590141967,12.805815574685278,1,0.4223511090593703,0.0
446,3,a,DET,det,-0.9149606844289009,5.916808727223201,6.831769411652102,0,0.042538898883317404,0.0
446,4,silicone,NOUN,compound,1.2533442881251649,5.482079380118688,4.228735091993523,0,0.03354252808535098,0.0
446,5,cupcake,NOUN,compound,-0.33295636605920187,5.482079380118688,5.81503574617789,0,0.03141390860618215,0.0
446,6,sheet,NOUN,obj,-0.3954166529964045,13.382083590141967,13.777500243138372,4,0.6743635156758456,0.0
446,7,",",PUNCT,punct,0.2902041183832811,4.552360855055908,4.262156736672627,,0.02188409124496249,0.0
446,8,simply,ADV,advmod,-0.45330034640411654,13.019513510757259,13.472813857161375,0,0.7550365681186352,0.0
446,9,have,VERB,root,-0.4298041000525341,7.634849660521933,8.064653760574467,,0.05127107502696425,0.0
446,10,it,PRON,obj,0.06042497217834786,6.147779360562356,6.087354388384008,0,0.05455239641938131,0.0
446,11,ready,ADJ,xcomp,0.14124789950615302,13.019513510757259,12.878265611251106,0,0.416303279312278,0.0
446,12,.,PUNCT,punct,0.6194809949663886,3.7008451783641614,3.0813641833977727,,0.025679089136637606,0.0
447,1,Add,VERB,root,1.1176579911487519,14.18943851219957,13.071780521050819,,0.9636719128218444,0.0
447,2,the,DET,det,-0.9612776276849804,4.733084097091282,5.694361724776263,0,0.4817523137225257,0.0
447,3,flour,NOUN,obj,1.5088086904184959,5.482079380118688,3.9732706897001924,1,0.6216249585085515,0.0
447,4,",",PUNCT,punct,-0.5722252274460509,4.552360855055908,5.124586082501959,,0.23699038481592236,0.0
447,5,cocoa,NOUN,compound,0.5990612846096726,5.482079380118688,4.883018095509016,0,0.5836648905786777,0.0
447,6,powder,NOUN,conj,0.512443604572538,5.482079380118688,4.96963577554615,2,0.47084878720305584,0.0
447,7,",",PUNCT,punct,-0.6651539162426134,4.552360855055908,5.2175147712985215,,0.3517887773940926,0.0
447,8,baking,NOUN,compound,1.0937827705664143,5.482079380118688,4.388296609552274,0,0.739814483273141,0.0
447,9,soda,NOUN,conj,0.9307703728620069,5.482079380118688,4.551309007256681,2,0.5311477127544144,0.0
447,10,and,CCONJ,cc,-0.6096888465073897,5.740289866824134,6.349978713331524,0,0.3439850396579023,0.0
447,11,pinch,NOUN,conj,2.213607675227361,5.482079380118688,3.2684717048913274,2,0.8067851552715465,0.0
447,12,of,ADP,case,0.14270369901641633,5.747531807657332,5.604828108640915,0,0.23153333902732393,0.0
447,13,salt,NOUN,nmod,3.112865325141591,12.867510417312209,9.754645092170618,2,4.868683271410076,0.0
447,14,to,ADP,case,-0.2920913832552072,5.85516522689238,6.147256610147587,0,0.5142633611947202,0.0
447,15,the,DET,det,0.33099665333798,4.733084097091282,4.402087443753302,0,0.9451488821451601,0.0
447,16,mixing,VERB,amod,-5.0763570625292225,6.197916666123875,11.274273728653098,0,1.226228766608199,0.0
447,17,bowl,NOUN,obl,-8.033454783227045,15.18943851219957,23.222893295426616,3,4.549300042017568,0.2
447,18,.,PUNCT,punct,1.2543785882579495,3.7008451783641614,2.446466590106212,,0.216932295310945,0.2
448,1,Mix,VERB,root,-0.6787995157343882,15.18943851219957,15.868238027933959,,0.9183859510047702,0.2
448,2,to,PART,mark,-1.6267366789994462,5.85516522689238,7.481901905891826,0,0.23508347517551714,0.2
448,3,combine,VERB,advcl,0.561233579396295,6.197916666123875,5.63668308672758,1,0.27490351040949024,0.2
448,4,.,PUNCT,punct,0.7038887255879467,3.7008451783641614,2.9969564527762147,,0.016915768197201725,0.2
449,1,Pour,VERB,root,0.8254603755137726,6.197916666123875,5.372456290610103,,0.06508830294114955,0.0
449,2,the,DET,det,-1.4279548700534734,4.733084097091282,6.161038967144756,0,0.04419818199171289,0.0
449,3,soy,NOUN,compound,1.2801925355424029,5.482079380118688,4.201886844576285,0,0.10825019287268782,0.0
449,4,milk,NOUN,obj,2.8658831661480164,15.18943851219957,12.323555346051554,2,0.6647073079067958,0.0
449,5,",",PUNCT,punct,-0.7488203571206018,4.552360855055908,5.30118121217651,,0.1341826247083252,0.0
449,6,vinegar,NOUN,conj,0.47602918193815835,5.482079380118688,5.00605019818053,1,0.21104997278797683,0.0
449,7,",",PUNCT,punct,-0.35394376181505827,4.552360855055908,4.906304616870966,,0.13162553902793747,0.0
449,8,sugar,NOUN,conj,-5.345885582987512,14.18943851219957,19.535324095187082,1,0.562598239500481,0.0
449,9,",",PUNCT,punct,0.06893782477243171,4.552360855055908,4.483423030283476,,0.024773215556208414,0.0
449,10,oil,NOUN,conj,-0.8860436796683633,13.019513510757259,13.905557190425622,1,0.542666192934125,0.0
449,11,and,CCONJ,cc,-0.9505649182597784,5.740289866824134,6.690854785083912,0,0.05793416780806917,0.0
449,12,vanilla,NOUN,conj,0.19584805474941458,5.482079380118688,5.286231325369274,2,0.039455798015222567,0.0
449,13,into,ADP,case,-0.3720663728361533,9.849588509314946,10.2216548821511,0,0.12689419262519278,0.0
449,14,another,DET,det,0.8547595449432102,10.941510998755986,10.086751453812775,0,0.21131328596454044,0.0
449,15,bowl,NOUN,obl,1.3420240925949827,15.18943851219957,13.847414419604588,2,0.6820406100702807,0.2
449,16,.,PUNCT,punct,0.33946423112723956,3.7008451783641614,3.361380947236922,,0.02039253363698074,0.2
450,1,Whisk,VERB,root,0.8254603755137726,6.197916666123875,5.372456290610103,,0.06508830294114955,0.0
450,2,together,ADV,advmod,-1.6205309912040988,11.730006893562273,13.350537884766371,0,0.43415499182478806,0.0
450,3,well,ADV,advmod,-0.7721513590872302,8.858521634084953,9.630672993172183,0,0.1574417506851298,0.0
450,4,.,PUNCT,punct,0.74428082315355,3.7008451783641614,2.9565643552106113,,0.046446684768966934,0.0
451,1,Pour,VERB,root,0.8254603755137726,6.197916666123875,5.372456290610103,,0.06508830294114955,0.0
451,2,the,DET,det,-1.4279548700534734,4.733084097091282,6.161038967144756,0,0.04419818199171289,0.0
451,3,liquid,ADJ,amod,-0.37533774049333957,13.867510417312209,14.242848157805549,0,0.6444395641695017,0.0
451,4,mixture,NOUN,obj,0.3220548374339094,5.482079380118688,5.160024542684779,2,0.3873367625940673,0.0
451,5,into,ADP,case,-0.3991892715936274,9.849588509314946,10.248777780908574,0,0.09751677068464647,0.0
451,6,the,DET,det,0.8613688734748632,4.733084097091282,3.871715223616419,0,0.02669526821491006,0.0
451,7,flour,NOUN,compound,1.3497901391170917,5.482079380118688,4.132289241001597,0,0.03550141107003481,0.0
451,8,mixture,NOUN,obl,-0.009446237002182833,5.482079380118688,5.491525617120871,3,0.0419113392162634,0.0
451,9,.,PUNCT,punct,0.2584177900582496,3.7008451783641614,3.4424273883059118,,0.017638571107909607,0.0
452,1,Stir,VERB,root,0.8254603755137726,6.197916666123875,5.372456290610103,,0.06508830294114955,0.0
452,2,to,PART,mark,-1.6540274500299441,5.85516522689238,7.509192676922324,0,0.08768337418638997,0.0
452,3,combine,VERB,advcl,0.776915885631789,6.197916666123875,5.421000780492086,1,0.0983918588727371,0.0
452,4,thoroughly,ADV,advmod,0.14779623734164993,9.200753825427405,9.052957588085755,1,0.4407517859868388,0.0
452,5,.,PUNCT,punct,0.5092103625953475,3.7008451783641614,3.191634815768814,,0.13152224352205918,0.0
453,1,Pour,VERB,root,0.8254603755137726,6.197916666123875,5.372456290610103,,0.06508830294114955,0.0
453,2,into,ADP,case,-0.6964472145870264,9.849588509314946,10.546035723901973,0,0.19429195800513183,0.0
453,3,the,DET,det,1.1868198524522686,4.733084097091282,3.546264244639014,0,0.3602330557080102,0.0
453,4,cupcake,NOUN,compound,0.40491928639983943,5.482079380118688,5.077160093718849,0,0.37427533501394605,0.0
453,5,cases,NOUN,obl,1.6000637781542242,14.18943851219957,12.589374734045347,3,1.1134236108606337,0.0
453,6,or,CCONJ,cc,-0.6367113702394445,8.461518057636372,9.098229427875816,0,0.23827521036339264,0.0
453,7,cupcake,NOUN,compound,0.6770766476362873,5.482079380118688,4.805002732482401,0,0.3540096752207547,0.0
453,8,holes,NOUN,conj,0.48847676563117304,5.482079380118688,4.993602614487515,3,0.24834971210522994,0.0
453,9,.,PUNCT,punct,0.2657397853439041,3.7008451783641614,3.4351053930202573,,0.07486007332213206,0.0
454,1,Place,VERB,root,0.21488368931725432,11.235242201812696,11.020358512495442,,0.4833790823939862,0.0
454,2,into,ADP,case,-1.1883993127600068,9.849588509314946,11.037987822074953,0,1.026673006964845,0.0
454,3,the,DET,det,1.4704418235205146,4.733084097091282,3.262642273570768,0,0.5013268799027831,0.0
454,4,oven,NOUN,obl,1.5060499922246153,5.482079380118688,3.976029387894073,2,1.2727659784424104,0.0
454,5,.,PUNCT,punct,1.1093938852088283,3.7008451783641614,2.591451293155333,,0.5813839585135486,0.0
455,1,Bake,VERB,root,0.8254603755137726,6.197916666123875,5.372456290610103,,0.06508830294114955,0.0
455,2,for,ADP,case,-1.2420418360640433,7.502937985016352,8.744979821080396,0,0.07164514372929,0.0
455,3,20,NUM,nummod,-0.11922588088280683,12.019513510757259,12.138739391640065,0,0.7995819900402639,0.0
455,4,to,ADP,case,-1.3498148750962864,5.85516522689238,7.204980101988666,0,0.6614370157172427,0.0
455,5,25,NUM,nmod,1.8820051242410365,13.18943851219957,11.307433387958534,2,1.1700209552166716,0.0
455,6,minutes,NOUN,obl,-0.36326267245470234,12.382083590141967,12.74534626259667,2,0.44449261461653483,0.0
455,7,.,PUNCT,punct,0.276918192169485,3.7008451783641614,3.4239269861946764,,0.01842206810741742,0.0
456,1,Remove,VERB,root,0.8254603755137726,6.197916666123875,5.372456290610103,,0.06508830294114955,0.0
456,2,from,ADP,case,-1.280094022184688,8.288571704218821,9.568665726403509,0,0.09421580713960623,0.0
456,3,the,DET,det,0.7196517128244517,4.733084097091282,4.013432384266831,0,0.1794550995899393,0.0
456,4,oven,NOUN,obl,1.4203920366056089,5.482079380118688,4.061687343513079,2,0.23530612870532555,0.0
456,5,.,PUNCT,punct,0.2956808636112487,3.7008451783641614,3.4051643147529127,,0.036905092820124726,0.0
457,1,Transfer,VERB,root,0.8254603755137726,6.197916666123875,5.372456290610103,,0.06508830294114955,0.0
457,2,the,DET,det,-1.4279548700534734,4.733084097091282,6.161038967144756,0,0.04419818199171289,0.0
457,3,cupcakes,NOUN,obj,1.2801925355424029,5.482079380118688,4.201886844576285,1,0.10825019287268782,0.0
457,4,to,ADP,case,-0.9163509802481622,5.85516522689238,6.771516207140542,0,0.07260164242017582,0.0
457,5,a,DET,det,-0.11684629362016974,5.916808727223201,6.033655020843371,0,0.16020771374103626,0.0
457,6,wire,NOUN,compound,1.8932821003428284,5.482079380118688,3.58879727977586,0,0.17558740767787526,0.0
457,7,cooling,NOUN,compound,0.42070888053573796,5.482079380118688,5.06137049958295,0,0.12288510768871293,0.0
457,8,rack,NOUN,obl,0.4170162531505097,5.482079380118688,5.0650631269681785,4,0.12645188647550262,0.0
457,9,as,ADV,advmod,-0.9069547765161072,8.150519522907269,9.057474299423376,0,0.07940175709761901,0.0
457,10,quickly,ADV,advmod,-2.3825240832632435,13.867510417312209,16.250034500575453,1,0.8175524640950612,0.0
457,11,as,SCONJ,mark,0.02037074898283109,8.150519522907269,8.130148773924438,0,0.1381651910481715,0.0
457,12,possible,ADJ,advcl,0.5963473515546944,12.867510417312209,12.271163065757515,2,0.40847924967285165,0.0
457,13,when,ADV,advmod,-0.6559931119898348,9.270575274924976,9.926568386914811,0,0.16536207720858281,0.0
457,14,cool,ADJ,advcl,1.2245971502266375,12.019513510757259,10.794916360530621,1,0.23519054897316125,0.0
457,15,enough,ADV,advmod,-0.2901750380473924,11.730006893562273,12.020181931609665,1,0.3640994366940915,0.0
457,16,to,PART,mark,-0.4689219903833637,5.85516522689238,6.324087217275744,0,0.05462899100469566,0.0
457,17,handle,VERB,advcl,-0.42342265295119397,6.197916666123875,6.621339319075069,2,0.1528520601571196,0.0
457,18,.,PUNCT,punct,0.835181423082719,3.7008451783641614,2.8656637552814423,,0.022475702426426308,0.0
458,1,Let,VERB,root,1.6301086747340996,10.060155495254604,8.430046820520504,,0.14715313783741862,0.0
458,2,cool,VERB,xcomp,-3.6356795382534823,12.019513510757259,15.655193049010741,0,0.2302643445834734,0.0
458,3,completely,ADV,advmod,-0.9111172622444723,13.382083590141967,14.29320085238644,1,0.5535693849212298,0.0
458,4,on,ADP,case,-0.4395275609849296,7.520553527933323,7.960081088918253,0,0.09951433008581634,0.0
458,5,the,DET,det,0.7139533961274065,4.733084097091282,4.019130700963876,0,0.03953339754512305,0.0
458,6,rack,NOUN,obl,1.3673130067354373,5.482079380118688,4.114766373383251,3,0.03574103076585439,0.0
458,7,.,PUNCT,punct,0.29711972704280143,3.7008451783641614,3.40372545132136,,0.018325251172031452,0.0
459,1,Frost,VERB,root,-1.803425392467334,15.18943851219957,16.992863904666905,,0.6293839196931568,0.0
459,2,as,SCONJ,mark,-1.4513478288244368,8.150519522907269,9.601867351731705,0,0.10278535885641303,0.0
459,3,desired,VERB,advcl,0.6208000326566614,6.197916666123875,5.577116633467214,1,0.08677982752867769,0.0
459,4,.,PUNCT,punct,0.6938794069516225,3.7008451783641614,3.006965771412539,,0.018522181807405166,0.0
460,1,Add,VERB,root,1.1176579911487519,14.18943851219957,13.071780521050819,,0.9636719128218444,0.0
460,2,standard,ADJ,amod,-3.3954770629971076,15.18943851219957,18.58491557519668,0,1.0440701504813557,0.1
460,3,frosting,NOUN,obj,-1.2126401837015317,5.482079380118688,6.69471956382022,1,0.0420174392266762,0.1
460,4,or,CCONJ,cc,-0.999853627283338,8.461518057636372,9.46137168491971,0,0.08550881687534724,0.1
460,5,make,VERB,conj,0.17426710457311678,9.979985146570622,9.805718041997505,1,0.14825978305376686,0.1
460,6,vegan,ADJ,amod,-0.68832283737407,14.604476011478415,15.292798848852485,0,0.607163652740305,0.2
460,7,butter,NOUN,compound,0.2399050877065676,15.18943851219957,14.949533424493003,1,0.7615762277916739,0.3
460,8,cream,NOUN,obj,-0.28902574630638433,13.867510417312209,14.156536163618593,2,0.5541384839462832,0.3
460,9,.,PUNCT,punct,0.4347902500493377,3.7008451783641614,3.2660549283148237,,0.043173956895109826,0.3
461,1,Tips,NOUN,root,-0.8732365632322434,5.482079380118688,6.355315943350932,,0.04098359429255844,0.0
462,1,You,PRON,nsubj,0.406728407907031,6.339251674553796,5.932523266646765,0,0.06306914613167432,0.0
462,2,can,AUX,aux,1.7458086679208176,8.388538612279266,6.642729944358448,0,0.24994233780035097,0.0
462,3,add,VERB,root,-0.7280631403203035,14.18943851219957,14.917501652519874,,0.6849878513386435,0.0
462,4,pureed,VERB,amod,-1.2417106450094613,6.197916666123875,7.439627311133337,0,0.05981653996106565,0.0
462,5,fruit,NOUN,obj,-0.5571716677506346,5.482079380118688,6.039251047869323,1,0.03700085765106753,0.0
462,6,for,ADP,case,-0.36684593630993145,7.502937985016352,7.869783921326284,0,0.04561071282060179,0.0
462,7,delicious,ADJ,amod,-0.3747778863202562,15.18943851219957,15.564216398519827,0,0.8853837915942528,0.0
462,8,flavor,NOUN,compound,0.9811159237363913,5.482079380118688,4.500963456382297,0,0.03083349320972365,0.0
462,9,changes,NOUN,obl,-0.01946926479626665,5.482079380118688,5.501548644914955,3,0.03223378166158985,0.0
462,10,.,PUNCT,punct,0.46054042482602586,3.7008451783641614,3.2403047535381355,,0.016723281361637164,0.0
463,1,Try,VERB,root,1.0475376233871163,11.282547916591051,10.235010293203935,,0.23248360474511545,0.0
463,2,strawberry,NOUN,obj,-1.9911876516546672,5.482079380118688,7.473267031773355,0,0.6082464637744165,0.0
463,3,",",PUNCT,punct,-0.32383556422129267,4.552360855055908,4.876196419277201,,0.2562440435346022,0.0
463,4,apple,NOUN,conj,-0.832056134399827,5.482079380118688,6.314135514518515,1,0.41199940694634507,0.0
463,5,",",PUNCT,punct,-0.13532407145126069,4.552360855055908,4.687684926507169,,0.16711221353794192,0.0
463,6,banana,NOUN,conj,-1.7352243948006993,14.604476011478415,16.339700406279114,1,1.1233118790056695,0.1
463,7,",",PUNCT,punct,0.026829517802280378,4.552360855055908,4.525531337253628,,0.025142711826455267,0.1
463,8,apricot,NOUN,conj,-0.9699874311658307,5.482079380118688,6.452066811284519,1,0.04136000312051366,0.1
463,9,",",PUNCT,punct,0.042261358609863464,4.552360855055908,4.510099496446045,,0.02582060179215636,0.1
463,10,peach,NOUN,conj,-0.9307414751327556,5.482079380118688,6.412820855251444,1,0.04195951783144096,0.1
463,11,etc.,NOUN,conj,-0.5857757188565813,5.482079380118688,6.0678550989752695,1,0.032572291905793124,0.1
464,1,Instead,SCONJ,mark,0.5760894105681889,13.867510417312209,13.29142100674402,0,1.095421830916555,0.0
464,2,of,ADP,fixed,2.905154609454578,5.747531807657332,2.8423771982027537,1,2.7030170127355935,0.0
464,3,using,VERB,advcl,-6.966307090181722,13.382083590141967,20.34839068032369,1,2.4373940098054425,0.0
464,4,vegan,ADJ,amod,-0.8822235418465567,14.604476011478415,15.486699553324971,0,0.5961355420359861,0.1
464,5,sugar,NOUN,obj,0.12801914433996409,14.18943851219957,14.061419367859607,2,0.8526187813188162,0.1
464,6,",",PUNCT,punct,0.3490288979470897,4.552360855055908,4.203331957108818,,0.030074686098492474,0.1
464,7,you,PRON,nsubj,-0.493240945266054,6.339251674553796,6.83249261981985,0,0.040534106142152346,0.1
464,8,can,AUX,aux,0.18983377123156409,8.388538612279266,8.198704841047702,0,0.06375314317839173,0.1
464,9,replace,VERB,root,0.9585834682682659,14.604476011478415,13.645892543210149,,0.6852257461883408,0.1
464,10,it,PRON,obj,0.06397754297324543,6.147779360562356,6.08380181758911,0,0.05769192659375426,0.1
464,11,with,ADP,case,-0.3121832461269811,7.899419665266953,8.211602911393934,0,0.04489553069167299,0.1
464,12,equal,ADJ,amod,-0.28585918055356174,15.18943851219957,15.475297692753132,0,0.642606113092279,0.1
464,13,parts,NOUN,nmod:unmarked,0.978573064134526,13.604476011478415,12.625902947343889,1,0.4861393630494233,0.1
464,14,maple,NOUN,compound,0.04429536258181965,5.482079380118688,5.437784017536869,0,0.03321237350314634,0.1
464,15,sugar,NOUN,obl,-0.08873158280938398,14.18943851219957,14.278170095008955,3,0.5434277707608492,0.1
464,16,or,CCONJ,cc,-0.5237280186415578,8.461518057636372,8.98524607627793,0,0.07862771432195537,0.1
464,17,rice,NOUN,compound,0.1889440325333469,5.482079380118688,5.293135347585341,0,0.043015197042969494,0.1
464,18,syrup,NOUN,conj,-0.07846883931702742,5.482079380118688,5.560548219435716,3,0.033081978685754396,0.1
465,1,Coconut,NOUN,compound,-0.8732365632322434,5.482079380118688,6.355315943350932,0,0.04098359429255844,0.0
465,2,oil,NOUN,nsubj,-2.4538201605867282,13.019513510757259,15.473333671343987,1,0.49222563797336777,0.0
465,3,also,ADV,advmod,-0.5693218678881724,9.434551010036103,10.003872877924275,0,0.46228941379984173,0.0
465,4,produces,VERB,root,3.477096972915461,6.197916666123875,2.7208196932084143,,1.4571127906622352,0.0
465,5,good,ADJ,amod,-0.9376633598125004,9.447971525798424,10.385634885610925,0,0.9305883097574658,0.0
465,6,results,NOUN,obj,-2.7178430142225043,13.019513510757259,15.737356524979763,1,1.2645162360518207,0.0
465,7,.,PUNCT,punct,0.1678723300072571,3.7008451783641614,3.5329728483569043,,0.10681757108075436,0.0
466,1,And,CCONJ,cc,0.26494226057534664,5.740289866824134,5.475347606248787,0,0.05872014748880523,0.0
466,2,olive,NOUN,compound,-0.7691904993607253,5.482079380118688,6.2512698794794135,0,0.08159041363393732,0.0
466,3,oil,NOUN,nsubj,-1.9081831281648274,13.019513510757259,14.927696638922086,1,0.47813031415796253,0.0
466,4,works,VERB,root,-0.6050592905211687,13.019513510757259,13.624572801278427,,0.508884023165124,0.0
466,5,fine,ADV,advmod,-0.9641513416938423,12.867510417312209,13.831661759006051,0,0.6284497151329762,0.0
466,6,if,SCONJ,mark,-1.0792079078598107,8.876555556915216,9.955763464775027,0,0.1363284678685302,0.0
466,7,it,PRON,nsubj,0.22357439172438198,6.147779360562356,5.924204968837974,0,0.08869025976030565,0.0
466,8,'s,AUX,cop,0.8513922046490645,6.812227981811018,5.960835777161954,0,0.07213357922242078,0.0
466,9,all,DET,advcl,-0.7743964629593272,8.312921565634571,9.087318028593899,3,0.12048032690099914,0.0
466,10,that,PRON,nsubj:pass,-0.14791497149979627,6.437894453110473,6.585809424610269,0,0.06620863268589804,0.0
466,11,'s,AUX,aux:pass,0.41705459640625797,6.812227981811018,6.39517338540476,0,0.08619269071139218,0.0
466,12,left,VERB,acl:relcl,0.6154572476717561,11.382083590141967,10.76662634247021,3,0.28820253968242143,0.0
466,13,in,ADP,case,-0.025876221944646893,6.195085075340713,6.22096129728536,0,0.030776783094669354,0.0
466,14,the,DET,det,0.688340835972344,4.733084097091282,4.0447432611189384,0,0.050456927610105826,0.0
466,15,pantry,NOUN,obl,1.3494798997688635,5.482079380118688,4.132599480349825,3,0.03663040818310623,0.0
466,16,.,PUNCT,punct,0.689812166839955,3.7008451783641614,3.0110330115242063,,0.029501267386134785,0.0
467,1,How,ADV,root,0.4418275764880235,9.167070699171116,8.725243122683093,,0.15605535644908047,0.0
467,2,to,PART,mark,0.27871856738048706,5.85516522689238,5.576446659511893,0,0.21935209577274067,0.0
467,3,Annoy,VERB,acl,0.953826708439288,6.197916666123875,5.244089957684587,1,0.23866940661871178,0.0
467,4,People,NOUN,obj,-0.3191315550456455,9.270575274924976,9.589706829970622,1,0.20226131836358252,0.0
467,5,in,ADP,case,-0.6877419161907916,6.195085075340713,6.882826991531505,0,0.17165116446674167,0.0
467,6,Elevators,NOUN,obl,0.9089773217871757,5.482079380118688,4.5731020583315125,2,0.1920092861795348,0.0
468,1,An,DET,det,-0.583517637804059,8.922651971504669,9.506169609308728,0,0.08266875889456313,0.0
468,2,elevator,NOUN,nsubj,1.232093862322504,5.482079380118688,4.249985517796184,1,0.11192060234403509,0.0
468,3,is,AUX,cop,-1.1851382542721298,6.470049691257488,7.655187945529618,0,0.08010684835236288,0.0
468,4,almost,ADV,advmod,0.29650669368874816,12.604476011478415,12.307969317789667,0,1.0398081221937416,0.0
468,5,the,DET,det,0.11618729788232063,4.733084097091282,4.616896799208962,0,0.601659286012249,0.0
468,6,perfect,ADJ,amod,-1.892266260853253,13.382083590141967,15.27434985099522,0,1.2985768158480697,0.0
468,7,environment,NOUN,root,0.022782257491460456,13.604476011478415,13.581693753986954,,0.6746283747814197,0.0
468,8,to,PART,mark,-0.011696494920274247,5.85516522689238,5.866861721812654,0,0.059525179712191685,0.0
468,9,be,AUX,cop,0.1427585313908173,8.075696346150382,7.932937814759565,0,0.10252111625367755,0.0
468,10,a,DET,det,-0.844488699369367,5.916808727223201,6.761297426592568,0,0.07565268276493499,0.0
468,11,prankster,NOUN,acl,1.2179161019794957,5.482079380118688,4.2641632781391925,3,0.047685897105925884,0.0
468,12,.,PUNCT,punct,0.14121017568791938,3.7008451783641614,3.559635002676242,,0.03152699294993757,0.0
469,1,It,PRON,expl,0.1358633281289432,6.147779360562356,6.011916032433413,0,0.08192350898677746,0.0
469,2,’s,AUX,cop,1.0551713697305614,8.658057051683258,7.602885681952697,0,0.3755425517946899,0.0
469,3,easy,ADJ,root,-1.2210202707257913,12.867510417312209,14.088530688038,,0.5102290726555553,0.0
469,4,to,PART,mark,-0.7242484881046813,5.85516522689238,6.579413714997061,0,0.259126133156541,0.0
469,5,annoy,VERB,csubj,1.0814742634935453,6.197916666123875,5.11644240263033,1,0.5306432868793157,0.0
469,6,people,NOUN,obj,-0.4581750643843421,9.270575274924976,9.728750339309318,1,0.14458629029882275,0.0
469,7,when,ADV,advmod,-0.03488161682494351,9.270575274924976,9.30545689174992,0,0.20221506554506202,0.0
469,8,you,PRON,nsubj,0.15225470969248356,6.339251674553796,6.186996964861312,0,0.5440881879227488,0.0
469,9,are,AUX,cop,2.6602303930175752,7.693583485312399,5.033353092294824,0,0.9452158984533353,0.0
469,10,cramped,ADJ,advcl,-1.3075861280624803,6.939140094293238,8.246726222355719,4,0.4828288592065114,0.0
469,11,in,ADP,case,-0.25734444712275817,6.195085075340713,6.452429522463471,0,0.2519621944075204,0.0
469,12,such,DET,det:predet,-0.04580428607106768,11.235242201812696,11.281046487883764,0,0.31981068230139026,0.0
469,13,a,DET,det,1.064674389764031,5.916808727223201,4.85213433745917,0,0.09470907207574578,0.0
469,14,small,ADJ,amod,0.40857257552764104,11.730006893562273,11.321434318034632,0,0.3667053113720487,0.0
469,15,",",PUNCT,punct,0.19656007042645118,4.552360855055908,4.355800784629457,,0.1968676155471313,0.0
469,16,tight,ADJ,amod,0.39723827569694947,6.939140094293238,6.541901818596289,0,0.08454102214363989,0.0
469,17,space,NOUN,obl,-0.655329542817114,12.488998794058478,13.144328336875592,6,0.779771564353001,0.0
469,18,.,PUNCT,punct,0.45505983067138667,3.7008451783641614,3.2457853476927747,,0.048308125668641,0.0
470,1,Method,NOUN,root,1.068392702128305,14.18943851219957,13.121045810071266,,1.0986258211200017,0.0
470,2,1,NUM,flat,6.666047919406896,10.634849660521933,3.9688017411150374,0,0.8462847458709708,0.0
470,3,Using,VERB,appos,-12.869556478977653,13.382083590141967,26.25164006911962,0,1.4644595608589734,0.0
470,4,the,DET,det,-0.717210398181507,4.733084097091282,5.450294495272789,0,0.03166909353971977,0.0
470,5,Elevator,NOUN,obj,1.2708681770814723,5.482079380118688,4.211211203037216,2,0.03309953745051795,0.0
470,6,to,PART,mark,-0.5645184395068839,5.85516522689238,6.419683666399264,0,0.03969485703901573,0.0
470,7,Annoy,VERB,advcl,0.17910373891172338,6.197916666123875,6.018812927212152,2,0.09921723690615956,0.0
470,8,People,NOUN,obj,-0.3918874846796143,9.270575274924976,9.66246275960459,1,0.1196760994018261,0.0
471,1,Push,VERB,root,0.8254603755137726,6.197916666123875,5.372456290610103,,0.06508830294114955,0.0
471,2,all,DET,det:predet,-1.7753635709961824,8.312921565634571,10.088285136630754,0,0.10021329948624748,0.0
471,3,the,DET,det,0.7276663494740498,4.733084097091282,4.005417747617233,0,0.1309255830398126,0.0
471,4,buttons,NOUN,obj,1.4110741661951138,5.482079380118688,4.071005213923574,2,0.09647483093173875,0.0
471,5,.,PUNCT,punct,0.2568694914684637,3.7008451783641614,3.4439756868956977,,0.02912507439439974,0.0
472,1,When,ADV,advmod,0.5479403464776436,9.270575274924976,8.722634928447333,0,0.13530096433341013,0.0
472,2,you,PRON,nsubj,0.13894327876683743,6.339251674553796,6.2003083957869585,0,0.22903060988614152,0.0
472,3,get,VERB,advcl,4.490244308624079,9.282547916591051,4.792303607966972,2,0.8898627398032491,0.0
472,4,into,ADP,case,0.37068884576758165,9.849588509314946,9.478899663547365,0,0.43903190860658264,0.0
472,5,the,DET,det,1.9550972562737665,4.733084097091282,2.777986840817516,0,0.5606572819097179,0.0
472,6,elevator,NOUN,obl,-2.64570775112663,5.482079380118688,8.127787131245318,3,1.0968237785036714,0.0
472,7,",",PUNCT,punct,-0.13211123608127018,4.552360855055908,4.684472091137178,,0.16476623095983164,0.0
472,8,push,VERB,root,-0.5050720657423442,6.197916666123875,6.70298873186622,,0.41333691729204924,0.0
472,9,the,DET,det,-0.22163384401659414,4.733084097091282,4.9547179411078766,0,0.0845288398980772,0.0
472,10,button,NOUN,obj,-1.9650238436986118,15.18943851219957,17.154462355898183,1,1.0746573227392593,0.1
472,11,for,ADP,case,-0.19979193373565085,7.502937985016352,7.702729918752003,0,0.0423852106397031,0.1
472,12,every,DET,det,0.7884980599399896,11.101975670949232,10.313477611009242,0,0.24981170773813915,0.1
472,13,floor,NOUN,nmod,1.2518670074888032,12.604476011478415,11.352609003989611,3,0.3578416113990435,0.1
472,14,.,PUNCT,punct,0.5304687055787913,3.7008451783641614,3.17037647278537,,0.014653897494686579,0.1
473,1,This,PRON,nsubj,-0.14321683198097546,7.086150703787548,7.229367535768524,0,0.07024480721902689,0.0
473,2,makes,VERB,root,3.21866199131685,12.282547916591051,9.063885925274201,,0.8620489150378357,0.0
473,3,everyone,PRON,nmod:poss,-1.9718876877292413,12.019513510757259,13.9914011984865,0,0.40109516593222333,0.0
473,4,’s,PART,case,0.06139810524405043,8.658057051683258,8.596658946439208,1,0.6977367601652752,0.0
473,5,ride,NOUN,obj,-1.8810620782453196,5.482079380118688,7.363141458364008,1,0.6072507940376207,0.0
473,6,on,ADP,case,-0.7507559700672637,7.520553527933323,8.271309498000587,0,0.22375408536334707,0.0
473,7,the,DET,det,0.5750207189669823,4.733084097091282,4.1580633781243,0,0.1799766485406526,0.0
473,8,elevator,NOUN,nmod,1.3605727366365636,5.482079380118688,4.121506643482125,3,0.22519390164891318,0.0
473,9,longer,ADJ,xcomp,-1.482296143826133,12.730006893562273,14.212303037388406,0,0.9701546977723388,0.0
473,10,",",PUNCT,punct,0.020178760563095643,4.552360855055908,4.532182094492812,,0.05517937467852263,0.0
473,11,if,SCONJ,mark,-0.3603909123092439,8.876555556915216,9.23694646922446,0,0.14912497525856547,0.0
473,12,only,ADV,advmod,0.310118528018247,10.145044392841116,9.83492586482287,0,0.21048332719816723,0.0
473,13,for,ADP,case,-0.650871960155202,7.502937985016352,8.153809945171554,0,0.0507768643054473,0.0
473,14,a,DET,det,0.38855980804618095,5.916808727223201,5.52824891917702,0,0.07120909536978556,0.0
473,15,few,ADJ,amod,0.09602344342102143,11.545582322424846,11.449558879003824,0,0.31920669514916156,0.0
473,16,seconds,NOUN,advcl,1.112439342084441,13.867510417312209,12.755071075227768,5,0.7703702241528773,0.1
473,17,.,PUNCT,punct,0.34754825295756353,3.7008451783641614,3.353296925406598,,0.022242045054894737,0.1
474,1,You,PRON,nsubj,0.406728407907031,6.339251674553796,5.932523266646765,0,0.06306914613167432,0.0
474,2,can,AUX,aux,1.7458086679208176,8.388538612279266,6.642729944358448,0,0.24994233780035097,0.0
474,3,also,ADV,advmod,0.08750309153628066,9.434551010036103,9.347047918499822,0,0.5085962990853103,0.0
474,4,push,VERB,root,1.036997370087776,6.197916666123875,5.1609192960360994,,0.9466107973275178,0.0
474,5,all,DET,det:predet,-0.9128378080882964,8.312921565634571,9.225759373722868,0,0.21762494037422384,0.0
474,6,the,DET,det,0.6842155266903216,4.733084097091282,4.048868570400961,0,0.2430406447920916,0.0
474,7,buttons,NOUN,obj,1.3935952576888457,5.482079380118688,4.0884841224298425,2,0.16259687074990858,0.0
474,8,as,SCONJ,mark,-0.5265230485346581,8.150519522907269,8.677042571441927,0,0.1055031737789592,0.0
474,9,you,PRON,nsubj,-0.5735439516977126,6.339251674553796,6.9127956262515085,0,0.3384338494071339,0.0
474,10,reach,VERB,advcl,-0.060513948525645844,13.867510417312209,13.928024365837855,2,0.7711678479932818,0.0
474,11,the,DET,det,-0.26486328576203366,4.733084097091282,4.997947382853316,0,0.04992833661914164,0.0
474,12,floor,NOUN,obj,1.2915961414604773,12.604476011478415,11.312879870017937,2,0.3544082736127842,0.0
474,13,you,PRON,nsubj,-0.28778675100003603,6.339251674553796,6.627038425553832,0,0.06568618420293625,0.0
474,14,are,AUX,aux,0.25936391537668424,7.693583485312399,7.434219569935715,0,0.08377404856151446,0.0
474,15,getting,VERB,acl:relcl,0.7063161338704749,11.382083590141967,10.675767456271492,3,0.18787943379441335,0.0
474,16,off,ADV,advmod,-0.04347334985762963,11.665876556142557,11.709349906000186,1,0.2917922527972612,0.0
474,17,at,ADP,obl,0.4572331057514143,8.055012191978644,7.59777908622723,1,0.13522887006197704,0.0
474,18,.,PUNCT,punct,-1.4646667210853637,3.7008451783641614,5.165511899449525,,0.11167219586828422,0.0
475,1,Make,VERB,root,0.893259377266034,9.979985146570622,9.086725769304588,,0.18661992723355011,0.0
475,2,a,DET,det,-1.0525843529560328,5.916808727223201,6.969393080179234,0,0.3175923175622644,0.0
475,3,dinging,VERB,amod,-5.006978387796831,6.197916666123875,11.204895053920707,0,0.32328055977865316,0.0
475,4,noise,NOUN,obj,0.129797852256619,14.18943851219957,14.059640659942952,2,0.3895940439295687,0.0
475,5,at,ADP,case,-0.25612180347165037,8.055012191978644,8.311133995450295,0,0.08505665638589574,0.0
475,6,each,DET,det,0.8831568158994347,11.730006893562273,10.846850077662838,0,0.3555899343683218,0.0
475,7,floor,NOUN,nmod,1.3590722801707518,12.604476011478415,11.245403731307663,3,0.35338499006979157,0.0
475,8,.,PUNCT,punct,0.357639463948793,3.7008451783641614,3.3432057144153684,,0.01787278093615404,0.0
476,1,Every,DET,det,-0.5679007812493779,11.101975670949232,11.66987645219861,0,0.3744279814655807,0.0
476,2,time,NOUN,obl:unmarked,3.643034410880211,9.331457517071998,5.688423106191787,1,0.8899401334830993,0.0
476,3,the,DET,det,-1.7864276298601505,4.733084097091282,6.519511726951433,0,0.4411281955159609,0.0
476,4,elevator,NOUN,nsubj,1.844596196355191,5.482079380118688,3.6374831837634973,1,0.38751712757204326,0.0
476,5,reaches,VERB,acl:relcl,-0.8123785646916621,6.197916666123875,7.0102952308155375,2,0.3965484565143765,0.0
476,6,a,DET,det,-0.585206311025007,5.916808727223201,6.502015038248208,0,0.1269619304618892,0.0
476,7,new,ADJ,amod,0.4913241023477095,10.039691392694888,9.548367290347178,0,1.0754340343845923,0.0
476,8,floor,NOUN,obj,-2.9978959798483036,12.604476011478415,15.602371991326718,3,1.024328091316684,0.0
476,9,",",PUNCT,punct,0.3446294792030411,4.552360855055908,4.207731375852867,,0.039408969449429496,0.0
476,10,say,VERB,root,-1.098199665547547,9.681643872000874,10.779843537548421,,0.13541163340034804,0.0
476,11,“,PUNCT,punct,0.6528136076315825,8.673738673915528,8.020925066283946,,0.09895837815989253,0.0
476,12,ding,INTJ,dep,-0.7437954389469112,10.235242201812696,10.979037640759607,,0.2804222469087093,0.0
476,13,!,PUNCT,punct,1.6264380851675373,8.195085075340712,6.568646990173175,,0.07170765364446766,0.0
476,14,”,PUNCT,punct,1.4868222847547967,8.730006893562273,7.243184608807476,,0.11017320740002025,0.0
476,15,very,ADV,advmod,-0.056301418584354224,9.713705081233172,9.770006499817526,0,0.14290801234719333,0.0
476,16,loudly,ADV,advmod,1.8444018134321158,9.200753825427405,7.356352011995289,1,0.07940443607726584,0.0
476,17,.,PUNCT,punct,0.07233207983373147,3.7008451783641614,3.62851309853043,,0.04169075961911807,0.0
477,1,Talk,VERB,root,1.149190142689589,12.604476011478415,11.455285868788826,,0.3319307220919542,0.0
477,2,to,ADP,case,-1.0486224694172863,5.85516522689238,6.903787696309666,0,0.50583942760645,0.0
477,3,your,PRON,nmod:poss,-0.4779793284371756,8.658057051683258,9.136036380120434,0,0.65203264214285,0.0
477,4,reflection,NOUN,obl,-1.4406729248389816,5.482079380118688,6.92275230495767,2,1.094615772642169,0.0
477,5,in,ADP,case,-0.5357550393989943,6.195085075340713,6.730840114739707,0,0.04426184868790706,0.0
477,6,the,DET,det,0.8116759184394153,4.733084097091282,3.921408178651867,0,0.04675909370208573,0.0
477,7,mirror,NOUN,nmod,1.330975118969845,5.482079380118688,4.151104261148843,3,0.07383751015900354,0.0
477,8,.,PUNCT,punct,0.17906610069691364,3.7008451783641614,3.5217790776672477,,0.0413505112593944,0.0
478,1,Many,ADJ,amod,-0.209985840488919,10.235242201812696,10.445228042301615,0,0.1690197756874282,0.0
478,2,elevators,NOUN,nsubj,-0.5776438275431932,5.482079380118688,6.059723207661881,1,0.26020872118613736,0.0
478,3,have,VERB,root,-0.6984330445962748,7.634849660521933,8.333282705118208,,0.1458188125545661,0.0
478,4,mirrors,NOUN,obj,-0.13907929075885406,5.482079380118688,5.621158670877542,0,0.2939218692067157,0.0
478,5,on,ADP,case,-0.8889379910595121,7.520553527933323,8.409491518992835,0,0.09594961226809043,0.0
478,6,the,DET,det,0.7649764166949975,4.733084097091282,3.968107680396285,0,0.2018640248458333,0.0
478,7,walls,NOUN,nmod,2.4529826091638562,5.482079380118688,3.029096770954832,3,0.49597029717550817,0.0
478,8,.,PUNCT,punct,-0.22069591322603355,3.7008451783641614,3.921541091590195,,0.13550568608353017,0.0
479,1,Stand,VERB,root,0.4239288474973826,13.18943851219957,12.765509664702188,,0.5446169461471555,0.0
479,2,in,ADP,case,-0.212067005666829,6.195085075340713,6.407152081007542,0,0.8649863697127266,0.0
479,3,the,DET,det,-1.6329603769805674,4.733084097091282,6.36604447407185,0,0.7632603542803545,0.0
479,4,corner,NOUN,obl,1.278457179943901,14.604476011478415,13.326018831534514,2,0.46334164900246066,0.1
479,5,of,ADP,case,-0.38520941528778785,5.747531807657332,6.1327412229451195,0,0.029186293379628837,0.1
479,6,the,DET,det,0.8666384851772317,4.733084097091282,3.8664456119140507,0,0.03132094205259849,0.1
479,7,elevator,NOUN,nmod,1.3429579219706165,5.482079380118688,4.139121458148072,3,0.036954723309510155,0.1
479,8,facing,VERB,advcl,-1.2506536479302452,6.197916666123875,7.448570314054121,0,0.09586886738972271,0.1
479,9,the,DET,det,-0.4050031865149588,4.733084097091282,5.138087283606241,0,0.036123662358803425,0.1
479,10,wall,NOUN,obj,1.292867416071462,5.482079380118688,4.189211964047226,2,0.035440984723898825,0.1
479,11,.,PUNCT,punct,0.40883436390528516,3.7008451783641614,3.2920108144588762,,0.020857982669511558,0.1
480,1,Do,AUX,aux,0.7443699706952938,7.650279701091539,6.905909730396245,0,0.06751253051743049,0.0
480,2,n't,PART,advmod,2.6300812262755286,7.876555556915215,5.246474330639686,0,0.18381827934121633,0.0
480,3,say,VERB,root,0.993576065586149,9.681643872000874,8.688067806414725,,0.8329809383160964,0.0
480,4,anything,PRON,obj,4.543663282754691,11.730006893562273,7.186343610807581,0,1.71442833197621,0.0
480,5,the,DET,det,-1.0831785107734442,4.733084097091282,5.816262607864727,0,0.5590880687378718,0.0
480,6,whole,ADJ,amod,-2.2285344539898695,12.019513510757259,14.248047964747128,0,1.058746161256045,0.0
480,7,ride,NOUN,obl:unmarked,-3.466061721037259,5.482079380118688,8.948141101155947,2,2.225359655821088,0.0
480,8,.,PUNCT,punct,0.4342453613587751,3.7008451783641614,3.2665998170053863,,0.02231916854320194,0.0
481,1,Dance,VERB,root,-0.530482551333014,13.867510417312209,14.397992968645223,,0.6627265514452683,0.0
481,2,to,ADP,case,-1.6717992250220304,5.85516522689238,7.52696445191441,0,0.10373813020413343,0.0
481,3,the,DET,det,-0.1736909183720634,4.733084097091282,4.906775015463346,0,0.09582006033474723,0.0
481,4,elevator,NOUN,compound,1.3004712738371218,5.482079380118688,4.181608106281566,0,0.027050615307111375,0.0
481,5,music,NOUN,obl,-0.2908805464443205,12.867510417312209,13.15839096375653,3,0.8424325053924626,0.0
481,6,.,PUNCT,punct,0.09038837547201695,3.7008451783641614,3.6104568028921444,,0.04215884273873098,0.0
482,1,If,SCONJ,mark,0.6507670307312896,8.876555556915216,8.225788526183926,0,0.12486982165802919,0.0
482,2,you,PRON,nsubj,1.234255010938349,6.339251674553796,5.104996663615447,0,0.08892111424232486,0.0
482,3,’re,AUX,cop,0.9437703734683236,11.101975670949232,10.158205297480908,0,0.8126135527038661,0.0
482,4,in,ADP,case,2.5356714520858317,6.195085075340713,3.6594136232548813,0,1.7252821732621872,0.0
482,5,an,DET,det,-4.929961029470672,8.922651971504669,13.85261300097534,0,2.3466512463924776,0.0
482,6,elevator,NOUN,advcl,1.0403922854675622,5.482079380118688,4.441687094651126,5,0.45051952666330175,0.0
482,7,that,PRON,nsubj,0.1700059451157312,6.437894453110473,6.2678885079947415,0,0.06996650711598026,0.0
482,8,is,AUX,aux,0.9879793543275666,6.470049691257488,5.4820703369299215,0,0.08768832485559058,0.0
482,9,playing,VERB,acl:relcl,0.9074206245027892,13.604476011478415,12.697055386975626,3,0.4267197916905409,0.0
482,10,music,NOUN,obj,-0.3427969326923961,12.867510417312209,13.210307350004605,1,0.844826458585037,0.0
482,11,",",PUNCT,punct,0.7407277872327112,4.552360855055908,3.811633067823197,,0.015459357161982858,0.0
482,12,start,VERB,root,-0.7606973145788007,12.18943851219957,12.950135826778371,,0.6206886488267611,0.0
482,13,to,PART,mark,-0.5641519132914699,5.85516522689238,6.41931714018385,0,0.07981281588542956,0.0
482,14,dance,VERB,xcomp,0.21226475577296,13.867510417312209,13.655245661539249,1,0.5966229647151365,0.0
482,15,.,PUNCT,punct,0.828476613432994,3.7008451783641614,2.8723685649311674,,0.06851599147621186,0.0
483,1,Start,VERB,root,0.8478548278427773,12.18943851219957,11.341583684356793,,0.8054094633736594,0.0
483,2,just,ADV,advmod,-1.4143811301658342,8.627196087978497,10.041577218144331,0,0.21589836968867496,0.0
483,3,bobbing,VERB,xcomp,1.7023369510248916,6.197916666123875,4.495579715098984,1,1.3700160741081604,0.0
483,4,your,PRON,nmod:poss,0.030631601416470033,8.658057051683258,8.627425450266788,0,0.22683669579889792,0.0
483,5,head,NOUN,obj,3.165591152804895,11.797121089420811,8.631529936615916,2,3.015420876799234,0.0
483,6,and,CCONJ,cc,-0.8837865888444094,5.740289866824134,6.624076455668543,0,0.45990089008688234,0.0
483,7,tapping,VERB,conj,2.9073834746396288,6.197916666123875,3.2905331914842466,2,1.4815591472824605,0.0
483,8,your,PRON,nmod:poss,0.22716506673351944,8.658057051683258,8.430891984949739,0,0.32928518740538676,0.0
483,9,feet,NOUN,obj,8.800806726911892,13.18943851219957,4.388631785287679,2,1.4749250691487101,0.0
483,10,",",PUNCT,punct,-0.9572541222294042,4.552360855055908,5.509614977285312,,0.11234542472233375,0.0
483,11,and,CCONJ,cc,0.3124458675197648,5.740289866824134,5.427843999304369,0,0.2520219480456459,0.0
483,12,then,ADV,advmod,2.7898335006787214,9.294620748891626,6.504787248212905,0,0.6575198074868273,0.0
483,13,get,VERB,conj,-2.86877810223047,9.282547916591051,12.151326018821521,3,3.745341482621068,0.0
483,14,your,PRON,nmod:poss,0.01255285103795245,8.658057051683258,8.645504200645306,0,3.3642399957562468,0.0
483,15,whole,ADJ,amod,-3.2917995073208086,12.019513510757259,15.311313018078067,0,1.7260335575171633,0.0
483,16,body,NOUN,obj,-13.418020401832736,13.019513510757259,26.437533912589995,3,5.6503759514881695,0.0
483,17,into,ADP,case,-0.3172598450181301,9.849588509314946,10.166848354333077,0,0.13922075137533252,0.0
483,18,it,PRON,obl,1.2492034385025788,6.147779360562356,4.898575922059777,2,0.13562717265554242,0.0
483,19,.,PUNCT,punct,-1.4105002413861158,3.7008451783641614,5.111345419750277,,0.12425018207346264,0.0
484,1,Take,VERB,root,0.6892847206138839,10.545582322424846,9.856297601810962,,0.28574343958947823,0.0
484,2,up,ADP,compound:prt,0.23138212668674818,9.13415607669838,8.902773950011632,0,1.4236589798592516,0.0
484,3,as,ADV,advmod,0.08737923906298839,8.150519522907269,8.06314028384428,0,0.8607225186719877,0.0
484,4,much,ADJ,amod,3.110772884351687,10.282547916591051,7.171775032239364,0,2.808228609724905,0.0
484,5,space,NOUN,obj,-4.290239489457555,12.488998794058478,16.779238283516033,2,3.461793953714819,0.0
484,6,as,SCONJ,mark,-1.7922399420922055,8.150519522907269,9.942759464999474,0,0.4336092892259197,0.0
484,7,you,PRON,nsubj,-0.25648738674648275,6.339251674553796,6.595739061300279,0,0.1424503784521669,0.0
484,8,can,AUX,advcl,0.5477650999776076,8.388538612279266,7.840773512301658,2,0.0890948399695573,0.0
484,9,to,PART,mark,0.43756620222750886,5.85516522689238,5.417599024664871,0,0.041740153691528885,0.0
484,10,dance,VERB,advcl,0.7065266692626544,13.867510417312209,13.160983748049555,1,0.6798922803394695,0.0
484,11,until,SCONJ,mark,-0.38584594273445205,12.488998794058478,12.87484473679293,0,0.43674713277366234,0.0
484,12,everyone,PRON,nsubj,0.46514480633755895,12.019513510757259,11.5543687044197,0,0.28046512311420185,0.0
484,13,is,AUX,aux,0.6596382839298034,6.470049691257488,5.810411407327685,0,0.11313905628400073,0.0
484,14,staring,VERB,advcl,1.11101699548135,6.197916666123875,5.086899670642525,4,0.11929772205256765,0.0
484,15,at,ADP,case,-0.016657475267715327,8.055012191978644,8.07166966724636,0,0.08729383476512037,0.0
484,16,you,PRON,obl,0.4113975633858473,6.339251674553796,5.927854111167949,2,0.04595077245482272,0.0
484,17,.,PUNCT,punct,0.15089970787094353,3.7008451783641614,3.549945470493218,,0.019347011037006503,0.0
484,18,[,PUNCT,punct,0.5438140291579643,10.123349321741799,9.579535292583834,,0.159058915474447,0.0
484,19,3,NUM,dep,-0.024497689003981193,11.941510998755986,11.966008687759967,,0.2599133230990691,0.0
484,20,],PUNCT,punct,0.8131121762709057,10.123349321741799,9.310237145470893,,0.17970294138879944,0.0
485,1,Announce,VERB,root,-0.05457781598632394,15.18943851219957,15.244016328185895,,0.7360715638277231,0.2
485,2,every,DET,det,-1.5733909727260968,11.101975670949232,12.675366643675329,0,0.20567127279115358,0.2
485,3,floor,NOUN,obj,1.2526936016805,12.604476011478415,11.351782409797915,1,0.3816827093407759,0.2
485,4,.,PUNCT,punct,0.11470635642518578,3.7008451783641614,3.5861388219389756,,0.018203067777875104,0.2
486,1,At,ADP,case,-0.6039599783785476,8.055012191978644,8.658972170357192,0,0.09739666071824205,0.0
486,2,every,DET,det,0.37068778444304407,11.101975670949232,10.731287886506188,0,0.2683168330077082,0.0
486,3,floor,NOUN,obl,0.4878361420692823,12.604476011478415,12.116639869409132,2,0.5291236358693081,0.0
486,4,",",PUNCT,punct,-0.3744363791799836,4.552360855055908,4.926797234235892,,0.0334811277762346,0.0
486,5,make,VERB,root,-0.7341672137545459,9.979985146570622,10.714152360325167,,0.1375906550992039,0.0
486,6,a,DET,det,-0.7451183015363316,5.916808727223201,6.661927028759533,0,0.04633972835593865,0.0
486,7,loud,ADJ,amod,-0.2292179134923824,14.18943851219957,14.418656425691953,0,0.5238010555484542,0.1
486,8,announcement,NOUN,obj,1.0176468400758996,5.482079380118688,4.464432540042789,2,0.04886254529573238,0.1
486,9,telling,VERB,acl,-0.9859870772688577,13.18943851219957,14.175425589468428,1,0.7624269330057789,0.1
486,10,everyone,PRON,iobj,-0.2785011693909887,12.019513510757259,12.298014680148247,1,0.2793531800258984,0.1
486,11,the,DET,det,-0.283552791162478,4.733084097091282,5.01663688825376,0,0.042803846422167904,0.1
486,12,floor,NOUN,compound,1.2906503698241796,12.604476011478415,11.313825641654235,0,0.363781701424426,0.1
486,13,number,NOUN,obj,-0.061374165165512196,11.941510998755986,12.002885163921498,3,0.213502420009535,0.1
486,14,.,PUNCT,punct,0.35221800623796895,3.7008451783641614,3.3486271721261924,,0.019468936041591486,0.1
487,1,You,PRON,nsubj,0.406728407907031,6.339251674553796,5.932523266646765,0,0.06306914613167432,0.0
487,2,can,AUX,aux,1.7458086679208176,8.388538612279266,6.642729944358448,0,0.24994233780035097,0.0
487,3,also,ADV,advmod,0.08750309153628066,9.434551010036103,9.347047918499822,0,0.5085962990853103,0.0
487,4,pretend,VERB,root,1.036997370087776,6.197916666123875,5.1609192960360994,,0.9466107973275178,0.0
487,5,to,PART,mark,-0.4983378192277943,5.85516522689238,6.353503046120174,0,0.09894070772860711,0.0
487,6,conduct,VERB,xcomp,0.9927090885186987,6.197916666123875,5.205207577605177,1,0.17659099292892905,0.0
487,7,people,NOUN,obj,-0.08656619821295486,9.270575274924976,9.357141473137931,1,0.2628770939300555,0.0
487,8,onto,ADP,case,-0.19013934806430477,13.604476011478415,13.79461535954272,0,0.8882214379995327,0.0
487,9,the,DET,det,2.4794575449931973,4.733084097091282,2.253626552098085,0,0.9872457596963041,0.0
487,10,elevator,NOUN,obl,-3.0518301112773587,5.482079380118688,8.533909491396047,3,1.6254625691339095,0.0
487,11,",",PUNCT,punct,0.4747295721015963,4.552360855055908,4.077631282954312,,0.1270108921542983,0.0
487,12,saying,VERB,advcl,-1.2098412355488612,13.382083590141967,14.591924825690828,1,0.5209037289387106,0.0
487,13,“,PUNCT,punct,0.7913871989879073,8.673738673915528,7.882351474927621,,0.09781806792023376,0.0
487,14,All,DET,obj,-0.44550488524594734,8.312921565634571,8.758426450880519,1,0.09142241452241219,0.0
487,15,aboard,ADP,case,0.5841934772952175,13.867510417312209,13.283316940016991,0,0.6058514441288995,0.0
487,16,the,DET,det,1.1262662811851607,4.733084097091282,3.6068178159061217,0,0.03227616916192,0.0
487,17,elevator,NOUN,compound,1.4022058845298089,5.482079380118688,4.079873495588879,0,0.03323956398608308,0.0
487,18,train,NOUN,nmod,-1.1770919854487527,15.18943851219957,16.366530497648323,4,0.6777946412077794,0.1
487,19,!,PUNCT,punct,0.7760581187521893,8.195085075340712,7.419026956588523,,0.06954181507088565,0.1
487,20,”,PUNCT,punct,0.5714119052320559,8.730006893562273,8.158594988330217,,0.11371621126475501,0.1
488,1,Exclaim,VERB,root,0.8254603755137726,6.197916666123875,5.372456290610103,,0.06508830294114955,0.0
488,2,that,SCONJ,mark,-1.5026569943408772,6.437894453110473,7.94055144745135,0,0.08761809496815702,0.0
488,3,you,PRON,nsubj,-0.36798338925241314,6.339251674553796,6.707235063806209,0,0.15048787590101723,0.0
488,4,'ve,AUX,aux,0.5353018458141339,10.235242201812696,9.699940355998562,0,0.3061143497121392,0.0
488,5,lost,VERB,ccomp,0.6758859384716711,12.282547916591051,11.60666197811938,3,0.35742236089592483,0.0
488,6,a,DET,det,-0.4194371894526112,5.916808727223201,6.3362459166758125,0,0.04318712805055874,0.0
488,7,beast,NOUN,obj,1.2670214759991243,5.482079380118688,4.215057904119564,2,0.033091348137672984,0.0
488,8,.,PUNCT,punct,0.651094352533788,3.7008451783641614,3.0497508258303734,,0.017016967933700368,0.0
489,1,Most,ADJ,amod,0.12512106709979953,10.123349321741799,9.998228254642,0,0.19739127231302583,0.0
489,2,people,NOUN,nsubj,2.0375684505322695,9.270575274924976,7.233006824392707,1,0.38901470506676644,0.0
489,3,will,AUX,aux,0.19513675422855137,9.060155495254604,8.865018741026052,0,0.6266283708900158,0.0
489,4,probably,ADV,advmod,0.9027310187161781,11.101975670949232,10.199244652233054,0,0.9085967615235181,0.0
489,5,see,VERB,root,-5.06364162330048,9.589525670012442,14.653167293312922,,1.3393850145985875,0.0
489,6,that,SCONJ,mark,-0.16146849022867737,6.437894453110473,6.59936294333915,0,0.0629052045071368,0.0
489,7,this,PRON,nsubj,-0.0670981209040109,7.086150703787548,7.153248824691559,0,0.034865252229432,0.0
489,8,is,AUX,cop,0.14725451864308425,6.470049691257488,6.322795172614404,0,0.03819513423550106,0.0
489,9,a,DET,det,-0.3383292430682401,5.916808727223201,6.255137970291441,0,0.05836083310523149,0.0
489,10,joke,NOUN,ccomp,1.32726273224457,11.665876556142557,10.338613823897987,4,0.28987526674119174,0.0
489,11,.,PUNCT,punct,0.4534005447654992,3.7008451783641614,3.247444633598662,,0.017390239072413518,0.0
490,1,Build,VERB,root,0.625054288877541,12.867510417312209,12.242456128434668,,0.5180142313351,0.0
490,2,in,ADP,obl,-1.0927743310258524,6.195085075340713,7.287859406366565,0,0.20845092340040955,0.0
490,3,or,CCONJ,cc,1.5026183103586686,8.461518057636372,6.958899747277703,0,1.4860662914985827,0.0
490,4,add,VERB,conj,-4.941731566627306,14.18943851219957,19.131170078826877,1,1.799758843506301,0.0
490,5,something,PRON,obj,-0.08678036863662442,10.545582322424846,10.63236269106147,1,0.2838707503249173,0.0
490,6,to,ADP,case,-0.3391898832599889,5.85516522689238,6.194355110152369,0,0.0549185715081971,0.0
490,7,the,DET,det,-0.058629928448532986,4.733084097091282,4.791714025539815,0,0.03945524400377798,0.0
490,8,elevator,NOUN,obl,1.3200697349138864,5.482079380118688,4.162009645204802,3,0.030207093234384322,0.0
490,9,.,PUNCT,punct,0.39490822502464074,3.7008451783641614,3.3059369533395206,,0.021997248902389806,0.0
491,1,For,ADP,case,-0.6007896276470355,7.502937985016352,8.103727612663388,0,0.054257875705539194,0.0
491,2,example,NOUN,obl,4.9589040043617745,11.604476011478415,6.64557200711664,1,0.4687103005939714,0.0
491,3,",",PUNCT,punct,2.1339773351488,4.552360855055908,2.418383519907108,,0.27523602203550385,0.0
491,4,build,VERB,root,-8.901909657459884,12.867510417312209,21.769420074772093,,1.0023893897403684,0.0
491,5,a,DET,det,-0.7618263150189941,5.916808727223201,6.678635042242195,0,0.04581917790800263,0.0
491,6,Lego,PROPN,compound,-0.4043081267015456,6.11262291514874,6.5169310418502855,0,0.05787764044020811,0.0
491,7,city,NOUN,obj,0.8599025360121075,11.434551010036103,10.574648474023995,2,0.42899437217445247,0.0
491,8,in,ADP,case,0.03227480240159508,6.195085075340713,6.162810272939118,0,0.05465149652405383,0.0
491,9,the,DET,det,0.43537382548649095,4.733084097091282,4.2977102716047915,0,0.03920661267220373,0.0
491,10,middle,NOUN,obl,0.35307419354408864,12.488998794058478,12.13592460051439,2,0.5312650462084983,0.0
491,11,of,ADP,case,0.21153467096816492,5.747531807657332,5.535997136689167,0,0.09933686804770023,0.0
491,12,the,DET,det,0.9500131762149109,4.733084097091282,3.7830709208763715,0,0.038413283266240904,0.0
491,13,elevator,NOUN,nmod,1.3154374016528978,5.482079380118688,4.16664197846579,3,0.035058811703367915,0.0
491,14,.,PUNCT,punct,0.4726464603157847,3.7008451783641614,3.2281987180483767,,0.019397343292843507,0.0
492,1,Lay,VERB,root,1.3630590796239854,13.867510417312209,12.504451337688224,,0.7699757087596617,0.0
492,2,a,DET,det,-2.3733795783357765,5.916808727223201,8.290188305558978,0,0.3317214170956556,0.0
492,3,Twister,NOUN,compound,0.7294594994374819,5.482079380118688,4.752619880681206,0,0.38901346369936424,0.0
492,4,mat,NOUN,obj,-1.1047132563066508,15.18943851219957,16.29415176850622,2,0.6052702076034171,0.0
492,5,on,ADP,case,-0.2697904475310038,7.520553527933323,7.790343975464327,0,0.08572455892732549,0.0
492,6,the,DET,det,0.5004190072610086,4.733084097091282,4.232665089830274,0,0.03096919189317119,0.0
492,7,floor,NOUN,obl,0.9965083832005828,12.604476011478415,11.607967628277832,2,0.3502423036904922,0.0
492,8,and,CCONJ,cc,-0.6562025888483314,5.740289866824134,6.396492455672465,0,0.05137467992761891,0.0
492,9,ask,VERB,conj,-0.20135703328054788,12.019513510757259,12.220870544037806,1,0.41214923546128424,0.0
492,10,people,NOUN,iobj,-0.30611252245782516,9.270575274924976,9.576687797382801,1,0.11995078604465197,0.0
492,11,if,SCONJ,mark,-0.8472453699908336,8.876555556915216,9.72380092690605,0,0.12315582220814847,0.0
492,12,they,PRON,nsubj,0.46093949777978516,7.894817763307944,7.433878265528159,0,0.08637917447615996,0.0
492,13,want,VERB,advcl,1.2461094397587953,9.96061982170369,8.714510381944894,3,0.13137192694465663,0.0
492,14,to,PART,mark,-0.5349069420284005,5.85516522689238,6.3900721689207804,0,0.05655598175224992,0.0
492,15,play,VERB,xcomp,0.35090471442771687,13.867510417312209,13.516605702884492,2,0.43996393855035043,0.0
492,16,.,PUNCT,punct,0.9634742155079841,3.7008451783641614,2.7373709628561773,,0.016158354791434508,0.0
493,1,Talk,VERB,root,1.149190142689589,12.604476011478415,11.455285868788826,,0.3319307220919542,0.0
493,2,to,ADP,case,-1.0486224694172863,5.85516522689238,6.903787696309666,0,0.50583942760645,0.0
493,3,people,NOUN,obl,4.163143936364069,9.270575274924976,5.107431338560907,1,2.828745766375564,0.0
493,4,.,PUNCT,punct,0.05217776257657647,3.7008451783641614,3.648667415787585,,0.3575220080574468,0.0
494,1,How,ADV,root,0.4418275764880235,9.167070699171116,8.725243122683093,,0.15605535644908047,0.0
494,2,to,PART,mark,0.27871856738048706,5.85516522689238,5.576446659511893,0,0.21935209577274067,0.0
494,3,Flirt,VERB,acl,0.953826708439288,6.197916666123875,5.244089957684587,1,0.23866940661871178,0.0
494,4,Through,ADP,case,-0.5186662490696676,11.434551010036103,11.95321725910577,0,0.3353792267889415,0.0
494,5,Instant,ADJ,amod,-1.3685848035381731,13.604476011478415,14.973060815016588,0,0.882439187760854,0.0
494,6,Messaging,NOUN,obl,0.682866614763805,5.482079380118688,4.799212765354883,3,0.36939634264221033,0.0
495,1,See,VERB,root,1.1502670843738478,9.589525670012442,8.439258585638594,,0.1484549509949569,0.0
495,2,Step,NOUN,obj,-2.8004901360473298,13.604476011478415,16.404966147525744,0,0.8163733863993924,0.0
495,3,1,NUM,flat,-1.499949662851904,10.634849660521933,12.134799323373837,1,0.35241671405681013,0.0
495,4,below,ADV,advmod,-0.6887713956371844,12.604476011478415,13.293247407115599,1,0.2986854595662619,0.0
495,5,to,PART,mark,-0.663783942770654,5.85516522689238,6.518949169663034,0,0.07104387211063362,0.0
495,6,start,VERB,advcl,-0.026558135881090905,12.18943851219957,12.215996648080662,1,0.7080933563228428,0.0
495,7,flirting,VERB,xcomp,-1.1239461916870495,6.197916666123875,7.321862857810925,1,0.06744426387730294,0.0
495,8,smartly,ADV,advmod,0.1379200201582833,9.200753825427405,9.062833805269122,1,0.08838035497032168,0.0
495,9,and,CCONJ,cc,-0.532613592916678,5.740289866824134,6.272903459740812,0,0.06158923896120055,0.0
495,10,respectfully,ADV,conj,1.0155518744692813,9.200753825427405,8.185201950958124,2,0.1036772771780208,0.0
495,11,.,PUNCT,punct,0.4740744527816738,3.7008451783641614,3.2267707255824876,,0.027945663375634273,0.0
496,1,Part,NOUN,root,-0.47371687864735534,10.665876556142557,11.139593434789912,,0.30223269260162977,0.0
496,2,1,NUM,flat,1.548446099090265,10.634849660521933,9.086403561431668,0,2.8093407809769064,0.0
496,3,of,ADP,case,-0.8864054732821067,5.747531807657332,6.633937280939438,0,0.2989220841065889,0.0
496,4,2,NUM,nmod,7.94086748239434,11.488998794058478,3.5481313116641378,1,2.7725450573303485,0.0
496,5,:,PUNCT,punct,0.3577440895878752,8.524102595014394,8.166358505426519,,0.6273473627326417,0.0
496,6,Flirting,NOUN,compound,-1.574670160579199,5.482079380118688,7.056749540697887,0,0.7602606348990637,0.0
496,7,Dos,NOUN,appos,-0.3673614283034965,5.482079380118688,5.849440808422185,1,0.20969095520092584,0.0
497,1,Start,VERB,root,0.8478548278427773,12.18943851219957,11.341583684356793,,0.8054094633736594,0.0
497,2,the,DET,det,-1.873104747431098,4.733084097091282,6.60618884452238,0,0.22560905077674312,0.0
497,3,conversation,NOUN,obj,-0.23679270696915466,14.604476011478415,14.84126871844757,1,0.9472212942541485,0.0
497,4,casually,ADV,advmod,-0.9550989517080772,9.200753825427405,10.155852777135483,0,0.14112823560599458,0.0
497,5,.,PUNCT,punct,0.014303591339958732,3.7008451783641614,3.6865415870242026,,0.05461210745533738,0.0
498,1,There,PRON,expl,0.5999457779647974,8.075696346150382,7.4757505681855845,0,0.10291354810212022,0.0
498,2,'s,VERB,root,2.6790252985875416,6.812227981811018,4.133202683223477,,0.17233119381486622,0.0
498,3,no,DET,det,2.4388221647543187,8.567386692743195,6.1285645279888765,0,0.629426284445604,0.0
498,4,reason,NOUN,nsubj,-7.187069682522331,13.604476011478415,20.791545694000746,1,0.9331479112948459,0.0
498,5,to,PART,mark,0.14995335827725942,5.85516522689238,5.7052118686151205,0,0.0377940807921237,0.0
498,6,be,AUX,cop,0.5628650257967234,8.075696346150382,7.5128313203536585,0,0.07864340696260574,0.0
498,7,nervous,ADJ,acl,-0.4244181127394864,14.604476011478415,15.028894124217901,3,1.0300981592100327,0.1
498,8,when,ADV,advmod,-0.6200368665678777,9.270575274924976,9.890612141492854,0,0.15897149157049598,0.1
498,9,it,PRON,nsubj,-0.3008824031354651,6.147779360562356,6.448661763697821,0,0.07072714203521326,0.1
498,10,comes,VERB,advcl,0.7761728313357796,12.282547916591051,11.506375085255272,3,0.38929043256436985,0.1
498,11,to,ADP,case,-0.515376374050935,5.85516522689238,6.370541600943315,0,0.049036963387509666,0.1
498,12,IM,NOUN,compound,0.083929727462694,5.482079380118688,5.398149652655994,0,0.02693195454725713,0.1
498,13,flirting,NOUN,obl,-0.07578730346879059,5.482079380118688,5.557866683587479,3,0.02924328831614554,0.1
498,14,—,PUNCT,punct,0.5455555901572149,8.362890024908655,7.81733443475144,,0.15815606067065496,0.1
499,1,Start,VERB,root,0.8478548278427773,12.18943851219957,11.341583684356793,,0.8054094633736594,0.0
499,2,small,ADJ,amod,-2.9080530863479996,11.730006893562273,14.638059979910272,0,0.24261851399370638,0.0
499,3,talk,NOUN,obj,-1.7856431091494613,12.604476011478415,14.390119120627876,1,0.6016389883531107,0.0
499,4,.,PUNCT,punct,0.34875918681569207,3.7008451783641614,3.3520859915484693,,0.08872520244982737,0.0
500,1,Rather,ADV,mark,-0.20595227051239817,14.18943851219957,14.395390782711969,0,0.8805185280066781,0.0
500,2,than,ADP,fixed,7.4455843876405625,10.604476011478415,3.158891623837852,1,2.7659729442638508,0.0
500,3,asking,VERB,advcl,-8.070672507656301,14.604476011478415,22.675148519134716,1,2.877416802747486,0.0
500,4,a,DET,det,-0.6400014864982237,5.916808727223201,6.556810213721425,0,0.041762131276873865,0.0
500,5,question,NOUN,obj,1.1361166867877461,11.604476011478415,10.468359324690669,2,0.23866261307520079,0.0
500,6,",",PUNCT,punct,0.5025446512862954,4.552360855055908,4.049816203769613,,0.02211092183976487,0.0
500,7,you,PRON,nsubj,-0.42262967331808543,6.339251674553796,6.761881347871881,0,0.04453016666108657,0.0
500,8,can,AUX,aux,0.09872391950936255,8.388538612279266,8.289814692769903,0,0.08522722898043116,0.0
500,9,also,ADV,advmod,0.39899643557648723,9.434551010036103,9.035554574459615,0,0.1680119411364281,0.0
500,10,simply,ADV,advmod,1.0137682241864372,13.019513510757259,12.005745286570821,0,0.7312010903547186,0.0
500,11,offer,VERB,root,0.2548813486679169,13.867510417312209,13.612629068644292,,0.8271376947171988,0.0
500,12,your,PRON,nmod:poss,0.10705128007021081,8.658057051683258,8.551005771613047,0,0.10396358096803783,0.0
500,13,comments,NOUN,obj,-0.3830338484508724,5.482079380118688,5.865113228569561,1,0.06274602042205646,0.0
500,14,on,ADP,case,-0.17538366347150713,7.520553527933323,7.6959371914048305,0,0.0738390813763127,0.0
500,15,these,DET,det,0.6155142599056802,9.461518057636372,8.846003797730692,0,0.07675537094500334,0.0
500,16,things,NOUN,obl,1.1731013040528637,10.867510417312209,9.694409113259345,2,0.2707739696814816,0.0
500,17,.,PUNCT,punct,0.5948581006837359,3.7008451783641614,3.1059870776804255,,0.023508083988730947,0.0
501,1,When,ADV,advmod,0.5479403464776436,9.270575274924976,8.722634928447333,0,0.13530096433341013,0.0
501,2,s/he,PRON,nsubj,5.193901478643882,13.867510417312209,8.673608938668327,0,3.439164213325173,0.0
501,3,responds,VERB,advcl,0.8828670626717665,6.197916666123875,5.315049603452109,2,0.5721560737845219,0.0
501,4,",",PUNCT,punct,-1.2151348611241177,4.552360855055908,5.767495716180026,,0.8724007430628282,0.0
501,5,add,VERB,root,-5.5959428910867555,14.18943851219957,19.785381403286326,,1.6981797622487629,0.0
501,6,your,PRON,nmod:poss,-0.13673100930751403,8.658057051683258,8.794788060990772,0,0.09683979374592297,0.0
501,7,own,ADJ,amod,-0.40931800446597855,11.331457517071998,11.740775521537977,0,0.44828063665091494,0.0
501,8,comments,NOUN,obj,0.42666259982083865,5.482079380118688,5.05541678029785,2,0.05368998811617762,0.0
501,9,or,CCONJ,cc,-0.6145042922304871,8.461518057636372,9.076022349866859,0,0.08499493079216715,0.0
501,10,ask,VERB,conj,0.09837460593897873,12.019513510757259,11.92113890481828,1,0.40133681842379465,0.0
501,11,follow,NOUN,compound,-0.8728754797027491,13.867510417312209,14.740385897014958,0,0.6363677397888338,0.0
501,12,-,PUNCT,punct,0.7993948784546046,8.337689470783513,7.538294592328908,,0.1010840552781872,0.0
501,13,up,ADP,compound:prt,-0.13446124974248086,9.13415607669838,9.268617326440861,1,0.14197631672284383,0.0
501,14,questions,NOUN,obj,0.37973432946699326,11.867510417312209,11.487776087845216,2,0.36905683491116015,0.0
501,15,and,CCONJ,cc,-0.5827694965032224,5.740289866824134,6.323059363327356,0,0.053251521440616484,0.0
501,16,proceed,VERB,conj,0.021781529725728888,14.18943851219957,14.167656982473842,1,0.6890913314426039,0.0
501,17,from,ADP,case,-0.08985343052251338,8.288571704218821,8.378425134741335,0,0.07606199323799799,0.0
501,18,there,ADV,obl,0.12302596816668565,8.075696346150382,7.952670377983696,2,0.08986653327758803,0.0
501,19,!,PUNCT,punct,0.1680635497825822,8.195085075340712,8.02702152555813,,0.06343777074841497,0.0
502,1,Do,AUX,aux,0.7443699706952938,7.650279701091539,6.905909730396245,0,0.06751253051743049,0.0
502,2,n't,PART,advmod,2.6300812262755286,7.876555556915215,5.246474330639686,0,0.18381827934121633,0.0
502,3,dwell,VERB,root,-1.0084402835039592,6.197916666123875,7.206356949627835,,0.23943293429105825,0.0
502,4,too,ADV,advmod,-0.216953982167146,10.604476011478415,10.82142999364556,0,0.27022781927403033,0.0
502,5,long,ADV,advmod,3.2482290431109675,10.382083590141967,7.1338545470309995,1,1.246653773023394,0.0
502,6,on,ADP,case,-1.2999581589189244,7.520553527933323,8.820511686852248,0,0.4865406187412353,0.0
502,7,small,ADJ,amod,-1.1117196896597452,11.730006893562273,12.841726583222018,0,0.7522807320405803,0.0
502,8,talk,NOUN,obl,-3.1911116425516806,12.604476011478415,15.795587654030095,2,1.7247047436550165,0.0
502,9,.,PUNCT,punct,0.5078578060503038,3.7008451783641614,3.1929873723138575,,0.03228175161139398,0.0
503,1,A,DET,det,-0.7489890469122029,5.916808727223201,6.665797774135404,0,0.04887894799059029,0.0
503,2,minute,NOUN,nsubj,1.7522731612219893,12.730006893562273,10.977733732340283,1,0.8839947249837795,0.0
503,3,or,CCONJ,cc,-2.382607858143386,8.461518057636372,10.844125915779758,0,0.6954068774195282,0.0
503,4,two,NUM,conj,-0.5665019247358831,9.282547916591051,9.849049841326934,2,0.7361434169523878,0.0
503,5,is,AUX,cop,-1.1012092946279113,6.470049691257488,7.571258985885399,0,0.3266862460196888,0.0
503,6,great,ADJ,root,1.0911273695145862,10.904036293337322,9.812908923822736,,0.2780049324126359,0.0
503,7,for,SCONJ,mark,0.18049568903856805,7.502937985016352,7.322442295977784,0,0.05078286637326581,0.0
503,8,breaking,VERB,advcl,-3.849991623468645,15.18943851219957,19.039430135668216,1,0.5653883544356462,0.0
503,9,the,DET,det,0.3097594946691906,4.733084097091282,4.423324602422092,0,0.06512199876485426,0.0
503,10,ice,NOUN,obj,1.364486944045188,13.604476011478415,12.239989067433227,2,0.5876182348637754,0.0
503,11,",",PUNCT,punct,0.3877537249321428,4.552360855055908,4.164607130123765,,0.030875800494538388,0.0
503,12,but,CCONJ,cc,-0.345886320038824,8.167070699171116,8.51295701920994,0,0.08463600187438465,0.0
503,13,much,ADV,advmod,0.39930142455195217,10.282547916591051,9.883246492039099,0,0.19890595045219278,0.0
503,14,more,ADJ,nsubj,0.47572107503365224,9.502937985016352,9.0272169099827,1,0.2700785602081934,0.0
503,15,can,AUX,aux,-0.06233136269968931,8.388538612279266,8.450869974978955,0,0.0771024497708679,0.0
503,16,get,VERB,conj,0.17324543466386721,9.282547916591051,9.109302481927184,3,0.16434200468348742,0.0
503,17,boring,ADJ,xcomp,-0.12720216038498755,6.939140094293238,7.066342254678226,1,0.11522689574146379,0.0
503,18,fast,ADV,advmod,-0.26193185879045977,13.18943851219957,13.45137037099003,1,0.5379422804949288,0.0
503,19,.,PUNCT,punct,0.28653874914603916,3.7008451783641614,3.414306429218122,,0.033361415289316305,0.0
504,1,You,PRON,nsubj,0.406728407907031,6.339251674553796,5.932523266646765,0,0.06306914613167432,0.0
504,2,can,AUX,aux,1.7458086679208176,8.388538612279266,6.642729944358448,0,0.24994233780035097,0.0
504,3,even,ADV,advmod,1.4557386910787837,10.434551010036103,8.978812318957319,0,0.5826188646867575,0.0
504,4,offer,VERB,root,-2.3993963148281647,13.867510417312209,16.266906732140374,,0.6664627517899778,0.0
504,5,your,PRON,nmod:poss,-0.011966169498716539,8.658057051683258,8.670023221181975,0,0.09625054956938074,0.0
504,6,own,ADJ,amod,-0.3990375717044756,11.331457517071998,11.730495088776474,0,0.45814243272109767,0.0
504,7,opinions,NOUN,obj,0.4012231785975162,5.482079380118688,5.080856201521172,2,0.06744171619623468,0.0
504,8,and,CCONJ,cc,-0.5601226982900993,5.740289866824134,6.300412565114233,0,0.07284675823877039,0.0
504,9,suggestions,NOUN,conj,0.17979295243381888,5.482079380118688,5.302286427684869,2,0.070492217698876,0.0
504,10,.,PUNCT,punct,0.44345124157501736,3.7008451783641614,3.257393936789144,,0.02930152760211912,0.0
505,1,Joke,VERB,root,-0.5995989494916643,11.665876556142557,12.265475505634221,,0.4721967508476776,0.0
505,2,.,PUNCT,punct,-0.6491562463518794,3.7008451783641614,4.350001424716041,,0.38323945775165974,0.0
506,1,Everyone,PRON,nsubj,0.24426897296608807,12.019513510757259,11.77524453779117,0,0.4226108644045313,0.0
506,2,likes,VERB,root,0.22850856321202606,15.18943851219957,14.960929948987545,,1.1228917577488033,0.1
506,3,a,DET,det,-0.9093148345182955,5.916808727223201,6.826123561741497,0,0.03191269147104881,0.1
506,4,good,ADJ,amod,0.026022829520337964,9.447971525798424,9.421948696278086,0,0.18140204168917773,0.1
506,5,sense,NOUN,obj,1.0320439443025275,13.382083590141967,12.35003964583944,2,0.7928395274354797,0.1
506,6,of,ADP,case,-0.21769058229487115,5.747531807657332,5.965222389952203,0,0.02486399227603947,0.1
506,7,humor,NOUN,nmod,0.8817842698963307,5.482079380118688,4.6002951102223575,2,0.03606847266971341,0.1
506,8,.,PUNCT,punct,0.3942393316724604,3.7008451783641614,3.306605846691701,,0.018403933169140522,0.1
507,1,In,ADP,case,-0.7512908726612668,6.195085075340713,6.94637594800198,0,0.059321265642547326,0.0
507,2,our,PRON,nmod:poss,0.5363170693953432,9.258701174636684,8.722384105241341,0,0.19441029384087197,0.0
507,3,example,NOUN,compound,-1.267279011163371,11.604476011478415,12.871755022641786,0,0.29430459132943915,0.0
507,4,conversation,NOUN,obl,-0.8185311592509965,14.604476011478415,15.423007170729411,3,0.656288197696119,0.0
507,5,",",PUNCT,punct,-0.422516083845478,4.552360855055908,4.974876938901386,,0.03952032631081929,0.0
507,6,you,PRON,nsubj,-0.8318740819493815,6.339251674553796,7.171125756503177,0,0.06639179474559279,0.0
507,7,might,AUX,aux,0.813916094104254,11.434551010036103,10.620634915931848,0,0.2606915778390041,0.0
507,8,work,VERB,root,-0.21200609728069963,10.40807879867491,10.62008489595561,,0.19819873740733998,0.0
507,9,a,DET,det,-0.49535550167964804,5.916808727223201,6.412164228902849,0,0.04214075397892832,0.0
507,10,joke,NOUN,obj,1.2624816625346362,11.665876556142557,10.40339489360792,1,0.2941168170433303,0.0
507,11,or,CCONJ,cc,-0.42200394735424673,8.461518057636372,8.883522004990619,0,0.08648865298873619,0.0
507,12,two,NUM,conj,-0.6095018585138661,9.282547916591051,9.892049775104917,2,0.1690964742565562,0.0
507,13,into,ADP,case,0.14606664345399523,9.849588509314946,9.703521865860951,0,0.1416040817163201,0.0
507,14,your,PRON,nmod:poss,-0.3031093134546996,8.658057051683258,8.961166365137958,0,0.11438802707936117,0.0
507,15,music,NOUN,compound,0.6139602604280707,12.867510417312209,12.253550156884138,0,0.8369692307408225,0.0
507,16,-,PUNCT,punct,0.45720970716395204,8.337689470783513,7.880479763619561,,0.07787269811355572,0.0
507,17,related,ADJ,amod,-0.5264400616333305,14.18943851219957,14.715878573832901,1,0.8384147301089833,0.0
507,18,small,ADJ,amod,-0.06283036631540284,11.730006893562273,11.792837259877675,0,0.22657758318257862,0.0
507,19,talk,NOUN,obl,-1.5704959637121778,12.604476011478415,14.174971975190592,4,0.7727039378356283,0.0
507,20,.,PUNCT,punct,0.5071453837333686,3.7008451783641614,3.193699794630793,,0.03501785891198377,0.0
508,1,Part,NOUN,root,-0.47371687864735534,10.665876556142557,11.139593434789912,,0.30223269260162977,0.0
508,2,2,NUM,flat,2.5625843457657798,11.488998794058478,8.926414448292698,0,3.261336610675668,0.0
508,3,of,ADP,case,-1.0762828206134802,5.747531807657332,6.823814628270812,0,0.28779119309973106,0.0
508,4,2,NUM,nmod,6.400621791644598,11.488998794058478,5.08837700241388,1,2.4969370939902893,0.0
508,5,:,PUNCT,punct,0.48815920335549556,8.524102595014394,8.035943391658899,,0.7036628731878531,0.0
508,6,Flirting,NOUN,compound,-1.4590735271963586,5.482079380118688,6.941152907315047,0,0.737235495688318,0.0
508,7,Don'ts,NOUN,appos,-0.35942362012575835,5.482079380118688,5.841503000244447,1,0.21014801893379442,0.0
509,1,Do,AUX,aux,0.7443699706952938,7.650279701091539,6.905909730396245,0,0.06751253051743049,0.0
509,2,n't,PART,advmod,2.6300812262755286,7.876555556915215,5.246474330639686,0,0.18381827934121633,0.0
509,3,be,AUX,cop,-1.5424721709820481,8.075696346150382,9.61816851713243,0,0.30197560709146004,0.0
509,4,too,ADV,advmod,-0.4685713206020008,10.604476011478415,11.073047332080415,0,0.2726386297426719,0.0
509,5,self,PRON,compound,-1.1705530512951956,12.867510417312209,14.038063468607405,0,1.0710861548539858,0.0
509,6,-,PUNCT,punct,5.657761687297757,8.337689470783513,2.679927783485756,,2.595250293034897,0.0
509,7,deprecating,ADJ,root,-2.2942635424702917,6.939140094293238,9.23340363676353,,0.7526419964616352,0.0
509,8,.,PUNCT,punct,-0.45264216494277365,3.7008451783641614,4.153487343306935,,0.37910759227118257,0.0
510,1,Simply,ADV,advmod,0.2361430175453627,13.019513510757259,12.783370493211896,0,0.7477906432098779,0.0
510,2,put,VERB,advcl,-0.5280361504914541,10.30679546283773,10.834831613329184,1,0.33295244353458303,0.0
510,3,",",PUNCT,punct,0.435804195589121,4.552360855055908,4.116556659466787,,0.017165895846550944,0.0
510,4,confidence,NOUN,nsubj,-1.0346114997820255,5.482079380118688,6.516690879900714,0,0.03830930626816079,0.0
510,5,is,AUX,cop,-1.1236605666677066,6.470049691257488,7.593710257925195,0,0.04892445730478919,0.0
510,6,sexy,ADJ,root,0.8996900071961571,6.939140094293238,6.039450087097081,,0.04982140068641677,0.0
510,7,.,PUNCT,punct,0.4279306029440906,3.7008451783641614,3.272914575420071,,0.023955200228231846,0.0
511,1,For,ADP,case,-0.6007896276470355,7.502937985016352,8.103727612663388,0,0.054257875705539194,0.0
511,2,instance,NOUN,obl,3.236752992779488,14.18943851219957,10.952685519420083,1,2.231584292004503,0.0
511,3,",",PUNCT,punct,1.8688324724306193,4.552360855055908,2.6835283826252887,,1.5781981177311069,0.0
511,4,you,PRON,nsubj,1.8976489242408459,6.339251674553796,4.44160275031295,0,4.252345668954624,0.0
511,5,'ll,AUX,aux,-2.4522578284042122,10.40807879867491,12.860336627079123,0,2.272872680981291,0.0
511,6,want,VERB,root,-4.723235956885079,9.96061982170369,14.683855778588768,,2.336423920570606,0.0
511,7,to,PART,mark,-0.6577490291349033,5.85516522689238,6.512914256027283,0,0.058747260325585825,0.0
511,8,avoid,VERB,xcomp,0.42914457689832197,15.18943851219957,14.760293935301249,1,0.6297906966050267,0.4
511,9,making,VERB,xcomp,-1.0530538155529214,11.867510417312209,12.92056423286513,1,0.2994184920874678,0.4
511,10,lots,NOUN,obj,-0.35501709160901207,13.019513510757259,13.37453060236627,1,0.2973879407085097,0.4
511,11,of,ADP,case,-0.1672482629339953,5.747531807657332,5.914780070591327,0,0.04516606877243253,0.4
511,12,jokes,NOUN,nmod,0.746720925356918,12.730006893562273,11.983285968205355,2,0.34881752274270506,0.4
511,13,at,ADP,case,-0.10622158040727392,8.055012191978644,8.161233772385918,0,0.06084113760162682,0.4
511,14,your,PRON,nmod:poss,0.1022220674321197,8.658057051683258,8.555834984251138,0,0.04078466178878579,0.4
511,15,own,ADJ,amod,0.17158673623931264,11.331457517071998,11.159870780832685,0,0.44982575279188375,0.4
511,16,expense,NOUN,nmod,0.7937844638713445,5.482079380118688,4.688294916247344,4,0.042166839591880244,0.4
511,17,.,PUNCT,punct,0.5506030705848062,3.7008451783641614,3.150242107779355,,0.013718120180507843,0.4
512,1,Just,ADV,advmod,0.45412130001609086,8.627196087978497,8.173074787962406,0,0.12776349974789292,0.0
512,2,one,NUM,nsubj,0.8418757911518906,8.552813891655921,7.7109381005040305,1,1.1302337747026474,0.0
512,3,is,AUX,cop,0.01810699301489027,6.470049691257488,6.451942698242598,0,0.7598676109231702,0.0
512,4,plenty,ADJ,parataxis,-5.340750346127978,15.18943851219957,20.53018885832755,2,1.0089630174984394,0.2
512,5,—,PUNCT,punct,-0.31834301840721224,8.362890024908655,8.681233043315867,,0.06958383818824533,0.2
512,6,it,PRON,nsubj,-0.24586026069972622,6.147779360562356,6.393639621262082,0,0.047631575542691804,0.2
512,7,should,AUX,aux,0.8421907419078263,10.461518057636372,9.619327315728546,0,0.16734160525856248,0.2
512,8,n't,PART,advmod,1.1593554960201118,7.876555556915215,6.717200060895103,0,0.050618726617743824,0.2
512,9,be,AUX,cop,0.8537113808436771,8.075696346150382,7.221984965306705,0,0.07007981802996568,0.2
512,10,a,DET,det,-1.698486848159905,5.916808727223201,7.615295575383106,0,0.03861075567679434,0.2
512,11,recurring,VERB,amod,-1.9349739594813613,6.197916666123875,8.132890625605237,0,0.15797950437608493,0.2
512,12,theme,NOUN,root,-0.06746238948005079,13.382083590141967,13.449545979622018,,0.599117748100742,0.2
512,13,throughout,ADP,case,-0.06385248674744481,13.382083590141967,13.445936076889412,0,0.7632463606104668,0.2
512,14,your,PRON,nmod:poss,0.2893860652594604,8.658057051683258,8.368670986423798,0,0.11491677486687393,0.2
512,15,conversation,NOUN,nmod,-0.570609379096437,14.604476011478415,15.175085390574852,2,0.994009301158132,0.2
512,16,.,PUNCT,punct,0.3964742857655783,3.7008451783641614,3.304370892598583,,0.199860099403614,0.2
513,1,Do,AUX,aux,0.7443699706952938,7.650279701091539,6.905909730396245,0,0.06751253051743049,0.0
513,2,n't,PART,advmod,2.6300812262755286,7.876555556915215,5.246474330639686,0,0.18381827934121633,0.0
513,3,be,AUX,cop,-1.5424721709820481,8.075696346150382,9.61816851713243,0,0.30197560709146004,0.0
513,4,too,ADV,advmod,-0.4685713206020008,10.604476011478415,11.073047332080415,0,0.2726386297426719,0.0
513,5,sappy,ADJ,root,0.6123913977201942,6.939140094293238,6.326748696573044,,0.9342846432677017,0.0
513,6,.,PUNCT,punct,0.8178114720813747,3.7008451783641614,2.8830337062827867,,0.1666984434436891,0.0
514,1,People,NOUN,nsubj,-0.6847786095556927,9.270575274924976,9.955353884480669,0,0.14107355784754055,0.0
514,2,like,VERB,root,-0.535942398730632,7.951033772874491,8.486976171605123,,0.6761060877578654,0.0
514,3,flirting,NOUN,obj,-0.7020512832364956,5.482079380118688,6.184130663355184,0,0.7591315332390245,0.0
514,4,to,PART,mark,-0.02965984224678664,5.85516522689238,5.884825069139167,0,0.24664694024045125,0.0
514,5,be,AUX,cop,-0.044353275101297385,8.075696346150382,8.12004962125168,0,0.457453287293538,0.0
514,6,fun,ADJ,xcomp,-2.150933813828841,12.282547916591051,14.433481730419892,2,0.7755811304850954,0.0
514,7,.,PUNCT,punct,0.25493428176104027,3.7008451783641614,3.445910896603121,,0.03764809788947572,0.0
515,1,Instead,ADV,mark,0.5760894105681889,13.867510417312209,13.29142100674402,0,1.095421830916555,0.0
515,2,of,ADP,fixed,2.905154609454578,5.747531807657332,2.8423771982027537,1,2.7030170127355935,0.0
515,3,relying,VERB,advcl,1.3993041741849828,6.197916666123875,4.798612491938893,1,3.5154574307213524,0.0
515,4,too,ADV,advmod,-0.5972307616297652,10.604476011478415,11.20170677310818,0,0.43150645674476473,0.0
515,5,heavily,ADV,advmod,0.0867793118764979,9.200753825427405,9.113974513550907,2,0.6496199052107219,0.0
515,6,on,ADP,case,-1.1014787429016852,7.520553527933323,8.622032270835009,0,0.36449519396456936,0.0
515,7,compliments,NOUN,obl,0.3997148019788419,5.482079380118688,5.082364578139846,2,0.2694604447510129,0.0
515,8,",",PUNCT,punct,-0.3079687187032958,4.552360855055908,4.860329573759204,,0.3220229766112788,0.0
515,9,instead,ADV,advmod,-0.33436839192755485,13.867510417312209,14.201878809239764,0,1.030881334068461,0.0
515,10,",",PUNCT,punct,2.485354743608864,4.552360855055908,2.067006111447044,,1.0716481013692232,0.0
515,11,focus,VERB,root,-9.051558104722615,15.18943851219957,24.240996616922185,,3.5508891400894456,0.2
515,12,on,SCONJ,mark,-0.34451756708092773,7.520553527933323,7.865071095014251,0,0.16811118300229236,0.2
515,13,having,VERB,advcl,-1.951088195213087,11.867510417312209,13.818598612525296,1,0.2352032955305477,0.2
515,14,an,DET,det,0.009965441653543294,8.922651971504669,8.912686529851126,0,0.12091942462647623,0.2
515,15,engaging,ADJ,amod,0.19393843963689505,6.939140094293238,6.745201654656343,0,0.06646029492554799,0.2
515,16,",",PUNCT,punct,-0.125986923573441,4.552360855055908,4.678347778629349,,0.05745796807061974,0.2
515,17,genuine,ADJ,amod,0.1513504656282656,6.939140094293238,6.787789628664973,0,0.06795935939718507,0.2
515,18,conversation,NOUN,obj,0.0042381079417985745,14.604476011478415,14.600237903536616,4,1.2973541866001916,0.2
515,19,.,PUNCT,punct,0.36358089176729047,3.7008451783641614,3.337264286596871,,0.28179631843316977,0.2
516,1,Follow,VERB,root,0.44336289634272497,13.867510417312209,13.424147520969484,,1.0564167943430145,0.0
516,2,the,DET,det,-1.9774702418980716,4.733084097091282,6.710554338989354,0,0.4643436732121815,0.0
516,3,mantra,NOUN,obj,0.9310931797116169,5.482079380118688,4.550986200407071,1,0.2613950781692242,0.0
516,4,"""",PUNCT,punct,0.08833760498060794,7.845142604283754,7.756804999303146,,0.1778764198527755,0.0
516,5,show,VERB,appos,-1.2695052745719515,11.941510998755986,13.211016273327937,1,0.5045703138179899,0.0
516,6,",",PUNCT,punct,0.3322192529114236,4.552360855055908,4.220141602144484,,0.07362610017882704,0.0
516,7,do,AUX,aux,-1.3038700842362188,7.650279701091539,8.954149785327758,0,0.1226737736728898,0.0
516,8,n't,PART,advmod,0.31699196780032146,7.876555556915215,7.559563589114894,0,0.06580655690087718,0.0
516,9,tell,VERB,parataxis,1.4008632525853777,11.282547916591051,9.881684664005673,3,0.32094121326531133,0.0
516,10,.,PUNCT,punct,0.9054079687857604,3.7008451783641614,2.795437209578401,,0.015508112844466876,0.0
516,11,"""",PUNCT,punct,0.671528127137833,7.845142604283754,7.173614477145921,,0.14091007759134608,0.0
517,1,How,ADV,root,0.4418275764880235,9.167070699171116,8.725243122683093,,0.15605535644908047,0.0
517,2,to,PART,mark,0.27871856738048706,5.85516522689238,5.576446659511893,0,0.21935209577274067,0.0
517,3,Make,VERB,acl,-0.3242391035312213,9.979985146570622,10.304224250101843,1,0.35047537422037767,0.0
517,4,a,DET,det,-0.6373444385355258,5.916808727223201,6.554153165758727,0,0.051382682863085276,0.0
517,5,Glowstick,NOUN,obj,1.243174900457916,5.482079380118688,4.238904479660772,2,0.020749638478355106,0.0
518,1,Those,DET,det,-0.4216159589528914,10.488998794058478,10.91061475301137,0,0.14879753672790735,0.0
518,2,glowing,ADJ,amod,-0.2556224356427217,6.939140094293238,7.19476252993596,0,0.4729541732069578,0.0
518,3,Mountain,PROPN,compound,-0.3802718899091122,15.18943851219957,15.569710402108683,0,0.8570078127996913,0.1
518,4,Dew,PROPN,compound,-0.9476067199515095,6.11262291514874,7.060229635100249,2,0.07715718644974293,0.1
518,5,videos,NOUN,nsubj,-0.9604891089332366,14.18943851219957,15.149927621132807,2,0.540675514520144,0.1
518,6,with,ADP,case,-0.6192790156793446,7.899419665266953,8.518698680946297,0,0.05727428468293357,0.1
518,7,peroxide,NOUN,nmod,0.7861918848910499,5.482079380118688,4.695887495227638,2,0.0400400571610502,0.1
518,8,and,CCONJ,cc,-0.5160042329071617,5.740289866824134,6.256294099731296,0,0.043566360575045995,0.1
518,9,baking,NOUN,compound,0.09988183584909027,5.482079380118688,5.382197544269598,0,0.05162689422913552,0.1
518,10,soda,NOUN,conj,-0.18547602567763732,5.482079380118688,5.6675554057963256,3,0.033475289593865434,0.1
518,11,are,AUX,cop,-0.47666522846142545,7.693583485312399,8.170248713773825,0,0.0786218610430683,0.1
518,12,all,ADV,advmod,-0.4167311704424961,8.312921565634571,8.729652736077067,0,0.08163141866891704,0.1
518,13,hoaxes,NOUN,root,1.0231216699564332,5.482079380118688,4.458957710162255,,0.026589067219929225,0.1
518,14,.,PUNCT,punct,0.12987488696060057,3.7008451783641614,3.570970291403561,,0.026204262809604056,0.1
519,1,If,SCONJ,mark,0.6507670307312896,8.876555556915216,8.225788526183926,0,0.12486982165802919,0.0
519,2,you,PRON,nsubj,1.234255010938349,6.339251674553796,5.104996663615447,0,0.08892111424232486,0.0
519,3,'re,AUX,cop,0.4496465515746362,9.0809140554214,8.631267503846765,0,0.4399967445138847,0.0
519,4,still,ADV,advmod,-0.55187963562752,10.634849660521933,11.186729296149453,0,0.3785881550360229,0.0
519,5,curious,ADJ,advcl,0.09456580801067194,6.939140094293238,6.844574286282566,4,0.5827733109116633,0.0
519,6,",",PUNCT,punct,0.3557296412513118,4.552360855055908,4.196631213804596,,0.3103512921734129,0.0
519,7,read,VERB,root,0.2408022048703895,12.867510417312209,12.62670821244182,,1.1105505107956342,0.0
519,8,on,ADV,advmod,-0.16575303591636104,7.520553527933323,7.686306563849684,0,0.06140903814296874,0.0
519,9,.,PUNCT,punct,-2.4749393506015935,3.7008451783641614,6.175784528965755,,0.35029358136902883,0.0
520,1,This,PRON,nsubj,-0.14321683198097546,7.086150703787548,7.229367535768524,0,0.07024480721902689,0.0
520,2,is,AUX,cop,1.2723097325284787,6.470049691257488,5.197739958729009,0,0.12075725451804441,0.0
520,3,fun,ADJ,root,0.58441102744675,12.282547916591051,11.698136889144301,,1.6575172881396525,0.0
520,4,for,ADP,case,0.16386404734783167,7.502937985016352,7.339073937668521,0,1.3866099127085867,0.0
520,5,anyone,PRON,obl,-3.0485128747319514,13.604476011478415,16.652988886210366,1,1.7362784495933916,0.0
520,6,and,CCONJ,cc,0.06012040197820134,5.740289866824134,5.680169464845933,0,0.060017944282339496,0.0
520,7,everyone,PRON,conj,0.044118530306169745,12.019513510757259,11.975394980451089,2,0.23750620285605883,0.0
520,8,.,PUNCT,punct,-1.3027200910833714,3.7008451783641614,5.003565269447533,,0.03991976704541169,0.0
521,1,Method,NOUN,root,1.068392702128305,14.18943851219957,13.121045810071266,,1.0986258211200017,0.0
521,2,One,NUM,dislocated,-4.459281102456197,8.552813891655921,13.012094994112118,0,1.114693954016614,0.0
521,3,of,ADP,case,-0.6502338484774617,5.747531807657332,6.397765656134793,0,0.08472316877228346,0.0
521,4,Two,NUM,nmod,2.336320815073897,9.282547916591051,6.946227101517154,2,0.5803978260423306,0.0
521,5,:,PUNCT,punct,-0.05934796795950348,8.524102595014394,8.583450562973898,,0.450293000006634,0.0
521,6,Using,VERB,appos,-1.605178935812269,13.382083590141967,14.987262525954236,0,0.36612396223558885,0.0
521,7,Luminol,PROPN,obj,-1.2935124088039336,6.11262291514874,7.4061353239526735,1,0.05519103263831476,0.0
522,1,Put,VERB,root,1.000504330507173,10.30679546283773,9.306291132330557,,0.2975615420026004,0.0
522,2,on,ADP,compound:prt,0.5790231715608778,7.520553527933323,6.9415303563724455,0,0.5195265756705272,0.0
522,3,protective,ADJ,amod,-1.6507440952237857,6.939140094293238,8.589884189517024,0,0.5960134376745805,0.0
522,4,glasses,NOUN,obj,-0.8696204104436145,15.18943851219957,16.059058922643185,1,0.8140245441106161,0.1
522,5,.,PUNCT,punct,0.2078588120975149,3.7008451783641614,3.4929863662666465,,0.01616698473597784,0.1
523,1,In,ADP,case,-0.7512908726612668,6.195085075340713,6.94637594800198,0,0.059321265642547326,0.0
523,2,addition,NOUN,obl,6.464724809299572,14.18943851219957,7.724713702899999,1,0.6001028806976586,0.0
523,3,",",PUNCT,punct,1.9411393557883114,4.552360855055908,2.6112214992675966,,2.2388339448826104,0.0
523,4,wear,VERB,root,-10.132399682231084,13.019513510757259,23.151913192988342,,1.8754615444161873,0.0
523,5,gloves,NOUN,obj,-0.7410789992865148,5.482079380118688,6.223158379405203,0,0.03821912524244266,0.0
523,6,to,PART,mark,-0.7176934644023945,5.85516522689238,6.572858691294774,0,0.044100635069429454,0.0
523,7,protect,VERB,advcl,0.41244013111361255,13.867510417312209,13.455070286198596,1,0.5207971814117967,0.0
523,8,your,PRON,nmod:poss,-0.03132057546744704,8.658057051683258,8.689377627150705,0,0.096365325249931,0.0
523,9,skin,NOUN,obj,-0.38142146677992983,15.18943851219957,15.5708599789795,2,0.7347281296281037,0.1
523,10,.,PUNCT,punct,0.4594477840102278,3.7008451783641614,3.2413973943539336,,0.01914370294963573,0.1
524,1,It,PRON,expl,0.1358633281289432,6.147779360562356,6.011916032433413,0,0.08192350898677746,0.0
524,2,'s,AUX,cop,1.400291623519169,6.812227981811018,5.411936358291849,0,0.06662202903220009,0.0
524,3,also,ADV,advmod,-0.6612242136835782,9.434551010036103,10.09577522371968,0,0.2938121707670852,0.0
524,4,a,DET,det,-2.103424924887322,5.916808727223201,8.020233652110523,0,0.2781093528267054,0.0
524,5,good,ADJ,amod,0.25453692392602534,9.447971525798424,9.193434601872399,0,0.23731257173019948,0.0
524,6,idea,NOUN,root,0.6075190543688791,11.941510998755986,11.333991944387106,,0.36854141508578114,0.0
524,7,to,PART,mark,0.10272600933108844,5.85516522689238,5.7524392175612915,0,0.03678824413147927,0.0
524,8,not,PART,advmod,0.6151391132435027,7.801421226854436,7.186282113610933,0,0.08609754714965107,0.0
524,9,wear,VERB,csubj,1.5267313855961486,13.019513510757259,11.49278212516111,2,0.46611016297528174,0.0
524,10,your,PRON,nmod:poss,0.1485530503368242,8.658057051683258,8.509504001346434,0,0.09741645743244108,0.0
524,11,Sunday,PROPN,compound,-1.2756410852831053,12.867510417312209,14.143151502595314,0,0.4751603226481357,0.0
524,12,best,NOUN,obj,-0.7926455880570753,11.235242201812696,12.027887789869771,3,0.2564031692049197,0.0
524,13,.,PUNCT,punct,0.2657684918453862,3.7008451783641614,3.435076686518775,,0.023804929969831988,0.0
525,1,Throw,VERB,root,0.45056767830524613,13.18943851219957,12.738870833894325,,0.8160956369077444,0.0
525,2,on,ADP,compound:prt,-1.4225728573393432,7.520553527933323,8.943126385272667,0,0.2134051894449624,0.0
525,3,some,DET,det,0.9527804877413732,9.223654227537484,8.27087373979611,0,0.9511043566775103,0.0
525,4,old,ADJ,amod,0.002351894687665279,11.604476011478415,11.60212411679075,0,0.4213841715619459,0.0
525,5,clothes,NOUN,obj,0.33613915291672036,14.604476011478415,14.268336858561694,2,0.999887692129494,0.1
525,6,or,CCONJ,cc,-0.7162919148230422,8.461518057636372,9.177809972459414,0,0.07921387249670289,0.1
525,7,put,VERB,conj,-0.2985780066682313,10.30679546283773,10.605373469505961,1,0.3101865821644347,0.1
525,8,a,DET,det,-0.32551558204469444,5.916808727223201,6.242324309267896,0,0.047625610042252624,0.1
525,9,smock,NOUN,obj,1.2867546595580812,5.482079380118688,4.195324720560607,2,0.03539125299249238,0.1
525,10,over,ADP,case,-0.15655632184830104,9.634849660521933,9.791405982370234,0,0.10222737496971497,0.1
525,11,clothes,NOUN,obl,0.7419315506929856,14.604476011478415,13.86254446078543,2,0.6863196772394906,0.1
525,12,you,PRON,nsubj,-0.49786242897693356,6.339251674553796,6.8371141035307295,0,0.04479410204854665,0.1
525,13,want,VERB,acl:relcl,0.1141405173191945,9.96061982170369,9.846479304384495,2,0.12848273045707032,0.1
525,14,protected,VERB,xcomp,-1.0395991639743496,14.18943851219957,15.22903767617392,1,0.4796439471761252,0.1
525,15,.,PUNCT,punct,0.834308598390185,3.7008451783641614,2.8665365799739764,,0.015764573751434977,0.1
526,1,Some,DET,nsubj,-0.6027606554831451,9.223654227537484,9.826414883020629,0,0.19326465316214778,0.0
526,2,of,ADP,case,0.5062781954121771,5.747531807657332,5.2412536122451545,0,0.08998459219730537,0.0
526,3,this,DET,det,0.18512304969165072,7.086150703787548,6.9010276540958975,0,0.2718623839985165,0.0
526,4,stuff,NOUN,nmod,0.7274238998630462,12.101975670949232,11.374551771086185,3,0.33433101285825084,0.0
526,5,is,AUX,cop,-0.8712584632955762,6.470049691257488,7.341308154553064,0,0.0479081184573355,0.0
526,6,dangerous,ADJ,root,0.9558759556317113,13.867510417312209,12.911634461680498,,0.7631532798127968,0.0
526,7,--,PUNCT,punct,0.2895040944428686,10.0809140554214,9.791409960978532,,0.14822459141267488,0.0
526,8,this,DET,det,-0.04017645623506638,7.086150703787548,7.126327160022615,0,0.04874251737004038,0.0
526,9,experiment,NOUN,nsubj:pass,1.2079970553576551,15.18943851219957,13.981441456841916,1,0.7402479861407796,0.0
526,10,is,AUX,aux:pass,-0.6957182537274482,6.470049691257488,7.165767944984936,0,0.04517205390258959,0.0
526,11,not,PART,advmod,0.5593561807619212,7.801421226854436,7.242065046092515,0,0.07780735089037083,0.0
526,12,meant,VERB,parataxis,1.368347759217519,14.18943851219957,12.821090752982052,3,0.5642280917762744,0.0
526,13,for,ADP,case,-0.14650664414600367,7.502937985016352,7.649444629162356,0,0.04844392435804793,0.0
526,14,children,NOUN,obl,0.6633642437366518,12.604476011478415,11.941111767741763,2,0.5190762812137105,0.0
526,15,!,PUNCT,punct,0.5690067944708987,8.195085075340712,7.626078280869813,,0.06554348694792532,0.0
527,1,Got,VERB,root,1.095323868003545,9.589525670012442,8.494201802008897,,0.1416900354581771,0.0
527,2,it,PRON,obj,-0.9123090162558016,6.147779360562356,7.0600883768181575,0,0.3452895792989945,0.0
527,3,?,PUNCT,punct,-0.549981874717159,6.650279701091539,7.200261575808698,,0.288547491295087,0.0
528,1,Moving,VERB,root,0.3536654316141572,12.867510417312209,12.513844985698052,,0.42673626942518333,0.0
528,2,on,ADP,compound:prt,-1.4291605866487362,7.520553527933323,8.94971411458206,0,0.4035667456488447,0.0
528,3,.,PUNCT,punct,-1.6305132657434416,3.7008451783641614,5.331358444107603,,0.21893014621966836,0.0
529,1,Combine,VERB,root,0.8254603755137726,6.197916666123875,5.372456290610103,,0.06508830294114955,0.0
529,2,50,NUM,nummod,-1.5604965887603601,14.18943851219957,15.74993510095993,0,0.6937881708564563,0.0
529,3,milliliters,NOUN,obj,-1.6123548637870755,5.482079380118688,7.094434243905764,1,0.5049603854278022,0.0
529,4,of,ADP,case,-0.5947747332599329,5.747531807657332,6.3423065409172645,0,0.04364285302997584,0.0
529,5,hydrogen,NOUN,compound,0.8150123177739985,5.482079380118688,4.66706706234469,0,0.04050468904896327,0.0
529,6,peroxide,NOUN,nmod,-0.22577763863102351,5.482079380118688,5.707857018749712,3,0.051420029826361686,0.0
529,7,and,CCONJ,cc,-0.637447361239138,5.740289866824134,6.377737228063272,0,0.12399341270918209,0.0
529,8,a,DET,det,0.028679331694553944,5.916808727223201,5.888129395528647,0,0.09595249276766728,0.0
529,9,liter,NOUN,conj,1.6590915446564645,5.482079380118688,3.8229878354622238,3,0.19864410853185904,0.0
529,10,of,ADP,case,-0.08352191417241528,5.747531807657332,5.831053721829747,0,0.10083505626478761,0.0
529,11,distilled,VERB,amod,-2.455775108299761,6.197916666123875,8.653691774423637,0,0.9290908419625894,0.0
529,12,water,NOUN,nmod,0.3914584756839705,12.18943851219957,11.7979800365156,3,0.5457955041680422,0.0
529,13,in,ADP,case,-0.5389084210142352,6.195085075340713,6.733993496354948,0,0.2433561486907828,0.0
529,14,a,DET,det,0.5080329184703869,5.916808727223201,5.408775808752814,0,0.20052695077306068,0.0
529,15,mixing,NOUN,compound,2.2600923707425156,5.482079380118688,3.2219870093761727,0,0.4992247358088854,0.0
529,16,bowl,NOUN,nmod,2.4682088906662187,15.18943851219957,12.721229621533352,4,1.9715459571388056,0.2
529,17,.,PUNCT,punct,1.4266380417930877,3.7008451783641614,2.2742071365710737,,0.3864598669602212,0.2
530,1,A,DET,det,-0.7489890469122029,5.916808727223201,6.665797774135404,0,0.04887894799059029,0.0
530,2,ceramic,ADJ,amod,-0.09948905106065009,6.939140094293238,7.038629145353888,0,0.10714689536008311,0.0
530,3,bowl,NOUN,nsubj,0.09995325803493493,15.18943851219957,15.089485254164636,2,0.7202908147376308,0.2
530,4,will,AUX,aux,-0.9087456370422018,9.060155495254604,9.968901132296805,0,0.1151308983314837,0.2
530,5,work,VERB,root,-0.08296312549281915,10.40807879867491,10.49104192416773,,0.1545522868794867,0.2
530,6,best,ADV,advmod,-0.5896708684081986,11.235242201812696,11.824913070220894,0,0.27854136985893224,0.2
530,7,",",PUNCT,punct,0.1805117282109201,4.552360855055908,4.371849126844988,,0.049239013277435316,0.2
530,8,but,CCONJ,cc,-0.36978713455517465,8.167070699171116,8.536857833726291,0,0.08192496626721876,0.2
530,9,plastic,NOUN,nsubj,0.4606136594632426,5.482079380118688,5.021465720655446,0,0.07564311953599802,0.2
530,10,works,VERB,conj,-0.4797421913504838,13.019513510757259,13.499255702107742,2,0.21361653957709925,0.2
530,11,too,ADV,advmod,-0.42615393842537763,10.604476011478415,11.030629949903792,1,0.16950345146357335,0.2
530,12,.,PUNCT,punct,0.26372925347679166,3.7008451783641614,3.4371159248873697,,0.0842374937575065,0.2
531,1,Use,VERB,root,0.5644249515823052,10.697585415869895,10.13316046428759,,0.27037434383783526,0.0
531,2,funnels,NOUN,obj,-1.1085570614651328,5.482079380118688,6.590636441583821,0,0.5009156102675252,0.0
531,3,",",PUNCT,punct,-0.8735065737680232,4.552360855055908,5.425867428823931,,0.22524102686781972,0.0
531,4,measuring,NOUN,compound,0.1756208105309618,5.482079380118688,5.306458569587726,0,0.48497757818128073,0.0
531,5,tubes,NOUN,conj,0.2524264503493079,5.482079380118688,5.22965292976938,2,0.301343087214055,0.0
531,6,",",PUNCT,punct,-0.585112290447432,4.552360855055908,5.13747314550334,,0.2516649895170858,0.0
531,7,and,CCONJ,cc,0.00691671815598216,5.740289866824134,5.733373148668152,0,0.2578035124269612,0.0
531,8,basters,NOUN,conj,1.544523185987376,5.482079380118688,3.937556194131312,2,0.41381064865970424,0.0
531,9,to,PART,mark,-0.06592087831944138,5.85516522689238,5.921086105211821,0,0.40459944340618975,0.0
531,10,keep,VERB,advcl,7.674932648616081,11.282547916591051,3.6076152679749702,1,4.082802692622847,0.0
531,11,everything,PRON,obj,-4.007415428748629,11.604476011478415,15.611891440227044,1,3.23769804143746,0.0
531,12,well,ADV,advmod,-1.5575205594887613,8.858521634084953,10.416042193573714,0,1.6065408375735317,0.0
531,13,-,PUNCT,punct,2.226232465791874,8.337689470783513,6.111457004991639,,2.1848798748926024,0.0
531,14,measured,VERB,xcomp,-3.704823899137901,15.18943851219957,18.894262411337472,2,4.291063576582364,0.2
531,15,and,CCONJ,cc,0.16462579889734297,5.740289866824134,5.575664067926791,0,0.12996945388682202,0.2
531,16,well,ADV,advmod,-1.9263113059372046,8.858521634084953,10.784832940022158,0,0.12499362691075312,0.2
531,17,away,ADV,conj,-3.6997978002814538,11.382083590141967,15.08188139042342,3,0.3101241454099822,0.2
531,18,from,ADP,case,-0.6562568336316641,8.288571704218821,8.944828537850485,0,0.08050524540118832,0.2
531,19,you,PRON,obl,0.5555474601775874,6.339251674553796,5.7837042143762085,2,0.06571109299166013,0.2
531,20,.,PUNCT,punct,-0.505185199028952,3.7008451783641614,4.206030377393113,,0.03235197755155849,0.2
532,1,Hydrogen,NOUN,compound,-0.8732365632322434,5.482079380118688,6.355315943350932,0,0.04098359429255844,0.0
532,2,peroxide,NOUN,nsubj:pass,-1.0458639718669334,5.482079380118688,6.527943351985622,1,0.08272163632914954,0.0
532,3,is,AUX,aux:pass,-0.5339497712766983,6.470049691257488,7.003999462534186,0,0.2335935223739946,0.0
532,4,used,VERB,root,1.740169479622141,11.382083590141967,9.641914110519826,,1.6894712644281744,0.0
532,5,to,PART,mark,1.1456797596397932,5.85516522689238,4.709485467252587,0,0.966398942518931,0.0
532,6,replace,VERB,advcl,-4.016538276380118,14.604476011478415,18.621014287858532,1,2.7586564633251016,0.0
532,7,the,DET,det,-0.4193612578909267,4.733084097091282,5.152445354982209,0,0.03257697890276074,0.0
532,8,luminol,NOUN,nmod:poss,1.2747356192906532,5.482079380118688,4.207343760828035,1,0.03285872477371279,0.0
532,9,'s,PART,case,-0.7409542796837671,6.812227981811018,7.553182261494785,1,0.06821739706154197,0.0
532,10,nitrogen,NOUN,compound,-0.33002182682345094,5.482079380118688,5.812101206942139,0,0.042420243517184236,0.0
532,11,atoms,NOUN,obj,-0.17296957214619724,12.867510417312209,13.040479989458406,3,0.2895643336397713,0.0
532,12,with,ADP,case,-0.21248533922084611,7.899419665266953,8.111905004487799,0,0.05809626358281833,0.0
532,13,oxygen,NOUN,obl,0.7817058748664474,5.482079380118688,4.700373505252241,2,0.036383773582849374,0.0
532,14,.,PUNCT,punct,0.50876454042016,3.7008451783641614,3.1920806379440014,,0.018841593562709837,0.0
533,1,The,DET,det,-0.7976025969652571,4.733084097091282,5.53068669405654,0,0.026145197178954215,0.0
533,2,glow,NOUN,root,1.061914760053039,5.482079380118688,4.420164620065649,,0.039376904451116634,0.0
533,3,.,PUNCT,punct,-0.8241976033479381,3.7008451783641614,4.5250427817120995,,0.05121978596119557,0.0
534,1,It,PRON,expl,0.1358633281289432,6.147779360562356,6.011916032433413,0,0.08192350898677746,0.0
534,2,is,AUX,cop,0.9959141665178581,6.470049691257488,5.47413552473963,0,0.07806024664638797,0.0
534,3,important,ADJ,root,3.318054204966298,12.019513510757259,8.70145930579096,,0.5590046416978453,0.0
534,4,not,PART,advmod,-1.4962968642109926,7.801421226854436,9.297718091065429,0,0.774145155796664,0.0
534,5,to,PART,mark,0.7877572636558217,5.85516522689238,5.067407963236558,0,0.9244210018128098,0.0
534,6,touch,VERB,csubj,3.748293378022252,12.382083590141967,8.633790212119715,2,3.33359976709403,0.0
534,7,the,DET,det,0.7609226083256044,4.733084097091282,3.972161488765678,0,0.5294891300025055,0.0
534,8,luminol,NOUN,obj,-5.894667888870035,5.482079380118688,11.376747268988723,2,2.7432143728411007,0.0
534,9,.,PUNCT,punct,-0.24788613441986174,3.7008451783641614,3.948731312784023,,0.47490185794435213,0.0
535,1,Use,VERB,root,0.5644249515823052,10.697585415869895,10.13316046428759,,0.27037434383783526,0.0
535,2,a,DET,det,-0.808022612046301,5.916808727223201,6.724831339269502,0,0.21547420988708862,0.0
535,3,funnel,NOUN,obj,1.0989512676361555,5.482079380118688,4.383128112482533,1,0.6928166721987947,0.0
535,4,to,PART,mark,-0.16535827340357123,5.85516522689238,6.020523500295951,0,0.4515370790929743,0.0
535,5,make,VERB,advcl,-1.7065546403243523,9.979985146570622,11.686539786894974,1,0.7203699055070428,0.0
535,6,everything,PRON,obj,-0.5487392693705964,11.604476011478415,12.153215280849011,1,0.19451000018762768,0.0
535,7,safe,ADJ,xcomp,-0.41546830360556086,14.604476011478415,15.019944315083976,1,0.9612425587542215,0.0
535,8,and,CCONJ,cc,-0.38468729884198094,5.740289866824134,6.124977165666115,0,0.0547547185398687,0.0
535,9,easy,ADJ,conj,0.852761873202379,12.867510417312209,12.01474854410983,2,0.4527699524247315,0.0
535,10,.,PUNCT,punct,0.28473884403169025,3.7008451783641614,3.416106334332471,,0.03611945161015134,0.0
536,1,Unfortunately,ADV,advmod,0.7335698252092318,15.18943851219957,14.455868686990339,0,0.4591479591926845,0.2
536,2,",",PUNCT,punct,2.9895030275973524,4.552360855055908,1.5628578274585556,,0.049196539964688986,0.2
536,3,these,DET,det,-6.171928348024723,9.461518057636372,15.633446405661095,0,0.19178814286661275,0.2
536,4,hazardous,ADJ,amod,0.5640597793327116,6.939140094293238,6.375080314960527,0,0.28800647092943965,0.2
536,5,chemicals,NOUN,nsubj,-0.3522397556035486,14.604476011478415,14.956715767081963,2,0.7119405334931271,0.2
536,6,will,AUX,aux,-0.15850490258494432,9.060155495254604,9.218660397839548,0,0.11449473865667073,0.2
536,7,not,PART,advmod,0.8929381511693979,7.801421226854436,6.908483075685038,0,0.06233076630196712,0.2
536,8,float,VERB,root,1.5609702454161205,6.197916666123875,4.636946420707755,,0.06523767738608659,0.2
536,9,freely,ADV,advmod,0.19032457453511498,9.200753825427405,9.01042925089229,0,0.09330890253979114,0.2
536,10,in,ADP,case,-0.39964285188149873,6.195085075340713,6.594727927222212,0,0.060900319571626,0.2
536,11,mid-air,NOUN,obl,0.5076524868925283,5.482079380118688,4.97442689322616,1,0.05772983580534469,0.2
536,12,like,SCONJ,mark,-0.6108688893142054,7.951033772874491,8.561902662188697,0,0.07273955037405667,0.2
536,13,this,DET,det,0.12434066257164389,7.086150703787548,6.961810041215904,0,0.041182759201935766,0.2
536,14,graphic,NOUN,nsubj,0.8517222245356804,5.482079380118688,4.630357155583008,1,0.040255627882503996,0.2
536,15,suggests,VERB,advcl,-0.7413829096186824,15.18943851219957,15.930821421818253,2,0.2160097706266636,0.6
536,16,.,PUNCT,punct,0.808326532435435,3.7008451783641614,2.8925186459287264,,0.008941317122457272,0.6
537,1,Mix,VERB,root,-0.6787995157343882,15.18943851219957,15.868238027933959,,0.9183859510047702,0.2
537,2,everything,PRON,obj,-1.148238401313833,11.604476011478415,12.752714412792248,0,0.15650757247669964,0.2
537,3,well,ADV,advmod,-0.7215169529290151,8.858521634084953,9.580038587013968,0,0.2857781659136465,0.2
537,4,.,PUNCT,punct,0.8740799815835585,3.7008451783641614,2.826765196780603,,0.05338427959972417,0.2
538,1,Do,AUX,aux,0.7443699706952938,7.650279701091539,6.905909730396245,0,0.06751253051743049,0.0
538,2,n't,PART,advmod,2.6300812262755286,7.876555556915215,5.246474330639686,0,0.18381827934121633,0.0
538,3,use,VERB,root,1.7710354779853468,10.697585415869895,8.926549937884548,,1.0393259377348198,0.0
538,4,your,PRON,nmod:poss,0.3955042664549193,8.658057051683258,8.262552785228339,0,0.8618132757888392,0.0
538,5,hands,NOUN,obj,-5.327796414550564,13.18943851219957,18.517234926750135,1,1.2877957490957324,0.0
538,6,--,PUNCT,punct,0.3500072005430894,10.0809140554214,9.730906854878311,,0.14455773075317113,0.0
538,7,use,VERB,parataxis,-0.9219301441329577,10.697585415869895,11.619515560002853,0,0.14092980240772182,0.0
538,8,a,DET,det,-0.5520763860659246,5.916808727223201,6.468885113289126,0,0.042720485227240944,0.0
538,9,metal,NOUN,compound,1.2751202550454313,5.482079380118688,4.206959125073257,0,0.034184446547940846,0.0
538,10,or,CCONJ,cc,-0.6511439586443899,8.461518057636372,9.112662016280762,0,0.08420532609393416,0.0
538,11,plastic,NOUN,conj,0.2680735668958203,5.482079380118688,5.214005813222868,2,0.04093349989370553,0.0
538,12,utensil,NOUN,obj,-0.13263686049684242,5.482079380118688,5.614716240615531,3,0.03176057476081924,0.0
538,13,of,ADP,case,-0.24225292703674928,5.747531807657332,5.989784734694081,0,0.037491365088663076,0.0
538,14,some,DET,det,0.8016917419708971,9.223654227537484,8.421962485566587,0,0.2061863564223178,0.0
538,15,sort,NOUN,nmod,1.2426730802336223,12.282547916591051,11.039874836357429,3,0.276290001525716,0.0
538,16,.,PUNCT,punct,0.4857435107102184,3.7008451783641614,3.215101667653943,,0.016042959049872057,0.0
539,1,Clean,VERB,root,-0.30795936476877017,13.604476011478415,13.912435376247185,,0.7317332314282743,0.0
539,2,the,DET,det,-1.53563586616574,4.733084097091282,6.2687199632570225,0,0.06881456304983623,0.0
539,3,containers,NOUN,obj,1.206609562181158,5.482079380118688,4.27546981793753,1,0.08213744240582838,0.0
539,4,and,CCONJ,cc,-0.9575399468936405,5.740289866824134,6.6978298137177745,0,0.04906401784147819,0.0
539,5,dry,VERB,conj,0.46499268030223995,13.18943851219957,12.72444583189733,1,0.501987820540851,0.0
539,6,them,PRON,obj,-0.6384403623915613,9.56008189211996,10.198522254511522,1,0.17674895632051885,0.0
539,7,thoroughly,ADV,advmod,-0.251334297089274,9.200753825427405,9.45208812251668,1,0.1289837366246598,0.0
539,8,.,PUNCT,punct,-0.03136897288225171,3.7008451783641614,3.732214151246413,,0.11672541466204822,0.0
540,1,It,PRON,expl,0.1358633281289432,6.147779360562356,6.011916032433413,0,0.08192350898677746,0.0
540,2,'s,AUX,cop,1.400291623519169,6.812227981811018,5.411936358291849,0,0.06662202903220009,0.0
540,3,important,ADJ,root,-1.5316615076802016,12.019513510757259,13.55117501843746,,0.5842083890103149,0.0
540,4,to,PART,mark,-0.490711066152123,5.85516522689238,6.345876293044503,0,0.709411117190493,0.0
540,5,use,VERB,csubj,-0.40483506111385203,10.697585415869895,11.102420476983747,1,1.0983993815002115,0.0
540,6,sanitary,ADJ,amod,-0.6399921474635617,6.939140094293238,7.5791322417568,0,0.06394831249974624,0.0
540,7,",",PUNCT,punct,0.21342727131816375,4.552360855055908,4.338933583737744,,0.044606919098813334,0.0
540,8,clean,ADJ,amod,-1.0945508134308817,13.604476011478415,14.699026824909296,0,0.6503979616027685,0.0
540,9,tubes,NOUN,obj,0.051658922610920754,5.482079380118688,5.4304204575077675,3,0.2962468300372612,0.0
540,10,for,ADP,case,-0.2651527615531881,7.502937985016352,7.76809074656954,0,0.04750200213162028,0.0
540,11,your,PRON,nmod:poss,0.08195584096696962,8.658057051683258,8.576101210716288,0,0.10800457805394634,0.0
540,12,glowsticks,NOUN,obl,0.2707832070986669,5.482079380118688,5.211296173020021,3,0.05136812141209753,0.0
540,13,.,PUNCT,punct,0.3065571599377135,3.7008451783641614,3.394288018426448,,0.02057012034790349,0.0
541,1,Set,VERB,root,0.43637867777564665,12.282547916591051,11.846169238815405,,0.34857220062155136,0.0
541,2,the,DET,det,-1.2664712680617267,4.733084097091282,5.999555365153009,0,0.5377170966687727,0.0
541,3,correct,ADJ,amod,-1.5202014742655443,12.019513510757259,13.539714985022803,0,0.8144090321920808,0.0
541,4,lid,NOUN,obj,1.0966318284846155,5.482079380118688,4.385447551634073,2,0.034278178462767865,0.0
541,5,next,ADV,advmod,-0.7993242148264486,12.019513510757259,12.818837725583707,0,0.26654076591587683,0.0
541,6,to,ADP,case,-0.5370573946525212,5.85516522689238,6.392222621544901,0,0.06415956854584628,0.0
541,7,each,DET,det,0.5587308727516227,11.730006893562273,11.17127602081065,0,0.33373852797571274,0.0
541,8,container,NOUN,obl,1.3731204549367284,13.867510417312209,12.49438996237548,3,0.6728914350569655,0.0
541,9,.,PUNCT,punct,0.3205300272780538,3.7008451783641614,3.3803151510861076,,0.023789616779727556,0.0
542,1,This,PRON,nsubj,-0.14321683198097546,7.086150703787548,7.229367535768524,0,0.07024480721902689,0.0
542,2,enables,VERB,root,-0.42989915585873817,15.18943851219957,15.619337668058309,,0.539722258768284,0.1
542,3,you,PRON,obj,-0.38527711324345937,6.339251674553796,6.724528787797255,0,0.0449963275673985,0.1
542,4,to,PART,mark,-0.44872728725915056,5.85516522689238,6.3038925141515305,0,0.0638577760051386,0.1
542,5,seal,VERB,xcomp,1.0027046223004792,6.197916666123875,5.195212043823396,1,0.08087608011739038,0.1
542,6,the,DET,det,-0.43060797526417627,4.733084097091282,5.163692072355459,0,0.032581026748882747,0.1
542,7,containers,NOUN,obj,1.271936867312304,5.482079380118688,4.210142512806384,2,0.034305683450462233,0.1
542,8,quickly,ADV,advmod,-0.202530411482158,13.867510417312209,14.070040828794367,1,0.8669652345904261,0.1
542,9,after,SCONJ,mark,-0.3967047134448549,10.730006893562273,11.126711607007127,0,0.18452565619598785,0.1
542,10,filling,VERB,advcl,0.12412672549242565,6.197916666123875,6.07378994063145,2,0.2737643169605747,0.1
542,11,.,PUNCT,punct,0.9234195712671807,3.7008451783641614,2.7774256070969807,,0.020395249501053078,0.1
543,1,It,PRON,nsubj,0.1358633281289432,6.147779360562356,6.011916032433413,0,0.08192350898677746,0.0
543,2,'s,AUX,cop,1.400291623519169,6.812227981811018,5.411936358291849,0,0.06662202903220009,0.0
543,3,not,PART,advmod,1.534739772413868,7.801421226854436,6.266681454440568,0,0.3516802015454673,0.0
543,4,like,ADP,root,-0.7827688307153968,7.951033772874491,8.733802603589888,,0.44036964023592884,0.0
543,5,the,DET,det,-1.339883647064668,4.733084097091282,6.07296774415595,0,0.4593615775907733,0.0
543,6,glow,NOUN,nsubj,1.1436733045223715,5.482079380118688,4.338406075596317,1,0.3217798574115403,0.0
543,7,will,AUX,aux,-0.4127975873515837,9.060155495254604,9.472953082606187,0,0.14401326440899587,0.0
543,8,get,VERB,ccomp,0.8125511465471202,9.282547916591051,8.469996770043931,2,0.18622715916982194,0.0
543,9,up,ADP,compound:prt,-0.034209679623868894,9.13415607669838,9.168365756322249,1,0.15407550657896235,0.0
543,10,and,CCONJ,cc,-0.3605232538379264,5.740289866824134,6.10081312066206,0,0.0554588501478208,0.0
543,11,run,VERB,conj,-0.5804949434405096,12.382083590141967,12.962578533582477,2,0.5623593859489407,0.0
543,12,away,ADV,advmod,0.18491924074264432,11.382083590141967,11.197164349399323,1,0.2985321891785338,0.0
543,13,from,ADP,case,-0.3373084074600392,8.288571704218821,8.62588011167886,0,0.08623375391777838,0.0
543,14,you,PRON,obl,0.4046250427810083,6.339251674553796,5.934626631772788,2,0.04879793771766676,0.0
543,15,",",PUNCT,punct,-0.19239361505424313,4.552360855055908,4.744754470110151,,0.036012198835852986,0.0
543,16,but,CCONJ,cc,-0.1903126344280004,8.167070699171116,8.357383333599117,0,0.07750004653001596,0.0
543,17,still,ADV,conj,0.543011600370015,10.634849660521933,10.091838060151918,1,0.2502817404472719,0.0
543,18,.,PUNCT,punct,0.2507533132745725,3.7008451783641614,3.450091865089589,,0.033468200377072155,0.0
544,1,Combine,VERB,root,0.8254603755137726,6.197916666123875,5.372456290610103,,0.06508830294114955,0.0
544,2,equal,ADJ,amod,-2.839088834335479,15.18943851219957,18.02852734653505,0,0.6503593015542904,0.0
544,3,amounts,NOUN,obj,0.35305616254474614,5.482079380118688,5.129023217573942,1,0.05058834507314128,0.0
544,4,of,ADP,case,-0.5518565285970292,5.747531807657332,6.299388336254361,0,0.03960530453493003,0.0
544,5,the,DET,det,0.8141260447332863,4.733084097091282,3.918958052357996,0,0.03058233275803516,0.0
544,6,first,ADJ,amod,-0.3056886817158162,9.447971525798424,9.75366020751424,0,0.15181146639355356,0.0
544,7,and,CCONJ,cc,-0.11043376224128831,5.740289866824134,5.850723629065422,0,0.05350270301690187,0.0
544,8,second,ADJ,conj,0.9633804412174811,11.282547916591051,10.31916747537357,2,0.19726308134088902,0.0
544,9,solution,NOUN,nmod,0.9109139337490113,13.604476011478415,12.693562077729403,4,0.5988464162783215,0.0
544,10,in,ADP,case,-0.022084340751431064,6.195085075340713,6.217169416092144,0,0.04623807640603038,0.0
544,11,the,DET,det,0.9484756305611692,4.733084097091282,3.784608466530113,0,0.03032748540003357,0.0
544,12,container,NOUN,obl,1.3548079437445768,13.867510417312209,12.512702473567632,2,0.671955201128476,0.0
544,13,and,CCONJ,cc,-0.5025665205262477,5.740289866824134,6.242856387350382,0,0.051536555846598435,0.0
544,14,close,VERB,conj,0.3343196110138571,13.18943851219957,12.855118901185714,1,0.49846988882502563,0.0
544,15,the,DET,det,0.20907192824528398,4.733084097091282,4.524012168845998,0,0.3278254573978171,0.0
544,16,bottles,NOUN,obj,1.3553508081369454,5.482079380118688,4.126728571981743,2,0.05419984343022646,0.0
544,17,.,PUNCT,punct,0.4346785277019891,3.7008451783641614,3.2661666506621723,,0.036517230047490634,0.0
545,1,Shake,VERB,root,0.8254603755137726,6.197916666123875,5.372456290610103,,0.06508830294114955,0.0
545,2,them,PRON,obj,-0.2567362853408479,9.56008189211996,9.816818177460808,0,0.33057818927462757,0.0
545,3,up,ADP,compound:prt,0.49330761863367023,9.13415607669838,8.64084845806471,0,0.2717957732867815,0.0
545,4,once,SCONJ,mark,-0.42837670627778834,11.665876556142557,12.094253262420345,0,0.7682707689286182,0.0
545,5,the,DET,det,-1.0387778969565975,4.733084097091282,5.77186199404788,0,0.32280492908985087,0.0
545,6,lids,NOUN,nsubj,0.7234098855324946,5.482079380118688,4.758669494586194,1,0.39153796697300064,0.0
545,7,are,AUX,cop,0.7596554328504608,7.693583485312399,6.933928052461939,0,1.0867496463799768,0.0
545,8,on,ADJ,advcl,-1.8177014855257116,7.520553527933323,9.338255013459035,3,0.8484856860348258,0.0
545,9,tightly,ADV,advmod,-1.3321517021720268,9.200753825427405,10.532905527599432,1,0.6171363960810106,0.0
545,10,.,PUNCT,punct,-0.5100975282345028,3.7008451783641614,4.210942706598664,,0.3236926770904904,0.0
546,1,Then,ADV,advmod,0.36401872374813316,9.294620748891626,8.930602025143493,0,0.1404490167297728,0.0
546,2,turn,VERB,root,-0.7845885759074349,12.488998794058478,13.273587369965913,,0.455382302304978,0.0
546,3,off,ADP,compound:prt,-0.6136009456164633,11.665876556142557,12.27947750175902,0,0.31562177376456946,0.0
546,4,the,DET,det,0.37770809070095623,4.733084097091282,4.355376006390326,0,0.1356582382019989,0.0
546,5,lights,NOUN,obj,0.36681400806346964,15.18943851219957,14.822624504136101,1,2.1850716421432215,0.1
546,6,!,PUNCT,punct,0.37781349201482595,8.195085075340712,7.817271583325886,,0.1378468999512271,0.1
547,1,If,SCONJ,mark,0.6507670307312896,8.876555556915216,8.225788526183926,0,0.12486982165802919,0.0
547,2,it,PRON,nsubj,0.22363389214059382,6.147779360562356,5.924145468421762,0,0.12287826851241859,0.0
547,3,'s,AUX,aux,0.9285971798566433,6.812227981811018,5.883630801954375,0,0.173866314011741,0.0
547,4,not,PART,advmod,1.4164218528306138,7.801421226854436,6.384999374023822,0,0.4520289367788671,0.0
547,5,already,ADV,advmod,0.20731707102836516,11.545582322424846,11.33826525139648,0,0.8361459937733966,0.0
547,6,glowing,VERB,advcl,0.6750826325930213,6.197916666123875,5.522834033530854,5,0.901741337247353,0.0
547,7,",",PUNCT,punct,0.9608227468305186,4.552360855055908,3.5915381082253894,,0.015989952302851895,0.0
547,8,something,PRON,nsubj,0.009333782791218326,10.545582322424846,10.536248539633627,0,0.28616171144778063,0.0
547,9,went,VERB,root,0.054867304038737075,11.867510417312209,11.812643113273472,,0.30491922409659145,0.0
547,10,wrong,ADJ,xcomp,-0.445382270104389,13.867510417312209,14.312892687416598,0,0.3670909390525588,0.0
547,11,.,PUNCT,punct,0.5822800520385982,3.7008451783641614,3.118565126325563,,0.07437484526457329,0.0
548,1,Do,AUX,root,0.7443699706952938,7.650279701091539,6.905909730396245,,0.06751253051743049,0.0
548,2,over,ADP,compound:prt,-1.8036485503991262,9.634849660521933,11.43849821092106,0,0.1223060370480034,0.0
548,3,!,PUNCT,punct,-1.2409543524805002,8.195085075340712,9.436039427821212,,0.1806892935745735,0.0
549,1,Watch,VERB,root,0.8828997170333626,12.867510417312209,11.984610700278846,,0.49590539532910477,0.0
549,2,as,SCONJ,mark,-1.0188513634562089,8.150519522907269,9.169370886363478,0,0.623498271263428,0.0
549,3,the,DET,det,-1.2184741981996616,4.733084097091282,5.951558295290944,0,0.4385751997184857,0.0
549,4,chemical,NOUN,compound,-0.03888005737767841,13.18943851219957,13.22831856957725,0,0.37990492158391337,0.0
549,5,compound,NOUN,nsubj,0.8772364165132451,15.18943851219957,14.312202095686326,2,0.7217486492860208,0.1
549,6,creates,VERB,advcl,-1.253902715902873,6.197916666123875,7.451819382026748,2,0.1151484525542973,0.1
549,7,a,DET,det,-0.44171969721752813,5.916808727223201,6.358528424440729,0,0.040113356905195546,0.1
549,8,colorful,ADJ,amod,0.014504334738276725,14.604476011478415,14.589971676740138,0,0.9178966696031693,0.2
549,9,glow,NOUN,obj,1.127148789202744,5.482079380118688,4.354930590915944,3,0.03610422599535256,0.2
549,10,.,PUNCT,punct,0.45336782717752655,3.7008451783641614,3.247477351186635,,0.015538201747787393,0.2
550,1,Take,VERB,root,0.6892847206138839,10.545582322424846,9.856297601810962,,0.28574343958947823,0.0
550,2,your,PRON,nmod:poss,-1.7376246496143413,8.658057051683258,10.3956817012976,0,0.1594375725189255,0.0
550,3,glowsticks,NOUN,obj,0.7572233024166808,5.482079380118688,4.724856077702007,1,0.28590481440840865,0.0
550,4,to,ADP,case,-0.8466033345628841,5.85516522689238,6.701768561455264,0,0.14556442498844205,0.0
550,5,the,DET,det,0.14095439563617518,4.733084097091282,4.592129701455107,0,0.33863892747207563,0.0
550,6,party,NOUN,obl,0.9528709632104597,11.382083590141967,10.429212626931507,2,1.6877888138930779,0.0
550,7,and,CCONJ,cc,-1.0112581542866517,5.740289866824134,6.751548021110786,0,0.3819947312024534,0.0
550,8,charge,VERB,conj,-1.6447367980969751,14.604476011478415,16.24921280957539,1,1.2487289512758706,0.0
550,9,your,PRON,nmod:poss,-0.30701824245306675,8.658057051683258,8.965075294136325,0,0.18456285632943661,0.0
550,10,friends,NOUN,iobj,-0.3450771572874931,12.604476011478415,12.949553168765908,2,0.39075770296638834,0.0
550,11,loads,NOUN,obj,-0.225233951175686,5.482079380118688,5.707313331294374,1,0.03595698981852501,0.0
550,12,of,ADP,case,-0.26912208134857796,5.747531807657332,6.01665388900591,0,0.06013614590226318,0.0
550,13,money,NOUN,nmod,0.8362702230199908,12.867510417312209,12.031240194292218,2,0.2685520409352186,0.0
550,14,for,ADP,case,-0.19543242267487404,7.502937985016352,7.698370407691226,0,0.054952393018592324,0.0
550,15,them,PRON,obl,0.0011889623383449788,9.56008189211996,9.558892929781615,2,0.15425973047791722,0.0
550,16,!,PUNCT,punct,-0.7472551406466668,8.195085075340712,8.942340215987379,,0.14542382622218156,0.0
551,1,But,CCONJ,cc,0.5233161282293821,8.167070699171116,7.643754570941734,0,0.09592954419910181,0.0
551,2,act,VERB,root,-0.8443026771732409,13.18943851219957,14.033741189372812,,0.6604638374654642,0.0
551,3,quickly,ADV,advmod,-0.962578984615849,13.867510417312209,14.830089401928058,0,1.0062464926174246,0.0
551,4,...,PUNCT,punct,0.14044355228516991,11.101975670949232,10.961532118664062,,0.22576386444724067,0.0
552,1,the,DET,det,-0.7976025969652571,4.733084097091282,5.53068669405654,0,0.026145197178954215,0.0
552,2,glow,NOUN,nsubj,1.061914760053039,5.482079380118688,4.420164620065649,1,0.039376904451116634,0.0
552,3,wo,AUX,aux,-1.2142538076198974,12.604476011478415,13.818729819098312,0,0.45657013130004,0.0
552,4,n't,PART,advmod,3.2442896264243615,7.876555556915215,4.632265930490854,0,1.0114846693479587,0.0
552,5,last,VERB,root,-2.744538087874103,10.604476011478415,13.349014099352518,,1.0796590222671796,0.0
552,6,very,ADV,advmod,-0.8032425277765451,9.713705081233172,10.516947609009717,0,0.1807841613459445,0.0
552,7,long,ADV,advmod,3.9709872894416414,10.382083590141967,6.411096300700326,1,1.9048753589209517,0.0
552,8,.,PUNCT,punct,0.40263703188232913,3.7008451783641614,3.2982081464818322,,0.20522710686579218,0.0
553,1,Expectations,NOUN,nsubj:pass,-0.8732365632322434,5.482079380118688,6.355315943350932,0,0.04098359429255844,0.0
553,2,crushed,VERB,root,-1.726140969739765,15.18943851219957,16.915579481939336,,0.6773828607866519,0.1
553,3,?,PUNCT,punct,0.40102652746443024,6.650279701091539,6.249253173627109,,0.04299790914315124,0.1
554,1,Method,NOUN,nsubj,1.068392702128305,14.18943851219957,13.121045810071266,0,1.0986258211200017,0.0
554,2,two,NUM,flat,-4.463519764490545,9.282547916591051,13.746067681081596,1,1.127491573089687,0.0
554,3,to,ADP,case,-0.46086510952889004,5.85516522689238,6.31603033642127,0,0.41721315033938716,0.0
554,4,the,DET,det,-0.40629772597654945,4.733084097091282,5.139381823067832,0,0.355800215925187,0.0
554,5,rescue,NOUN,root,1.5878935241404504,5.482079380118688,3.894185855978238,,0.16116121561181163,0.0
554,6,!,PUNCT,punct,-0.16519321658373975,8.195085075340712,8.360278291924452,,0.09311001388248394,0.0
555,1,Method,NOUN,root,1.068392702128305,14.18943851219957,13.121045810071266,,1.0986258211200017,0.0
555,2,2,NUM,flat,8.289291546936068,11.488998794058478,3.1997072471224097,0,3.7380949592116095,0.0
555,3,of,ADP,case,-0.5173240371917984,5.747531807657332,6.26485584484913,0,1.4600846793543238,0.0
555,4,2,NUM,nmod,10.922021753982616,11.488998794058478,0.5669770400758617,1,1.4843261028196002,0.0
555,5,:,PUNCT,punct,0.8201044582629251,8.524102595014394,7.703998136751469,,1.6158061142051439,0.0
555,6,Using,VERB,appos,-23.54424009318671,13.382083590141967,36.926323683328675,0,7.061795369752244,0.0
555,7,Grammar,NOUN,obj,-0.8309648441596647,14.604476011478415,15.43544085563808,1,0.9277514408392821,0.1
556,1,Name,VERB,root,-1.0579420866456388,12.019513510757259,13.077455597402897,,0.5966694634104677,0.0
556,2,your,PRON,nmod:poss,-1.5946017461483013,8.658057051683258,10.25265879783156,0,0.634465412536414,0.0
556,3,language,NOUN,obj,-1.5370181898055932,12.382083590141967,13.91910177994756,1,0.8251728910460613,0.0
556,4,.,PUNCT,punct,-0.5240922144232809,3.7008451783641614,4.224937392787442,,0.02030333429678625,0.0
557,1,This,PRON,nsubj,-0.14321683198097546,7.086150703787548,7.229367535768524,0,0.07024480721902689,0.0
557,2,is,AUX,cop,1.2723097325284787,6.470049691257488,5.197739958729009,0,0.12075725451804441,0.0
557,3,the,DET,det,-0.3445106355294385,4.733084097091282,5.077594732620721,0,0.18130725158928523,0.0
557,4,most,ADV,advmod,-0.06814255241299882,10.123349321741799,10.191491874154798,0,1.322896239164596,0.0
557,5,fundamental,ADJ,amod,-1.8013574451919574,14.604476011478415,16.405833456670372,1,1.1442678443299965,0.0
557,6,property,NOUN,root,0.7856307372222329,12.382083590141967,11.596452852919734,,0.4085298721207104,0.0
557,7,in,ADP,case,-0.2830417640649445,6.195085075340713,6.4781268394056575,0,0.05064048343235162,0.0
557,8,all,DET,det,0.7827992594952908,8.312921565634571,7.530122306139281,0,0.08130298847762063,0.0
557,9,languages,NOUN,nmod,1.3037712034556552,13.604476011478415,12.30070480802276,2,0.49722951636736074,0.1
557,10,.,PUNCT,punct,0.2108142843451195,3.7008451783641614,3.490030894019042,,0.02139565397958691,0.1
558,1,You,PRON,nsubj,0.406728407907031,6.339251674553796,5.932523266646765,0,0.06306914613167432,0.0
558,2,have,VERB,root,1.6079764481301133,7.634849660521933,6.02687321239182,,0.11634665151871976,0.0
558,3,many,ADJ,amod,-0.7409102078867047,10.235242201812696,10.9761524096994,0,0.6092529057795787,0.0
558,4,names,NOUN,obj,-1.5468153577873363,13.867510417312209,15.414325775099545,1,0.7861674901180096,0.0
558,5,to,PART,mark,-0.5515881521454622,5.85516522689238,6.406753379037842,0,0.029881444886811246,0.0
558,6,choose,VERB,acl,0.6599947608940226,12.867510417312209,12.207515656418186,2,0.4672321323444308,0.0
558,7,from,ADP,obl,-0.20946849200904083,8.288571704218821,8.498040196227862,1,0.0758541627660747,0.0
558,8,.,PUNCT,punct,-0.752156798237857,3.7008451783641614,4.453001976602018,,0.05165223265341135,0.0
559,1,The,DET,det,-0.7976025969652571,4.733084097091282,5.53068669405654,0,0.026145197178954215,0.0
559,2,choice,NOUN,nsubj,0.7719326877569426,13.18943851219957,12.417505824442628,1,0.6286310955681739,0.0
559,3,is,AUX,cop,-1.5545715514239564,6.470049691257488,8.024621242681444,0,0.36163272877619257,0.0
559,4,all,ADV,advmod,-0.48118958758807473,8.312921565634571,8.794111153222646,0,0.08425347575959401,0.0
559,5,yours,PRON,root,-0.5084271849448516,14.18943851219957,14.697865697144422,,0.5154612564496412,0.1
559,6,.,PUNCT,punct,-1.412933933125911,3.7008451783641614,5.113779111490072,,0.042261180684224964,0.1
560,1,It,PRON,expl,0.1358633281289432,6.147779360562356,6.011916032433413,0,0.08192350898677746,0.0
560,2,is,AUX,aux:pass,0.9959141665178581,6.470049691257488,5.47413552473963,0,0.07806024664638797,0.0
560,3,recommend,VERB,root,0.25546971893924386,15.18943851219957,14.933968793260327,,0.645941851934456,0.0
560,4,that,SCONJ,mark,-0.35391684162509396,6.437894453110473,6.791811294735567,0,0.06526424414858152,0.0
560,5,you,PRON,nsubj,-0.005147633032716037,6.339251674553796,6.344399307586512,0,0.04862098290339833,0.0
560,6,use,VERB,csubj:pass,0.27111020335599534,10.697585415869895,10.4264752125139,2,0.22421484294225016,0.0
560,7,short,ADJ,amod,-0.7647220727194366,12.604476011478415,13.369198084197851,0,0.28784979810929745,0.0
560,8,words,NOUN,obj,0.3129409783203094,13.18943851219957,12.876497533879261,2,0.572416984841165,0.0
560,9,since,SCONJ,mark,-0.2690981621435693,12.101975670949232,12.371073833092801,0,0.25330020816893317,0.0
560,10,they,PRON,nsubj:pass,0.08954715470125674,7.894817763307944,7.805270608606687,0,0.08306419745189994,0.0
560,11,are,AUX,aux:pass,0.4560781333642563,7.693583485312399,7.237505351948143,0,0.13674227274879597,0.0
560,12,commonly,ADV,advmod,0.30116576985188814,9.200753825427405,8.899588055575517,0,0.09430081974767035,0.0
560,13,used,VERB,advcl,0.6172590518752656,11.382083590141967,10.764824538266701,4,0.1978087763541504,0.0
560,14,.,PUNCT,punct,0.952007344408424,3.7008451783641614,2.7488378339557373,,0.02546194923875215,0.0
561,1,Start,VERB,root,0.8478548278427773,12.18943851219957,11.341583684356793,,0.8054094633736594,0.0
561,2,thinking,VERB,xcomp,-3.0053841099762106,11.665876556142557,14.671260666118767,0,0.2839892295237991,0.0
561,3,about,ADP,case,-0.6468094901200114,9.101975670949232,9.748785161069243,0,0.15220756106627975,0.0
561,4,the,DET,det,0.30392947881691246,4.733084097091282,4.42915461827437,0,0.08474705324228371,0.0
561,5,grammar,NOUN,compound,0.966151814399538,14.604476011478415,13.638324197078877,0,1.2970346456630686,0.1
561,6,rules,NOUN,obl,-0.3432621099620867,13.604476011478415,13.947738121440501,4,0.33306021709060485,0.1
561,7,.,PUNCT,punct,0.33118843631170103,3.7008451783641614,3.3696567420524604,,0.05573519450542325,0.1
562,1,If,SCONJ,mark,0.6507670307312896,8.876555556915216,8.225788526183926,0,0.12486982165802919,0.0
562,2,you,PRON,nsubj,1.234255010938349,6.339251674553796,5.104996663615447,0,0.08892111424232486,0.0
562,3,want,VERB,advcl,5.682513325584825,9.96061982170369,4.278106496118864,2,1.1750295630367167,0.0
562,4,to,PART,mark,1.695627449849665,5.85516522689238,4.159537777042715,0,0.2161338782437624,0.0
562,5,add,VERB,xcomp,-7.8830840514073355,14.18943851219957,22.072522563606906,2,1.57683598455497,0.0
562,6,complication,NOUN,obj,-0.41820461740540704,5.482079380118688,5.900283997524095,1,0.03621406129376246,0.0
562,7,",",PUNCT,punct,0.6423706917901169,4.552360855055908,3.909990163265791,,0.018317387110883748,0.0
562,8,you,PRON,nsubj,-0.24545737667484868,6.339251674553796,6.584709051228645,0,0.04474371983258263,0.0
562,9,can,AUX,aux,0.04603412134668616,8.388538612279266,8.34250449093258,0,0.08437621750912828,0.0
562,10,add,VERB,root,0.8864750612409615,14.18943851219957,13.30296345095861,,0.6003024607609276,0.0
562,11,genders,NOUN,obj,-0.3546107674609269,5.482079380118688,5.836690147579615,0,0.036365237317078664,0.0
562,12,like,ADP,case,-0.6457745609716854,7.951033772874491,8.596808333846177,0,0.07660618288839917,0.0
562,13,most,ADJ,amod,-0.2596470869768428,10.123349321741799,10.382996408718641,0,0.16891027285255641,0.0
562,14,European,ADJ,amod,0.29566440315585574,15.18943851219957,14.893774109043715,0,0.6316637827265812,0.5
562,15,languages,NOUN,nmod,0.7266793229797877,13.604476011478415,12.877796688498627,4,0.44019863395183195,0.5
562,16,like,ADP,case,-0.5974611242575678,7.951033772874491,8.54849489713206,0,0.08253327362348195,0.5
562,17,French,PROPN,nmod,-0.20740376185862708,13.382083590141967,13.589487352000594,2,0.5732872912467244,0.5
562,18,and,CCONJ,cc,-0.31271599905640013,5.740289866824134,6.053005865880534,0,0.05628370424699728,0.5
562,19,German,PROPN,conj,0.8284323517039809,6.11262291514874,5.284190563444759,2,0.31429688985797605,0.5
562,20,.,PUNCT,punct,0.2886875607476651,3.7008451783641614,3.4121576176164963,,0.04150991999944829,0.5
563,1,Consider,VERB,root,1.2918972807496374,12.382083590141967,11.09018630939233,,0.23555789194595256,0.0
563,2,basing,VERB,xcomp,-3.550779211905935,6.197916666123875,9.74869587802981,0,0.24385959987737618,0.0
563,3,your,PRON,nmod:poss,-0.3496240760834741,8.658057051683258,9.007681127766732,0,0.1066896106146586,0.0
563,4,language,NOUN,obj,-0.7642838330210591,12.382083590141967,13.146367423163026,2,0.30191438317370434,0.0
563,5,on,ADP,case,-0.4698707296565976,7.520553527933323,7.990424257589921,0,0.07845919183956145,0.0
563,6,an,DET,det,0.6939712110671419,8.922651971504669,8.228680760437527,0,0.09571751605081008,0.0
563,7,existing,VERB,amod,-4.305924125597951,14.604476011478415,18.910400137076365,0,0.8411201582362544,0.1
563,8,language,NOUN,obl,0.619914773538893,12.382083590141967,11.762168816603074,4,0.30003874369027617,0.1
563,9,.,PUNCT,punct,0.3524429004383758,3.7008451783641614,3.3484022779257856,,0.0137861233131359,0.1
564,1,For,ADP,case,-0.6007896276470355,7.502937985016352,8.103727612663388,0,0.054257875705539194,0.0
564,2,example,NOUN,obl,4.9589040043617745,11.604476011478415,6.64557200711664,1,0.4687103005939714,0.0
564,3,",",PUNCT,punct,2.1339773351488,4.552360855055908,2.418383519907108,,0.27523602203550385,0.0
564,4,in,ADP,case,-1.3137136520939734,6.195085075340713,7.508798727434686,0,0.8367711485463469,0.0
564,5,my,PRON,nmod:poss,0.5194948554042984,8.13415607669838,7.614661221294082,0,1.7249168068429883,0.0
564,6,made,VERB,acl,-7.963291828223241,10.488998794058478,18.45229062228172,0,1.9894819915254316,0.0
564,7,up,ADP,compound:prt,-0.17020024852930504,9.13415607669838,9.304356325227685,1,0.14899285454290132,0.0
564,8,language,NOUN,obl,0.3182730759603807,12.382083590141967,12.063810514181586,3,0.291815942371654,0.0
564,9,",",PUNCT,punct,0.4378021526207245,4.552360855055908,4.1145587024351835,,0.018037815156403146,0.0
564,10,',PUNCT,punct,0.013051717137321006,10.517013170228076,10.503961453090755,,0.23882203779416858,0.0
564,11,Vogelaviatiolap,X,nsubj,-0.9306529664953036,10.545582322424846,11.476235288920149,0,0.30085137596648415,0.0
564,12,',PUNCT,punct,0.18094991545052608,10.517013170228076,10.33606325477755,,0.3753130336767555,0.0
564,13,means,VERB,root,-1.0644217900966666,11.941510998755986,13.005932788852652,,0.311265769334789,0.0
564,14,Bird,NOUN,obj,-0.4311977376722833,15.18943851219957,15.620636249871854,0,0.8500506530821801,0.2
564,15,.,PUNCT,punct,0.5649575493903143,3.7008451783641614,3.135887628973847,,0.04766662691186712,0.2
565,1,If,SCONJ,mark,0.6507670307312896,8.876555556915216,8.225788526183926,0,0.12486982165802919,0.0
565,2,you,PRON,nsubj,1.234255010938349,6.339251674553796,5.104996663615447,0,0.08892111424232486,0.0
565,3,have,AUX,aux,1.8430091450576782,7.634849660521933,5.791840515464255,0,0.31758298620937125,0.0
565,4,n't,PART,advmod,0.10122750159364546,7.876555556915215,7.77532805532157,0,1.095259148415945,0.0
565,5,guessed,VERB,advcl,0.6177526574612404,6.197916666123875,5.580164008662635,4,1.1436212242265933,0.0
565,6,",",PUNCT,punct,0.17386395366860263,4.552360855055908,4.378496901387305,,0.5148897625470396,0.0
565,7,it,PRON,nsubj,-0.17369214008419043,6.147779360562356,6.321471500646546,0,0.09728921491423602,0.0
565,8,comes,VERB,root,0.2474800567574995,12.282547916591051,12.035067859833552,,0.7081067771690644,0.0
565,9,from,ADP,case,-0.16777837460331924,8.288571704218821,8.45635007882214,0,0.5058727180131287,0.0
565,10,the,DET,det,0.5534890978840679,4.733084097091282,4.179594999207215,0,0.808227023289673,0.0
565,11,following,VERB,obl,-1.3542839160234301,12.282547916591051,13.636831832614481,2,1.0782708241408285,0.0
565,12,:,PUNCT,punct,-1.0200351775424092,8.524102595014394,9.544137772556804,,0.42882787399869665,0.0
566,1,',PUNCT,punct,-1.1532297505486113,10.517013170228076,11.670242920776687,,0.377978871307769,0.0
566,2,Vogel,X,nsubj,-0.6089211015937543,10.545582322424846,11.1545034240186,0,0.4082528450348842,0.0
566,3,',PUNCT,punct,-0.00044148808165189735,10.517013170228076,10.517454658309727,,0.37622029204014407,0.0
566,4,comes,VERB,root,-0.04899153285503921,4.552360855055908,4.601352387910947,,0.2713169016313938,0.0
566,5,from,ADP,case,-1.8470849424666405,10.30679546283773,12.15388040530437,0,0.4267474844765935,0.0
566,6,German,PROPN,obl,0.780529818353239,11.941510998755986,11.160981180402747,1,0.2583933190036481,0.0
566,7,",",PUNCT,punct,-0.5269371927926372,15.18943851219957,15.716375704992208,,0.863241735542413,0.2
566,8,which,PRON,nsubj,-0.9597596474136978,12.282547916591051,13.242307564004749,0,0.4627468426147664,0.2
566,9,means,VERB,acl:relcl,-0.22760524029405005,8.288571704218821,8.516176944512871,2,0.091834737828541,0.2
566,10,bird,NOUN,obj,0.17765713705535902,6.11262291514874,5.934965778093381,1,0.0699833986250607,0.2
567,1,',PUNCT,punct,-1.1532297505486113,10.517013170228076,11.670242920776687,,0.377978871307769,0.0
567,2,aviatio,X,nsubj,-0.6089211015937543,10.545582322424846,11.1545034240186,0,0.4082528450348842,0.0
567,3,',PUNCT,punct,-0.00044148808165189735,10.517013170228076,10.517454658309727,,0.37622029204014407,0.0
567,4,comes,VERB,root,-1.102067931751634,12.282547916591051,13.384615848342685,,0.9492294408617783,0.0
567,5,from,ADP,case,-0.29156238793862066,8.288571704218821,8.580134092157442,0,0.08413365479406262,0.0
567,6,English,PROPN,obl,0.03305596506507591,12.867510417312209,12.834454452247133,1,0.46588901525915366,0.0
567,7,.,PUNCT,punct,0.19466713601773966,3.7008451783641614,3.5061780423464217,,0.03197561473979177,0.0
568,1,It,PRON,nsubj,0.1358633281289432,6.147779360562356,6.011916032433413,0,0.08192350898677746,0.0
568,2,'s,AUX,cop,1.400291623519169,6.812227981811018,5.411936358291849,0,0.06662202903220009,0.0
568,3,uncompleted,ADJ,root,-0.40228362419988706,6.939140094293238,7.341423718493125,,0.30028413864799364,0.0
568,4,though,ADV,advmod,-1.8549187562047482,11.604476011478415,13.459394767683163,0,0.44261640327105234,0.0
568,5,",",PUNCT,punct,-0.44212354564863965,4.552360855055908,4.994484400704548,,0.3292210648141341,0.0
568,6,because,SCONJ,mark,-0.25390382457286265,10.0809140554214,10.334817879994263,0,0.5695419320088484,0.0
568,7,the,DET,det,-1.1662649551921378,4.733084097091282,5.89934905228342,0,0.14354804038933347,0.0
568,8,word,NOUN,nsubj,0.9709267897909424,12.382083590141967,11.411156800351025,1,0.3156822456670808,0.0
568,9,is,AUX,cop,0.011052046993055953,6.470049691257488,6.458997644264432,0,0.0674354021585422,0.0
568,10,part,NOUN,advcl,-0.7259159988297856,10.665876556142557,11.391792554972342,3,0.17856306050744314,0.0
568,11,of,ADP,case,-0.3686801703817917,5.747531807657332,6.116211978039123,0,0.05520073242545469,0.0
568,12,the,DET,det,0.7840671840794795,4.733084097091282,3.949016913011803,0,0.029880749622845232,0.0
568,13,term,NOUN,nmod,1.3347912755242373,13.382083590141967,12.04729231461773,3,0.5557715973842573,0.0
568,14,',PUNCT,punct,0.2169105461713876,10.517013170228076,10.300102624056688,,0.2492681036141948,0.0
568,15,aviation,NOUN,appos,-0.39972515208451487,5.482079380118688,5.881804532203203,1,0.07246841619403468,0.0
568,16,',PUNCT,punct,0.11381553576722148,10.517013170228076,10.403197634460854,,0.2510837773350729,0.0
569,1,',PUNCT,punct,-1.1532297505486113,10.517013170228076,11.670242920776687,,0.377978871307769,0.0
569,2,lap,X,nsubj,-0.6089211015937543,10.545582322424846,11.1545034240186,0,0.4082528450348842,0.0
569,3,',PUNCT,punct,-0.00044148808165189735,10.517013170228076,10.517454658309727,,0.37622029204014407,0.0
569,4,comes,VERB,root,-1.102067931751634,12.282547916591051,13.384615848342685,,0.9492294408617783,0.0
569,5,from,ADP,case,-0.29156238793862066,8.288571704218821,8.580134092157442,0,0.08413365479406262,0.0
569,6,Onomatopoeia,NOUN,obl,0.5882548256440998,5.482079380118688,4.893824554474588,1,0.03575735753611903,0.0
569,7,.,PUNCT,punct,0.5385510157964499,3.7008451783641614,3.1622941625677115,,0.030221571506669848,0.0
570,1,It,PRON,nsubj,0.1358633281289432,6.147779360562356,6.011916032433413,0,0.08192350898677746,0.0
570,2,'s,AUX,cop,1.400291623519169,6.812227981811018,5.411936358291849,0,0.06662202903220009,0.0
570,3,a,DET,det,-0.41051023091717465,5.916808727223201,6.327318958140376,0,0.26333720149741496,0.0
570,4,completed,ADJ,amod,-0.7935172422798162,6.939140094293238,7.732657336573054,0,0.4669982251182636,0.0
570,5,term,NOUN,root,2.0552744533642784,13.382083590141967,11.326809136777689,,2.0967606875936733,0.0
570,6,",",PUNCT,punct,1.090552599570625,4.552360855055908,3.461808255485283,,0.949064038952773,0.0
570,7,but,CCONJ,cc,-1.2553898617358215,8.167070699171116,9.422460560906938,0,1.0362539080195095,0.0
570,8,it,PRON,nsubj:pass,-0.015992511608492244,6.147779360562356,6.163771872170848,0,0.14553692955989717,0.0
570,9,is,AUX,aux:pass,1.2437627000540932,6.470049691257488,5.226286991203395,0,0.17912054979151457,0.0
570,10,supposed,VERB,conj,-1.3637931736437956,12.488998794058478,13.852791967702274,3,1.2639575337341438,0.0
570,11,to,PART,mark,-0.533449503973098,5.85516522689238,6.388614730865478,0,0.05832508530593202,0.0
570,12,come,VERB,xcomp,0.3982102128964282,10.634849660521933,10.236639447625505,2,0.18895761250880685,0.0
570,13,from,ADP,case,-0.06135989705765077,8.288571704218821,8.349931601276472,0,0.07574515362798184,0.0
570,14,',PUNCT,punct,-0.803898676021511,10.517013170228076,11.320911846249587,,0.2360932131381061,0.0
570,15,Flap,NOUN,obl,-0.1802240595394924,5.482079380118688,5.662303439658181,2,0.04504271444352498,0.0
570,16,!,PUNCT,punct,0.6759962936174482,8.195085075340712,7.519088781723264,,0.06573223605718201,0.0
570,17,',PUNCT,punct,0.31980391994208013,10.517013170228076,10.197209250285995,,0.24594037833154073,0.0
571,1,Consider,VERB,root,1.2918972807496374,12.382083590141967,11.09018630939233,,0.23555789194595256,0.0
571,2,basing,VERB,xcomp,-3.550779211905935,6.197916666123875,9.74869587802981,0,0.24385959987737618,0.0
571,3,some,DET,obj,-0.8076564803939892,9.223654227537484,10.031310707931473,1,0.2175715668177172,0.0
571,4,of,ADP,case,0.7182992636853758,5.747531807657332,5.029232543971956,0,0.03916990783215048,0.0
571,5,your,PRON,nmod:poss,-0.27696659145198055,8.658057051683258,8.935023643135239,0,0.10461748014119342,0.0
571,6,words,NOUN,nmod,0.48431355796689246,13.18943851219957,12.705124954232678,3,0.5730605277292351,0.0
571,7,from,ADP,case,-0.12434600081967062,8.288571704218821,8.412917705038492,0,0.07690232139313771,0.0
571,8,other,ADJ,amod,-0.2022311227154301,9.867510417312209,10.069741540027639,0,0.17756111809959668,0.0
571,9,words,NOUN,obl,0.7577205434394401,13.18943851219957,12.43171796876013,3,0.5719682450434717,0.0
571,10,you,PRON,nsubj,-0.6704757141279778,6.339251674553796,7.009727388681774,0,0.08973688825279658,0.0
571,11,have,AUX,aux,0.1492148325806184,7.634849660521933,7.485634827941315,0,0.0562055178612909,0.0
571,12,invented,VERB,acl,-0.02874925097893044,6.197916666123875,6.226665917102806,3,0.06238808870161757,0.0
571,13,.,PUNCT,punct,0.8683243155372158,3.7008451783641614,2.8325208628269456,,0.017138528733665698,0.0
572,1,Get,VERB,root,0.7929135120806929,9.282547916591051,8.489634404510358,,0.16448987959021752,0.0
572,2,inspiration,NOUN,obj,-2.17144041298274,5.482079380118688,7.653519793101428,0,0.10251777112629583,0.0
572,3,from,ADP,case,-0.8518425182531626,8.288571704218821,9.140414222471984,0,0.08368824945841541,0.0
572,4,existing,VERB,amod,-2.143247125148914,14.604476011478415,16.74772313662733,0,1.3507389471461264,0.1
572,5,alphabets,NOUN,nmod,3.2371196302079817,5.482079380118688,2.2449597499107066,3,1.7883181665170187,0.1
572,6,and,CCONJ,cc,-0.4491775852251534,5.740289866824134,6.189467452049287,0,0.3123357833489257,0.1
572,7,words,NOUN,conj,-4.576539416821101,13.18943851219957,17.76597792902067,2,2.1708077865234565,0.1
572,8,.,PUNCT,punct,0.2942871489946577,3.7008451783641614,3.4065580293695037,,0.024743361594195205,0.1
573,1,Why,ADV,advmod,0.9631498686961582,10.574728668084362,9.611578799388203,0,0.24823122943570247,0.0
573,2,not,PART,advmod,0.3912229248581278,7.801421226854436,7.410198301996308,0,0.8729832202155757,0.0
573,3,add,VERB,root,-0.3190270886870188,14.18943851219957,14.50846560088659,,1.2070663051932278,0.0
573,4,some,DET,det,-0.637365591596808,9.223654227537484,9.861019819134292,0,0.2081096491901804,0.0
573,5,non,ADV,advmod,-1.186769564889726,9.200753825427405,10.387523390317131,0,0.09047507502271346,0.0
573,6,Latin,ADJ,amod,1.4872620315182719,6.939140094293238,5.451878062774966,1,0.07573457700548063,0.0
573,7,Characters,NOUN,obj,0.8895702447562552,15.18943851219957,14.299868267443316,2,0.8171740828435148,0.2
573,8,such,ADJ,case,-0.33747144198716583,11.235242201812696,11.572713643799862,0,0.2053134839637135,0.2
573,9,as,ADP,fixed,-0.07024954791666893,8.150519522907269,8.220769070823938,1,0.04424351186271128,0.2
573,10,ß,SYM,nmod,-0.03507046467961494,14.18943851219957,14.224508976879186,2,0.456975119395541,0.3
573,11,?,PUNCT,punct,-0.3370782265491741,6.650279701091539,6.987357927640713,,0.2234179624496242,0.3
574,1,You,PRON,nsubj,0.406728407907031,6.339251674553796,5.932523266646765,0,0.06306914613167432,0.0
574,2,can,AUX,aux,1.7458086679208176,8.388538612279266,6.642729944358448,0,0.24994233780035097,0.0
574,3,even,ADV,advmod,1.4557386910787837,10.434551010036103,8.978812318957319,0,0.5826188646867575,0.0
574,4,take,VERB,root,4.635208850861629,10.545582322424846,5.910373471563217,,3.1226429339930726,0.0
574,5,some,DET,det,-0.5488848978520942,9.223654227537484,9.772539125389578,0,1.2518889637095525,0.0
574,6,words,NOUN,obj,-5.833122051351365,13.18943851219957,19.022560563550936,1,3.0356508408381973,0.0
574,7,of,ADP,case,-0.14389275784249733,5.747531807657332,5.891424565499829,0,0.04377873117821373,0.0
574,8,languages,NOUN,nmod,0.741716385529319,13.604476011478415,12.862759625949096,2,0.508290235592076,0.1
574,9,",",PUNCT,punct,0.5320066294445409,4.552360855055908,4.020354225611367,,0.023328725276283824,0.1
574,10,altering,VERB,advcl,-1.10663108761862,6.197916666123875,7.304547753742495,0,0.061954063888593584,0.1
574,11,them,PRON,obj,-0.08296451963455098,9.56008189211996,9.643046411754511,1,0.13525541013665918,0.1
574,12,or,CCONJ,cc,-0.30751869741540716,8.461518057636372,8.76903675505178,0,0.08403453769317953,0.1
574,13,not,PART,conj,0.5112896238562046,7.801421226854436,7.2901316029982315,2,0.10298936589368939,0.1
574,14,.,PUNCT,punct,-1.6723126907790573,3.7008451783641614,5.373157869143219,,0.08426502125536167,0.1
575,1,Using,VERB,csubj,0.8217822363415159,13.382083590141967,12.560301353800451,0,0.6228656830963961,0.0
575,2,the,DET,det,-0.9864078260672846,4.733084097091282,5.719491923158567,0,0.4448591720999715,0.0
575,3,dictionary,NOUN,obj,1.3202985802469085,5.482079380118688,4.16178079987178,2,0.9582167671525169,0.0
575,4,can,AUX,aux,1.2744876326716685,8.388538612279266,7.1140509796075975,0,1.5693146080224547,0.0
575,5,ensure,VERB,root,-3.6132922411680415,15.18943851219957,18.802730753367612,,2.0142068809656766,0.1
575,6,you,PRON,nsubj,-0.07277242351022206,6.339251674553796,6.412024098064018,0,0.04273670813979961,0.1
575,7,not,PART,advmod,-0.2985939851374999,7.801421226854436,8.100015211991936,0,0.07901395066542566,0.1
575,8,missing,VERB,ccomp,1.4901052417547689,15.18943851219957,13.699333270444802,2,0.6361438543462948,0.2
575,9,a,DET,det,-0.3582988321925704,5.916808727223201,6.275107559415772,0,0.04643069424470052,0.2
575,10,single,ADJ,amod,0.222954418051863,13.019513510757259,12.796559092705396,0,0.3521525246191559,0.2
575,11,word,NOUN,obj,0.9174254626433491,12.382083590141967,11.464658127498618,3,0.26313429651277687,0.2
575,12,.,PUNCT,punct,0.6594243560173192,3.7008451783641614,3.041420822346842,,0.016932891628138214,0.2
576,1,Keep,VERB,root,0.7747709325457794,11.282547916591051,10.507776984045272,,0.27200254545337693,0.0
576,2,track,NOUN,obj,-2.614101373880887,13.867510417312209,16.481611791193096,0,0.5521864639468935,0.0
576,3,of,ADP,case,-0.756862784871493,5.747531807657332,6.504394592528825,0,0.030397837868637808,0.0
576,4,all,DET,det:predet,0.5532195130011681,8.312921565634571,7.759702052633403,0,0.09907317953265836,0.0
576,5,your,PRON,nmod,-0.7090468970128843,8.658057051683258,9.367103948696142,3,0.09682188341790501,0.0
577,1,Remember,VERB,root,1.150267084373846,11.545582322424846,10.395315238051,,0.26554944468011693,0.0
577,2,to,PART,mark,-1.5310813086897568,5.85516522689238,7.386246535582137,0,0.6312249653451067,0.0
577,3,write,VERB,xcomp,-1.2142598412599952,13.019513510757259,14.233773352017254,1,0.6564330261435637,0.0
577,4,down,ADP,compound:prt,-0.1745078185005422,10.235242201812696,10.409750020313238,1,0.22428625289629192,0.0
577,5,your,PRON,nmod:poss,0.04954001122647078,8.658057051683258,8.608517040456787,0,0.09296935114907767,0.0
577,6,creations,NOUN,obj,-0.20919567344003465,5.482079380118688,5.691275053558723,2,0.03529640748810959,0.0
577,7,!,PUNCT,punct,0.39176047454621266,8.195085075340712,7.803324600794499,,0.06762207523813081,0.0
578,1,Use,VERB,root,0.5644249515823052,10.697585415869895,10.13316046428759,,0.27037434383783526,0.0
578,2,your,PRON,nmod:poss,-0.8260727527567067,8.658057051683258,9.484129804439965,0,0.5459707968798656,0.0
578,3,language,NOUN,obj,-2.3827304346321743,12.382083590141967,14.764814024774141,1,0.6298373803080578,0.0
578,4,.,PUNCT,punct,-0.08713015607948815,3.7008451783641614,3.7879753344436495,,0.019491801903382136,0.0
579,1,Get,AUX,aux:pass,0.7929135120806929,9.282547916591051,8.489634404510358,0,0.16448987959021752,0.0
579,2,used,VERB,root,-2.7299433529146366,11.382083590141967,14.112026943056604,,0.27198847328841325,0.0
579,3,to,SCONJ,mark,-1.1036338554242615,5.85516522689238,6.9587990823166415,0,0.05969919494754714,0.0
579,4,using,VERB,advcl,0.23127941997500123,13.382083590141967,13.150804170166966,1,0.4610771170578734,0.0
579,5,it,PRON,obj,-0.04016983723723655,6.147779360562356,6.187949197799592,1,0.059735122032502405,0.0
579,6,yourself,PRON,obl:unmarked,0.01410215108840518,13.18943851219957,13.175336361111166,1,0.6780870760366738,0.0
579,7,",",PUNCT,punct,-0.3625626145794998,4.552360855055908,4.914923469635408,,0.028684523037884768,0.0
579,8,and,CCONJ,cc,-0.2510033409193788,5.740289866824134,5.991293207743513,0,0.0761416567327981,0.0
579,9,spread,VERB,conj,0.7923921447618181,14.604476011478415,13.812083866716597,1,0.9045810858209874,0.0
579,10,it,PRON,obj,0.12907287744907858,6.147779360562356,6.018706483113277,1,0.05880417123636039,0.0
579,11,to,ADP,case,-0.23891913599404635,5.85516522689238,6.094084362886426,0,0.05872328768985739,0.0
579,12,others,NOUN,obl,-0.24615892352444746,12.867510417312209,13.113669340836656,2,0.46722743202127714,0.0
579,13,.,PUNCT,punct,0.5260987777901032,3.7008451783641614,3.174746400574058,,0.02166143769424115,0.0
580,1,Once,SCONJ,mark,0.08637153561460487,11.665876556142557,11.579505020527952,0,0.20521303480383907,0.0
580,2,you,PRON,nsubj,-0.270041052121762,6.339251674553796,6.609292726675558,0,0.21052565666648895,0.0
580,3,feel,VERB,advcl,1.135687746804452,11.101975670949232,9.96628792414478,2,0.34811707123197017,0.0
580,4,confident,ADJ,xcomp,-1.012157679761894,6.939140094293238,7.951297774055132,1,0.06453837669938214,0.0
580,5,about,ADP,case,-0.08569208194868416,9.101975670949232,9.187667752897916,0,0.09995652441138304,0.0
580,6,your,PRON,nmod:poss,-0.17090369302708908,8.658057051683258,8.828960744710347,0,0.09679564561068349,0.0
580,7,language,NOUN,obl,0.3506057652638219,12.382083590141967,12.031477824878145,3,0.30802591210283786,0.0
580,8,",",PUNCT,punct,0.4425454895964327,4.552360855055908,4.109815365459475,,0.019935088964534897,0.0
580,9,experiment,VERB,root,-0.4188061397629532,15.18943851219957,15.608244651962524,,0.7362186868367485,0.0
580,10,and,CCONJ,cc,-0.6994660558374157,5.740289866824134,6.43975592266155,0,0.05622791876475611,0.0
580,11,expand,VERB,conj,0.12103109534856049,6.197916666123875,6.076885570775315,1,0.06011248685706918,0.0
580,12,:,PUNCT,punct,0.8613159947864659,8.524102595014394,7.662786600227928,,0.09262991982836331,0.0
581,1,Grab,VERB,root,1.3630590796239854,14.18943851219957,12.826379432575585,,0.846270244557157,0.0
581,2,a,DET,det,-1.5880838041833982,5.916808727223201,7.5048925314065995,0,0.5830202603612625,0.0
581,3,book,NOUN,obj,-0.1582038307843785,12.18943851219957,12.34764234298395,1,0.9142213567149959,0.0
581,4,/,SYM,cc,-0.45414993486742716,11.730006893562273,12.1841568284297,0,0.39555691177150815,0.0
581,5,novel,NOUN,conj,-0.6726350509427572,14.18943851219957,14.862073563142328,2,1.0059681886054068,0.0
581,6,and,CCONJ,cc,-0.8283120863006301,5.740289866824134,6.568601953124764,0,0.08772342862861524,0.0
581,7,translate,VERB,conj,-0.054870079759846035,6.197916666123875,6.252786745883721,1,0.0789325663888291,0.0
581,8,it,PRON,obj,-0.05337645178616324,6.147779360562356,6.201155812348519,1,0.0606108459001144,0.0
581,9,to,ADP,case,-0.3075841575916973,5.85516522689238,6.162749384484077,0,0.05650402785429667,0.0
581,10,your,PRON,nmod:poss,0.5013331213009291,8.658057051683258,8.156723930382329,0,0.09444356324775618,0.0
581,11,own,ADJ,amod,-0.2845876482198477,11.331457517071998,11.616045165291846,0,0.5514310960848537,0.0
581,12,language,NOUN,obl,0.30913756502140366,12.382083590141967,12.072946025120563,4,0.30534706564075015,0.0
581,13,.,PUNCT,punct,0.4193642576917167,3.7008451783641614,3.2814809206724447,,0.04393417531400156,0.0
582,1,Teach,VERB,root,0.7703531933176606,14.18943851219957,13.41908531888191,,0.7561708604542302,0.0
582,2,your,PRON,nmod:poss,-1.87221280428078,8.658057051683258,10.530269855964038,0,0.2946150867517523,0.0
582,3,friends,NOUN,iobj,-0.8858751701334064,12.604476011478415,13.490351181611821,1,0.3887535938589459,0.0
582,4,this,DET,det,-0.7080639815280731,7.086150703787548,7.794214685315621,0,0.033758139814546756,0.0
582,5,new,ADJ,amod,-0.22888607733575483,10.039691392694888,10.268577470030642,0,0.11810582464697385,0.0
582,6,language,NOUN,obj,0.6868270212079519,12.382083590141967,11.695256568934015,2,0.296751811536727,0.0
582,7,.,PUNCT,punct,0.21466183843791864,3.7008451783641614,3.4861833399262427,,0.014501998279092168,0.0
583,1,As,ADV,advmod,-0.005958685723868484,8.150519522907269,8.156478208631137,0,0.15770395054083133,0.0
583,2,soon,ADV,advmod,3.9883717026245957,12.867510417312209,8.879138714687613,1,1.5793970371055484,0.0
583,3,as,SCONJ,mark,4.672967903465422,8.150519522907269,3.4775516194418463,0,1.4081390224479984,0.0
583,4,your,PRON,nmod:poss,-3.717577868536459,8.658057051683258,12.375634920219717,0,2.360209952149642,0.0
583,5,friends,NOUN,nsubj,-6.455230280724738,12.604476011478415,19.059706292203153,1,2.3655829893040305,0.0
583,6,understand,VERB,advcl,0.753198242578403,11.604476011478415,10.851277768900012,3,0.5044670542555999,0.0
583,7,your,PRON,nmod:poss,0.07917595001424615,8.658057051683258,8.578881101669012,0,0.09663442780497382,0.0
583,8,language,NOUN,obj,-0.5181010644397315,12.382083590141967,12.900184654581698,2,0.29417636486414744,0.0
583,9,",",PUNCT,punct,0.5258226954844689,4.552360855055908,4.026538159571439,,0.017124192050644256,0.0
583,10,communicate,VERB,root,-0.8373315774792518,6.197916666123875,7.035248243603127,,0.06361175707944354,0.0
583,11,to,ADP,case,-0.6830928123419211,5.85516522689238,6.538258039234301,0,0.05773848202283884,0.0
583,12,them,PRON,obl,0.43589949109207815,9.56008189211996,9.124182401027882,1,0.13233261234855656,0.0
583,13,with,ADP,case,-0.46911809833123463,7.899419665266953,8.368537763598187,0,0.0658191024412223,0.0
583,14,it,PRON,obl,0.6729665392879083,6.147779360562356,5.474812821274448,1,0.06737989516526775,0.0
583,15,.,PUNCT,punct,-0.7244840116029656,3.7008451783641614,4.425329189967127,,0.036097837189271446,0.0
584,1,Be,AUX,cop,0.35965277019237707,8.075696346150382,7.716043575958005,0,0.07932408206403319,0.0
584,2,fluent,ADJ,root,0.7439123108118295,6.939140094293238,6.195227783481409,,0.2466773947876276,0.0
584,3,in,ADP,case,-1.0378972425404793,6.195085075340713,7.232982317881192,0,0.21356026446925777,0.0
584,4,your,PRON,nmod:poss,0.008280172739462799,8.658057051683258,8.649776878943795,0,0.3995860458232721,0.0
584,5,own,ADJ,amod,4.036817366186494,11.331457517071998,7.294640150885504,0,1.7929820355834694,0.0
584,6,made,VERB,acl,-7.002575406585478,10.488998794058478,17.491574200643957,0,1.7101670677816867,0.0
584,7,up,ADP,compound:prt,-0.007374571438026223,9.13415607669838,9.141530648136406,1,0.1476040025105829,0.0
584,8,language,NOUN,obl,0.7178787963970326,12.382083590141967,11.664204793744934,4,0.2881922026217474,0.0
584,9,and,CCONJ,cc,-0.4842615290795438,5.740289866824134,6.224551395903678,0,0.048171662028305536,0.0
584,10,start,VERB,conj,-0.04423370724640918,12.18943851219957,12.23367221944598,1,0.6352564429461903,0.0
584,11,spreading,VERB,xcomp,-1.0735768876718161,6.197916666123875,7.2714935537956915,1,0.05953012585880171,0.0
584,12,this,PRON,obj,-0.18266155253720218,7.086150703787548,7.26881225632475,1,0.03523541848789685,0.0
584,13,to,ADP,case,-0.3060830645705659,5.85516522689238,6.161248291462946,0,0.049851678713776375,0.0
584,14,your,PRON,nmod:poss,0.18080793132698147,8.658057051683258,8.477249120356277,0,0.09671222867038991,0.0
584,15,friends,NOUN,obl,-0.12217339050670795,12.604476011478415,12.726649401985123,3,0.40350039698763324,0.0
584,16,",",PUNCT,punct,0.39466957090881305,4.552360855055908,4.157691284147095,,0.033256156967858524,0.0
584,17,family,NOUN,conj,-0.19410134584464878,12.019513510757259,12.213614856601907,1,0.2603026304880277,0.0
584,18,and,CCONJ,cc,-0.48800577665452227,5.740289866824134,6.228295643478656,0,0.05733892857526034,0.0
584,19,strangers,NOUN,conj,0.1644839195853125,5.482079380118688,5.317595460533376,2,0.06156327419124283,0.0
584,20,!,PUNCT,punct,0.3465336519329769,8.195085075340712,7.848551423407735,,0.06291094358030445,0.0
585,1,Write,VERB,root,0.268182595401969,13.019513510757259,12.75133091535529,,0.32794880913535707,0.0
585,2,your,PRON,nmod:poss,-1.4002785216445979,8.658057051683258,10.058335573327856,0,0.32117243119539163,0.0
585,3,own,ADJ,amod,-0.6581240963652757,11.331457517071998,11.989581613437274,0,0.45068684117461666,0.0
585,4,poem,NOUN,obj,0.37679839705051155,5.482079380118688,5.105280983068177,2,0.059302464570035546,0.0
585,5,/,SYM,cc,-0.42584058224517385,11.730006893562273,12.155847475807446,0,0.3931057500611967,0.0
585,6,novel,NOUN,conj,-0.5647202744777342,14.18943851219957,14.754158786677305,2,1.0102707828012916,0.0
585,7,/,SYM,cc,0.8147045518957263,11.730006893562273,10.915302341666546,0,0.36318203793825315,0.0
585,8,story,NOUN,conj,-0.6285591568680982,12.382083590141967,13.010642747010065,2,0.3763602708871702,0.0
585,9,with,ADP,case,-0.26212903057270154,7.899419665266953,8.161548695839654,0,0.10599233511709587,0.0
585,10,your,PRON,nmod:poss,-0.2093319394959341,8.658057051683258,8.867388991179192,0,0.11917494523159845,0.0
585,11,own,ADJ,amod,0.2166031181516832,11.331457517071998,11.114854398920315,0,0.40962493505739767,0.0
585,12,made,VERB,acl,-2.1205129047554205,10.488998794058478,12.609511698813899,0,0.08473364640038475,0.0
585,13,up,ADP,compound:prt,0.07863015861641642,9.13415607669838,9.055525918081964,1,0.14760602584652718,0.0
585,14,language,NOUN,nmod,0.7003403120285565,12.382083590141967,11.68174327811341,5,0.2854457438474131,0.0
585,15,.,PUNCT,punct,0.4190846919513942,3.7008451783641614,3.281760486412767,,0.019842663069235017,0.0
586,1,If,SCONJ,mark,0.6507670307312896,8.876555556915216,8.225788526183926,0,0.12486982165802919,0.0
586,2,you,PRON,nsubj,1.234255010938349,6.339251674553796,5.104996663615447,0,0.08892111424232486,0.0
586,3,'re,AUX,cop,0.4496465515746362,9.0809140554214,8.631267503846765,0,0.4399967445138847,0.0
586,4,really,ADV,advmod,3.4536187378451,9.619582903868622,6.165964166023522,0,1.8338311358939552,0.0
586,5,ambitious,ADJ,advcl,-3.004361234957134,6.939140094293238,9.943501329250372,4,1.2842528954053625,0.0
586,6,",",PUNCT,punct,-0.01981331565064437,4.552360855055908,4.572174170706552,,0.4709962499370107,0.0
586,7,set,VERB,root,-1.5088382913170548,12.282547916591051,13.791386207908106,,0.6213806810386248,0.0
586,8,a,DET,det,-0.5435040640241162,5.916808727223201,6.4603127912473175,0,0.056987960229964024,0.0
586,9,goal,NOUN,obj,1.2802894577676334,12.867510417312209,11.587220959544576,1,0.6302462186801924,0.0
586,10,of,SCONJ,mark,-0.29877082424969625,5.747531807657332,6.046302631907028,0,0.04501677442367364,0.0
586,11,helping,VERB,acl,-2.5665861616212986,6.197916666123875,8.764502827745174,2,0.07949922410792137,0.0
586,12,others,NOUN,obj,-0.1696820271831161,12.867510417312209,13.037192444495325,1,0.4639757053978311,0.0
586,13,become,VERB,xcomp,-0.6530825255204782,11.941510998755986,12.594593524276464,1,0.2050283562666284,0.0
586,14,fluent,ADJ,xcomp,-0.7855712181987657,6.939140094293238,7.724711312492004,1,0.06413784388140598,0.0
586,15,in,ADP,case,0.21650465034349953,6.195085075340713,5.978580424997213,0,0.05783462606902218,0.0
586,16,the,DET,det,1.0258035345240186,4.733084097091282,3.707280562567264,0,0.0272859762095819,0.0
586,17,language,NOUN,obl,1.2262524278555347,12.382083590141967,11.155831162286432,3,0.2925696437949041,0.0
586,18,.,PUNCT,punct,0.5553744195257733,3.7008451783641614,3.145470758838388,,0.016835149422242606,0.0
587,1,One,NUM,nummod,-0.18747322795411314,8.552813891655921,8.740287119610034,0,0.13828453914089195,0.0
587,2,day,NOUN,obl:unmarked,1.1202452243279755,10.434551010036103,9.314305785708127,1,0.3113945258468379,0.0
587,3,",",PUNCT,punct,-0.7709221388783112,4.552360855055908,5.323282993934219,,0.6553375437612985,0.0
587,4,maybe,ADV,advmod,0.7819682547115292,11.382083590141967,10.600115335430438,0,2.505561639248813,0.0
587,5,you,PRON,nsubj,-0.9824722214901449,6.339251674553796,7.321723896043941,0,3.0825665703364242,0.0
587,6,can,AUX,aux,1.3252893902314078,8.388538612279266,7.063249222047858,0,1.8666895332265823,0.0
587,7,make,VERB,root,-3.2370925088924274,9.979985146570622,13.217077655463049,,2.6886114254037485,0.0
587,8,it,PRON,obj,0.8247927951272542,6.147779360562356,5.322986565435102,0,0.4526862648058089,0.0
587,9,the,DET,det,-0.627494375346294,4.733084097091282,5.3605784724375765,0,0.20469235704428426,0.0
587,10,official,ADJ,amod,-0.8289080926384464,14.604476011478415,15.433384104116861,0,1.1245270444719384,0.3
587,11,language,NOUN,xcomp,0.9126249407030418,12.382083590141967,11.469458649438925,2,0.14860073527863232,0.3
587,12,of,ADP,case,-0.01682982242573061,5.747531807657332,5.764361630083062,0,0.045049535681603,0.3
587,13,a,DET,det,0.8493023734530087,5.916808727223201,5.0675063537701925,0,0.03349365750088893,0.3
587,14,country,NOUN,nmod,1.3358193609258056,11.867510417312209,10.531691056386403,3,0.1858573076471252,0.3
587,15,!,PUNCT,punct,0.5797275470534249,8.195085075340712,7.615357528287287,,0.054934139391934075,0.3
588,1,Tips,NOUN,root,-0.8732365632322434,5.482079380118688,6.355315943350932,,0.04098359429255844,0.0
589,1,Remember,VERB,root,1.150267084373846,11.545582322424846,10.395315238051,,0.26554944468011693,0.0
589,2,you,PRON,nsubj,-1.8696837418155683,6.339251674553796,8.208935416369364,0,0.14138684312832325,0.0
589,3,should,AUX,aux,0.4933880911487538,10.461518057636372,9.968129966487618,0,0.6476465330187867,0.0
589,4,know,VERB,ccomp,-0.2597458079659649,8.531227029447775,8.79097283741374,2,0.6809565601533858,0.0
589,5,how,ADV,obj,0.09180486875497706,9.167070699171116,9.07526583041614,1,0.12392445625321134,0.0
589,6,to,PART,mark,-0.589095827895191,5.85516522689238,6.444261054787571,0,0.061253580945249506,0.0
589,7,write,VERB,acl,0.6907173087400356,13.019513510757259,12.328796202017223,2,0.3279075541949924,0.0
589,8,it,PRON,obj,0.08756055070829927,6.147779360562356,6.060218809854057,1,0.05855274874087479,0.0
589,9,.,PUNCT,punct,0.29168527273085676,3.7008451783641614,3.4091599056333046,,0.016695800082596055,0.0
590,1,Make,VERB,root,0.893259377266034,9.979985146570622,9.086725769304588,,0.18661992723355011,0.0
590,2,sure,ADJ,xcomp,3.6636380487207294,10.941510998755986,7.277872950035256,0,0.6813053179066046,0.0
590,3,that,SCONJ,mark,-0.9104053305702546,6.437894453110473,7.348299783680727,0,0.5631036040123885,0.0
590,4,you,PRON,nsubj,-0.38257748908254285,6.339251674553796,6.721829163636339,0,0.3038377322087177,0.0
590,5,and,CCONJ,cc,0.3272420555160993,5.740289866824134,5.413047811308035,0,0.4522056841536642,0.0
590,6,your,PRON,nmod:poss,-1.6431127301615458,8.658057051683258,10.301169781844804,0,0.7096041606911796,0.0
590,7,friend(s),NOUN,conj,0.8062296574183225,5.482079380118688,4.675849722700366,3,0.8224038149852342,0.0
590,8,all,ADV,advmod,-0.7300150115907229,8.312921565634571,9.042936577225294,0,0.35730639175538775,0.0
590,9,follow,VERB,ccomp,-3.013969623812363,13.867510417312209,16.881480041124572,4,2.167334015315057,0.0
590,10,a,DET,det,-0.4791080857746888,5.916808727223201,6.39591681299789,0,1.0316388995421306,0.0
590,11,systematic,ADJ,amod,-2.810175111028798,14.604476011478415,17.414651122507212,0,1.5964834490987794,0.1
590,12,language,NOUN,compound,0.9619670219486665,12.382083590141967,11.4201165681933,0,0.30190685912711634,0.1
590,13,system,NOUN,obj,0.10720978131873338,11.730006893562273,11.62279711224354,4,0.28550824897633226,0.1
590,14,.,PUNCT,punct,0.39351761025614884,3.7008451783641614,3.3073275681080125,,0.10628040246528689,0.1
591,1,In,ADP,case,-0.7512908726612668,6.195085075340713,6.94637594800198,0,0.059321265642547326,0.0
591,2,other,ADJ,amod,-0.14289171852618487,9.867510417312209,10.010402135838394,0,0.26578015728124926,0.0
591,3,words,NOUN,obl,7.832090081705838,13.18943851219957,5.357348430493733,2,4.59140644607631,0.0
591,4,",",PUNCT,punct,-2.047512910960857,4.552360855055908,6.599873766016765,,2.1961839603526756,0.0
591,5,make,VERB,root,-7.272146103540612,9.979985146570622,17.252131250111233,,3.3680678267976996,0.0
591,6,sure,ADJ,xcomp,2.197710779475516,10.941510998755986,8.74380021928047,0,1.9011942169568208,0.0
591,7,that,SCONJ,mark,-0.08314851773771448,6.437894453110473,6.521042970848187,0,0.39516560012275886,0.0
591,8,you,PRON,nsubj,-0.6681172436116309,6.339251674553796,7.007368918165427,0,0.23974742051793885,0.0
591,9,follow,VERB,ccomp,-2.465753898352526,13.867510417312209,16.333264315664735,3,1.9661807015271497,0.0
591,10,the,DET,det,-0.383292820912855,4.733084097091282,5.116376918004137,0,0.05682190274199155,0.0
591,11,same,ADJ,amod,-0.09205924183441638,11.101975670949232,11.194034912783648,0,0.6153282280603707,0.0
591,12,guidelines,NOUN,obj,1.118593217218577,5.482079380118688,4.363486162900111,3,0.030938549278074934,0.0
591,13,.,PUNCT,punct,0.5908755526012839,3.7008451783641614,3.1099696257628775,,0.06888454254958971,0.0
592,1,Do,AUX,aux,0.7443699706952938,7.650279701091539,6.905909730396245,0,0.06751253051743049,0.0
592,2,n't,PART,advmod,2.6300812262755286,7.876555556915215,5.246474330639686,0,0.18381827934121633,0.0
592,3,use,VERB,root,1.7710354779853468,10.697585415869895,8.926549937884548,,1.0393259377348198,0.0
592,4,random,ADJ,amod,-4.730817074606206,14.18943851219957,18.920255586805776,0,0.9028833457110129,0.0
592,5,letters,NOUN,obj,-0.10748357782230933,14.604476011478415,14.711959589300724,1,1.0312244823776413,0.0
592,6,.,PUNCT,punct,0.439186995970426,3.7008451783641614,3.2616581823937354,,0.016968743390117617,0.0
593,1,When,ADV,advmod,0.5479403464776436,9.270575274924976,8.722634928447333,0,0.13530096433341013,0.0
593,2,starting,VERB,advcl,-1.279523544279618,13.019513510757259,14.299037055036877,1,0.36339664426480434,0.0
593,3,off,ADP,compound:prt,-0.6247964733742695,11.665876556142557,12.290673029516826,1,0.29474448248335317,0.0
593,4,",",PUNCT,punct,-0.7038339220296699,4.552360855055908,5.256194777085578,,0.20566156114663767,0.0
593,5,follow,VERB,root,-1.2563488285475337,13.867510417312209,15.123859245859743,,0.6197860459130314,0.0
593,6,closely,ADV,advmod,-0.16445943647286576,15.18943851219957,15.353897948672437,0,0.6140151260359653,0.1
593,7,to,ADP,case,-0.634256113632464,5.85516522689238,6.489421340524844,0,0.04504408850610986,0.1
593,8,a,DET,det,-0.4314801179655632,5.916808727223201,6.3482888451887645,0,0.08068552800504313,0.1
593,9,language,NOUN,obl,1.1164704459922863,12.382083590141967,11.26561314414968,2,0.26033915889388803,0.1
593,10,you,PRON,nsubj,-0.38048851876834355,6.339251674553796,6.7197401933221395,0,0.0407116071652334,0.1
593,11,like,VERB,acl,-0.16360271934705484,7.951033772874491,8.114636492221546,2,0.07783392131403948,0.1
593,12,.,PUNCT,punct,0.4146910471077212,3.7008451783641614,3.28615413125644,,0.05495475037436141,0.1
594,1,This,PRON,nsubj,-0.14321683198097546,7.086150703787548,7.229367535768524,0,0.07024480721902689,0.0
594,2,will,AUX,aux,0.22667930127552616,9.060155495254604,8.833476193979077,0,0.3794184393925152,0.0
594,3,make,VERB,root,2.7390066568956932,9.979985146570622,7.240978489674928,,1.4140643927818213,0.0
594,4,grammar,NOUN,obj,-3.3319314114934784,14.604476011478415,17.936407422971893,0,0.6072381179232573,0.1
594,5,much,ADV,advmod,-0.592848461423964,10.282547916591051,10.875396378015015,0,0.14801649041823614,0.1
594,6,easier,ADJ,xcomp,-0.08383336354412663,6.939140094293238,7.022973457837365,1,0.04406980250566538,0.1
594,7,to,PART,mark,-0.5907494702479017,5.85516522689238,6.445914697140282,0,0.06784697459486042,0.1
594,8,make,VERB,acl,-0.6603161550266847,9.979985146570622,10.640301301597306,2,0.23817080756769876,0.1
594,9,.,PUNCT,punct,0.7922676122297658,3.7008451783641614,2.9085775661343956,,0.013264476998616777,0.1
595,1,Practice,VERB,root,-1.4174239566092837,14.604476011478415,16.0218999680877,,0.9759358463173716,0.1
595,2,your,PRON,nmod:poss,-1.7416218767659721,8.658057051683258,10.39967892844923,0,0.22495742558596415,0.1
595,3,language,NOUN,obj,-1.0307275017942459,12.382083590141967,13.412811091936213,1,0.3165569462512277,0.1
595,4,frequently,ADV,advmod,-0.5728823671338059,9.200753825427405,9.773636192561211,0,0.10142798694785211,0.1
595,5,so,SCONJ,mark,0.6417385912452147,7.738227400367242,7.096488809122027,0,0.10550303641019573,0.1
595,6,that,SCONJ,fixed,0.1348132672954403,6.437894453110473,6.303081185815032,1,0.051196086981040605,0.1
595,7,you,PRON,nsubj,0.49723384381635416,6.339251674553796,5.842017830737442,0,0.044476862005406737,0.1
595,8,do,AUX,aux,1.1700968331254833,7.650279701091539,6.480182867966056,0,0.04200547163656391,0.1
595,9,n't,PART,advmod,0.8419909241550787,7.876555556915215,7.034564632760136,0,0.07393232917616614,0.1
595,10,forget,VERB,advcl,1.665687890965616,13.019513510757259,11.353825619791643,4,0.5378234330118848,0.1
595,11,it,PRON,obj,0.19092148486243943,6.147779360562356,5.956857875699916,1,0.059776822936987196,0.1
595,12,!,PUNCT,punct,0.4212367218257249,8.195085075340712,7.773848353514987,,0.076799182394511,0.1
596,1,Do,AUX,aux,0.7443699706952938,7.650279701091539,6.905909730396245,0,0.06751253051743049,0.0
596,2,n't,PART,advmod,2.6300812262755286,7.876555556915215,5.246474330639686,0,0.18381827934121633,0.0
596,3,forget,VERB,root,3.664534839011237,13.019513510757259,9.354978671746021,,2.4382483556816945,0.0
596,4,punctuation,NOUN,obj,-3.348987707052225,5.482079380118688,8.831067087170913,0,1.8881698006605612,0.0
596,5,!,PUNCT,punct,-1.1117923246595947,8.195085075340712,9.306877400000307,,0.6001565284368574,0.0
597,1,To,PART,mark,0.1421648765254222,5.85516522689238,5.713000350366958,0,0.047100670614718905,0.0
597,2,do,VERB,advcl,1.3516357909922512,7.650279701091539,6.298643910099288,1,0.1306278586647093,0.0
597,3,this,PRON,obj,0.273769102056856,7.086150703787548,6.812381601730692,1,0.44330326007517623,0.0
597,4,",",PUNCT,punct,-1.2826670767412676,4.552360855055908,5.835027931797176,,0.3317682655625987,0.0
597,5,think,VERB,root,-1.1839026744288592,9.343948461255195,10.527851135684054,,0.5562507027123534,0.0
597,6,of,ADP,case,-0.19351236559089458,5.747531807657332,5.941044173248226,0,0.050776652392781244,0.0
597,7,various,ADJ,amod,-0.47109094646944794,6.939140094293238,7.410231040762686,0,0.09822110380549198,0.0
597,8,words,NOUN,obl,0.7037338685015566,13.18943851219957,12.485704643698014,2,0.5792737995335664,0.0
597,9,that,PRON,nsubj,-0.42632249243939135,6.437894453110473,6.864216945549864,0,0.047752278890366956,0.0
597,10,begin,VERB,acl:relcl,0.0672549003212275,13.382083590141967,13.31482868982074,2,0.37161596762184407,0.0
597,11,with,ADP,obl,-0.10689115151642525,7.899419665266953,8.006310816783378,1,0.06041128877788286,0.0
597,12,/,SYM,cc,0.34054791357103475,11.730006893562273,11.389458979991238,0,0.616608882695439,0.0
597,13,have,VERB,conj,-1.3651229618456053,7.634849660521933,8.999972622367538,2,0.10254275141520075,0.0
597,14,a,DET,det,-0.2423516842232738,5.916808727223201,6.159160411446475,0,0.08802721071126525,0.0
597,15,lot,NOUN,obj,1.2491678097562193,10.904036293337322,9.654868483581103,2,0.23802524078837806,0.0
597,16,of,ADP,case,0.01596078793780631,5.747531807657332,5.731571019719525,0,0.041631451487524215,0.0
597,17,a,DET,det,0.8079727220020114,5.916808727223201,5.10883600522119,0,0.04095924828500486,0.0
597,18,certain,ADJ,amod,-0.010340182213758098,13.382083590141967,13.392423772355725,0,0.5079213748190057,0.0
597,19,vowel,NOUN,nmod,1.1769394043764345,5.482079380118688,4.305139975742254,4,0.03295978506824694,0.0
597,20,.,PUNCT,punct,0.5800054400909582,3.7008451783641614,3.120839738273203,,0.019608932594363013,0.0
598,1,We,PRON,nsubj,0.6000297219430406,7.192259031261949,6.592229309318909,0,0.07266865468569017,0.0
598,2,do,AUX,aux,1.4522973737396283,7.650279701091539,6.197982327351911,0,0.07525697385121168,0.0
598,3,n't,PART,advmod,3.188849014194939,7.876555556915215,4.687706542720276,0,0.2722307528339202,0.0
598,4,want,VERB,root,3.6989811339096113,9.96061982170369,6.261638687794078,,1.2211023930866334,0.0
598,5,a,DET,det,-2.196926581968124,5.916808727223201,8.113735309191325,0,0.8422170137992996,0.0
598,6,knot,NOUN,obj,1.6351325490751827,5.482079380118688,3.8469468310435055,1,1.450393732686927,0.0
598,7,in,ADP,case,-0.7353747009726517,6.195085075340713,6.930459776313365,0,0.26217461749729865,0.0
598,8,your,PRON,nmod:poss,0.081262821537047,8.658057051683258,8.576794230146211,0,0.5570698253809788,0.0
598,9,tongue,NOUN,nmod,2.626001973501136,5.482079380118688,2.856077406617552,3,0.578520278091995,0.0
598,10,after,SCONJ,mark,-1.0294626540291212,10.730006893562273,11.759469547591394,0,0.3353146270537154,0.0
598,11,speaking,VERB,advcl,-6.634586572260192,15.18943851219957,21.824025084459763,1,1.2315647969697991,0.0
598,12,to,ADP,case,-0.5591626716185933,5.85516522689238,6.414327898510973,0,0.14145888141528717,0.0
598,13,your,PRON,nmod:poss,0.5808122026706712,8.658057051683258,8.077244849012587,0,0.19272365433143562,0.0
598,14,friends,NOUN,obl,-0.673560866340722,12.604476011478415,13.278036877819137,3,0.3907941555985088,0.0
598,15,.,PUNCT,punct,0.4528190130129226,3.7008451783641614,3.248026165351239,,0.030676483106127816,0.0
599,1,Basing,VERB,csubj,0.8254603755137726,6.197916666123875,5.372456290610103,0,0.06508830294114955,0.0
599,2,letters,NOUN,obj,-2.4313465869387016,14.604476011478415,17.035822598417116,1,0.691154198869265,0.0
599,3,on,ADP,case,-0.8378748779358638,7.520553527933323,8.358428405869187,0,0.07937857701662183,0.0
599,4,objects,NOUN,obl,0.6957569625222391,15.18943851219957,14.493681549677332,2,0.742599615403918,0.1
599,5,(,PUNCT,punct,0.15662803552281268,9.517013170228076,9.360385134705263,,0.1708469924376863,0.1
599,6,pictographs,NOUN,appos,-0.7887970864552951,5.482079380118688,6.270876466573983,1,0.03934372848106494,0.1
599,7,),PUNCT,punct,0.08413560977587053,9.531227029447775,9.447091419671905,,0.17882500029054155,0.1
599,8,is,AUX,cop,-1.2842888955546865,6.470049691257488,7.754338586812175,0,0.047018566242004234,0.1
599,9,an,DET,det,-0.40819274093719216,8.922651971504669,9.330844712441861,0,0.07766499893027488,0.1
599,10,easy,ADJ,amod,0.27548112852547035,12.867510417312209,12.592029288786739,0,0.49140165281013914,0.1
599,11,way,NOUN,root,0.9290221820184801,10.545582322424846,9.616560140406365,,0.2219263107966952,0.1
599,12,to,PART,mark,-0.3270795038240859,5.85516522689238,6.182244730716466,0,0.033549118737176496,0.1
599,13,start,VERB,acl,0.1881392008658267,12.18943851219957,12.001299311333744,1,0.6843022506379035,0.1
599,14,a,DET,det,-0.33055731386591614,5.916808727223201,6.247366041089117,0,0.04682169614849124,0.1
599,15,writing,NOUN,compound,0.4948203087536065,13.382083590141967,12.88726328138836,0,0.8860868621839623,0.1
599,16,system,NOUN,obj,-0.05768506077253477,11.730006893562273,11.787691954334807,3,0.304071110158222,0.1
599,17,.,PUNCT,punct,0.49538078128985097,3.7008451783641614,3.2054643970743104,,0.02295494756753854,0.1
600,1,Try,VERB,root,1.0475376233871163,11.282547916591051,10.235010293203935,,0.23248360474511545,0.0
600,2,this,PRON,obj,-1.948784632771523,7.086150703787548,9.034935336559071,0,0.2772635686243433,0.0
600,3,with,ADP,case,-0.33708294043702836,7.899419665266953,8.236502605703981,0,0.24843780373483806,0.0
600,4,a,DET,det,1.0358174031777247,5.916808727223201,4.8809913240454765,0,0.09205750300380255,0.0
600,5,group,NOUN,obl,0.9039188330800183,12.019513510757259,11.11559467767724,2,0.18289660594474,0.0
600,6,of,ADP,case,-0.04570122768837681,5.747531807657332,5.793233035345708,0,0.1313414218265609,0.0
600,7,friends,NOUN,nmod,0.5793298954916306,12.604476011478415,12.025146115986784,2,0.3470217719441436,0.0
600,8,.,PUNCT,punct,0.2894056950153536,3.7008451783641614,3.4114394833488078,,0.021545118541027936,0.0
601,1,It,PRON,nsubj,0.1358633281289432,6.147779360562356,6.011916032433413,0,0.08192350898677746,0.0
601,2,'s,AUX,cop,1.400291623519169,6.812227981811018,5.411936358291849,0,0.06662202903220009,0.0
601,3,much,ADV,advmod,-1.1650608377496123,10.282547916591051,11.447608754340663,0,0.293030699499092,0.0
601,4,more,ADV,advmod,3.2607529915967692,9.502937985016352,6.242184993419583,1,1.0125590985302013,0.0
601,5,fun,ADJ,root,-3.527303023506567,12.282547916591051,15.809850940097618,,1.1782075393130758,0.0
601,6,when,ADV,advmod,-0.5916114115543358,9.270575274924976,9.862186686479312,0,0.14727157243958006,0.0
601,7,there,PRON,expl,0.2812666778731723,8.075696346150382,7.79442966827721,0,0.0967808562322645,0.0
601,8,are,VERB,advcl,0.6306409222094338,7.693583485312399,7.062942563102966,2,0.07364820531347756,0.0
601,9,other,ADJ,amod,1.1083790258790263,9.867510417312209,8.759131391433183,0,0.20629271429572973,0.0
601,10,people,NOUN,nsubj,0.14084356655168584,9.270575274924976,9.12973170837329,2,0.11448483588849113,0.0
601,11,that,PRON,nsubj,-0.3435921922842837,6.437894453110473,6.781486645394756,0,0.05061647926042397,0.0
601,12,can,AUX,aux,0.6950609946986184,8.388538612279266,7.693477617580648,0,0.08504603378070213,0.0
601,13,understand,VERB,acl:relcl,1.1442777535137445,11.604476011478415,10.46019825796467,3,0.3393718947248509,0.0
601,14,your,PRON,nmod:poss,0.11343075933694635,8.658057051683258,8.544626292346312,0,0.09785095010930708,0.0
601,15,language,NOUN,obj,-0.4107622134145039,12.382083590141967,12.792845803556471,2,0.2932953617403942,0.0
601,16,.,PUNCT,punct,0.5635886668353365,3.7008451783641614,3.137256511528825,,0.02019072147064022,0.0
602,1,Email,VERB,root,0.8254603755137726,6.197916666123875,5.372456290610103,,0.06508830294114955,0.0
602,2,or,CCONJ,cc,-1.6743006153239044,8.461518057636372,10.135818672960276,0,0.13135912447304654,0.0
602,3,text,VERB,conj,-0.06832803526089126,6.197916666123875,6.266244701384767,1,0.351470365444518,0.0
602,4,your,PRON,nmod:poss,-0.04400926784121495,8.658057051683258,8.702066319524473,0,0.16566825537683993,0.0
602,5,friends,NOUN,iobj,-1.5028895859903422,12.604476011478415,14.107365597468757,2,0.4252805938533307,0.0
602,6,the,DET,det,-0.460026761344297,4.733084097091282,5.193110858435579,0,0.028498354970271717,0.0
602,7,language,NOUN,obj,1.1410588346015285,12.382083590141967,11.241024755540439,2,0.28921385913214503,0.0
602,8,so,SCONJ,mark,-0.628522587850771,7.738227400367242,8.366749988218013,0,0.11326183286056535,0.0
602,9,that,SCONJ,fixed,-0.3420907681891894,6.437894453110473,6.779985221299662,1,0.05995550924094374,0.0
602,10,they,PRON,nsubj:pass,0.17901219272778057,7.894817763307944,7.715805570580163,0,0.06004266292005558,0.0
602,11,wo,AUX,aux,0.8961219372410199,12.604476011478415,11.708354074237395,0,0.31740035969356095,0.0
602,12,n't,PART,advmod,1.1319856771092551,7.876555556915215,6.74456987980596,0,0.05834426390475777,0.0
602,13,be,AUX,aux:pass,0.848254303539032,8.075696346150382,7.22744204261135,0,0.08058847696647162,0.0
602,14,so,ADV,advmod,0.24759233767218625,7.738227400367242,7.4906350626950555,0,0.09297840895816958,0.0
602,15,confused,VERB,advcl,0.5581786427497217,15.18943851219957,14.631259869449849,6,1.089928338493807,0.0
602,16,.,PUNCT,punct,0.9735977928602066,3.7008451783641614,2.7272473855039547,,0.09318101077902056,0.0
603,1,This,PRON,nsubj,-0.14321683198097546,7.086150703787548,7.229367535768524,0,0.07024480721902689,0.0
603,2,makes,VERB,root,3.21866199131685,12.282547916591051,9.063885925274201,,0.8620489150378357,0.0
603,3,your,PRON,nmod:poss,-0.11553824240997379,8.658057051683258,8.773595294093232,0,0.8347122408718015,0.0
603,4,first,ADJ,amod,-3.4399715723785267,9.447971525798424,12.887943098176951,0,1.349841014722908,0.0
603,5,language,NOUN,dep,-0.966637171085706,12.382083590141967,13.348720761227673,,0.803972580855681,0.0
603,6,a,DET,det,-0.3922647651932616,5.916808727223201,6.309073492416463,0,0.04767740336655583,0.0
603,7,proto-language,NOUN,obj,1.2865896550565123,5.482079380118688,4.195489725062176,1,0.04843556547116481,0.0
603,8,—,PUNCT,punct,0.3235432146787929,8.362890024908655,8.039346810229862,,0.16208311446590717,0.0
603,9,a,DET,det,-0.5477472089034467,5.916808727223201,6.464555936126648,0,0.040308567030052124,0.0
603,10,language,NOUN,appos,1.172629715766103,12.382083590141967,11.209453874375864,2,0.3823031117387515,0.0
603,11,that,PRON,nsubj,-0.6416254525748544,6.437894453110473,7.079519905685327,0,0.22232540716897853,0.0
603,12,branches,VERB,acl:relcl,0.31817497830385566,6.197916666123875,5.87974168782002,2,0.08857937392341217,0.0
603,13,off,ADP,compound:prt,-0.05659132974192893,11.665876556142557,11.722467885884486,1,0.30266350862962554,0.0
603,14,into,ADP,case,0.43376439782370824,9.849588509314946,9.415824111491238,0,0.1837629407116661,0.0
603,15,a,DET,det,0.9004776399396794,5.916808727223201,5.016331087283522,0,0.09633582107102226,0.0
603,16,family,NOUN,obl,2.400917693975037,12.019513510757259,9.618595816782221,3,0.8618878155717942,0.0
603,17,of,ADP,case,-0.18800005755609472,5.747531807657332,5.935531865213426,0,0.07333282832371864,0.0
603,18,languages,NOUN,nmod,1.8127464828499633,13.604476011478415,11.791729528628451,2,0.651786937051608,0.1
603,19,.,PUNCT,punct,0.421886317212651,3.7008451783641614,3.2789588611515104,,0.07468771554715319,0.1
604,1,How,ADV,root,0.4418275764880235,9.167070699171116,8.725243122683093,,0.15605535644908047,0.0
604,2,to,PART,mark,0.27871856738048706,5.85516522689238,5.576446659511893,0,0.21935209577274067,0.0
604,3,Pack,VERB,acl,-3.045235240423329,13.867510417312209,16.912745657735538,1,0.9799983561888272,0.0
604,4,Your,PRON,nmod:poss,-0.0863278208569298,8.658057051683258,8.744384872540188,0,0.10419607574938773,0.0
604,5,Possessions,NOUN,obj,-1.5968272252004283,5.482079380118688,7.0789066053191165,2,0.09545093756190393,0.0
604,6,When,ADV,advmod,-0.003724498707626367,9.270575274924976,9.274299773632602,0,0.13309325736218916,0.0
604,7,Moving,VERB,advcl,0.961392558760112,12.867510417312209,11.906117858552097,2,0.5206391867970613,0.0
605,1,Steps,NOUN,root,-0.4630968330209555,13.867510417312209,14.330607250333165,,1.2087195260678532,0.0
606,1,Pack,VERB,root,-0.4344517946164199,13.867510417312209,14.301962211928629,,1.1431326048100778,0.0
606,2,one,NUM,nummod,-1.4637941800775653,8.552813891655921,10.016608071733486,0,0.9659014868064961,0.0
606,3,room,NOUN,obj,-1.753029767862511,12.101975670949232,13.855005438811743,1,0.391919030182822,0.0
606,4,at,ADP,case,-0.7595577550952441,8.055012191978644,8.814569947073888,0,0.08702024863416037,0.0
606,5,a,DET,det,0.7023159220955781,5.916808727223201,5.214492805127623,0,0.04822432788999567,0.0
606,6,time,NOUN,obl,1.2213925555484657,9.331457517071998,8.110064961523532,2,0.11781700696564883,0.0
606,7,if,SCONJ,mark,-0.580451388685848,8.876555556915216,9.457006945601064,0,0.12978390728854577,0.0
606,8,possible,ADJ,advcl,-0.05080847398186883,12.867510417312209,12.918318891294078,1,0.4109948179879233,0.0
606,9,",",PUNCT,punct,0.2922221975893651,4.552360855055908,4.260138657466543,,0.04211390194059851,0.0
606,10,and,CCONJ,cc,-0.21422976337224586,5.740289866824134,5.95451963019638,0,0.04804651820112508,0.0
606,11,start,VERB,conj,-0.7840672796467434,12.18943851219957,12.973505791846314,1,0.5850332971303231,0.0
606,12,with,ADP,case,-0.0009620476871416983,7.899419665266953,7.900381712954094,0,0.0655219986662337,0.0
606,13,items,NOUN,obl,0.6790169695662174,5.482079380118688,4.803062410552471,2,0.1032684353212291,0.0
606,14,that,PRON,nsubj:pass,-0.40051187466879323,6.437894453110473,6.838406327779266,0,0.052511450328156815,0.0
606,15,are,AUX,aux:pass,0.3628392298519696,7.693583485312399,7.33074425546043,0,0.10018429535049307,0.0
606,16,least,ADV,advmod,0.7646734510629223,12.382083590141967,11.617410139079045,0,0.4611896733882425,0.0
606,17,often,ADV,advmod,-0.5172424910175515,11.867510417312209,12.38475290832976,1,0.3247479198503607,0.0
606,18,used,VERB,acl:relcl,-0.38473351725139615,11.382083590141967,11.766817107393363,4,0.3203269992584792,0.0
606,19,.,PUNCT,punct,0.8071160717738892,3.7008451783641614,2.893729106590272,,0.05154687836710903,0.0
607,1,Write,VERB,root,0.268182595401969,13.019513510757259,12.75133091535529,,0.32794880913535707,0.0
607,2,down,ADP,compound:prt,3.951016671989568,10.235242201812696,6.284225529823128,0,3.0329021566201684,0.0
607,3,a,DET,det,0.03184548660523312,5.916808727223201,5.884963240617968,0,1.9484760051858385,0.0
607,4,list,NOUN,obj,-4.491583705612051,13.604476011478415,18.096059717090466,1,3.515854508858591,0.0
607,5,of,ADP,case,-0.3848091824041271,5.747531807657332,6.132340990061459,0,0.04055068405449516,0.0
607,6,everything,PRON,nmod,-0.07649802548799833,11.604476011478415,11.680974036966413,2,0.13993383468033668,0.0
607,7,you,PRON,nsubj,-0.2287396133080586,6.339251674553796,6.5679912878618545,0,0.05034542716588704,0.0
607,8,are,AUX,aux,0.6596081814659573,7.693583485312399,7.033975303846442,0,0.10780757642943567,0.0
607,9,packing,VERB,acl:relcl,0.6834498855345013,6.197916666123875,5.514466780589374,3,0.05992674112265049,0.0
607,10,",",PUNCT,punct,0.89221781326007,4.552360855055908,3.660143041795838,,0.017227891319587248,0.0
607,11,in,ADP,case,-0.12073959672585222,6.195085075340713,6.315824672066565,0,0.04779303981525349,0.0
607,12,particular,ADJ,obl,-0.34785493057602146,12.730006893562273,13.077861824138294,1,0.5508485501916309,0.0
607,13,if,SCONJ,mark,-1.0916739301984162,8.876555556915216,9.968229487113632,0,0.16652945399352334,0.0
607,14,it,PRON,nsubj,-0.017179938977721854,6.147779360562356,6.164959299540078,0,0.09741093533963285,0.0
607,15,'s,AUX,cop,0.7308096681034355,6.812227981811018,6.081418313707583,0,0.0824690295032945,0.0
607,16,valuable,ADJ,advcl,1.1621808713045887,6.939140094293238,5.7769592229886495,4,0.09460741892517562,0.0
607,17,.,PUNCT,punct,0.5866684879496153,3.7008451783641614,3.114176690414546,,0.03172258883101483,0.0
608,1,Books,NOUN,root,-1.803425392467334,13.867510417312209,15.670935809779543,,0.4875392839714914,0.0
608,2,",",PUNCT,punct,-1.4994609951566922,4.552360855055908,6.0518218502126,,0.03100482929219265,0.0
608,3,CDs,NOUN,conj,-1.4220497389194424,5.482079380118688,6.904129119038131,0,0.0431106164357908,0.0
608,4,",",PUNCT,punct,-0.6388840740649604,4.552360855055908,5.191244929120868,,0.034343337701681166,0.0
608,5,expensive,ADJ,amod,-0.9610264434206801,13.867510417312209,14.82853686073289,0,0.8899804287317356,0.0
608,6,clothes,NOUN,conj,0.3876061303337526,14.604476011478415,14.216869881144662,1,0.6909034689538479,0.1
608,7,.,PUNCT,punct,-0.20605917771079962,3.7008451783641614,3.906904356074961,,0.020502219161537463,0.1
609,1,Also,ADV,advmod,0.4817576090844362,9.434551010036103,8.952793400951666,0,0.19611191503074674,0.0
609,2,",",PUNCT,punct,-0.16605056373373728,4.552360855055908,4.718411418789645,,0.3106224954194984,0.0
609,3,take,VERB,root,-1.1758042772254438,10.545582322424846,11.72138659965029,,0.3953804461985037,0.0
609,4,note,NOUN,obj,-0.9942714635466938,13.867510417312209,14.861781880858903,0,0.5788942867226421,0.0
609,5,of,SCONJ,mark,-0.4602556357841232,5.747531807657332,6.207787443441455,0,0.04074046835078394,0.0
609,6,which,DET,det,0.3057779317056326,10.30679546283773,10.001017531132097,0,0.14273459566355368,0.0
609,7,item,NOUN,nsubj,0.4589285531058014,5.482079380118688,5.023150827012887,1,0.08238172910859345,0.0
609,8,is,AUX,cop,-0.7930793972426251,6.470049691257488,7.263129088500113,0,0.04485877692288971,0.0
609,9,in,ADP,case,-0.3700459376162941,6.195085075340713,6.565131012957007,0,0.04961770542242903,0.0
609,10,which,DET,det,0.5540316890910013,10.30679546283773,9.752763773746729,0,0.14008770566911583,0.0
609,11,box,NOUN,acl,0.3809174611744641,13.18943851219957,12.808521051025107,6,0.3630611496431071,0.0
609,12,.,PUNCT,punct,0.366488905681535,3.7008451783641614,3.3343562726826264,,0.018856069635271692,0.0
610,1,Use,VERB,root,0.5644249515823052,10.697585415869895,10.13316046428759,,0.27037434383783526,0.0
610,2,sturdy,ADJ,amod,-0.9129474460291354,6.939140094293238,7.8520875403223735,0,0.8507666654851229,0.0
610,3,boxes,NOUN,obj,0.5296170542614904,5.482079380118688,4.952462325857198,1,0.7366525250081403,0.0
610,4,.,PUNCT,punct,0.30158390563932036,3.7008451783641614,3.399261272724841,,0.24719157813080395,0.0
611,1,Fill,VERB,root,0.6474620848498347,14.18943851219957,13.541976427349736,,0.6420805673327503,0.0
611,2,the,DET,det,-0.7123799482769311,4.733084097091282,5.4454640453682135,0,0.6641686265558984,0.0
611,3,box,NOUN,obj,-0.31035732360482626,13.18943851219957,13.499795835804397,1,1.0402436399503165,0.0
611,4,to,ADP,case,-0.8216216734022161,5.85516522689238,6.676786900294596,0,0.038177748038435946,0.0
611,5,the,DET,det,0.11031671079392869,4.733084097091282,4.622767386297354,0,0.031053713519465412,0.0
611,6,brim,NOUN,obl,1.3152275423547524,5.482079380118688,4.166851837763936,2,0.031620554486483606,0.0
611,7,and,CCONJ,cc,-0.6470368016737744,5.740289866824134,6.387326668497908,0,0.05502415854788527,0.0
611,8,seal,VERB,conj,0.006824604129790579,6.197916666123875,6.191092061994085,1,0.07544624133171016,0.0
611,9,the,DET,det,-0.3448624907405664,4.733084097091282,5.077946587831849,0,0.03210716136051652,0.0
611,10,lid,NOUN,obj,1.2846475741792274,5.482079380118688,4.197431805939461,2,0.033033787088356886,0.0
611,11,.,PUNCT,punct,0.5755391644127168,3.7008451783641614,3.1253060139514446,,0.0156464293231372,0.0
612,1,That,DET,det,0.35977588386288684,6.437894453110473,6.078118569247586,0,0.06134847913119392,0.0
612,2,way,NOUN,obl:unmarked,-0.7335769128476706,10.545582322424846,11.279159235272516,1,0.6644463524059409,0.0
612,3,",",PUNCT,punct,-0.026669903888532076,4.552360855055908,4.57903075894444,,0.4932637135398419,0.0
612,4,you,PRON,nsubj,-0.5706491716900004,6.339251674553796,6.909900846243796,0,0.5674536525340095,0.0
612,5,can,AUX,aux,3.322490743324627,8.388538612279266,5.066047868954639,0,0.7327670079061036,0.0
612,6,easily,ADV,advmod,-2.477481407651302,13.18943851219957,15.666919919850873,0,2.0923709499982106,0.0
612,7,stack,VERB,root,4.2801788492300386,6.197916666123875,1.9177378168938364,,1.659012739460056,0.0
612,8,boxes,NOUN,obj,0.17308554272017496,5.482079380118688,5.308993837398513,0,0.3131225943312448,0.0
612,9,on,ADP,case,0.28203681337416775,7.520553527933323,7.238516714559156,0,0.2779281301180373,0.0
612,10,top,NOUN,obl,-1.6116359558579507,13.867510417312209,15.47914637317016,1,2.6659867644022954,0.0
612,11,of,ADP,case,-0.636057168501611,5.747531807657332,6.383588976158943,0,0.33623588658599424,0.0
612,12,one,PRON,nmod,-1.9182804535941465,8.552813891655921,10.471094345250068,2,1.6771791989762523,0.0
612,13,another,DET,fixed,-0.23907505285964703,10.941510998755986,11.180586051615633,1,0.24150880980419806,0.0
612,14,.,PUNCT,punct,-1.8222994813426676,3.7008451783641614,5.523144659706829,,0.08735873452022397,0.0
613,1,Tape,VERB,root,-0.2905266854178059,14.604476011478415,14.89500269689622,,0.6885574275570142,0.0
613,2,the,DET,det,-1.7065193016331053,4.733084097091282,6.439603398724388,0,0.8757104616643686,0.0
613,3,bottom,NOUN,obj,-0.29834636784299207,5.482079380118688,5.78042574796168,1,0.5138332778517289,0.0
613,4,of,ADP,case,-0.6935124681074143,5.747531807657332,6.441044275764746,0,0.04505394021037748,0.0
613,5,the,DET,det,0.8899255385829425,4.733084097091282,3.84315855850834,0,0.03156100577872857,0.0
613,6,box,NOUN,nmod,1.339117709280993,13.18943851219957,11.850320802918578,3,0.340859301413654,0.0
613,7,securely,ADV,advmod,-0.8582987525610086,9.200753825427405,10.059052577988414,0,0.09258994945288619,0.0
613,8,so,SCONJ,mark,0.5161226235333709,7.738227400367242,7.222104776833871,0,0.10407317736235853,0.0
613,9,that,SCONJ,fixed,-0.09863673503607462,6.437894453110473,6.536531188146547,1,0.05013095851824504,0.0
613,10,it,PRON,nsubj,0.3656608639331429,6.147779360562356,5.782118496629213,0,0.06513991550250939,0.0
613,11,does,AUX,aux,1.0602263210961098,10.019513510757259,8.959287189661149,0,0.1934893834373564,0.0
613,12,n't,PART,advmod,1.0784276057382707,7.876555556915215,6.798127951176944,0,0.053599708601026544,0.0
613,13,give,VERB,advcl,1.6540403925648803,11.545582322424846,9.891541929859965,5,0.30862986957185007,0.0
613,14,way,NOUN,obj,-0.2899241867475837,10.545582322424846,10.83550650917243,1,0.19042227581087018,0.0
613,15,.,PUNCT,punct,0.8154970630436846,3.7008451783641614,2.8853481153204767,,0.01885289913033647,0.0
614,1,Never,ADV,advmod,0.4009884307796323,10.831886507581487,10.430898076801855,0,0.26217339432136333,0.0
614,2,fill,VERB,root,-0.6928815637257237,14.18943851219957,14.882320075925294,,0.4904592095354982,0.0
614,3,a,DET,det,-0.9199052377965371,5.916808727223201,6.836713965019738,0,0.042811476345108845,0.0
614,4,box,NOUN,obj,1.2505944415412014,13.18943851219957,11.93884407065837,1,0.3464968456087789,0.0
614,5,until,SCONJ,mark,-0.751845475675351,12.488998794058478,13.240844269733829,0,0.47017178791931746,0.0
614,6,it,PRON,nsubj,0.2670146385277352,6.147779360562356,5.880764722034621,0,0.09087527343787626,0.0
614,7,is,AUX,cop,0.6767411520074962,6.470049691257488,5.793308539249992,0,0.12287771953141836,0.0
614,8,so,ADV,advmod,0.19316396892999865,7.738227400367242,7.545063431437243,0,0.09709702197860177,0.0
614,9,heavy,ADJ,advcl,0.5446195040768398,13.867510417312209,13.32289091323537,4,0.8737444211009048,0.0
614,10,that,SCONJ,mark,-0.5359685869118644,6.437894453110473,6.973863040022337,0,0.052466791266148505,0.0
614,11,you,PRON,nsubj,-0.1524793364652668,6.339251674553796,6.491731011019063,0,0.06818816124384648,0.0
614,12,ca,AUX,aux,0.7715172882982344,10.831886507581487,10.060369219283253,0,0.29188837691332686,0.0
614,13,n't,PART,advmod,0.8607741126983521,7.876555556915215,7.015781444216863,0,0.0794057884395893,0.0
614,14,lift,VERB,advcl,1.4857777048548328,6.197916666123875,4.7121389612690425,5,0.058972365522565844,0.0
614,15,it,PRON,obj,0.16301459128246432,6.147779360562356,5.9847647692798915,1,0.05728939667788512,0.0
614,16,safely,ADV,advmod,0.21844370227571552,9.200753825427405,8.98231012315169,1,0.09091968769524571,0.0
614,17,.,PUNCT,punct,0.5074664253279644,3.7008451783641614,3.193378753036197,,0.0352400720601056,0.0
615,1,Spread,VERB,root,0.8217822363415159,14.604476011478415,13.782693775136899,,1.1737508931018261,0.0
615,2,the,DET,det,-1.368497949699326,4.733084097091282,6.101582046790608,0,0.1677851693140068,0.0
615,3,heavy,ADJ,amod,-0.1366078219667326,13.867510417312209,14.004118239278942,0,1.464895954844919,0.0
615,4,items,NOUN,obj,3.212173463350551,5.482079380118688,2.269905916768137,2,1.1573805039535319,0.0
615,5,over,ADP,case,-0.4075125627370113,9.634849660521933,10.042362223258944,0,0.3262428150942378,0.0
615,6,a,DET,det,0.8699319757834729,5.916808727223201,5.046876751439728,0,0.25568024570170717,0.0
615,7,few,ADJ,amod,2.0675265591483374,11.545582322424846,9.478055763276508,0,0.653843389243198,0.0
615,8,boxes,NOUN,nmod,3.3021400160107364,5.482079380118688,2.179939364107952,4,1.124455172534653,0.0
615,9,.,PUNCT,punct,0.471908683724954,3.7008451783641614,3.2289364946392074,,0.17856548803930486,0.0
616,1,Balance,VERB,root,-1.803425392467334,15.18943851219957,16.992863904666905,,0.6306661532322335,0.2
616,2,boxes,NOUN,obj,-1.7158934534308283,5.482079380118688,7.197972833549517,0,0.028231608061396112,0.2
616,3,with,ADP,case,-1.0518713961005126,7.899419665266953,8.951291061367465,0,0.055347999364725904,0.2
616,4,lighter,ADJ,amod,-0.27840150699915345,6.939140094293238,7.217541601292392,0,0.07487853126802113,0.2
616,5,items,NOUN,obl,0.964980838338585,5.482079380118688,4.517098541780103,2,0.03210269741458509,0.2
616,6,like,ADP,case,-0.7220759823807414,7.951033772874491,8.673109755255233,0,0.07018020985023408,0.2
616,7,towels,NOUN,nmod,0.2625961983268379,5.482079380118688,5.21948318179185,2,0.049513413911105086,0.2
616,8,or,CCONJ,cc,-0.4736487294774374,8.461518057636372,8.93516678711381,0,0.09207673828617388,0.2
616,9,soft,ADJ,amod,0.47878166555556056,14.18943851219957,13.71065684664401,0,0.9318136552475974,0.2
616,10,toys,NOUN,conj,0.0845648576453879,13.867510417312209,13.782945559666821,3,0.7015078761533472,0.2
616,11,.,PUNCT,punct,0.05368801729394557,3.7008451783641614,3.647157161070216,,0.050616670205406854,0.2
617,1,Pack,VERB,root,-0.4344517946164199,13.867510417312209,14.301962211928629,,1.1431326048100778,0.0
617,2,the,DET,det,-2.444001734409441,4.733084097091282,7.177085831500723,0,0.5345287151006375,0.0
617,3,lighter,ADJ,amod,-0.6091159114024078,6.939140094293238,7.548256005695646,0,0.34716968883561933,0.0
617,4,items,NOUN,obj,0.6830751513110327,5.482079380118688,4.7990042288076555,2,0.11427902274622961,0.0
617,5,on,ADP,case,-0.3618266594319559,7.520553527933323,7.882380187365279,0,0.08011468805872693,0.0
617,6,top,NOUN,nmod,0.45047253841814516,13.867510417312209,13.417037878894064,2,0.6966151133557655,0.0
617,7,.,PUNCT,punct,-0.04241191561859914,3.7008451783641614,3.7432570939827605,,0.02690697958747341,0.0
618,1,Use,VERB,root,0.5644249515823052,10.697585415869895,10.13316046428759,,0.27037434383783526,0.0
618,2,bubble,NOUN,compound,-1.1085570614651328,5.482079380118688,6.590636441583821,0,0.5009156102675252,0.0
618,3,wrap,NOUN,obj,-0.18144278513194134,5.482079380118688,5.66352216525063,1,0.35181904995563357,0.0
618,4,or,CCONJ,cc,-0.8110376488883713,8.461518057636372,9.272555706524743,0,0.1898033334756936,0.0
618,5,newspapers,NOUN,conj,1.0904823135337702,5.482079380118688,4.391597066584918,2,0.4992820180864362,0.0
618,6,when,ADV,advmod,-1.0225543561260633,9.270575274924976,10.29312963105104,0,0.5543886823757872,0.0
618,7,packing,VERB,advcl,1.5496599638241708,6.197916666123875,4.648256702299705,1,0.9602769276308257,0.0
618,8,fragile,ADJ,amod,-0.5907555421806867,6.939140094293238,7.529895636473925,0,0.3476576344166217,0.0
618,9,items,NOUN,obj,1.52111159071623,5.482079380118688,3.960967789402458,2,0.345236183028989,0.0
618,10,.,PUNCT,punct,0.7423728565837711,3.7008451783641614,2.9584723217803903,,0.08067472819509172,0.0
619,1,However,ADV,advmod,0.44532943825009497,11.282547916591051,10.837218478340956,0,0.3313699277382738,0.0
619,2,",",PUNCT,punct,2.7726756200727825,4.552360855055908,1.7796852349831256,,0.07144862797440488,0.0
619,3,newsprint,NOUN,nsubj,-2.2663102944848266,5.482079380118688,7.748389674603515,0,1.0911151763775704,0.0
619,4,may,AUX,aux,-0.10607597934302682,10.212158588699655,10.318234568042682,0,1.343576317286009,0.0
619,5,smudge,VERB,root,1.7755961207055808,6.197916666123875,4.422320545418295,,1.0081184771141942,0.0
619,6,so,ADV,advmod,-1.2248589726898729,7.738227400367242,8.963086373057115,0,0.21887019209022476,0.0
619,7,use,VERB,parataxis,3.2807783472838414,10.697585415869895,7.416807068586054,1,2.3709837209492566,0.0
619,8,newspaper,NOUN,obj,-0.827739722506486,5.482079380118688,6.309819102625174,1,0.1963490287624796,0.0
619,9,selectively,ADV,advmod,-0.11085274653656008,9.200753825427405,9.311606571963965,1,0.494345413295991,0.0
619,10,.,PUNCT,punct,0.27939691476530815,3.7008451783641614,3.4214482635988532,,0.837184636830327,0.0
620,1,Clean,ADJ,amod,-0.30795936476877017,13.604476011478415,13.912435376247185,0,0.7317332314282743,0.0
620,2,paper,NOUN,nsubj:pass,-1.5593129570564361,12.282547916591051,13.841860873647487,1,0.2808644506677157,0.0
620,3,can,AUX,aux,-1.2969740869753412,8.388538612279266,9.685512699254607,0,0.09094859545121767,0.0
620,4,be,AUX,aux:pass,0.39424114273730027,8.075696346150382,7.681455203413082,0,0.07893987224686397,0.0
620,5,purchased,VERB,root,0.9427783098924731,15.18943851219957,14.246660202307098,,0.805066143534798,0.1
620,6,cheaply,ADV,advmod,0.1440323630189866,9.200753825427405,9.056721462408419,0,0.07537002684938161,0.1
620,7,from,ADP,case,-0.45000567987729845,8.288571704218821,8.73857738409612,0,0.08616225298933045,0.1
620,8,moving,VERB,amod,-1.4887422186203345,12.867510417312209,14.356252635932544,0,0.8353810160390694,0.1
620,9,supply,NOUN,compound,0.36248098028997155,5.482079380118688,5.119598399828717,1,0.31634281672516407,0.1
620,10,stores,NOUN,obl,-0.08944856140083957,14.604476011478415,14.693924572879254,2,0.865229890363258,0.4
620,11,.,PUNCT,punct,0.5144336855941405,3.7008451783641614,3.186411492770021,,0.018035514095431103,0.4
621,1,Mark,VERB,root,0.515473605186882,13.604476011478415,13.089002406291533,,0.8326141837800415,0.0
621,2,boxes,NOUN,obj,-4.4434694476642465,5.482079380118688,9.925548827782935,0,0.8019908089666478,0.0
621,3,.,PUNCT,punct,-0.7582799215567158,3.7008451783641614,4.459125099920877,,0.01755427965158668,0.0
622,1,Boxes,NOUN,nsubj:pass,-0.8732365632322434,5.482079380118688,6.355315943350932,0,0.04098359429255844,0.0
622,2,should,AUX,aux,-1.1496732692733271,10.461518057636372,11.6111913269097,0,0.2768788059277723,0.0
622,3,be,AUX,aux:pass,1.2030211904003965,8.075696346150382,6.872675155749985,0,0.7592673649741128,0.0
622,4,marked,VERB,root,-0.33835915413561146,15.18943851219957,15.527797666335182,,0.8551904418289888,0.1
622,5,"""",PUNCT,punct,0.8443840104486169,7.845142604283754,7.000758593835137,,0.14507072671280735,0.1
622,6,Fragile,ADJ,xcomp,-0.9453437914262093,6.939140094293238,7.8844838857194475,0,0.057709252896418754,0.1
622,7,"""",PUNCT,punct,0.30657297437715325,7.845142604283754,7.5385696299066005,,0.15202410797863591,0.1
622,8,and,CCONJ,cc,-0.5368814065707195,5.740289866824134,6.2771712733948535,0,0.06972780269823883,0.1
622,9,"""",PUNCT,punct,-1.3068067592846537,7.845142604283754,9.151949363568407,,0.14799650952510096,0.1
622,10,This,DET,det,0.010304717565118082,7.086150703787548,7.07584598622243,0,0.05620170159308152,0.1
622,11,side,NOUN,nsubj,0.8665800438815534,12.730006893562273,11.86342684968072,1,0.4868725202709457,0.1
622,12,up,ADV,conj,-0.16020239268725156,9.13415607669838,9.294358469385632,3,0.14183173663135853,0.1
622,13,"""",PUNCT,punct,-0.8842842848271824,7.845142604283754,8.729426889110936,,0.18031571670639576,0.1
622,14,to,PART,mark,-0.575753354414136,5.85516522689238,6.430918581306516,0,0.04164907853493868,0.1
622,15,prevent,VERB,advcl,0.07336237031874049,14.18943851219957,14.11607614188083,1,0.5550518580871855,0.1
622,16,mishandling,NOUN,obj,-0.3048780311407535,5.482079380118688,5.786957411259442,1,0.039705415985607825,0.1
622,17,.,PUNCT,punct,0.6745422324156762,3.7008451783641614,3.026302945948485,,0.018718955891179286,0.1
623,1,Write,VERB,root,0.268182595401969,13.019513510757259,12.75133091535529,,0.32794880913535707,0.0
623,2,on,ADP,case,-1.5577111402588955,7.520553527933323,9.078264668192219,0,0.4235718646846897,0.0
623,3,the,DET,det,0.4422311806988066,4.733084097091282,4.290852916392476,0,0.09864288520135789,0.0
623,4,sides,NOUN,obl,1.3409482139237898,14.18943851219957,12.848490298275781,2,0.9617067209147501,0.0
623,5,of,ADP,case,-0.3676870778006762,5.747531807657332,6.115218885458008,0,0.04248364131638116,0.0
623,6,the,DET,det,0.8564249644860014,4.733084097091282,3.876659132605281,0,0.030803823572757037,0.0
623,7,box,NOUN,nmod,1.3465323594630032,13.18943851219957,11.842906152736568,3,0.3410611350364408,0.0
623,8,as,ADV,advmod,-0.4912278763399236,8.150519522907269,8.641747399247192,0,0.0717797525906519,0.0
623,9,well,ADV,fixed,-0.7978342983314413,8.858521634084953,9.656355932416394,1,0.10637247053691765,0.0
623,10,.,PUNCT,punct,0.8673907397218348,3.7008451783641614,2.8334544386423266,,0.06801121279391376,0.0
624,1,Pack,VERB,root,-0.4344517946164199,13.867510417312209,14.301962211928629,,1.1431326048100778,0.0
624,2,a,DET,det,-2.510799938929071,5.916808727223201,8.427608666152272,0,0.6256899796606624,0.0
624,3,separate,ADJ,amod,-1.3790246396396935,15.18943851219957,16.568463151839264,0,1.2702299919785491,0.5
624,4,box,NOUN,obj,0.6070761770870998,13.18943851219957,12.582362335112471,2,0.5529920084557244,0.5
624,5,of,ADP,case,-0.3406773224111852,5.747531807657332,6.088209130068517,0,0.0747408461853164,0.5
624,6,essentials,NOUN,nmod,0.8025441001513078,5.482079380118688,4.67953527996738,2,0.054380215088040126,0.5
624,7,you,PRON,nsubj,-0.6822689324747513,6.339251674553796,7.021520607028547,0,0.06519776083269986,0.5
624,8,may,AUX,aux,0.30961187702159876,10.212158588699655,9.902546711678056,0,0.08276588414097662,0.5
624,9,need,VERB,acl:relcl,0.9031782040773866,10.763173757497473,9.859995553420086,3,0.1480026732097532,0.5
624,10,for,ADP,case,-0.16052245877247717,7.502937985016352,7.663460443788829,0,0.028495512970816764,0.5
624,11,the,DET,det,0.6125032375697481,4.733084097091282,4.120580859521534,0,0.030390451211012175,0.5
624,12,first,ADJ,amod,-0.2945957207514418,9.447971525798424,9.742567246549866,0,0.20963839478408922,0.5
624,13,night,NOUN,obl,1.0354104777673125,11.145044392841116,10.109633915073804,4,0.3435568623952609,0.5
624,14,at,ADP,case,0.03359612613274621,8.055012191978644,8.021416065845898,0,0.07256797543886438,0.5
624,15,your,PRON,nmod:poss,-0.04385800045380961,8.658057051683258,8.701915052137068,0,0.12713538083841314,0.5
624,16,new,ADJ,amod,0.21409564714169704,10.039691392694888,9.82559574555319,0,0.09739364073263976,0.5
624,17,house,NOUN,nmod,0.2539192605999183,11.730006893562273,11.476087632962354,4,0.17175325399320568,0.5
624,18,.,PUNCT,punct,0.3715724770821538,3.7008451783641614,3.3292727012820076,,0.024806658347676647,0.5
625,1,Tips,NOUN,root,-0.8732365632322434,5.482079380118688,6.355315943350932,,0.04098359429255844,0.0
626,1,Do,AUX,aux,0.7443699706952938,7.650279701091539,6.905909730396245,0,0.06751253051743049,0.0
626,2,n't,PART,advmod,2.6300812262755286,7.876555556915215,5.246474330639686,0,0.18381827934121633,0.0
626,3,label,VERB,root,-1.0084402835039592,6.197916666123875,7.206356949627835,,0.23943293429105825,0.0
626,4,boxes,NOUN,obj,-0.48274239966808263,5.482079380118688,5.964821779786771,0,0.1001167536739726,0.0
626,5,with,ADP,case,-0.30945414285897854,7.899419665266953,8.208873808125931,0,0.056756739488027716,0.0
626,6,contents,NOUN,obl,1.5398484806091304,5.482079380118688,3.942230899509558,1,0.21195019196431153,0.0
626,7,if,SCONJ,mark,-1.4322407482464552,8.876555556915216,10.308796305161671,0,0.20236136635128782,0.0
626,8,the,DET,det,-0.5533558592801153,4.733084097091282,5.286439956371398,0,0.2320015790366123,0.0
626,9,contents,NOUN,nsubj,1.6163619840642616,5.482079380118688,3.8657173960544267,1,0.7430345649982855,0.0
626,10,are,AUX,cop,-0.7049220647335455,7.693583485312399,8.398505550045945,0,0.23512619814317492,0.0
626,11,valuable,ADJ,advcl,2.097921330355568,6.939140094293238,4.84121876393767,3,0.3286098999105272,0.0
626,12,.,PUNCT,punct,0.8085331349831564,3.7008451783641614,2.892312043381005,,0.17038063083327407,0.0
627,1,Example,NOUN,root,0.0698966266537191,11.604476011478415,11.534579384824696,,0.28314333569555,0.0
627,2,:,PUNCT,punct,-1.899670149165388,8.524102595014394,10.423772744179782,,0.8839173694404021,0.0
627,3,"""",PUNCT,punct,-2.0723512229287957,7.845142604283754,9.91749382721255,,0.5103754057363609,0.0
627,4,Mom,NOUN,nmod:poss,-2.167495329481657,10.904036293337322,13.071531622818979,0,0.5052914064271693,0.0
627,5,'s,PART,case,-0.42651700610991483,6.812227981811018,7.238744987920933,1,0.13559922982040196,0.0
627,6,old,ADJ,amod,0.05765530116993389,11.604476011478415,11.54682071030848,0,0.37826377383015997,0.0
627,7,dishes,NOUN,parataxis,0.31287057941641105,5.482079380118688,5.169208800702277,2,0.044182153670749735,0.0
627,8,"""",PUNCT,punct,-0.11483624922452051,7.845142604283754,7.959978853508274,,0.13943762794346384,0.0
627,9,instead,ADV,case,-0.567412094536353,13.867510417312209,14.434922511848562,0,1.0425688938481432,0.0
627,10,of,ADP,fixed,-0.6212434724151414,5.747531807657332,6.368775280072473,1,0.2216208024970485,0.0
627,11,"""",PUNCT,punct,-1.5968260750180354,7.845142604283754,9.44196867930179,,0.15096165590379,0.0
627,12,Fine,ADJ,amod,-0.004048054196090334,12.867510417312209,12.8715584715083,0,0.6835329368890403,0.0
627,13,China,NOUN,nmod,0.08911404110410892,13.382083590141967,13.292969549037858,3,0.4538453855049325,0.0
627,14,"""",PUNCT,punct,0.005994679961836447,7.845142604283754,7.839147924321917,,0.14759886639836753,0.0
628,1,Tape,NOUN,nsubj,-0.2905266854178059,14.604476011478415,14.89500269689622,0,0.6885574275570142,0.0
628,2,is,AUX,cop,-2.665146293155651,6.470049691257488,9.135195984413139,0,0.5437260439034386,0.0
628,3,cheap,ADJ,root,0.3803944814920843,14.604476011478415,14.22408152998633,,0.7041090899127205,0.0
628,4,.,PUNCT,punct,0.2856463523037651,3.7008451783641614,3.4151988260603963,,0.0327419126174797,0.0
629,1,Use,VERB,root,0.5644249515823052,10.697585415869895,10.13316046428759,,0.27037434383783526,0.0
629,2,lots,NOUN,obj,-2.579824069059052,13.019513510757259,15.59933757981631,0,0.4203539957938002,0.0
629,3,of,ADP,case,-0.5179780054263983,5.747531807657332,6.26550981308373,0,0.4248736726104942,0.0
629,4,it,PRON,nmod,-0.09522091514491038,6.147779360562356,6.243000275707266,2,0.28063788669354367,0.0
629,5,.,PUNCT,punct,-1.027436219147734,3.7008451783641614,4.728281397511895,,0.2744063798477566,0.0
630,1,Close,VERB,root,-0.33393002355146706,13.18943851219957,13.523368535751038,,0.5561965929788619,0.0
630,2,box,NOUN,compound,-2.024531075808179,13.18943851219957,15.21396958800775,0,0.4352311910559374,0.0
630,3,bottoms,NOUN,obj,-0.9475035969812016,5.482079380118688,6.42958297709989,1,0.06341038128378673,0.0
630,4,well,ADV,advmod,-1.226501289587553,8.858521634084953,10.085022923672506,0,0.2383564577037989,0.0
630,5,.,PUNCT,punct,0.8313713632491653,3.7008451783641614,2.869473815114996,,0.06982887990012619,0.0
631,1,Fill,VERB,root,0.6474620848498347,14.18943851219957,13.541976427349736,,0.6420805673327503,0.0
631,2,it,PRON,obj,-1.4519102900644594,6.147779360562356,7.599689650626815,0,0.3742066694167761,0.0
631,3,halfway,ADV,advmod,-0.5930775274387212,9.200753825427405,9.793831352866126,0,0.22597762800190774,0.0
631,4,with,ADP,case,-0.9067096557787977,7.899419665266953,8.80612932104575,0,0.08050349866306056,0.0
631,5,books,NOUN,obl,0.21451590581404467,13.867510417312209,13.652994511498164,1,0.4670037684709716,0.0
631,6,",",PUNCT,punct,0.07585923737543343,4.552360855055908,4.476501617680475,,0.02302517835730363,0.0
631,7,and,CCONJ,cc,-0.6019276862486249,5.740289866824134,6.342217553072759,0,0.0657521688410773,0.0
631,8,fill,VERB,conj,0.480675481799949,14.18943851219957,13.708763030399622,1,0.49035991484926217,0.0
631,9,it,PRON,obj,0.05698461992813275,6.147779360562356,6.090794740634223,1,0.05746160632057216,0.0
631,10,up,ADP,compound:prt,-0.1907675020270787,9.13415607669838,9.324923578725459,1,0.13277972163815324,0.0
631,11,with,ADP,case,0.2920091640992508,7.899419665266953,7.607410501167702,0,0.06708842271052236,0.0
631,12,lighter,ADJ,amod,-0.20219056229075072,6.939140094293238,7.141330656583989,0,0.078432978975255,0.0
631,13,stuff,NOUN,obl,1.0586530273957955,12.101975670949232,11.043322643553436,3,0.2895844058172996,0.0
631,14,.,PUNCT,punct,0.5578772903168594,3.7008451783641614,3.142967888047302,,0.01867533397089181,0.0
632,1,You,PRON,nsubj,0.406728407907031,6.339251674553796,5.932523266646765,0,0.06306914613167432,0.0
632,2,can,AUX,aux,1.7458086679208176,8.388538612279266,6.642729944358448,0,0.24994233780035097,0.0
632,3,find,VERB,root,3.2669244826356287,11.282547916591051,8.015623433955422,,0.8725674414298742,0.0
632,4,boxes,NOUN,obj,-1.828052967537566,5.482079380118688,7.310132347656254,0,1.0857677507804533,0.0
632,5,of,ADP,case,-0.47878614752045845,5.747531807657332,6.22631795517779,0,0.10618057436379998,0.0
632,6,all,DET,det,0.8694215513282195,8.312921565634571,7.443500014306352,0,0.3936697302624837,0.0
632,7,sizes,NOUN,nmod,0.29813334626530974,5.482079380118688,5.1839460338533785,3,0.36101658744091525,0.0
632,8,.,PUNCT,punct,0.37187790759138695,3.7008451783641614,3.3289672707727744,,0.10725749509015499,0.0
633,1,Cereal,NOUN,compound,-0.8732365632322434,5.482079380118688,6.355315943350932,0,0.04098359429255844,0.0
633,2,",",PUNCT,punct,-1.5198289011341295,4.552360855055908,6.0721897561900375,,0.08244304227065832,0.0
633,3,diaper,NOUN,conj,-0.1771523018154877,5.482079380118688,5.659231681934176,1,0.16402425782519342,0.0
633,4,and,CCONJ,cc,-0.31788344207352637,5.740289866824134,6.05817330889766,0,0.1482567142030144,0.0
633,5,houseware,NOUN,conj,1.5205937698714984,5.482079380118688,3.96148561024719,2,0.18560627255074721,0.0
633,6,boxes,NOUN,nsubj,1.2030965316862972,5.482079380118688,4.278982848432391,1,0.10494739847261098,0.0
633,7,are,AUX,cop,0.45717426624515145,7.693583485312399,7.236409219067248,0,0.8372163017707192,0.0
633,8,a,DET,det,-0.555231537197705,5.916808727223201,6.472040264420906,0,0.25874697580085215,0.0
633,9,good,ADJ,amod,-0.7416627647629479,9.447971525798424,10.189634290561372,0,0.9873753418688979,0.0
633,10,size,NOUN,root,-4.9325521624296815,13.18943851219957,18.121990674629252,,1.462632184356988,0.0
633,11,and,CCONJ,cc,-0.2891747959046187,5.740289866824134,6.029464662728753,0,0.050536010792183644,0.0
633,12,durable,ADJ,conj,0.5164896303481905,6.939140094293238,6.422650463945048,1,0.06507945650836246,0.0
633,13,.,PUNCT,punct,0.3237309184336601,3.7008451783641614,3.3771142599305013,,0.03340881780118776,0.0
634,1,Just,ADV,advmod,0.45412130001609086,8.627196087978497,8.173074787962406,0,0.12776349974789292,0.0
634,2,take,VERB,root,0.8544105438880134,10.545582322424846,9.691171778536832,,1.4193830851682994,0.0
634,3,a,DET,det,0.39229006965426727,5.916808727223201,5.524518657568934,0,0.7814190222157147,0.0
634,4,cart,NOUN,obj,0.08897278200099912,5.482079380118688,5.393106598117689,1,0.777457978896505,0.0
634,5,and,CCONJ,cc,-0.7443735455715874,5.740289866824134,6.484663412395721,0,0.11931123678527711,0.0
634,6,roam,VERB,conj,0.006334725100899163,6.197916666123875,6.191581941022976,1,0.373005650537741,0.0
634,7,the,DET,det,-0.2055157366574374,4.733084097091282,4.93859983374872,0,0.1519692996047107,0.0
634,8,store,NOUN,obj,-0.7905857399252998,13.382083590141967,14.172669330067267,2,1.7581480918816226,0.0
634,9,.,PUNCT,punct,0.5838985745715117,3.7008451783641614,3.1169466037926497,,0.01589506625163206,0.0
635,1,They,PRON,nsubj,0.5840665445386906,7.894817763307944,7.310751218769253,0,0.06515816144839605,0.0
635,2,do,AUX,aux,1.2114469338063998,7.650279701091539,6.438832767285139,0,0.15803595880169055,0.0
635,3,check,VERB,root,-0.9667723028218642,12.867510417312209,13.834282720134073,,0.5248044204890183,0.0
635,4,the,DET,det,-0.6835048181523158,4.733084097091282,5.416588915243598,0,0.03041361711341415,0.0
635,5,cart,NOUN,obj,1.262734448162881,5.482079380118688,4.219344931955807,1,0.03302635161505114,0.0
635,6,as,SCONJ,mark,-0.4508352977969565,8.150519522907269,8.601354820704225,0,0.08240224971576093,0.0
635,7,you,PRON,nsubj,0.10419840280278336,6.339251674553796,6.2350532717510125,0,0.05592280458947561,0.0
635,8,leave,VERB,advcl,0.42998393917433475,12.382083590141967,11.952099650967632,2,0.307439865205108,0.0
635,9,so,ADV,advmod,-0.05392404224612957,7.738227400367242,7.792151442613371,0,0.11166687333922683,0.0
635,10,do,AUX,aux,-0.30863100580008584,7.650279701091539,7.958910706891625,0,0.06141468546944653,0.0
635,11,n't,PART,advmod,0.4219629626433319,7.876555556915215,7.454592594271883,0,0.0672239333205334,0.0
635,12,try,VERB,parataxis,1.3090174114898225,11.282547916591051,9.973530505101229,3,0.16350218447581705,0.0
635,13,to,PART,mark,-0.5328366468415346,5.85516522689238,6.388001873733915,0,0.058383879205671056,0.0
635,14,sneak,VERB,xcomp,0.381633051599084,6.197916666123875,5.816283614524791,2,0.10600435326159746,0.0
635,15,anything,PRON,obj,0.1561951461262634,11.730006893562273,11.57381174743601,1,0.24618432721963387,0.0
635,16,past,ADP,case,-0.25157799781451473,12.282547916591051,12.534125914405566,0,0.42027754905322073,0.0
635,17,them,PRON,obl,-0.0570663702576617,9.56008189211996,9.617148262377622,2,0.1343003845675729,0.0
635,18,.,PUNCT,punct,-0.06092287936177199,3.7008451783641614,3.7617680577259334,,0.04321386482683706,0.0
636,1,U-haul,PROPN,nsubj,-0.19592036260047863,6.11262291514874,6.3085432777492185,0,0.07664910517989604,0.0
636,2,and,CCONJ,cc,-1.2970467715573744,5.740289866824134,7.037336638381508,0,0.09402286481579061,0.0
636,3,other,ADJ,amod,-0.3170732464670465,9.867510417312209,10.184583663779256,0,0.2744358012783717,0.0
636,4,nation,NOUN,compound,-0.34610236423674046,12.604476011478415,12.950578375715155,0,0.510436952265881,0.0
636,5,companies,NOUN,conj,-1.4196540789712468,15.18943851219957,16.609092591170818,4,0.7406598762249486,0.3
636,6,offer,VERB,root,-0.303101582179087,13.867510417312209,14.170611999491296,,0.5261626840706514,0.3
636,7,box,NOUN,compound,-0.5701674471020155,13.18943851219957,13.759605959301586,0,0.40550896785294893,0.3
636,8,buy,VERB,compound,-0.7462207737911957,12.867510417312209,13.613731191103405,1,0.29055706740680615,0.3
636,9,back,ADP,compound:prt,-0.12695540966496033,9.999613953319553,10.126569362984513,1,0.17447071743150547,0.3
636,10,services,NOUN,obj,-0.7437582051061664,14.604476011478415,15.348234216584581,1,0.4992980691190788,0.3
636,11,.,PUNCT,punct,0.40671310572874786,3.7008451783641614,3.2941320726354135,,0.03314075902830778,0.3
637,1,If,SCONJ,mark,0.6507670307312896,8.876555556915216,8.225788526183926,0,0.12486982165802919,0.0
637,2,you,PRON,nsubj,1.234255010938349,6.339251674553796,5.104996663615447,0,0.08892111424232486,0.0
637,3,buy,VERB,advcl,-0.05192299612638429,12.867510417312209,12.919433413438593,2,0.4583622964049672,0.0
637,4,too,ADV,advmod,-0.026552665672440412,10.604476011478415,10.631028677150855,0,0.13602108629809326,0.0
637,5,many,ADJ,amod,-0.2542641005243258,10.235242201812696,10.489506302337022,1,0.17633223450749738,0.0
637,6,boxes,NOUN,obj,0.37711586555263477,5.482079380118688,5.1049635145660535,2,0.04281527617070676,0.0
637,7,you,PRON,nsubj,-0.429999203321767,6.339251674553796,6.769250877875563,0,0.04279311075507765,0.0
637,8,can,AUX,aux,0.22098730454458781,8.388538612279266,8.167551307734678,0,0.08506302128361991,0.0
637,9,return,VERB,root,-0.03039239477413247,12.867510417312209,12.897902812086341,,0.36746045957816187,0.0
637,10,the,DET,det,-0.3599953084698795,4.733084097091282,5.093079405561162,0,0.02800377117447637,0.0
637,11,unused,ADJ,obj,0.04896041249289951,15.18943851219957,15.140478099706671,1,0.7811498005375926,0.0
637,12,for,ADP,case,0.508287331549754,7.502937985016352,6.994650653466598,0,0.04353515964518943,0.0
637,13,a,DET,det,1.169571440993077,5.916808727223201,4.747237286230124,0,0.04440616970543238,0.0
637,14,full,ADJ,amod,0.03414089715682067,12.101975670949232,12.067834773792411,0,0.3633095834126075,0.0
637,15,refund,NOUN,obl,1.2191977064744206,5.482079380118688,4.262881673644268,3,0.03175487553074021,0.0
637,16,.,PUNCT,punct,0.5767190490461029,3.7008451783641614,3.1241261293180584,,0.021700144877364245,0.0
638,1,Fill,VERB,root,0.6474620848498347,14.18943851219957,13.541976427349736,,0.6420805673327503,0.0
638,2,empty,ADJ,amod,-2.7033295519485065,13.604476011478415,16.30780556342692,0,0.5425476561693532,0.0
638,3,spaces,NOUN,obj,0.23471002589255985,5.482079380118688,5.247369354226128,1,0.24537184319666538,0.0
638,4,with,ADP,case,-0.5722749793899293,7.899419665266953,8.471694644656882,0,0.05861754989225261,0.0
638,5,additional,ADJ,amod,-0.31653130483367775,13.604476011478415,13.921007316312092,0,0.6853745128389753,0.0
638,6,paper,NOUN,obl,1.0279850133186557,12.282547916591051,11.254562903272396,2,0.22466169047414403,0.0
638,7,.,PUNCT,punct,0.2915845920135487,3.7008451783641614,3.4092605863506127,,0.019214501532056175,0.0
639,1,Throw,VERB,root,0.45056767830524613,13.18943851219957,12.738870833894325,,0.8160956369077444,0.0
639,2,away,ADV,advmod,5.534549745568461,11.382083590141967,5.847533844573506,0,3.5878886994454433,0.0
639,3,or,CCONJ,cc,-1.0207083301966922,8.461518057636372,9.482226387833064,0,1.2580018178856334,0.0
639,4,donate,VERB,conj,-5.42864490097705,6.197916666123875,11.626561567100925,1,2.4896833198877477,0.0
639,5,junk,NOUN,obj,-1.493837657637192,15.18943851219957,16.683276169836763,1,0.893932425748815,0.1
639,6,you,PRON,nsubj,-0.2585216764692877,6.339251674553796,6.597773351023084,0,0.046885379125438165,0.1
639,7,do,AUX,aux,0.10606048603412699,7.650279701091539,7.544219215057412,0,0.04552198011173354,0.1
639,8,n't,PART,advmod,0.5368196741829951,7.876555556915215,7.33973588273222,0,0.06811069801147579,0.1
639,9,want,VERB,acl:relcl,1.5015047796519667,9.96061982170369,8.459115042051723,4,0.1471012501003708,0.1
639,10,to,PART,mark,-0.5615331881387453,5.85516522689238,6.416698415031125,0,0.05924505634831079,0.1
639,11,take,VERB,xcomp,0.3251286283319761,10.545582322424846,10.22045369409287,2,0.20473852120978925,0.1
639,12,to,ADP,case,-0.5479404251028583,5.85516522689238,6.403105651995238,0,0.05842428101756041,0.1
639,13,your,PRON,nmod:poss,0.45309132248065787,8.658057051683258,8.2049657292026,0,0.10369078120765508,0.1
639,14,new,ADJ,amod,-0.46584469619477353,10.039691392694888,10.505536088889661,0,0.13345054542567855,0.1
639,15,place,NOUN,obl,0.4516543050216306,11.235242201812696,10.783587896791065,4,0.2221893955817296,0.1
639,16,.,PUNCT,punct,0.630490110512111,3.7008451783641614,3.0703550678520504,,0.013787543173948482,0.1
640,1,Do,AUX,aux,0.7443699706952938,7.650279701091539,6.905909730396245,0,0.06751253051743049,0.0
640,2,n't,PART,advmod,2.6300812262755286,7.876555556915215,5.246474330639686,0,0.18381827934121633,0.0
640,3,pack,VERB,root,-5.123987846197165,13.867510417312209,18.991498263509374,,1.0236139636082797,0.0
640,4,it,PRON,obj,0.13434693054519187,6.147779360562356,6.013432430017164,0,0.06624892437129475,0.0
640,5,again,ADV,advmod,0.1271748116459097,10.979985146570622,10.852810334924712,0,0.20405990959201514,0.0
640,6,!,PUNCT,punct,-0.36961616542932774,8.195085075340712,8.56470124077004,,0.08917527362580449,0.0
640,7,!,PUNCT,punct,-0.680927876788564,8.195085075340712,8.876012952129276,,0.0962680672605868,0.0
640,8,!,PUNCT,punct,-0.7740574532078242,8.195085075340712,8.969142528548536,,0.10019045834338194,0.0
641,1,Set,VERB,root,0.43637867777564665,12.282547916591051,11.846169238815405,,0.34857220062155136,0.0
641,2,aside,ADP,compound:prt,-1.378623543623636,13.867510417312209,15.246133960935845,0,0.6389352725894553,0.0
641,3,an,DET,det,0.5005105275173722,8.922651971504669,8.422141443987297,0,0.6125645474679143,0.0
641,4,area,NOUN,obj,0.25251939291474734,12.488998794058478,12.23647940114373,1,1.0135177344593584,0.0
641,5,of,ADP,case,-0.38704432698304814,5.747531807657332,6.13457613464038,0,0.04199838182578771,0.0
641,6,the,DET,det,0.8696063433660011,4.733084097091282,3.8634777537252813,0,0.033852707551479524,0.0
641,7,house,NOUN,nmod,0.656982467908076,11.730006893562273,11.073024425654197,3,0.24419051690174914,0.0
641,8,where,ADV,advmod,-0.907872071489404,10.574728668084362,11.482600739573765,0,0.15059019148790542,0.0
641,9,you,PRON,nsubj,-0.4515980416171326,6.339251674553796,6.7908497161709285,0,0.07037055298265085,0.0
641,10,can,AUX,aux,0.7430247986538001,8.388538612279266,7.645513813625466,0,0.08653153240747313,0.0
641,11,put,VERB,acl:relcl,0.9735055745510515,10.30679546283773,9.333289888286679,4,0.2489686207414316,0.0
641,12,all,DET,det:predet,-0.25997446681751946,8.312921565634571,8.57289603245209,0,0.09205390276308638,0.0
641,13,the,DET,det,0.9035419233674009,4.733084097091282,3.8295421737238815,0,0.04948448229555755,0.0
641,14,packed,ADJ,amod,-0.8852310281040392,14.18943851219957,15.07466954030361,0,1.0481330324880245,0.0
641,15,boxes,NOUN,obj,1.1822986606452561,5.482079380118688,4.299780719473432,4,0.11047315626441746,0.0
641,16,.,PUNCT,punct,0.6289674781593071,3.7008451783641614,3.0718777002048543,,0.027722577038610804,0.0
642,1,Use,VERB,root,0.5644249515823052,10.697585415869895,10.13316046428759,,0.27037434383783526,0.0
642,2,a,DET,det,-0.808022612046301,5.916808727223201,6.724831339269502,0,0.21547420988708862,0.0
642,3,room,NOUN,obj,-0.7049837534077241,12.101975670949232,12.806959424356956,1,0.3070591587313634,0.0
642,4,that,PRON,nsubj:pass,-0.8292161430531086,6.437894453110473,7.267110596163581,0,0.055937427583537674,0.0
642,5,is,AUX,aux:pass,0.3357891415754768,6.470049691257488,6.134260549682011,0,0.06530149284332061,0.0
642,6,n't,PART,advmod,0.7725467557179648,7.876555556915215,7.10400880119725,0,0.0575473030546716,0.0
642,7,used,VERB,acl:relcl,1.4565954421972709,11.382083590141967,9.925488147944696,4,0.22870300650992756,0.0
642,8,every,DET,det,-0.359331595982491,11.101975670949232,11.461307266931723,0,0.2761654131225153,0.0
642,9,day,NOUN,obl:unmarked,1.2587905875125092,10.434551010036103,9.175760422523593,2,0.18294720166772938,0.0
642,10,such,ADJ,case,-0.40714607165519645,11.235242201812696,11.642388273467892,0,0.24159370226171942,0.0
642,11,as,ADP,fixed,-0.05372510062966818,8.150519522907269,8.204244623536937,1,0.0497513627819075,0.0
642,12,the,DET,det,0.9583969059523816,4.733084097091282,3.774687191138901,0,0.05202888514098093,0.0
642,13,formal,ADJ,amod,0.06843305987195514,15.18943851219957,15.121005452327616,0,0.8729714402220188,0.3
642,14,dining,NOUN,nmod,1.192472085280314,5.482079380118688,4.289607294838374,4,0.03467576236430845,0.3
642,15,or,CCONJ,cc,-0.40892516200527496,8.461518057636372,8.870443219641647,0,0.08254836228016205,0.3
642,16,living,NOUN,compound,0.15638878303878379,12.730006893562273,12.573618110523489,0,0.5283373017554881,0.3
642,17,room,NOUN,conj,0.05332526786625813,12.101975670949232,12.048650403082974,3,0.2707013561368744,0.3
642,18,.,PUNCT,punct,0.5876957382738235,3.7008451783641614,3.113149440090338,,0.02680258552113859,0.3
643,1,Pack,VERB,root,-0.4344517946164199,13.867510417312209,14.301962211928629,,1.1431326048100778,0.0
643,2,books,NOUN,obj,-3.4747692900246765,13.867510417312209,17.342279707336886,0,0.6036765031107397,0.0
643,3,and,CCONJ,cc,-0.6389915948603431,5.740289866824134,6.379281461684477,0,0.0682663492805924,0.0
643,4,heavy,ADJ,amod,0.06425285702897199,13.867510417312209,13.803257560283237,0,0.8354258324100962,0.0
643,5,items,NOUN,conj,0.40787202534771705,5.482079380118688,5.074207354770971,3,0.04436118253448822,0.0
643,6,into,ADP,case,-0.42643395716296517,9.849588509314946,10.276022466477912,0,0.1219079797980669,0.0
643,7,smaller,ADJ,amod,-0.2564961728505821,14.604476011478415,14.860972184328997,0,0.41120137459336636,0.1
643,8,boxes,NOUN,obl,1.009273881533673,5.482079380118688,4.472805498585015,2,0.02796621041583477,0.1
643,9,.,PUNCT,punct,0.13597001727608493,3.7008451783641614,3.5648751610880764,,0.020998229807291328,0.1
644,1,Digital,ADJ,amod,-0.29586199650186096,13.18943851219957,13.485300508701432,0,0.9653438424666064,0.0
644,2,Photos,NOUN,parataxis,0.08853877547080025,5.482079380118688,5.393540604647888,1,1.1435140457901776,0.0
644,3,-,PUNCT,punct,-0.14578935722846964,8.337689470783513,8.483478828011982,,0.49336376794736725,0.0
644,4,use,VERB,root,-1.3964747423222832,10.697585415869895,12.094060158192178,,0.8913653096952517,0.0
644,5,your,PRON,nmod:poss,-1.0123628757169918,8.658057051683258,9.67041992740025,0,0.5354889731923528,0.0
644,6,camera,NOUN,obj,-1.719728338038923,13.382083590141967,15.10181192818089,1,1.052559908752863,0.0
644,7,to,PART,mark,-0.4264806279762796,5.85516522689238,6.28164585486866,0,0.048522384772139805,0.0
644,8,document,VERB,advcl,-0.1750077393685192,14.604476011478415,14.779483750846934,1,0.4933696525292538,0.0
644,9,the,DET,det,-0.37599533853378375,4.733084097091282,5.109079435625066,0,0.029668390653167575,0.0
644,10,contents,NOUN,obj,1.3045185357452374,5.482079380118688,4.177560844373451,2,0.035975580115685635,0.0
644,11,of,ADP,case,-0.24985699788965388,5.747531807657332,5.9973888055469855,0,0.043303833870345504,0.0
644,12,boxes,NOUN,nmod,0.9000616912333186,5.482079380118688,4.58201768888537,2,0.03478890011756822,0.0
644,13,.,PUNCT,punct,0.2752101284763917,3.7008451783641614,3.4256350498877697,,0.017977134079283183,0.0
645,1,How,ADV,root,0.4418275764880235,9.167070699171116,8.725243122683093,,0.15605535644908047,0.0
645,2,to,PART,mark,0.27871856738048706,5.85516522689238,5.576446659511893,0,0.21935209577274067,0.0
645,3,Cope,VERB,acl,0.953826708439288,6.197916666123875,5.244089957684587,1,0.23866940661871178,0.0
645,4,With,ADP,case,-0.2264864721631863,7.899419665266953,8.125906137430139,0,0.08316947096976954,0.0
645,5,a,DET,det,0.38780511684863583,5.916808727223201,5.5290036103745654,0,0.23637382799479578,0.0
645,6,Double,ADJ,amod,-1.1381482459855619,14.18943851219957,15.327586758185133,0,1.729000325028294,0.1
645,7,Parachute,NOUN,compound,0.7053918627635118,5.482079380118688,4.776687517355176,0,0.3826829575455217,0.1
645,8,Failure,NOUN,obl,0.06885397886644462,5.482079380118688,5.413225401252244,5,0.02983034142455451,0.1
646,1,Steps,NOUN,root,-0.4630968330209555,13.867510417312209,14.330607250333165,,1.2087195260678532,0.0
647,1,Remain,VERB,root,1.3055102407436578,13.867510417312209,12.562000176568551,,0.6636643678612321,0.0
647,2,calm,ADJ,xcomp,0.6780614477297435,6.939140094293238,6.261078646563495,0,1.7986388350720148,0.0
647,3,.,PUNCT,punct,1.2213244120730566,3.7008451783641614,2.4795207662911047,,0.7283898252119182,0.0
648,1,Entreat,VERB,root,0.8254603755137726,6.197916666123875,5.372456290610103,,0.06508830294114955,0.0
648,2,assistance,NOUN,obj,-1.2753736616403044,5.482079380118688,6.757453041758993,0,0.10092715664521687,0.0
648,3,.,PUNCT,punct,0.119151820806358,3.7008451783641614,3.5816933575578034,,0.0345324271485294,0.0
649,1,If,SCONJ,mark,0.6507670307312896,8.876555556915216,8.225788526183926,0,0.12486982165802919,0.0
649,2,this,PRON,nsubj,-0.4596787503541959,7.086150703787548,7.545829454141744,0,0.1908773117229174,0.0
649,3,is,AUX,cop,1.317827037776147,6.470049691257488,5.152222653481341,0,0.22013003476314058,0.0
649,4,a,DET,det,-0.912740414023161,5.916808727223201,6.829549141246362,0,0.5720458435608874,0.0
649,5,solo,ADJ,amod,-2.717513303326813,15.18943851219957,17.906951815526384,0,1.3274504580249498,0.3
649,6,jump,NOUN,advcl,-0.42903030395887676,15.18943851219957,15.618468816158448,5,0.5026368445456627,0.4
649,7,",",PUNCT,punct,0.8374277495866704,4.552360855055908,3.7149331054692376,,0.016973057456676502,0.4
649,8,then,ADV,advmod,0.17017949631789087,9.294620748891626,9.124441252573735,0,0.11933617761496575,0.4
649,9,skip,VERB,root,-0.46455927962965404,15.18943851219957,15.653997791829225,,0.6447872343556921,0.4
649,10,to,ADP,case,-0.6275700663578512,5.85516522689238,6.482735293250231,0,0.0536396119861512,0.4
649,11,step,NOUN,obl,0.14637942085401257,13.604476011478415,13.458096590624402,1,1.1266355701698139,0.4
649,12,6,NUM,flat,-0.70508762733499,12.382083590141967,13.087171217476957,1,0.3509746944328393,0.4
649,13,.,PUNCT,punct,0.6652862241043516,3.7008451783641614,3.03555895425981,,0.06224571699418622,0.4
650,1,Prepare,VERB,root,0.8254603755137726,6.197916666123875,5.372456290610103,,0.06508830294114955,0.0
650,2,for,ADP,case,-1.2420418360640433,7.502937985016352,8.744979821080396,0,0.07164514372929,0.0
650,3,deployment,NOUN,obl,0.6777914883407847,5.482079380118688,4.8042878917779035,1,0.21110762621099569,0.0
650,4,.,PUNCT,punct,0.21427818983943414,3.7008451783641614,3.4865669885247272,,0.03609895210775908,0.0
651,1,Deploy,VERB,root,0.8254603755137726,6.197916666123875,5.372456290610103,,0.06508830294114955,0.0
651,2,.,PUNCT,punct,-0.0023392616485171658,3.7008451783641614,3.7031844400126785,,0.03052406067244611,0.0
652,1,The,DET,det,-0.7976025969652571,4.733084097091282,5.53068669405654,0,0.026145197178954215,0.0
652,2,shock,NOUN,nsubj,1.8966713944832971,13.867510417312209,11.970839022828912,1,1.2862499271361747,0.0
652,3,of,ADP,case,-1.9368742266301888,5.747531807657332,7.6844060342875204,0,0.5279030331037763,0.0
652,4,the,DET,det,1.0395691194790895,4.733084097091282,3.693514977612193,0,0.1217482894266754,0.0
652,5,chute,NOUN,compound,0.5178526574050188,5.482079380118688,4.964226722713669,0,0.1856065152564945,0.0
652,6,deployment,NOUN,nmod,-0.11287981411372883,5.482079380118688,5.594959194232417,4,0.13847822432574405,0.0
652,7,will,AUX,aux,-0.40562066326435087,9.060155495254604,9.465776158518954,0,0.4569654793609921,0.0
652,8,be,AUX,cop,0.6396279475384645,8.075696346150382,7.436068398611917,0,0.3117977787348025,0.0
652,9,intense,ADJ,root,0.6489196737218936,6.939140094293238,6.290220420571345,,0.6603863590489524,0.0
652,10,.,PUNCT,punct,0.6020216422984199,3.7008451783641614,3.0988235360657415,,0.06303645399208398,0.0
653,1,Prepare,VERB,root,0.8254603755137726,6.197916666123875,5.372456290610103,,0.06508830294114955,0.0
653,2,for,ADP,case,-1.2420418360640433,7.502937985016352,8.744979821080396,0,0.07164514372929,0.0
653,3,impact,NOUN,obl,-0.4380172624313854,14.18943851219957,14.627455774630956,1,0.5384878595137874,0.0
653,4,.,PUNCT,punct,0.10316629103181363,3.7008451783641614,3.5976788873323478,,0.01682795451464129,0.0
654,1,If,SCONJ,mark,0.6507670307312896,8.876555556915216,8.225788526183926,0,0.12486982165802919,0.0
654,2,your,PRON,nmod:poss,-0.08332866959601404,8.658057051683258,8.741385721279272,0,0.14423358843513112,0.0
654,3,companion,NOUN,nmod:poss,-1.141570521182551,5.482079380118688,6.623649901301239,1,0.49053195579401043,0.0
654,4,'s,PART,case,-0.02981064773696307,6.812227981811018,6.842038629547981,1,0.3141857142560167,0.0
654,5,canopy,NOUN,nsubj,-0.8475932474644265,5.482079380118688,6.329672627583115,1,0.49956162564655693,0.0
654,6,has,AUX,aux,-0.07163978829307283,9.235242201812696,9.306881990105769,0,0.5719013503909978,0.0
654,7,successfully,ADV,advmod,0.6322082684125299,15.18943851219957,14.557230243787041,0,0.9205454414002819,0.2
654,8,opened,VERB,advcl,-0.04623790653908699,13.604476011478415,13.650713918017502,4,1.2049124915445946,0.2
654,9,",",PUNCT,punct,0.9607455474719568,4.552360855055908,3.591615307583951,,0.0051663647110128585,0.2
654,10,then,ADV,advmod,0.23449183680158114,9.294620748891626,9.060128912090045,0,0.1460225836543524,0.2
654,11,both,DET,det:predet,-0.5454895938991893,10.797121089420811,11.34261068332,0,0.2291178563784851,0.2
654,12,your,PRON,nmod:poss,-0.23476702463960208,8.658057051683258,8.89282407632286,0,0.13576976023346032,0.2
654,13,chances,NOUN,nsubj,0.15291212738581272,14.604476011478415,14.451563884092602,3,0.7489222551250667,0.2
654,14,of,ADP,case,-0.13451906408824765,5.747531807657332,5.882050871745579,0,0.023295658815350877,0.2
654,15,survival,NOUN,nmod,0.8292123584742939,15.18943851219957,14.360226153725277,2,0.7207911527671937,0.2
654,16,have,AUX,aux,-0.651255230978439,7.634849660521933,8.286104891500372,0,0.04655020537678525,0.2
654,17,dramatically,ADV,advmod,0.243188217837778,9.200753825427405,8.957565607589627,0,0.082391438459968,0.2
654,18,increased,VERB,root,0.026518630875074223,13.604476011478415,13.57795738060334,,0.3961760878238914,0.2
654,19,.,PUNCT,punct,0.933863364785743,3.7008451783641614,2.7669818135784183,,0.018254942054025135,0.2
655,1,With,ADP,case,-0.6343006162456302,7.899419665266953,8.533720281512583,0,0.04670792855388251,0.0
655,2,a,DET,det,0.58472745953675,5.916808727223201,5.332081267686451,0,0.10733861356719646,0.0
655,3,large,ADJ,amod,0.2739646020804667,12.488998794058478,12.215034191978011,0,0.5844548292533388,0.0
655,4,and,CCONJ,cc,0.1974116937796513,5.740289866824134,5.542878173044483,0,0.11794604509161484,0.0
655,5,slow,ADJ,conj,-0.8038096406513748,13.382083590141967,14.185893230793342,2,0.5556883188085491,0.0
655,6,canopy,NOUN,obl,0.9560488939393821,5.482079380118688,4.526030486179306,3,0.0800235842893851,0.0
655,7,",",PUNCT,punct,0.09851780329633542,4.552360855055908,4.453843051759573,,0.03175727285377896,0.0
655,8,your,PRON,nmod:poss,-0.8877555835648128,8.658057051683258,9.54581263524807,0,0.0959919887249714,0.0
655,9,chances,NOUN,nsubj,-0.07664955600733236,14.604476011478415,14.681125567485747,1,0.640507258816154,0.0
655,10,are,AUX,cop,-0.4536697651028101,7.693583485312399,8.14725325041521,0,0.08096968315955705,0.0
655,11,even,ADV,advmod,0.1853774933107637,10.434551010036103,10.249173516725339,0,0.17418474461885902,0.0
655,12,better,ADJ,root,0.9987877757334331,11.867510417312209,10.868722641578776,,0.3900887054923658,0.0
655,13,.,PUNCT,punct,0.4890226755406184,3.7008451783641614,3.211822502823543,,0.055109505202151736,0.0
656,1,Alternative,NOUN,root,-0.20319033742130976,15.18943851219957,15.39262884962088,,1.1066282113147123,0.2
656,2,:,PUNCT,punct,-1.3877172928375519,8.524102595014394,9.911819887851946,,0.3884863446484623,0.2
656,3,Lack,NOUN,appos,-1.0615893671308658,13.867510417312209,14.929099784443075,0,0.5740315283775748,0.2
656,4,of,ADP,case,-0.9309242694119924,5.747531807657332,6.678456077069324,0,0.08472135938748367,0.2
656,5,companions,NOUN,nmod,0.8812119794802937,5.482079380118688,4.6008674006383945,2,0.037645318609264136,0.2
657,1,Appeal,VERB,root,0.8254603755137726,6.197916666123875,5.372456290610103,,0.06508830294114955,0.0
657,2,.,PUNCT,punct,-0.0023392616485171658,3.7008451783641614,3.7031844400126785,,0.03052406067244611,0.0
658,1,St,PROPN,nmod:desc,-0.19592036260047863,6.11262291514874,6.3085432777492185,0,0.07664910517989604,0.0
658,2,Jude,PROPN,nsubj,1.5592150997014613,6.11262291514874,4.553407815447279,1,0.06968842426473332,0.0
658,3,",",PUNCT,punct,-0.559750058357869,4.552360855055908,5.112110913413777,,0.11163562972049612,0.0
658,4,the,DET,det,-0.6853688479624616,4.733084097091282,5.418452945053744,0,0.1611076836404551,0.0
658,5,patron,NOUN,compound,-0.35657576263253166,5.482079380118688,5.83865514275122,0,0.1915280267081269,0.0
658,6,saint,NOUN,appos,0.24361821809241402,5.482079380118688,5.238461162026274,3,0.2058921056886261,0.0
658,7,of,ADP,case,-0.013267998884932908,5.747531807657332,5.7607998065422645,0,0.11949193274267514,0.0
658,8,Lost,ADJ,amod,-6.42214736007565,12.282547916591051,18.7046952766667,0,0.47543207050964403,0.0
658,9,Causes,NOUN,nmod,-1.2498483898289283,15.18943851219957,16.4392869020285,3,0.6757628632435817,0.2
658,10,",",PUNCT,punct,0.7316439296126598,4.552360855055908,3.8207169254432483,,0.018545005213891658,0.2
658,11,comes,VERB,root,-1.182019093310748,12.282547916591051,13.464567009901799,,0.5252499330555722,0.2
658,12,to,ADP,case,-0.6993538661546328,5.85516522689238,6.554519093047013,0,0.05982493147251671,0.2
658,13,mind,NOUN,obl,0.09975987551893084,12.488998794058478,12.389238918539547,1,0.39686086433327195,0.2
658,14,.,PUNCT,punct,0.617431189465655,3.7008451783641614,3.0834139888985064,,0.07897084518633724,0.2
659,1,Objectively,ADV,advmod,-0.04588086716539763,9.200753825427405,9.246634692592803,0,0.10096461599514396,0.0
659,2,",",PUNCT,punct,-0.15236894924798516,4.552360855055908,4.704729804303893,,0.2640019373318934,0.0
659,3,this,PRON,nsubj,-0.638701460557809,7.086150703787548,7.724852164345357,0,0.3366990677621987,0.0
659,4,is,AUX,cop,1.7098922599366286,6.470049691257488,4.7601574313208594,0,0.4774823362509055,0.0
659,5,not,PART,advmod,0.5801428374265036,7.801421226854436,7.221278389427932,0,0.725106380973685,0.0
659,6,likely,ADJ,root,-2.1524364713771327,14.604476011478415,16.756912482855547,,0.5727831810768301,0.0
659,7,to,PART,mark,-0.03905620822626332,5.85516522689238,5.894221435118643,0,0.3843131091182107,0.0
659,8,help,VERB,xcomp,1.0442615380676727,12.101975670949232,11.057714132881559,1,0.3848871190983278,0.0
659,9,very,ADV,advmod,0.1988677954183391,9.713705081233172,9.514837285814833,0,0.14132371975586144,0.0
659,10,much,ADV,advmod,0.5219016633465099,10.282547916591051,9.760646253244541,2,0.212194856122289,0.0
659,11,;,PUNCT,punct,0.6524495363078024,10.35654849803483,9.704098961727027,,0.17976058701337813,0.0
659,12,but,CCONJ,cc,-0.41517752932868923,8.167070699171116,8.582248228499806,0,0.07210680865215102,0.0
659,13,it,PRON,nsubj,0.1491636178628104,6.147779360562356,5.9986157426995455,0,0.09449648715518215,0.0
659,14,may,AUX,aux,0.36908375863547604,10.212158588699655,9.843074830064179,0,0.11999917461176562,0.0
659,15,improve,VERB,conj,1.0607238864157225,14.18943851219957,13.128714625783848,3,0.487438867290122,0.0
659,16,your,PRON,nmod:poss,0.17605060443034937,8.658057051683258,8.482006447252909,0,0.10001392283717751,0.0
659,17,emotional,ADJ,amod,-0.26633268607020355,15.18943851219957,15.455771198269774,0,0.8013747061248288,0.0
659,18,state,NOUN,obj,-0.0424985427504847,11.382083590141967,11.424582132892452,3,0.18642320552550307,0.0
659,19,.,PUNCT,punct,0.6229153321794243,3.7008451783641614,3.077929846184737,,0.04445736420869341,0.0
660,1,Contemplate,VERB,root,0.8254603755137726,6.197916666123875,5.372456290610103,,0.06508830294114955,0.0
660,2,.,PUNCT,punct,-0.0023392616485171658,3.7008451783641614,3.7031844400126785,,0.03052406067244611,0.0
661,1,Expect,VERB,root,0.9475020756237846,13.867510417312209,12.920008341688424,,0.62370684237838,0.0
661,2,impact,NOUN,obj,-2.5533882870487137,14.18943851219957,16.742826799248284,0,0.5533756209102565,0.0
661,3,.,PUNCT,punct,-0.045900827205413997,3.7008451783641614,3.7467460055695754,,0.01571050503004864,0.0
662,1,Tips,NOUN,root,-0.8732365632322434,5.482079380118688,6.355315943350932,,0.04098359429255844,0.0
663,1,Since,SCONJ,mark,-0.2589379969955896,12.101975670949232,12.360913667944821,0,0.4465414087674826,0.0
663,2,your,PRON,nmod:poss,-0.07566543641383383,8.658057051683258,8.733722488097092,0,0.17852221380829347,0.0
663,3,own,ADJ,amod,3.0686413185517196,11.331457517071998,8.262816198520278,0,1.177455237967549,0.0
663,4,death,NOUN,nsubj,-3.531486675554101,12.382083590141967,15.913570265696068,2,0.8165221984477602,0.0
663,5,approaches,VERB,advcl,-0.39615498303867014,15.18943851219957,15.585593495238241,2,0.8272878010042551,0.0
663,6,far,ADV,advmod,-0.3850322477396144,11.604476011478415,11.989508259218029,0,0.2667457763459937,0.0
663,7,more,ADV,advmod,0.4299674276369032,9.502937985016352,9.072970557379449,0,0.15455238840674143,0.0
663,8,quickly,ADV,advmod,0.667527328673355,13.867510417312209,13.199983088638854,3,0.8418197101096898,0.0
663,9,",",PUNCT,punct,0.3607863517410319,4.552360855055908,4.191574503314876,,0.13118653730172902,0.0
663,10,this,PRON,nsubj,-0.5922348590974824,7.086150703787548,7.678385562885031,0,0.02993069169194431,0.0
663,11,is,AUX,cop,0.2928119089102399,6.470049691257488,6.177237782347248,0,0.15599243394382062,0.0
663,12,unlikely,ADJ,root,0.972040601380928,6.939140094293238,5.96709949291231,,0.09400955035204658,0.0
663,13,to,PART,mark,-0.5408439567563867,5.85516522689238,6.396009183648767,0,0.066476567063798,0.0
663,14,be,AUX,cop,-0.11137538709123262,8.075696346150382,8.187071733241615,0,0.09748126520020212,0.0
663,15,of,ADP,case,-0.33551349953728415,5.747531807657332,6.083045307194616,0,0.07144982930038914,0.0
663,16,any,DET,det,0.8627076341687481,10.282547916591051,9.419840282422303,0,0.22260007826263117,0.0
663,17,use,NOUN,xcomp,0.23860730091364246,10.697585415869895,10.458978114956253,4,0.15964675543333479,0.0
663,18,to,ADP,case,-0.09574008265320444,5.85516522689238,5.950905309545584,0,0.03761558494766021,0.0
663,19,you,PRON,nmod,0.1306803727570447,6.339251674553796,6.208571301796751,2,0.05181819734848094,0.0
663,20,.,PUNCT,punct,-1.0424010611236603,3.7008451783641614,4.743246239487822,,0.042710809828282376,0.0
664,1,Warnings,NOUN,root,-0.8732365632322434,5.482079380118688,6.355315943350932,,0.04098359429255844,0.0
665,1,How,ADV,root,0.4418275764880235,9.167070699171116,8.725243122683093,,0.15605535644908047,0.0
665,2,to,PART,mark,0.27871856738048706,5.85516522689238,5.576446659511893,0,0.21935209577274067,0.0
665,3,Stop,VERB,acl,-0.3425655277888371,11.941510998755986,12.284076526544823,1,0.4200188678072636,0.0
665,4,Procrastinating,VERB,xcomp,-1.2157702777929833,6.197916666123875,7.413686943916859,1,0.06679609208836822,0.0
666,1,If,SCONJ,mark,0.6507670307312896,8.876555556915216,8.225788526183926,0,0.12486982165802919,0.0
666,2,you,PRON,nsubj,1.234255010938349,6.339251674553796,5.104996663615447,0,0.08892111424232486,0.0
666,3,'re,AUX,cop,0.4496465515746362,9.0809140554214,8.631267503846765,0,0.4399967445138847,0.0
666,4,a,DET,det,-1.3022848387313424,5.916808727223201,7.219093565954544,0,1.023755013308608,0.0
666,5,chronic,ADJ,amod,0.2564135543626964,6.939140094293238,6.682726539930542,0,1.6550580765549596,0.0
666,6,procrastinator,NOUN,advcl,-0.12869164999100935,5.482079380118688,5.610771030109698,5,1.3238609770338072,0.0
666,7,",",PUNCT,punct,-0.06940175891618594,4.552360855055908,4.621762613972094,,0.11120822687875938,0.0
666,8,you,PRON,nsubj,0.4792970468972335,6.339251674553796,5.859954627656562,0,0.29378612878321675,0.0
666,9,know,VERB,root,0.4803043852948896,8.531227029447775,8.050922644152886,,0.44694885889462604,0.0
666,10,the,DET,det,-0.4445978600242899,4.733084097091282,5.177681957115572,0,0.03602680717178555,0.0
666,11,pain,NOUN,obj,1.2028617337052285,14.18943851219957,12.986576778494342,1,0.7084541108946016,0.0
666,12,and,CCONJ,cc,-0.48316356189777565,5.740289866824134,6.22345342872191,0,0.054723781764717906,0.0
666,13,stress,NOUN,conj,0.20906388156413414,5.482079380118688,5.273015498554554,2,0.041410991326097234,0.0
666,14,that,PRON,nsubj,-0.24845464453241917,6.437894453110473,6.686349097642892,0,0.058386999812113025,0.0
666,15,comes,VERB,acl:relcl,0.42555401784845515,12.282547916591051,11.856993898742596,2,0.4787281252023367,0.0
666,16,with,SCONJ,mark,-0.08963998534104611,7.899419665266953,7.989059650607999,0,0.06187326787316697,0.0
666,17,putting,VERB,advcl,-2.136152497157193,13.604476011478415,15.740628508635607,2,0.5491030050190729,0.0
666,18,things,NOUN,obj,-0.19938240783528194,10.867510417312209,11.066892825147491,1,0.2573009124465168,0.0
666,19,off,ADP,compound:prt,-0.05721515779323205,11.665876556142557,11.723091713935789,1,0.2995568817156912,0.0
666,20,.,PUNCT,punct,-0.6238996608745269,3.7008451783641614,4.324744839238688,,0.1997783973410633,0.0
667,1,Fortunately,ADV,advmod,-0.04588086716539763,9.200753825427405,9.246634692592803,0,0.10096461599514396,0.0
667,2,",",PUNCT,punct,-0.15236894924798516,4.552360855055908,4.704729804303893,,0.2640019373318934,0.0
667,3,overcoming,VERB,csubj,1.696490727750449,6.197916666123875,4.501425938373426,0,0.2537026504275932,0.0
667,4,your,PRON,nmod:poss,-0.1811651585619405,8.658057051683258,8.839222210245198,0,0.18163157749765932,0.0
667,5,procrastination,NOUN,obj,1.2262783287045984,5.482079380118688,4.25580105141409,2,0.4602771181345368,0.0
667,6,is,AUX,cop,-1.2033879098637845,6.470049691257488,7.673437601121273,0,0.11859577386448111,0.0
667,7,easy,ADJ,root,-0.30521754618967734,12.867510417312209,13.172727963501886,,1.189492832641091,0.0
667,8,to,PART,mark,-0.48246931463907483,5.85516522689238,6.337634541531455,0,0.4043926135210799,0.0
667,9,do,VERB,xcomp,4.784729925544134,7.650279701091539,2.865549775547404,1,2.6464345412118484,0.0
667,10,when,ADV,advmod,-2.2397671327550093,9.270575274924976,11.510342407679985,0,1.3677543276400586,0.0
667,11,you,PRON,nsubj,0.8490206471719492,6.339251674553796,5.490231027381847,0,0.7240082384656819,0.0
667,12,put,VERB,advcl,-5.080744763411513,10.30679546283773,15.387540226249243,2,3.0007702314291107,0.0
667,13,your,PRON,nmod:poss,0.16077511473622152,8.658057051683258,8.497281936947036,0,0.09738179596984052,0.0
667,14,mind,NOUN,obj,-0.18986192619141207,12.488998794058478,12.67886072024989,2,0.3673580211497268,0.0
667,15,to,ADP,case,-0.3468217363096242,5.85516522689238,6.201986963202004,0,0.05982542919391712,0.0
667,16,it,PRON,obl,0.3738451439708994,6.147779360562356,5.7739342165914564,2,0.05796209826083504,0.0
667,17,.,PUNCT,punct,-0.5012020714746392,3.7008451783641614,4.202047249838801,,0.05632882642497741,0.0
668,1,Steps,NOUN,root,-0.4630968330209555,13.867510417312209,14.330607250333165,,1.2087195260678532,0.0
669,1,Create,VERB,root,0.48729084897945185,13.019513510757259,12.532222661777807,,0.44927278113340297,0.0
669,2,a,DET,det,-0.3129127624227417,5.916808727223201,6.229721489645943,0,0.3023442591465741,0.0
669,3,to,ADP,case,-1.9084339017009224,5.85516522689238,7.763599128593302,0,0.3076907734302566,0.0
669,4,-,PUNCT,punct,-1.354691366926577,8.337689470783513,9.69238083771009,,0.5165631282026764,0.0
669,5,do,NOUN,compound,-1.5426799400377513,7.650279701091539,9.19295964112929,1,0.6042223374840004,0.0
669,6,list,NOUN,obj,-0.03853352550487443,13.604476011478415,13.643009536983289,2,0.6975486211345399,0.0
669,7,.,PUNCT,punct,0.35933453746613875,3.7008451783641614,3.3415106408980226,,0.05106223128179867,0.0
670,1,Yes,INTJ,discourse,1.7935471277840467,10.282547916591051,8.489000788807004,0,0.12374112289315603,0.0
670,2,",",PUNCT,punct,1.71531422951954,4.552360855055908,2.837046625536368,,0.1276719804677251,0.0
670,3,make,VERB,root,-3.290595957980303,9.979985146570622,13.270581104550924,,0.24085724834159886,0.0
670,4,yourself,PRON,iobj,-0.3926649593459537,13.18943851219957,13.582103471545524,0,0.6779094453664893,0.0
670,5,an,DET,det,-0.5895379174300412,8.922651971504669,9.51218988893471,0,0.06680517817346225,0.0
670,6,old,ADJ,compound,0.06404622575224295,11.604476011478415,11.540429785726172,0,0.29530845091312014,0.0
670,7,fashioned,ADJ,amod,0.050208241339595894,6.939140094293238,6.888931852953642,1,0.0673944687335773,0.0
670,8,to,ADP,case,-0.4301215616031051,5.85516522689238,6.285286788495485,0,0.055542387113361714,0.0
670,9,-,PUNCT,punct,-1.8151124610856275,8.337689470783513,10.15280193186914,,0.07156016119283108,0.0
670,10,do,NOUN,compound,-0.4850108148822203,7.650279701091539,8.13529051597376,1,0.06086034974471447,0.0
670,11,list,NOUN,obj,0.049644730345244525,13.604476011478415,13.55483128113317,3,0.6124377614331148,0.0
670,12,with,ADP,case,-0.01902686478593818,7.899419665266953,7.918446530052891,0,0.06164601802038837,0.0
670,13,check,NOUN,compound,-1.0207465805794982,12.867510417312209,13.888256997891707,0,1.120269581974006,0.0
670,14,boxes,NOUN,nmod,0.13023606064983984,5.482079380118688,5.351843319468848,3,0.03654845663696838,0.0
670,15,and,CCONJ,cc,-0.4898801358718492,5.740289866824134,6.230170002695983,0,0.059531026424759194,0.0
670,16,everything,PRON,conj,-0.014755118741048179,11.604476011478415,11.619231130219463,2,0.1696022151387763,0.0
670,17,.,PUNCT,punct,-1.0737570366290066,3.7008451783641614,4.774602214993168,,0.07874663872613134,0.0
671,1,Then,ADV,advmod,0.36401872374813316,9.294620748891626,8.930602025143493,0,0.1404490167297728,0.0
671,2,",",PUNCT,punct,0.738287218800048,4.552360855055908,3.81407363625586,,0.22827064775434128,0.0
671,3,as,SCONJ,mark,-0.17275716352420112,8.150519522907269,8.32327668643147,0,0.47000958387774966,0.0
671,4,you,PRON,nsubj,0.7918318117459631,6.339251674553796,5.547419862807833,0,0.6824266425580955,0.0
671,5,work,VERB,advcl,-2.940728545979658,10.40807879867491,13.348807344654569,2,0.7082519913981787,0.0
671,6,through,ADP,case,-0.33348742182386815,11.434551010036103,11.76803843185997,0,0.22428189765697376,0.0
671,7,your,PRON,nmod:poss,0.4755218348485979,8.658057051683258,8.18253521683466,0,0.11172303683690485,0.0
671,8,day,NOUN,obl,-0.21116804317644267,10.434551010036103,10.645719053212545,3,0.25651601561105264,0.0
671,9,",",PUNCT,punct,0.40359914490043813,4.552360855055908,4.14876171015547,,0.03914489008064294,0.0
671,10,check,VERB,root,-0.5737568196616163,12.867510417312209,13.441267236973825,,0.4945243365540689,0.0
671,11,off,ADP,compound:prt,-0.18960562754022448,11.665876556142557,11.855482183682781,0,0.3038273004925828,0.0
671,12,each,DET,obj,0.5059444197726712,11.730006893562273,11.224062473789601,0,0.34333924045903536,0.0
671,13,of,ADP,case,0.7800083285976127,5.747531807657332,4.967523479059719,0,0.04471379724951933,0.0
671,14,the,DET,det,1.184538760224266,4.733084097091282,3.5485453368670163,0,0.02923965528497383,0.0
671,15,items,NOUN,nmod,1.4087382459874451,5.482079380118688,4.073341134131243,3,0.03387981540395904,0.0
671,16,on,ADP,case,0.032384635489320246,7.520553527933323,7.488168892444003,0,0.08455486690240495,0.0
671,17,your,PRON,nmod:poss,-0.07725191607583426,8.658057051683258,8.735308967759092,0,0.10504657051383588,0.0
671,18,list,NOUN,nmod,0.3534312935552517,13.604476011478415,13.251044717923163,3,0.6296355637662486,0.0
671,19,.,PUNCT,punct,0.5603343207030984,3.7008451783641614,3.140510857661063,,0.03860885897721513,0.0
672,1,You,PRON,nsubj,0.406728407907031,6.339251674553796,5.932523266646765,0,0.06306914613167432,0.0
672,2,will,AUX,aux,1.0944084045251046,9.060155495254604,7.965747090729499,0,0.1541522822021237,0.0
672,3,feel,VERB,root,-0.2620955211187521,11.101975670949232,11.364071192067984,,0.28480907001142713,0.0
672,4,a,DET,det,-0.6802875970855791,5.916808727223201,6.59709632430878,0,0.042721486812483896,0.0
672,5,growing,VERB,amod,-3.4996615094304566,13.382083590141967,16.881745099572424,0,0.5503689148889326,0.0
672,6,sense,NOUN,obj,0.27090314292937556,13.382083590141967,13.111180447212591,2,0.7541762715486936,0.0
672,7,of,ADP,case,-0.12329814263288874,5.747531807657332,5.87082995029022,0,0.039518811999196,0.0
672,8,pride,NOUN,nmod,0.8780000873246161,5.482079380118688,4.604079292794072,2,0.03612652985999213,0.0
672,9,as,SCONJ,mark,-0.3700283322890545,8.150519522907269,8.520547855196323,0,0.07817791879263901,0.0
672,10,you,PRON,nsubj,0.041279249667812934,6.339251674553796,6.297972424885983,0,0.05248998209500062,0.0
672,11,visually,ADV,advmod,-0.055272410176414155,9.200753825427405,9.25602623560382,0,0.08592211929334839,0.0
672,12,monitor,VERB,advcl,0.4806151864083379,15.18943851219957,14.708823325791233,3,0.6409314028301774,0.1
672,13,your,PRON,nmod:poss,0.10733734095063419,8.658057051683258,8.550719710732624,0,0.1006463262625006,0.1
672,14,ever,ADV,advmod,0.18909729621466376,11.665876556142557,11.476779259927893,0,0.3237515942343789,0.1
672,15,-,PUNCT,punct,0.40741437254252144,8.337689470783513,7.930275098240991,,0.07919677952076602,0.1
672,16,diminishing,VERB,amod,-0.304517646015495,6.197916666123875,6.50243431213937,1,0.04802186599533853,0.1
672,17,list,NOUN,obj,-0.4015904168783422,13.604476011478415,14.006066428356757,3,0.6167985466516259,0.1
672,18,of,ADP,case,-0.09006640655611076,5.747531807657332,5.837598214213442,0,0.023397233274449696,0.1
672,19,projects,NOUN,nmod,0.7636763565166049,14.18943851219957,13.425762155682966,2,0.9657028073678044,0.1
672,20,.,PUNCT,punct,0.6567771320502187,3.7008451783641614,3.0440680463139427,,0.021123939758940214,0.1
673,1,If,SCONJ,mark,0.6507670307312896,8.876555556915216,8.225788526183926,0,0.12486982165802919,0.0
673,2,necessary,ADJ,advcl,-1.5378821159666067,14.604476011478415,16.14235812744502,1,0.8782029938767779,0.0
673,3,",",PUNCT,punct,0.005260120503034038,4.552360855055908,4.547100734552874,,0.03725896503659251,0.0
673,4,set,VERB,root,-1.042154044557332,12.282547916591051,13.324701961148383,,0.39680189632173846,0.0
673,5,time,NOUN,compound,-0.6568455526043291,9.331457517071998,9.988303069676327,0,0.11498442887876577,0.0
673,6,-,PUNCT,punct,-0.18125771107300004,8.337689470783513,8.518947181856513,,0.09153708442297014,0.0
673,7,frames,NOUN,obj,-0.7299646014948493,5.482079380118688,6.2120439816135375,1,0.04687909405102001,0.0
673,8,for,ADP,case,-0.5893282628766467,7.502937985016352,8.092266247892999,0,0.05479685649433194,0.0
673,9,your,PRON,nmod:poss,0.21175852730816125,8.658057051683258,8.446298524375097,0,0.11123325660569607,0.0
673,10,items,NOUN,nmod,0.06322473007657514,5.482079380118688,5.418854650042113,3,0.03559749998979379,0.0
673,11,to,PART,mark,-0.16219245970550045,5.85516522689238,6.01735768659788,0,0.05313424171420042,0.0
673,12,be,AUX,aux:pass,0.2449929065359031,8.075696346150382,7.830703439614479,0,0.09150899727901086,0.0
673,13,done,VERB,acl,0.9464490662659486,11.488998794058478,10.54254972779253,3,0.3081090125759055,0.0
673,14,by,ADP,obl,-0.15222297418531916,8.531227029447775,8.683450003633094,1,0.1051166783878284,0.0
673,15,.,PUNCT,punct,-0.7230096647461024,3.7008451783641614,4.423854843110264,,0.0902222170374426,0.0
674,1,Re-evaluate,VERB,root,0.8254603755137726,6.197916666123875,5.372456290610103,,0.06508830294114955,0.0
674,2,your,PRON,nmod:poss,-1.0385443096659817,8.658057051683258,9.69660136134924,0,0.1200860707657548,0.0
674,3,list,NOUN,obj,-1.0316867387923274,13.604476011478415,14.636162750270742,1,0.9970602530476254,0.0
674,4,halfway,ADV,advmod,-1.0476470432674532,9.200753825427405,10.248400868694858,0,0.5712765513321839,0.0
674,5,through,ADP,case,-0.7165357111127424,11.434551010036103,12.151086721148845,0,0.3055856691004488,0.0
674,6,your,PRON,nmod:poss,0.5298291639228481,8.658057051683258,8.12822788776041,0,0.3127015123421292,0.0
674,7,day,NOUN,obl,-0.5420816777426083,10.434551010036103,10.97663268777871,3,0.6538863287476252,0.0
674,8,to,PART,mark,-0.28970109441419556,5.85516522689238,6.1448663213065755,0,0.05107860767669641,0.0
674,9,rank,VERB,advcl,0.6403695282165272,6.197916666123875,5.557547137907348,1,0.10219135960818805,0.0
674,10,your,PRON,nmod:poss,0.07570912283523867,8.658057051683258,8.58234792884802,0,0.09673090900252888,0.0
674,11,items,NOUN,obj,-0.3114569924853612,5.482079380118688,5.793536372604049,2,0.0370822926388506,0.0
674,12,based,VERB,advcl,-0.6323586694954084,12.282547916591051,12.91490658608646,1,0.2676359068854176,0.0
674,13,on,ADP,case,-0.10731739285940112,7.520553527933323,7.627870920792724,0,0.08275963792254479,0.0
674,14,highest,ADJ,amod,-0.36367614593889996,15.18943851219957,15.55311465813847,0,0.7116501830888348,0.2
674,15,priority,NOUN,obl,0.9564907576336843,5.482079380118688,4.525588622485004,3,0.041825665150988074,0.2
674,16,.,PUNCT,punct,0.6327423120982898,3.7008451783641614,3.0681028662658716,,0.01732971676464759,0.2
675,1,Then,ADV,advmod,0.36401872374813316,9.294620748891626,8.930602025143493,0,0.1404490167297728,0.0
675,2,",",PUNCT,punct,0.738287218800048,4.552360855055908,3.81407363625586,,0.22827064775434128,0.0
675,3,tackle,VERB,root,1.165212623023348,6.197916666123875,5.032704043100527,,0.3684993145294158,0.0
675,4,the,DET,det,-0.5428594718706892,4.733084097091282,5.275943568961972,0,0.06614694120073185,0.0
675,5,most,ADV,advmod,0.45024660333927,10.123349321741799,9.673102718402529,0,0.6608790133692225,0.0
675,6,important,ADJ,amod,1.9114439451500136,12.019513510757259,10.108069565607245,1,3.152558552621885,0.0
675,7,ones,NOUN,obj,-3.5500321514827355,13.382083590141967,16.932115741624703,2,2.2375309877116694,0.0
675,8,before,SCONJ,mark,-1.392761902622663,10.697585415869895,12.090347318492558,0,1.165952473257297,0.0
675,9,looking,VERB,advcl,-0.6563164612126524,11.941510998755986,12.597827459968638,1,0.3898964594787631,0.0
675,10,back,ADV,advmod,-0.030511622535973615,9.999613953319553,10.030125575855527,1,0.15850886508108264,0.0
675,11,at,ADP,case,-0.32519544229783826,8.055012191978644,8.380207634276482,0,0.08540679272051073,0.0
675,12,the,DET,det,0.6676604477124357,4.733084097091282,4.065423649378847,0,0.04298409389058201,0.0
675,13,smaller,ADJ,amod,0.029646903951579873,14.604476011478415,14.574829107526835,0,0.41910339835608124,0.1
675,14,things,NOUN,obl,1.1366215658335221,10.867510417312209,9.730888851478687,4,0.256663954678672,0.1
675,15,to,PART,mark,-0.2503416555639335,5.85516522689238,6.1055068824563135,0,0.040097995673680206,0.1
675,16,do,VERB,acl,-0.10275838630937262,7.650279701091539,7.7530380874009115,2,0.07150465031131263,0.1
675,17,.,PUNCT,punct,-0.2825026659298562,3.7008451783641614,3.9833478442940176,,0.06906977600247566,0.1
676,1,Keep,VERB,root,0.7747709325457794,11.282547916591051,10.507776984045272,,0.27200254545337693,0.0
676,2,a,DET,det,-1.922412933919282,5.916808727223201,7.839221661142483,0,0.17558488219453616,0.0
676,3,notebook,NOUN,obj,1.3263879186256302,5.482079380118688,4.155691461493058,1,0.4312132147299953,0.0
676,4,by,ADP,case,-0.5829357490576736,8.531227029447775,9.114162778505449,0,0.0872494088836042,0.0
676,5,hand,NOUN,obl,0.13517794830926277,11.665876556142557,11.530698607833294,1,0.40463342492733745,0.0
676,6,before,SCONJ,mark,-0.6396320023088542,10.697585415869895,11.33721741817875,0,0.17000245148149754,0.0
676,7,you,PRON,nsubj,-0.08531433559459511,6.339251674553796,6.424566010148391,0,0.05103634432763476,0.0
676,8,start,VERB,advcl,0.35409107248869276,12.18943851219957,11.835347439710878,2,0.7080286413386453,0.0
676,9,your,PRON,nmod:poss,0.013602654367474543,8.658057051683258,8.644454397315783,0,0.09758395791901157,0.0
676,10,workday,NOUN,obj,-0.30002910474014133,5.482079380118688,5.7821084848588296,2,0.03318324516705038,0.0
676,11,.,PUNCT,punct,0.48477231080690464,3.7008451783641614,3.2160728675572567,,0.02064969633806734,0.0
677,1,Every,DET,det,-0.5679007812493779,11.101975670949232,11.66987645219861,0,0.3744279814655807,0.0
677,2,single,ADJ,root,0.7076996935418851,13.019513510757259,12.311813817215373,,1.7462506258094272,0.0
677,3,to,PART,mark,-2.013781300876417,5.85516522689238,7.868946527768797,0,1.3121391134639713,0.0
677,4,do,VERB,acl,-0.5898627713980487,7.650279701091539,8.240142472489588,1,0.4196705308281141,0.0
677,5,or,CCONJ,cc,0.07772028230324501,8.461518057636372,8.383797775333127,0,0.08796988084327294,0.0
677,6,things,NOUN,conj,-0.1704808339658861,10.867510417312209,11.037991251278095,1,0.34229856785674856,0.0
677,7,you,PRON,nsubj,-0.5495008208913577,6.339251674553796,6.888752495445154,0,0.06611099728442019,0.0
677,8,want,VERB,acl:relcl,0.7156632581054492,9.96061982170369,9.24495656359824,2,0.16174683365890224,0.0
677,9,to,PART,mark,-0.5581348169671969,5.85516522689238,6.413300043859577,0,0.05821059524921527,0.0
677,10,do,VERB,xcomp,0.12014914309944213,7.650279701091539,7.530130557992097,2,0.061319264087352325,0.0
677,11,at,ADP,case,-0.45867778503487777,8.055012191978644,8.513689977013522,0,0.09495987964390978,0.0
677,12,that,DET,det,0.4512329137944606,6.437894453110473,5.986661539316012,0,0.0684251883464829,0.0
677,13,specific,ADJ,amod,0.19242441479152816,12.282547916591051,12.090123501799523,0,0.44928342494358364,0.0
677,14,moment,NOUN,obl,0.6694419056756669,13.18943851219957,12.519996606523904,4,0.4953326809085989,0.0
677,15,.,PUNCT,punct,0.46671348044216643,3.7008451783641614,3.234131697921995,,0.030575896727315362,0.0
678,1,Do,AUX,aux,0.7443699706952938,7.650279701091539,6.905909730396245,0,0.06751253051743049,0.0
678,2,n't,PART,advmod,2.6300812262755286,7.876555556915215,5.246474330639686,0,0.18381827934121633,0.0
678,3,do,VERB,root,3.729388691145283,7.650279701091539,3.920891009946256,,0.19697837433211582,0.0
678,4,it,PRON,obj,-2.375115027442644,6.147779360562356,8.522894388005,0,0.32972409577890643,0.0
678,5,",",PUNCT,punct,-0.8731826637386204,4.552360855055908,5.4255435187945285,,0.36774493180301415,0.0
678,6,put,VERB,parataxis,-0.013637222143790595,10.30679546283773,10.32043268498152,0,1.1119401710099672,0.0
678,7,it,PRON,obj,1.4714475519094652,6.147779360562356,4.676331808652891,1,0.6980851435719782,0.0
678,8,on,ADP,case,2.036650413965633,7.520553527933323,5.48390311396769,0,1.126937822326675,0.0
678,9,a,DET,det,0.7500867475277797,5.916808727223201,5.166721979695422,0,0.3783711466073845,0.0
678,10,list,NOUN,obl,-5.0003660643854175,13.604476011478415,18.604842075863832,3,2.8282136504400643,0.0
678,11,and,CCONJ,cc,-0.4959690652456601,5.740289866824134,6.236258932069794,0,0.12118749001039004,0.0
678,12,do,VERB,conj,0.08328460277070082,7.650279701091539,7.566995098320838,2,0.2041608879655399,0.0
678,13,it,PRON,obj,0.21608438360932514,6.147779360562356,5.931694976953031,1,0.06218324296130704,0.0
678,14,later,ADV,advmod,0.24540399080471076,11.665876556142557,11.420472565337846,1,0.32211626776855246,0.0
678,15,.,PUNCT,punct,0.10787572979675275,3.7008451783641614,3.5929694485674086,,0.09863192978329363,0.0
679,1,This,PRON,nsubj,-0.14321683198097546,7.086150703787548,7.229367535768524,0,0.07024480721902689,0.0
679,2,prevents,VERB,root,0.006816256669202936,6.197916666123875,6.191100409454672,,0.1737779652536488,0.0
679,3,you,PRON,obj,-0.6169734936474924,6.339251674553796,6.956225168201288,0,0.11423594489320046,0.0
679,4,from,SCONJ,mark,-0.6605873846629322,8.288571704218821,8.949159088881753,0,0.06720627338997325,0.0
679,5,getting,VERB,advcl,-1.8645835613508766,11.382083590141967,13.246667151492844,1,0.3567963255246158,0.0
679,6,into,ADP,case,-0.14575692029453968,9.849588509314946,9.995345429609486,0,0.14240086684048917,0.0
679,7,the,DET,det,0.7852824298889383,4.733084097091282,3.947801667202344,0,0.06192917070049976,0.0
679,8,"""",PUNCT,punct,-1.971945504304414,7.845142604283754,9.817088108588168,,0.17428289973788333,0.0
679,9,procrastination,NOUN,compound,0.9149649816349648,5.482079380118688,4.5671143984837235,0,0.053763150600055425,0.0
679,10,zone,NOUN,obl,0.12562318982693554,14.18943851219957,14.063815322372635,4,0.9419945782780809,0.0
679,11,.,PUNCT,punct,0.4469460067308195,3.7008451783641614,3.253899171633342,,0.014990901398119087,0.0
679,12,"""",PUNCT,punct,0.27919794008120213,7.845142604283754,7.565944664202552,,0.15306248388181307,0.0
680,1,Finish,VERB,root,-0.43945074087757874,14.604476011478415,15.043926752355993,,1.0291685980302343,0.1
680,2,the,DET,det,-1.597899057159589,4.733084097091282,6.330983154250871,0,0.027508746449372155,0.1
680,3,hard,ADJ,amod,-0.28211564550089285,11.797121089420811,12.079236734921704,0,0.2802584888564122,0.1
680,4,stuff,NOUN,obj,0.9983964239780061,12.101975670949232,11.103579246971226,2,0.2733522888712746,0.1
680,5,.,PUNCT,punct,0.1805394978287005,3.7008451783641614,3.520305680535461,,0.024899288595925183,0.1
681,1,Do,VERB,root,0.7443699706952938,7.650279701091539,6.905909730396245,,0.06751253051743049,0.0
681,2,two,NUM,nummod,-2.711160736839396,9.282547916591051,11.993708653430447,0,0.16048316578300126,0.0
681,3,-,PUNCT,punct,0.9508443756640714,8.337689470783513,7.386845095119441,,0.33172422034006693,0.0
681,4,minute,NOUN,compound,-1.8904224839344774,12.730006893562273,14.62042937749675,1,0.396084487314829,0.0
681,5,tasks,NOUN,obj,-0.6419284846217082,13.382083590141967,14.024012074763675,1,0.38475583506916056,0.0
681,6,.,PUNCT,punct,-0.17301588547246016,3.7008451783641614,3.8738610638366215,,0.012370940374664907,0.0
682,1,Anything,PRON,dislocated,0.2623860635020989,11.730006893562273,11.467620830060174,0,0.3863798096030472,0.0
682,2,that,PRON,obj,1.192276605967833,6.437894453110473,5.24561784714264,0,0.6439830187820621,0.0
682,3,you,PRON,nsubj,0.015736841897680875,6.339251674553796,6.323514832656115,0,0.4037863250658454,0.0
682,4,want,VERB,acl:relcl,5.359972979309362,9.96061982170369,4.600646842394328,3,2.4183721969425966,0.0
682,5,to,PART,mark,1.452743755363998,5.85516522689238,4.402421471528382,0,1.0892315437945144,0.0
682,6,put,VERB,xcomp,-6.815911662933662,10.30679546283773,17.12270712577139,2,3.985351402567553,0.0
682,7,off,ADP,compound:prt,-0.0721345237401021,11.665876556142557,11.738011079882659,1,0.2960648101865411,0.0
682,8,but,CCONJ,cc,-0.3740420790490031,8.167070699171116,8.54111277822012,0,0.09086037835175355,0.0
682,9,takes,VERB,conj,-1.1900051804888658,12.382083590141967,13.572088770630833,2,0.4903654552304561,0.0
682,10,two,NUM,nummod,-0.7642624089383592,9.282547916591051,10.04681032552941,0,0.22053435564341334,0.0
682,11,minutes,NOUN,obj,0.08604288496119672,12.382083590141967,12.29604070518077,2,0.43123512954309656,0.0
682,12,to,PART,mark,-0.41560378561638434,5.85516522689238,6.270769012508764,0,0.040460132686393445,0.0
682,13,do,VERB,advcl,0.01228818420771649,7.650279701091539,7.637991516883822,2,0.07074149509115278,0.0
682,14,-,PUNCT,punct,-0.19310223041917673,8.337689470783513,8.53079170120269,,0.11545224583974359,0.0
682,15,do,VERB,root,-0.17597876197267492,7.650279701091539,7.826258463064214,,0.07921033384994403,0.0
682,16,it,PRON,obj,0.32259238666247914,6.147779360562356,5.825186973899877,0,0.053604003610326405,0.0
682,17,.,PUNCT,punct,-0.5520028051904124,3.7008451783641614,4.252847983554574,,0.045070942542850406,0.0
683,1,Create,VERB,root,0.48729084897945185,13.019513510757259,12.532222661777807,,0.44927278113340297,0.0
683,2,a,DET,det,-0.3129127624227417,5.916808727223201,6.229721489645943,0,0.3023442591465741,0.0
683,3,timed,VERB,amod,-5.359352623541069,6.197916666123875,11.557269289664944,0,0.3702960398241786,0.0
683,4,work,NOUN,compound,-0.085167981308226,10.40807879867491,10.493246779983137,0,0.16929189576240206,0.0
683,5,frenzy,NOUN,obj,0.325467782176192,5.482079380118688,5.156611597942496,3,0.4348375695017099,0.0
683,6,.,PUNCT,punct,0.051106544187474956,3.7008451783641614,3.6497386341766864,,0.1228914370385108,0.0
684,1,Each,DET,det,-0.5772332099899931,11.730006893562273,12.307240103552266,0,0.3747713922316731,0.0
684,2,task,NOUN,nsubj:pass,4.750038104545535,13.604476011478415,8.85443790693288,1,3.5583583005814594,0.0
684,3,is,AUX,aux:pass,4.074361689691024,6.470049691257488,2.3956880015664646,0,3.4367241951500884,0.0
684,4,then,ADV,advmod,-0.6685356701520444,9.294620748891626,9.96315641904367,0,1.1219921315429446,0.0
684,5,assigned,VERB,root,2.53607986700164,6.197916666123875,3.6618367991222356,,0.9206053101942614,0.0
684,6,an,DET,det,-0.45807385877601803,8.922651971504669,9.380725830280687,0,0.09897149061396303,0.0
684,7,exact,ADJ,amod,-0.10532580969834271,14.18943851219957,14.294764321897913,0,5.316671011136246,0.0
684,8,amount,NOUN,obj,-9.563615687713556,13.867510417312209,23.431126105025765,2,3.9842264701912833,0.0
684,9,of,ADP,case,-0.0756894464626825,5.747531807657332,5.823221254120014,0,0.03975591799400824,0.0
684,10,time,NOUN,nmod,0.8771162589895543,9.331457517071998,8.454341258082444,2,0.11014331669506992,0.0
684,11,to,PART,mark,-0.33764353086700716,5.85516522689238,6.192808757759387,0,0.038964830088369276,0.0
684,12,complete,VERB,advcl,-0.12977998231891164,14.604476011478415,14.734255993797326,1,0.756553054223598,0.1
684,13,.,PUNCT,punct,0.460667020009343,3.7008451783641614,3.2401781583548184,,0.2087400904843185,0.1
685,1,Give,VERB,root,0.8949576761548066,11.545582322424846,10.650624646270039,,0.27779011855732233,0.0
685,2,yourself,PRON,iobj,-2.0277714436752667,13.18943851219957,15.217209955874837,0,0.7246399430360203,0.0
685,3,a,DET,det,-0.7620303723383373,5.916808727223201,6.6788390995615385,0,0.04647463221496063,0.0
685,4,break,NOUN,obj,0.8574429960985093,14.18943851219957,13.331995516101061,1,0.6864790211174562,0.0
685,5,.,PUNCT,punct,0.1526876112097204,3.7008451783641614,3.548157567154441,,0.01579559724874379,0.0
686,1,Just,ADV,advmod,0.45412130001609086,8.627196087978497,8.173074787962406,0,0.12776349974789292,0.0
686,2,be,AUX,cop,0.049352736872540603,8.075696346150382,8.026343609277841,0,0.30560076933828395,0.0
686,3,sure,ADJ,root,-0.4950175825093073,10.941510998755986,11.436528581265293,,0.284290103289146,0.0
686,4,to,PART,mark,-0.8310648728789465,5.85516522689238,6.686230099771326,0,0.09010403060297033,0.0
686,5,follow,VERB,xcomp,0.6301033422550528,13.867510417312209,13.237407075057156,1,1.0516340716827763,0.0
686,6,through,ADP,compound:prt,-0.23226036200822975,11.434551010036103,11.666811372044332,1,0.19167388279147932,0.0
686,7,with,ADP,case,0.4857495677604984,7.899419665266953,7.413670097506454,0,0.06341362574393508,0.0
686,8,your,PRON,nmod:poss,0.10606024628544297,8.658057051683258,8.551996805397815,0,0.11443454837278977,0.0
686,9,deadline,NOUN,obl,0.449841063048078,5.482079380118688,5.03223831707061,3,0.03730631295847884,0.0
686,10,rather,ADV,cc,-0.32082607302946364,14.18943851219957,14.510264585229034,0,0.7497408072270885,0.0
686,11,than,ADP,fixed,-0.42724719027520486,10.604476011478415,11.03172320175362,1,0.15138576814207413,0.0
686,12,ignoring,VERB,conj,-0.24244403262093694,6.197916666123875,6.440360698744812,2,0.20334021512448242,0.0
686,13,it,PRON,obj,0.08161717243250965,6.147779360562356,6.066162188129846,1,0.05734820427445623,0.0
686,14,when,ADV,advmod,0.1864049035490396,9.270575274924976,9.084170371375937,0,0.1420366122476872,0.0
686,15,your,PRON,nmod:poss,-0.03180757432419412,8.658057051683258,8.689864626007452,0,0.09194226484327306,0.0
686,16,alarm,NOUN,nsubj,-0.8573829089459961,5.482079380118688,6.339462289064684,1,0.040904437187798605,0.0
686,17,finally,ADV,advmod,-0.015238890850643116,12.282547916591051,12.297786807441694,0,0.266055433658472,0.0
686,18,goes,VERB,advcl,0.2677661407006582,12.730006893562273,12.462240752861614,4,0.4033808217133752,0.0
686,19,off,ADP,compound:prt,-0.025320935719893356,11.665876556142557,11.69119749186245,1,0.2967971829983006,0.0
686,20,.,PUNCT,punct,-0.27413722327378176,3.7008451783641614,3.974982401637943,,0.1923482811703328,0.0
687,1,How,ADV,root,0.4418275764880235,9.167070699171116,8.725243122683093,,0.15605535644908047,0.0
687,2,to,PART,mark,0.27871856738048706,5.85516522689238,5.576446659511893,0,0.21935209577274067,0.0
687,3,Play,VERB,acl,-0.3425655277888371,13.867510417312209,14.210075945101046,1,0.49659029832038354,0.0
687,4,Muggle,PROPN,compound,-1.3049441468564051,6.11262291514874,7.417567062005145,0,0.05845351294210317,0.0
687,5,Quidditch,PROPN,obj,1.0109817066104299,6.11262291514874,5.10164120853831,2,0.03611540911006236,0.0
688,1,In,ADP,case,-0.7512908726612668,6.195085075340713,6.94637594800198,0,0.059321265642547326,0.0
688,2,the,DET,det,0.5564226776451635,4.733084097091282,4.176661419446119,0,0.04856337869467587,0.0
688,3,Harry,PROPN,compound,0.1394163460014326,13.18943851219957,13.050022166198138,0,0.4126978336324362,0.0
688,4,Potter,PROPN,flat,9.323497191153423,14.604476011478415,5.280978820324991,1,3.9834340338307013,0.1
688,5,series,NOUN,nmod,-7.463062850591877,13.18943851219957,20.652501362791448,3,2.477375081627101,0.1
688,6,written,VERB,acl,-1.635583236876963,13.18943851219957,14.825021749076534,1,0.7867189932488384,0.1
688,7,by,ADP,case,-0.3283131979806342,8.531227029447775,8.85954022742841,0,0.1613491491927761,0.1
688,8,JK,PROPN,obl:agent,1.4467357894139452,6.11262291514874,4.665887125734795,2,0.34951623252738445,0.1
688,9,Rowling,PROPN,flat,2.1760737077685546,6.11262291514874,3.9365492073801853,1,0.12267561176298791,0.1
688,10,the,DET,det,-0.7267001894610505,4.733084097091282,5.459784286552333,0,0.043135471337247246,0.1
688,11,main,ADJ,amod,-0.6076359573878669,12.488998794058478,13.096634751446345,0,0.4260073301230185,0.1
688,12,wizarding,ADJ,amod,-0.2276160123534181,6.939140094293238,7.166756106646656,0,0.0922926526090055,0.1
688,13,sport,NOUN,nsubj,0.6943076821510443,5.482079380118688,4.787771697967644,3,0.056460402699507785,0.1
688,14,is,AUX,cop,-0.7219990216839971,6.470049691257488,7.192048712941485,0,0.04203524513555614,0.1
688,15,Quidditch,PROPN,root,-0.06327817601209684,6.11262291514874,6.175901091160837,,0.14624712342600535,0.1
688,16,.,PUNCT,punct,0.037215690369439614,3.7008451783641614,3.6636294879947218,,0.03462702699047099,0.1
689,1,However,ADV,advmod,0.44532943825009497,11.282547916591051,10.837218478340956,0,0.3313699277382738,0.0
689,2,you,PRON,nsubj,-0.6840224905127394,6.339251674553796,7.023274165066535,0,0.3080232622611495,0.0
689,3,do,AUX,aux,0.980141504720704,7.650279701091539,6.670138196370835,0,0.4261479470075786,0.0
689,4,n't,PART,advmod,2.2657251511012513,7.876555556915215,5.610830405813964,0,0.5707777216025577,0.0
689,5,have,VERB,root,5.321790671135908,7.634849660521933,2.3130589893860254,,2.1000127865218587,0.0
689,6,to,PART,mark,0.18950577390810697,5.85516522689238,5.665659452984273,0,0.3540861782945551,0.0
689,7,have,VERB,xcomp,0.30689312262703794,7.634849660521933,7.327956537894895,1,1.0492241651805552,0.0
689,8,magical,ADJ,amod,-6.510482569092607,15.18943851219957,21.699921081292178,0,2.7088760935763743,0.1
689,9,powers,NOUN,obj,0.5212309982537082,5.482079380118688,4.96084838186498,2,0.04293755152078241,0.1
689,10,to,PART,mark,-0.26965599953184416,5.85516522689238,6.124821226424224,0,0.03806962124093081,0.1
689,11,play,VERB,advcl,0.4983232799831878,13.867510417312209,13.369187137329021,2,0.4175169091900379,0.1
689,12,.,PUNCT,punct,0.9579086265990804,3.7008451783641614,2.742936551765081,,0.01796916963626408,0.1
690,1,Quidditch,PROPN,nsubj,-0.19592036260047863,6.11262291514874,6.3085432777492185,0,0.07664910517989604,0.0
690,2,has,AUX,aux,-1.3431360679145978,9.235242201812696,10.578378269727294,0,0.4042148726385269,0.0
690,3,also,ADV,advmod,-0.2597401294912487,9.434551010036103,9.694291139527351,0,0.38978417311829083,0.0
690,4,spread,VERB,root,-0.09082716582688022,14.604476011478415,14.695303177305295,,0.9261239654121928,0.0
690,5,outside,ADV,advmod,0.05360618809051054,12.730006893562273,12.676400705471762,0,0.4220455194964659,0.0
690,6,of,ADP,case,-0.3160809250075802,5.747531807657332,6.063612732664912,0,0.0976728266187662,0.0
690,7,America,PROPN,obl,0.3727903266287136,11.941510998755986,11.568720672127272,2,0.39500626977895853,0.0
690,8,and,CCONJ,cc,-0.48711217574593935,5.740289866824134,6.227402042570073,0,0.06684488455751354,0.0
690,9,is,AUX,aux:pass,-0.1744179378816506,6.470049691257488,6.644467629139139,0,0.0660477543658707,0.0
690,10,now,ADV,advmod,0.30422069373378946,9.15601551066212,8.851794816928331,0,0.1272095680642014,0.0
690,11,played,VERB,conj,0.4383978183164263,14.18943851219957,13.751040693883144,3,0.6524147867400698,0.0
690,12,on,ADP,case,-0.044478276752269785,7.520553527933323,7.565031804685593,0,0.08419524534535935,0.0
690,13,5,NUM,nummod,0.2886805472162042,12.382083590141967,12.093403042925763,0,0.4742105546681128,0.0
690,14,continents,NOUN,obl,0.11360360833907546,5.482079380118688,5.368475771779613,3,0.05128029835254602,0.0
690,15,.,PUNCT,punct,0.7184140391839171,3.7008451783641614,2.9824311391802443,,0.019391970888814503,0.0
691,1,Steps,NOUN,root,-0.4630968330209555,13.867510417312209,14.330607250333165,,1.2087195260678532,0.0
692,1,Gather,VERB,root,0.6474620848498365,14.604476011478415,13.957013926628578,,1.055441141526875,0.0
692,2,all,DET,det,-2.040171532378297,8.312921565634571,10.353093098012868,0,0.2723914033847763,0.0
692,3,needed,ADJ,amod,-2.1964901280302502,13.382083590141967,15.578573718172217,0,0.9907171593294847,0.0
692,4,materials,NOUN,obj,-0.795305186679764,14.18943851219957,14.984743698879335,2,0.4023343016533639,0.0
692,5,and,CCONJ,cc,-0.7930584134063423,5.740289866824134,6.533348280230476,0,0.054227179671807374,0.0
692,6,players,NOUN,conj,0.30542124411945437,15.18943851219957,14.884017268080116,2,0.6949204549439882,0.3
692,7,(,PUNCT,punct,0.3022704010218398,9.517013170228076,9.214742769206236,,0.14837984294227402,0.3
692,8,see,VERB,parataxis,-1.2668656397175067,9.589525670012442,10.856391309729949,0,0.16055833121515345,0.3
692,9,Things,NOUN,compound,-0.44848103985064824,10.867510417312209,11.315991457162857,0,0.1785941891896878,0.3
692,10,You,PRON,nsubj,-0.37863595552476426,6.339251674553796,6.71788763007856,0,0.04725382141216876,0.3
692,11,'ll,AUX,aux,0.15191229514695692,10.40807879867491,10.256166503527954,0,0.19915815314184473,0.3
692,12,Need,VERB,acl:relcl,0.7678200372439044,10.763173757497473,9.995353720253568,3,0.15593421177879876,0.3
692,13,section,NOUN,obj,-0.31188308551356236,12.730006893562273,13.041889979075835,2,0.49183160479302035,0.3
692,14,below,ADV,advmod,-0.07077924350118181,12.604476011478415,12.675255254979596,1,0.24645112408924597,0.3
692,15,),PUNCT,punct,0.2839897862624863,9.531227029447775,9.247237243185289,,0.21837109956052325,0.3
692,16,.,PUNCT,punct,0.4086189198793768,3.7008451783641614,3.2922262584847846,,0.033111772943716956,0.3
693,1,Know,VERB,root,1.0016763304124137,8.531227029447775,7.529550699035362,,0.08364448337605186,0.0
693,2,that,SCONJ,mark,-1.5389162862210553,6.437894453110473,7.976810739331528,0,0.1571173313416964,0.0
693,3,all,DET,det,-0.10722544298920944,8.312921565634571,8.42014700862378,0,0.3377337894316357,0.0
693,4,players,NOUN,nsubj,-0.00044397387251216003,15.18943851219957,15.189882486072083,1,0.9461269583962689,0.3
693,5,can,AUX,aux,-0.8839161960427298,8.388538612279266,9.272454808321996,0,0.05540047364681875,0.3
693,6,play,VERB,ccomp,0.5686486547228125,13.867510417312209,13.298861762589397,3,0.3334008254277168,0.3
693,7,while,SCONJ,mark,-0.6856655311899065,11.665876556142557,12.351542087332463,0,0.17037223218299694,0.3
693,8,riding,VERB,advcl,0.49961663014508595,6.197916666123875,5.698300035978789,2,0.19760798834440574,0.3
693,9,a,DET,det,-0.37285932767268726,5.916808727223201,6.2896680548958885,0,0.0314859096930574,0.3
693,10,broom,NOUN,obj,1.2732254124669344,5.482079380118688,4.208853967651754,2,0.0376008658821588,0.3
693,11,.,PUNCT,punct,0.6648708498697582,3.7008451783641614,3.035974328494403,,0.01186906531936112,0.3
694,1,Brooms,NOUN,nsubj,-0.8732365632322434,5.482079380118688,6.355315943350932,0,0.04098359429255844,0.0
694,2,can,AUX,aux,-1.0020857505814629,8.388538612279266,9.390624362860729,0,0.22706375204395976,0.0
694,3,be,AUX,cop,1.580178173924696,8.075696346150382,6.495518172225686,0,0.6902715951413366,0.0
694,4,a,DET,det,-1.1826667969421587,5.916808727223201,7.09947552416536,0,0.29210845509635736,0.0
694,5,hindrance,NOUN,root,3.099003343557423,5.482079380118688,2.383076036561265,,0.7122252165816457,0.0
694,6,however,ADV,advmod,-2.1353915439412656,11.282547916591051,13.417939460532317,0,1.0590780030080162,0.0
694,7,",",PUNCT,punct,3.2402896791792335,4.552360855055908,1.3120711758766745,,0.29942566126553544,0.0
694,8,so,ADV,advmod,-0.5420917872746678,7.738227400367242,8.28031918764191,0,0.7547423252142177,0.0
694,9,feel,VERB,parataxis,-4.074591082914415,11.101975670949232,15.176566753863646,1,1.4414193346725013,0.0
694,10,free,ADJ,xcomp,-0.6662221510192712,12.488998794058478,13.15522094507775,1,0.3581922889905076,0.0
694,11,to,PART,mark,-0.48534657016128335,5.85516522689238,6.340511797053663,0,0.03619131194490386,0.0
694,12,not,PART,advmod,-0.37903967978035613,7.801421226854436,8.180460906634792,0,0.09923652313346798,0.0
694,13,use,VERB,xcomp,0.7488063256075304,10.697585415869895,9.948779090262365,3,0.2582460947711262,0.0
694,14,brooms,NOUN,obj,-0.22120600399007273,5.482079380118688,5.703285384108761,1,0.03430501088736872,0.0
694,15,.,PUNCT,punct,0.7222508492596171,3.7008451783641614,2.9785943291045442,,0.02075185792395589,0.0
695,1,Place,VERB,root,0.21488368931725432,11.235242201812696,11.020358512495442,,0.4833790823939862,0.0
695,2,the,DET,det,-2.2843551373222706,4.733084097091282,7.017439234413553,0,0.38774138426599086,0.0
695,3,quaffle,NOUN,obj,2.9654438093357243,5.482079380118688,2.516635570782964,1,1.0799169689954522,0.0
695,4,and,CCONJ,cc,-1.078832434422945,5.740289866824134,6.819122301247079,0,0.33299938134574214,0.0
695,5,three,NUM,nummod,-2.041567848382602,10.123349321741799,12.1649171701244,0,1.2482127758194477,0.0
695,6,bludgers,NOUN,conj,1.3366391631733991,5.482079380118688,4.145440216945289,3,0.7602090732536211,0.0
695,7,in,ADP,case,0.023003621999821533,6.195085075340713,6.172081453340891,0,0.11018688364829471,0.0
695,8,the,DET,det,0.6531581985249826,4.733084097091282,4.0799258985663,0,0.09595612877212241,0.0
695,9,middle,NOUN,nmod,0.08286656549403837,12.488998794058478,12.40613222856444,3,1.734859966703796,0.0
695,10,of,ADP,case,0.5049058633390384,5.747531807657332,5.242625944318293,0,0.267047048903317,0.0
695,11,the,DET,det,0.8055310781726446,4.733084097091282,3.927553018918638,0,0.07193689883478019,0.0
695,12,field,NOUN,nmod,-0.3932296813376137,13.382083590141967,13.77531327147958,3,0.6912218695576628,0.0
695,13,.,PUNCT,punct,0.3829920476716868,3.7008451783641614,3.3178531306924746,,0.0218330887040203,0.0
696,1,Ideally,ADV,advmod,-0.04588086716539763,9.200753825427405,9.246634692592803,0,0.10096461599514396,0.0
696,2,the,DET,det,-1.791980357362429,4.733084097091282,6.5250644544537115,0,0.20724759861128036,0.0
696,3,quaffle,NOUN,nsubj:pass,1.09906427259729,5.482079380118688,4.383015107521398,1,0.3312028126916176,0.0
696,4,and,CCONJ,cc,-0.1296299307272708,5.740289866824134,5.869919797551405,0,0.16842397349908453,0.0
696,5,bludgers,NOUN,conj,0.5939891100170032,5.482079380118688,4.888090270101685,2,0.26835719012211556,0.0
696,6,should,AUX,aux,-1.2012163220491345,10.461518057636372,11.662734379685507,0,0.44875768663238685,0.0
696,7,be,AUX,aux:pass,0.6857818062920469,8.075696346150382,7.389914539858335,0,0.41276203803693184,0.0
696,8,slightly,ADV,advmod,-0.33587255177253184,14.604476011478415,14.940348563250947,0,1.001372370088015,0.1
696,9,deflated,VERB,root,0.6013432978609101,6.197916666123875,5.596573368262965,,0.49568695273929103,0.1
696,10,so,SCONJ,mark,0.05890254886915347,7.738227400367242,7.679324851498088,0,0.11577533852241834,0.1
696,11,that,SCONJ,fixed,-0.14898143955536636,6.437894453110473,6.586875892665839,1,0.06344778669657576,0.1
696,12,they,PRON,nsubj,0.2283717758646988,7.894817763307944,7.666445987443245,0,0.06150944473374846,0.1
696,13,are,AUX,cop,0.8128750198754471,7.693583485312399,6.880708465436952,0,0.10325509762991437,0.1
696,14,easier,ADJ,advcl,0.1999607185061878,6.939140094293238,6.73917937578705,3,0.036211570615450286,0.1
696,15,to,PART,mark,-0.47380704091385883,5.85516522689238,6.328972267806239,0,0.06376676884981174,0.1
696,16,throw,VERB,xcomp,-0.021953876757949686,13.18943851219957,13.21139238895752,2,0.7848495327910231,0.1
696,17,and,CCONJ,cc,-0.5255017856452584,5.740289866824134,6.265791652469392,0,0.06064285752533285,0.1
696,18,catch,VERB,conj,0.020804249933936703,13.382083590141967,13.36127934020803,2,0.6988925924343605,0.1
696,19,.,PUNCT,punct,0.9278261075782122,3.7008451783641614,2.7730190707859492,,0.043800821324742015,0.1
697,1,Start,VERB,root,0.8478548278427773,12.18943851219957,11.341583684356793,,0.8054094633736594,0.0
697,2,the,DET,det,-1.873104747431098,4.733084097091282,6.60618884452238,0,0.22560905077674312,0.0
697,3,game,NOUN,obj,0.3980687861018737,12.382083590141967,11.984014804040093,1,0.285430730882492,0.0
697,4,.,PUNCT,punct,0.10302506792547961,3.7008451783641614,3.5978201104386818,,0.014899212266471116,0.0
698,1,Both,DET,det,-0.1296224015477776,10.797121089420811,10.926743490968589,0,0.3121991804316855,0.0
698,2,teams,NOUN,nsubj,5.674875050021565,13.382083590141967,7.707208540120402,1,3.258157934947028,0.0
698,3,start,VERB,root,-7.132882561384134,12.18943851219957,19.322321073583705,,3.1687001336157357,0.0
698,4,from,ADP,case,-0.5485329535240151,8.288571704218821,8.837104657742836,0,0.08036688270404878,0.0
698,5,the,DET,det,0.5765089941896866,4.733084097091282,4.156575102901596,0,0.03451154436915923,0.0
698,6,edges,NOUN,obl,1.327526039509082,5.482079380118688,4.154553340609606,2,0.033973770442640716,0.0
698,7,and,CCONJ,cc,-0.6575531634384886,5.740289866824134,6.397843030262623,0,0.0540152984089347,0.0
698,8,attempt,VERB,conj,0.32271953514639407,13.867510417312209,13.544790882165815,1,0.5704041958726571,0.0
698,9,to,PART,mark,-0.3509349523900145,5.85516522689238,6.206100179282394,0,0.03337012803652904,0.0
698,10,obtain,VERB,xcomp,0.290097267058508,15.18943851219957,14.899341245141063,2,0.5928669825795531,0.3
698,11,the,DET,det,-0.3617386576799255,4.733084097091282,5.094822754771208,0,0.032453242539144035,0.3
698,12,quaffle,NOUN,obj,1.2818760338453323,5.482079380118688,4.200203346273356,2,0.030230532756031648,0.3
698,13,and,CCONJ,cc,-0.5417929533518953,5.740289866824134,6.282082820176029,0,0.05586341642161728,0.3
698,14,bludgers,NOUN,conj,0.29039737466467574,5.482079380118688,5.1916820054540125,2,0.04173154879878765,0.3
698,15,.,PUNCT,punct,0.5049199665513942,3.7008451783641614,3.1959252118127672,,0.012245500238217287,0.3
699,1,Follow,VERB,root,0.44336289634272497,13.867510417312209,13.424147520969484,,1.0564167943430145,0.0
699,2,your,PRON,nmod:poss,-1.15085409564176,8.658057051683258,9.808911147325018,0,1.0277975309818213,0.0
699,3,duty,NOUN,obj,-1.4505538076379647,5.482079380118688,6.932633187756653,1,0.8525406912296057,0.0
699,4,depending,VERB,case,-0.852350786967218,13.867510417312209,14.719861204279427,0,0.9742981586510548,0.0
699,5,what,DET,det,-0.19457075414525882,8.034620403147466,8.229191157292725,0,0.11342338772287523,0.0
699,6,type,NOUN,obl,-0.30465806056980327,13.019513510757259,13.324171571327062,2,0.4345905051808567,0.0
699,7,of,ADP,case,-0.3364173103787147,5.747531807657332,6.083949118036046,0,0.03309402546582705,0.0
699,8,player,NOUN,nmod,0.7824200512547446,13.867510417312209,13.085090366057464,2,0.6275699717478072,0.0
699,9,you,PRON,nsubj,-0.46266639026392653,6.339251674553796,6.801918064817722,0,0.03735612228355813,0.0
699,10,are,AUX,acl:relcl,0.273448586378195,7.693583485312399,7.420134898934204,2,0.10754935138473237,0.0
699,11,:,PUNCT,punct,-0.6742895351739353,8.524102595014394,9.19839213018833,,0.1189230787036498,0.0
700,1,Chasers,NOUN,nsubj,-0.8732365632322434,5.482079380118688,6.355315943350932,0,0.04098359429255844,0.0
700,2,try,VERB,root,-1.8013237037037548,11.282547916591051,13.083871620294806,,0.18621997204089166,0.0
700,3,to,PART,mark,-1.0550672090397093,5.85516522689238,6.910232435932089,0,0.06094571001046535,0.0
700,4,score,VERB,xcomp,0.4182996837457944,6.197916666123875,5.779616982378081,1,0.10787170489301713,0.0
700,5,by,SCONJ,mark,-0.30866161911378853,8.531227029447775,8.839888648561564,0,0.1043211526504736,0.0
700,6,throwing,VERB,advcl,-1.867984875082012,6.197916666123875,8.065901541205887,2,0.12755821356476493,0.0
700,7,the,DET,det,-0.3447034005607943,4.733084097091282,5.077787497652077,0,0.03577924645579355,0.0
700,8,quaffle,NOUN,obj,1.286063894926098,5.482079380118688,4.19601548519259,2,0.032794656588204414,0.0
700,9,into,ADP,case,-0.08430331541953784,9.849588509314946,9.933891824734484,0,0.12708773114420155,0.0
700,10,one,NUM,obl,0.4972693189195283,8.552813891655921,8.055544572736393,2,0.09204461580608872,0.0
700,11,of,ADP,case,0.05519149781667565,5.747531807657332,5.692340309840656,0,0.039157015327843755,0.0
700,12,the,DET,det,0.841350431857415,4.733084097091282,3.8917336652338674,0,0.03892766106614955,0.0
700,13,three,NUM,nummod,-0.34141280207961877,10.123349321741799,10.464762123821417,0,0.21002813835700532,0.0
700,14,goal,NOUN,compound,0.6834427449613969,12.867510417312209,12.184067672350812,0,0.6457620258685037,0.0
700,15,hoops,NOUN,nmod,0.20063704043440023,5.482079380118688,5.281442339684288,5,0.03131146376455114,0.0
700,16,.,PUNCT,punct,0.550142256241307,3.7008451783641614,3.1507029221228544,,0.017882513327376715,0.0
701,1,Each,DET,det,-0.5772332099899931,11.730006893562273,12.307240103552266,0,0.3747713922316731,0.0
701,2,score,NOUN,nsubj,-0.006696939339506436,5.482079380118688,5.488776319458195,1,0.15803448966647995,0.0
701,3,is,AUX,cop,-1.0329226300353147,6.470049691257488,7.502972321292803,0,0.05430762387630391,0.0
701,4,worth,ADJ,root,0.23666619329196692,13.867510417312209,13.630844224020242,,0.7207756226115996,0.0
701,5,10,NUM,nummod,-1.0898898928052638,12.867510417312209,13.957400310117473,0,0.463657417313566,0.0
701,6,points,NOUN,obj,0.3928838953337692,12.867510417312209,12.47462652197844,1,0.6201014388358157,0.0
701,7,.,PUNCT,punct,-0.046374804511994494,3.7008451783641614,3.747219982876156,,0.03697300169617359,0.0
702,1,Beaters,NOUN,nsubj,-0.8732365632322434,5.482079380118688,6.355315943350932,0,0.04098359429255844,0.0
702,2,try,VERB,root,-1.8013237037037548,11.282547916591051,13.083871620294806,,0.18621997204089166,0.0
702,3,to,PART,mark,-1.0550672090397093,5.85516522689238,6.910232435932089,0,0.06094571001046535,0.0
702,4,peg,VERB,xcomp,0.4182996837457944,6.197916666123875,5.779616982378081,1,0.10787170489301713,0.0
702,5,players,NOUN,obj,-0.48513377273477154,15.18943851219957,15.674572284934342,1,0.7093927507657228,0.3
702,6,with,ADP,case,-0.31829526434161615,7.899419665266953,8.217714929608569,0,0.04744653250746175,0.3
702,7,their,PRON,nmod:poss,0.20484816132455386,9.867510417312209,9.662662255987655,0,0.10532703515601953,0.3
702,8,bludger,NOUN,obl,0.12566173805274872,5.482079380118688,5.3564176420659395,3,0.0406483041418877,0.3
702,9,.,PUNCT,punct,0.4414967735483639,3.7008451783641614,3.2593484048157975,,0.017737787849428345,0.3
703,1,Keepers,NOUN,nsubj,-0.8732365632322434,5.482079380118688,6.355315943350932,0,0.04098359429255844,0.0
703,2,guard,VERB,root,-0.5850321390751949,6.197916666123875,6.78294880519907,,0.10581933688531799,0.0
703,3,the,DET,det,-0.72474259617257,4.733084097091282,5.457826693263852,0,0.051256156084457626,0.0
703,4,goal,NOUN,compound,-0.053094684584069185,12.867510417312209,12.920605101896278,0,0.6635944834513561,0.0
703,5,posts,NOUN,obj,-0.3319722517170316,5.482079380118688,5.81405163183572,2,0.03395138824922615,0.0
703,6,at,ADP,case,-0.42212097885717803,8.055012191978644,8.477133170835822,0,0.08194764590277841,0.0
703,7,each,DET,det,0.7888800406523764,11.730006893562273,10.941126852909896,0,0.3550834521431946,0.0
703,8,end,NOUN,nmod,1.1461938428554497,11.665876556142557,10.519682713287107,3,0.46663781916108893,0.0
703,9,and,CCONJ,cc,-0.6087145093093094,5.740289866824134,6.349004376133443,0,0.052989285037075534,0.0
703,10,attempt,VERB,conj,0.3652017621794741,13.867510417312209,13.502308655132735,1,0.5683474933393247,0.0
703,11,to,PART,mark,-0.3214829854849244,5.85516522689238,6.176648212377304,0,0.03465032020074306,0.0
703,12,block,VERB,xcomp,-0.07067796453922881,14.604476011478415,14.675153976017643,2,0.9807891485380146,0.2
703,13,chasers,NOUN,nmod:poss,-0.4288537856596415,5.482079380118688,5.91093316577833,0,0.25313881082744466,0.2
703,14,',PART,case,0.12330260127835047,10.517013170228076,10.393710568949725,1,0.26448151036371387,0.2
703,15,attempts,NOUN,obj,-0.5332706019445013,14.604476011478415,15.137746613422916,2,0.8669911509583688,0.3
703,16,at,SCONJ,mark,-0.3547008537916092,8.055012191978644,8.409713045770253,0,0.0871623087953922,0.3
703,17,scoring,VERB,acl,-3.2272504726342284,6.197916666123875,9.425167138758104,2,0.21054052568829054,0.3
703,18,.,PUNCT,punct,0.5768675145046291,3.7008451783641614,3.1239776638595322,,0.045768762872101,0.3
704,1,If,SCONJ,mark,0.6507670307312896,8.876555556915216,8.225788526183926,0,0.12486982165802919,0.0
704,2,Keeper,NOUN,nsubj,-2.2422117734342875,5.482079380118688,7.724291153552976,0,0.2948645020604857,0.0
704,3,is,AUX,cop,0.47951887963445206,6.470049691257488,5.990530811623036,0,0.4382590341490443,0.0
704,4,close,ADV,advcl,0.6732623236424242,13.18943851219957,12.516176188557147,3,0.8450407028605933,0.0
704,5,to,ADP,case,-0.9551466568230342,5.85516522689238,6.810311883715414,0,0.6232469934379573,0.0
704,6,their,PRON,nmod:poss,0.8008104929085249,9.867510417312209,9.066699924403684,0,0.20551152263285039,0.0
704,7,hoops,NOUN,obl,2.732858887240194,5.482079380118688,2.7492204928784942,3,1.5699981575627533,0.0
704,8,they,PRON,nsubj,-1.4323132365768823,7.894817763307944,9.327130999884826,0,0.6461986513528759,0.0
704,9,are,AUX,cop,1.910600364143428,7.693583485312399,5.7829831211689715,0,0.6173012541248207,0.0
704,10,safe,ADJ,root,-4.45064385213529,14.604476011478415,19.055119863613704,,1.7072146972734232,0.0
704,11,from,SCONJ,mark,0.12230975541344336,8.288571704218821,8.166261948805378,0,0.08338798538020246,0.0
704,12,being,AUX,aux:pass,-0.39447325951250356,11.604476011478415,11.998949270990918,0,0.532984700582447,0.0
704,13,hit,VERB,advcl,-0.4621566718006278,13.18943851219957,13.651595184000199,2,0.6780279715133982,0.0
704,14,by,ADP,case,-0.08742673476825225,8.531227029447775,8.618653764216027,0,0.10658422445755122,0.0
704,15,bludgers,NOUN,obl:agent,0.741833852199278,5.482079380118688,4.74024552791941,2,0.03329906707446905,0.0
704,16,.,PUNCT,punct,0.4749594524957126,3.7008451783641614,3.225885725868449,,0.0529409226416527,0.0
705,1,You,PRON,nsubj,0.406728407907031,6.339251674553796,5.932523266646765,0,0.06306914613167432,0.0
705,2,can,AUX,aux,1.7458086679208176,8.388538612279266,6.642729944358448,0,0.24994233780035097,0.0
705,3,establish,VERB,root,0.3002700754324099,6.197916666123875,5.8976465906914655,,0.37452673260767055,0.0
705,4,you,PRON,nmod:poss,-0.6694146695199201,6.339251674553796,7.008666344073716,0,0.20919508680889537,0.0
705,5,own,ADJ,amod,-0.7160058954128967,11.331457517071998,12.047463412484895,0,0.44018629754900573,0.0
705,6,rules,NOUN,obj,-0.05415579559152839,13.604476011478415,13.658631807069943,2,0.5060273175332825,0.0
705,7,as,ADP,case,-0.42203407135363236,8.150519522907269,8.572553594260901,0,0.08097756462917571,0.0
705,8,to,ADP,fixed,-0.16601743511400358,5.85516522689238,6.0211826620063835,1,0.06353173196183622,0.0
705,9,how,ADV,nmod,-0.10586562374012587,9.167070699171116,9.272936322911242,2,0.12652553893933816,0.0
705,10,a,DET,det,-1.016418199341838,5.916808727223201,6.933226926565039,0,0.07502209990237138,0.0
705,11,player,NOUN,nsubj,1.1876901680531553,13.867510417312209,12.679820249259054,1,0.6236094835081757,0.0
705,12,catches,VERB,advcl:relcl,-0.21939133543085365,6.197916666123875,6.417308001554729,2,0.08635169938712343,0.0
705,13,the,DET,det,-0.3234675284578463,4.733084097091282,5.056551625549129,0,0.03419295618985645,0.0
705,14,snitch,NOUN,obj,1.281953103124784,5.482079380118688,4.200126276993904,2,0.03287510709228736,0.0
705,15,.,PUNCT,punct,0.6652855216960472,3.7008451783641614,3.0355596566681142,,0.01722465144457782,0.0
706,1,Then,ADV,advmod,0.36401872374813316,9.294620748891626,8.930602025143493,0,0.1404490167297728,0.0
706,2,the,DET,det,-1.9730168948553528,4.733084097091282,6.706100991946635,0,0.1443601902069189,0.0
706,3,seekers,NOUN,nsubj,0.7432957068201205,5.482079380118688,4.738783673298568,1,0.3151481328392647,0.0
706,4,search,VERB,root,-1.2920869212632056,14.18943851219957,15.481525433462776,,0.749777137123797,0.1
706,5,for,ADP,case,-0.5159805666194792,7.502937985016352,8.018918551635831,0,0.06294492058454652,0.1
706,6,the,DET,det,0.6294258225619673,4.733084097091282,4.103658274529315,0,0.06563495942279975,0.1
706,7,snitch,NOUN,obl,1.33162554412284,5.482079380118688,4.150453835995848,2,0.037304975939084495,0.1
706,8,",",PUNCT,punct,0.2540204090090139,4.552360855055908,4.298340446046894,,0.10940442369034126,0.1
706,9,and,CCONJ,cc,-0.3038246851487596,5.740289866824134,6.044114551972894,0,0.1314886643240291,0.1
706,10,attempt,VERB,conj,-0.15830260670640506,13.867510417312209,14.025813024018614,1,0.6677275350057048,0.1
706,11,to,PART,mark,-0.1093620603464931,5.85516522689238,5.964527287238873,0,0.11227221518755605,0.1
706,12,tag,VERB,xcomp,-0.2009638926163131,15.18943851219957,15.390402404815884,2,0.779348130473241,0.1
706,13,the,DET,det,-0.2751180814656715,4.733084097091282,5.008202178556954,0,0.029451463756839515,0.1
706,14,player,NOUN,obj,1.3035528409023112,13.867510417312209,12.563957576409898,2,0.5736896811936422,0.1
706,15,.,PUNCT,punct,0.2527894272222926,3.7008451783641614,3.448055751141869,,0.0779886137479474,0.1
707,1,The,DET,det,-0.7976025969652571,4.733084097091282,5.53068669405654,0,0.026145197178954215,0.0
707,2,referee,NOUN,nsubj,1.061914760053039,5.482079380118688,4.420164620065649,1,0.039376904451116634,0.0
707,3,should,AUX,aux,-1.1616729462481814,10.461518057636372,11.623191003884553,0,0.25304377548927726,0.0
707,4,ensure,VERB,root,0.19309106193400538,15.18943851219957,14.996347450265565,,0.7219812128454819,0.1
707,5,that,SCONJ,mark,-0.32757548045069207,6.437894453110473,6.765469933561165,0,0.06761969257937736,0.1
707,6,rules,NOUN,nsubj:pass,-0.18293061964570967,13.604476011478415,13.787406631124124,0,0.5045207785103606,0.1
707,7,are,AUX,aux,-0.751566494533912,7.693583485312399,8.445149979846311,0,0.08920983273041129,0.1
707,8,being,AUX,aux:pass,0.2600128248089657,11.604476011478415,11.344463186669449,0,0.38568894123281666,0.1
707,9,followed,VERB,ccomp,0.9607379997309131,13.18943851219957,12.228700512468658,4,0.4482533404667073,0.1
707,10,.,PUNCT,punct,0.9478938149281357,3.7008451783641614,2.7529513634360256,,0.019482291829709283,0.1
708,1,They,PRON,nsubj,0.5840665445386906,7.894817763307944,7.310751218769253,0,0.06515816144839605,0.0
708,2,also,ADV,advmod,0.549463289892282,9.434551010036103,8.88508772014382,0,0.5573019100205328,0.0
708,3,keep,VERB,root,-0.7216265225352974,11.282547916591051,12.004174439126349,,0.5607906275333167,0.0
708,4,track,NOUN,obj,-0.821672216693246,13.867510417312209,14.689182634005455,0,0.5549904757275722,0.0
708,5,of,ADP,case,-0.3720194561283279,5.747531807657332,6.1195512637856595,0,0.021902868030036667,0.0
708,6,the,DET,det,0.6573591146461757,4.733084097091282,4.075724982445107,0,0.04479444292164575,0.0
708,7,score,NOUN,nmod,1.3435705669627298,5.482079380118688,4.138508813155958,3,0.03363180398112154,0.0
708,8,.,PUNCT,punct,0.49460171773493,3.7008451783641614,3.2062434606292314,,0.02528584102891187,0.0
709,1,Play,VERB,root,0.2999638077896023,13.867510417312209,13.567546609522607,,0.5626195961853672,0.0
709,2,the,DET,det,-1.4848917631728726,4.733084097091282,6.217975860264155,0,0.12098327340841313,0.0
709,3,game,NOUN,obj,0.6262038438667705,12.382083590141967,11.755879746275196,1,0.36583456089299593,0.0
709,4,!,PUNCT,punct,0.10937810737565101,8.195085075340712,8.085706967965061,,0.06620696394928703,0.0
710,1,Feel,VERB,root,1.0219063756163909,11.101975670949232,10.08006929533284,,0.24893012982011034,0.0
710,2,free,ADJ,xcomp,-3.0005361371455734,12.488998794058478,15.489534931204052,0,0.46985047355295295,0.0
710,3,to,PART,mark,-0.8633240615325173,5.85516522689238,6.718489288424897,0,0.11616277764423791,0.0
710,4,alter,VERB,xcomp,-0.7287486340580944,6.197916666123875,6.92666530018197,2,0.155249908342196,0.0
710,5,the,DET,det,-0.2702308431875169,4.733084097091282,5.003314940278799,0,0.043637715520109026,0.0
710,6,game,NOUN,compound,1.118672384758753,12.382083590141967,11.263411205383214,0,0.17044221864599177,0.0
710,7,rules,NOUN,obj,-0.19167687569383318,13.604476011478415,13.796152887172248,3,0.45637366724493755,0.0
710,8,.,PUNCT,punct,0.4149644850860552,3.7008451783641614,3.285880693278106,,0.04434750359789825,0.0
711,1,See,VERB,root,1.1502670843738478,9.589525670012442,8.439258585638594,,0.1484549509949569,0.0
711,2,the,DET,det,-1.8684220022872404,4.733084097091282,6.601506099378523,0,0.14657901732074488,0.0
711,3,Tips,NOUN,compound,0.9410536204531565,5.482079380118688,4.541025759665532,0,0.1965917743710927,0.0
711,4,section,NOUN,obj,-1.0744324898344164,12.730006893562273,13.804439383396689,2,0.5629110212465029,0.0
711,5,for,ADP,case,-0.5807422768827273,7.502937985016352,8.08368026189908,0,0.04430668901150081,0.0
711,6,suggestions,NOUN,obl,0.7893761588435906,5.482079380118688,4.692703221275098,1,0.029804272323878812,0.0
711,7,.,PUNCT,punct,0.22211768183121494,3.7008451783641614,3.4787274965329464,,0.01826118855440856,0.0
712,1,Video,NOUN,root,-0.7505840625708053,12.101975670949232,12.852559733520037,,0.5532496477822932,0.0
713,1,How,ADV,root,0.4418275764880235,9.167070699171116,8.725243122683093,,0.15605535644908047,0.0
713,2,to,PART,mark,0.27871856738048706,5.85516522689238,5.576446659511893,0,0.21935209577274067,0.0
713,3,Play,VERB,acl,-0.3425655277888371,13.867510417312209,14.210075945101046,1,0.49659029832038354,0.0
713,4,a,DET,det,-0.6471104574697915,5.916808727223201,6.563919184692993,0,0.04155722063023952,0.0
713,5,Real,ADJ,amod,-0.23084710149152876,11.434551010036103,11.665398111527631,0,0.2519187039160639,0.0
713,6,-,PUNCT,punct,-0.24278324967388798,8.337689470783513,8.5804727204574,,0.060662066969903,0.0
713,7,Life,NOUN,compound,0.7634336251698564,10.545582322424846,9.78214869725499,1,0.1882521800734257,0.0
713,8,Game,NOUN,obj,-0.11898245204514168,12.382083590141967,12.501066042187109,3,0.15995532626108266,0.0
713,9,of,ADP,case,-0.2059147690622396,5.747531807657332,5.953446576719571,0,0.041632903939594255,0.0
713,10,Quidditch,PROPN,nmod,0.6083483417914888,6.11262291514874,5.504274573357251,2,0.12383909012368241,0.0
714,1,This,DET,det,-0.14321683198097546,7.086150703787548,7.229367535768524,0,0.07024480721902689,0.0
714,2,video,NOUN,nsubj,2.1777254136708883,12.101975670949232,9.924250257278343,1,1.4520987186513412,0.0
714,3,shows,VERB,root,-3.8464272650936184,13.18943851219957,17.03586577729319,,1.2626382718209452,0.0
714,4,a,DET,det,-0.789173419025821,5.916808727223201,6.705982146249022,0,0.0435983354268814,0.0
714,5,more,ADV,advmod,-0.5842142879914451,9.502937985016352,10.087152273007797,0,0.2160497361553896,0.0
714,6,realistic,ADJ,amod,0.7701684440942529,13.867510417312209,13.097341973217956,1,0.6354779451438493,0.0
714,7,approach,NOUN,obj,0.9979050680446946,13.867510417312209,12.869605349267514,2,0.5746364849534846,0.0
714,8,to,SCONJ,mark,-0.34773741456201446,5.85516522689238,6.202902641454394,0,0.021192591185409025,0.0
714,9,playing,VERB,acl,0.19310210534430716,13.604476011478415,13.411373906134108,2,0.34592417830262523,0.0
714,10,Quidditch,PROPN,obj,-0.9355781009665929,6.11262291514874,7.048201016115333,1,0.05955518789387638,0.0
714,11,.,PUNCT,punct,0.25904228795886963,3.7008451783641614,3.4418028904052917,,0.03473082952715957,0.0
715,1,Tips,NOUN,root,-0.8732365632322434,5.482079380118688,6.355315943350932,,0.04098359429255844,0.0
716,1,Establish,VERB,root,0.8254603755137726,6.197916666123875,5.372456290610103,,0.06508830294114955,0.0
716,2,boundaries,NOUN,obj,-1.2753736616403044,5.482079380118688,6.757453041758993,0,0.10092715664521687,0.0
716,3,and,CCONJ,cc,-1.1174474065619808,5.740289866824134,6.857737273386115,0,0.06295902608249661,0.0
716,4,have,VERB,conj,-0.3905394904614372,7.634849660521933,8.02538915098337,1,0.17560814821500192,0.0
716,5,the,DET,det,-0.735140951945553,4.733084097091282,5.468225049036835,0,0.0737978562329244,0.0
716,6,seekers,NOUN,obj,1.6486572519974785,5.482079380118688,3.8334221281212097,2,0.28031451292490983,0.0
716,7,look,VERB,xcomp,-1.3502006632535686,10.258701174636684,11.608901837890253,1,0.4896838529731997,0.0
716,8,for,ADP,case,-0.34752686403997757,7.502937985016352,7.85046484905633,0,0.051247175130584854,0.0
716,9,the,DET,det,0.5735235380034194,4.733084097091282,4.159560559087863,0,0.07074679249997452,0.0
716,10,snitch,NOUN,obl,1.3754832574587432,5.482079380118688,4.106596122659945,3,0.06171231632970893,0.0
716,11,.,PUNCT,punct,0.5753116460684717,3.7008451783641614,3.1255335322956896,,0.026608010176351744,0.0
717,1,Beaters,NOUN,nsubj,-0.8732365632322434,5.482079380118688,6.355315943350932,0,0.04098359429255844,0.0
717,2,can,AUX,aux,-1.0020857505814629,8.388538612279266,9.390624362860729,0,0.22706375204395976,0.0
717,3,try,VERB,root,-0.06123388130730767,11.282547916591051,11.343781797898359,,0.32589767555104754,0.0
717,4,hitting,VERB,xcomp,-1.1385443286977974,6.197916666123875,7.336460994821673,0,0.08565291287280612,0.0
717,5,the,DET,det,-0.5641601006559416,4.733084097091282,5.297244197747224,0,0.032737758244686256,0.0
717,6,bludgers,NOUN,obj,1.270434704528956,5.482079380118688,4.211644675589732,2,0.03291991734086103,0.0
717,7,around,ADV,advmod,-0.2392183740485141,10.941510998755986,11.1807293728045,1,0.24037105849474177,0.0
717,8,in,ADP,case,0.2902534024532333,6.195085075340713,5.90483167288748,0,0.07177580061221814,0.0
717,9,the,DET,det,0.8988320935537395,4.733084097091282,3.834252003537543,0,0.03901759894504153,0.0
717,10,air,NOUN,obl,1.181052729479653,12.604476011478415,11.423423281998762,3,0.542540877305855,0.0
717,11,with,ADP,case,-0.025157567183527796,7.899419665266953,7.92457723245048,0,0.06671883159583744,0.0
717,12,a,DET,det,0.8394646379489439,5.916808727223201,5.077344089274257,0,0.05103380770301844,0.0
717,13,shortened,VERB,amod,-4.307752335692399,6.197916666123875,10.505669001816274,0,0.08265492133321502,0.0
717,14,hockey,NOUN,compound,0.7441110150426269,5.482079380118688,4.737968365076061,0,0.04883954673524003,0.0
717,15,sticks,NOUN,obl,0.29754165659437337,5.482079380118688,5.184537723524315,5,0.033098564644033567,0.0
717,16,or,CCONJ,cc,-0.46600041117111246,8.461518057636372,8.927518468807484,0,0.08266527075183408,0.0
717,17,a,DET,det,0.32990228069973515,5.916808727223201,5.586906446523466,0,0.054317288556343594,0.0
717,18,short,ADJ,amod,0.15327792550696984,12.604476011478415,12.451198085971445,0,0.29173179720714726,0.0
717,19,bat,NOUN,conj,1.1129868321982572,5.482079380118688,4.369092547920431,4,0.03155918510996693,0.0
717,20,.,PUNCT,punct,0.511933908254508,3.7008451783641614,3.1889112701096534,,0.019678487343215117,0.0
718,1,The,DET,det,-0.7976025969652571,4.733084097091282,5.53068669405654,0,0.026145197178954215,0.0
718,2,simplest,ADJ,amod,0.13185565925633913,6.939140094293238,6.807284435036899,0,0.14576915193854678,0.0
718,3,way,NOUN,nsubj:outer,0.7875801299664715,10.545582322424846,9.758002192458374,2,0.7220624837055392,0.0
718,4,is,AUX,cop,-1.0429093006907504,6.470049691257488,7.5129589919482385,0,0.2665784200751643,0.0
718,5,to,PART,mark,1.9340997799462523,5.85516522689238,3.9210654469461277,0,0.7446348966941406,0.0
718,6,just,ADV,advmod,-1.0274671473370667,8.627196087978497,9.654663235315564,0,0.789031177936489,0.0
718,7,peg,VERB,root,1.9165683362411166,6.197916666123875,4.281348329882759,,0.6429921022406015,0.0
718,8,players,NOUN,obj,-2.4626392345809105,15.18943851219957,17.65207774678048,0,1.3470653102598091,0.3
718,9,by,SCONJ,mark,-0.2754042360851603,8.531227029447775,8.806631265532936,0,0.13513627263533634,0.3
718,10,throwing,VERB,advcl,-1.8022175370680031,6.197916666123875,8.000134203191879,1,0.18262170697725258,0.3
718,11,dodge,NOUN,obj,-0.25450276120086723,5.482079380118688,5.7365821413195555,1,0.04687684317548679,0.3
718,12,balls,X,goeswith,-0.9587194891065298,10.545582322424846,11.504301811531375,1,0.2561505804153238,0.3
718,13,.,PUNCT,punct,0.5582249277282307,3.7008451783641614,3.1426202506359306,,0.11217523253353923,0.3
719,1,It,PRON,expl,0.1358633281289432,6.147779360562356,6.011916032433413,0,0.08192350898677746,0.0
719,2,may,AUX,aux,0.9202653600641142,10.212158588699655,9.29189322863554,0,0.4035277371062932,0.0
719,3,be,AUX,cop,-0.06914286181939033,8.075696346150382,8.144839207969772,0,0.640300979999313,0.0
719,4,easier,ADJ,root,-0.22718837845135553,6.939140094293238,7.166328472744594,,0.8751722316804487,0.0
719,5,to,PART,mark,-0.9482217969141118,5.85516522689238,6.803387023806492,0,0.19768142509312445,0.0
719,6,play,VERB,csubj,0.005472920550117166,13.867510417312209,13.862037496762092,1,0.5343603531828969,0.0
719,7,without,ADP,case,-0.29675720527632343,12.604476011478415,12.901233216754738,0,0.25533128363147667,0.0
719,8,brooms,NOUN,obl,0.5399398850238359,5.482079380118688,4.942139495094852,2,0.12670597220851734,0.0
719,9,(,PUNCT,punct,0.5209930378467611,9.517013170228076,8.996020132381314,,0.1774340590353349,0.0
719,10,but,CCONJ,cc,-0.5380230639243493,8.167070699171116,8.705093763095466,0,0.08280023955870176,0.0
719,11,also,ADV,advmod,0.41412095021495965,9.434551010036103,9.020430059821143,0,0.1554688525754886,0.0
719,12,less,ADV,advmod,1.0320675870581244,12.101975670949232,11.069908083891107,0,0.2792995267670834,0.0
719,13,fun,ADJ,conj,0.2784654202669561,12.282547916591051,12.004082496324095,3,0.43917960006245416,0.0
719,14,!,PUNCT,punct,0.6152832951259617,8.195085075340712,7.57980178021475,,0.07729821936575015,0.0
719,15,),PUNCT,punct,0.376213562795904,9.531227029447775,9.155013466651871,,0.17059183475180614,0.0
719,16,.,PUNCT,punct,0.2800114122848574,3.7008451783641614,3.420833766079304,,0.020682020875580867,0.0
720,1,If,SCONJ,mark,0.6507670307312896,8.876555556915216,8.225788526183926,0,0.12486982165802919,0.0
720,2,desired,VERB,advcl,0.958210450216777,6.197916666123875,5.239706215907098,1,0.14750264234008426,0.0
720,3,",",PUNCT,punct,0.18595279976628376,4.552360855055908,4.366408055289624,,0.07716403324096112,0.0
720,4,the,DET,det,-0.971480818566322,4.733084097091282,5.704564915657604,0,0.03789530953253749,0.0
720,5,snitch,NOUN,nsubj,1.3620223635018558,5.482079380118688,4.120057016616832,1,0.05525190755304592,0.0
720,6,is,AUX,cop,-1.071791824414416,6.470049691257488,7.541841515671904,0,0.049045944192303716,0.0
720,7,able,ADJ,root,0.7275669680531998,12.282547916591051,11.554980948537851,,0.3374178352013652,0.0
720,8,to,PART,mark,-0.5752358095017476,5.85516522689238,6.4304010363941275,0,0.05937845263705846,0.0
720,9,do,VERB,xcomp,-0.3120640650412154,7.650279701091539,7.962343766132754,1,0.05447823091650425,0.0
720,10,whatever,PRON,obj,0.06069115545328607,13.019513510757259,12.958822355303973,1,0.5219821424443492,0.0
720,11,he,PRON,nsubj,0.07558451163146085,7.754810284562846,7.679225772931385,0,0.11897262057313504,0.0
720,12,or,CCONJ,cc,0.313436706399262,8.461518057636372,8.14808135123711,0,0.07549720342389558,0.0
720,13,she,PRON,conj,0.4367905867750492,8.30069526330131,7.8639046765262615,2,0.07546514101675099,0.0
720,14,wants,VERB,acl:relcl,1.363143297723651,13.382083590141967,12.018940292418316,2,0.5173931059655585,0.0
720,15,to,PART,mark,-0.4787387865010473,5.85516522689238,6.333904013393427,0,0.05808527756614741,0.0
720,16,avoid,VERB,advcl,0.39540248475682915,15.18943851219957,14.794036027442742,2,0.6291093458473381,0.4
720,17,capture,NOUN,obj,-0.20822112401951198,5.482079380118688,5.6903005041382,1,0.04121037151529788,0.4
720,18,.,PUNCT,punct,0.836463648153881,3.7008451783641614,2.8643815302102804,,0.017645969868676326,0.4
721,1,See,VERB,root,1.1502670843738478,9.589525670012442,8.439258585638594,,0.1484549509949569,0.0
721,2,How,ADV,obj,0.7679781697028005,9.167070699171116,8.399092529468316,0,1.3217806447592,0.0
721,3,to,PART,mark,-0.038191755331115296,5.85516522689238,5.893356982223495,0,0.4180981620057899,0.0
721,4,Be,AUX,cop,-0.5568237849802067,8.075696346150382,8.632520131130589,0,0.48677703330748895,0.0
721,5,a,DET,det,-1.8096902492319176,5.916808727223201,7.726498976455119,0,0.5180854110262987,0.0
721,6,Snitch,NOUN,acl,2.124912549583917,5.482079380118688,3.357166830534771,4,0.9134493396706326,0.0
721,7,in,ADP,case,-0.4030973749214768,6.195085075340713,6.59818245026219,0,0.08231816430818174,0.0
721,8,Quidditch,PROPN,nmod,0.6702235857776717,6.11262291514874,5.442399329371068,2,0.24426134336466493,0.0
721,9,for,ADP,case,-0.47378618587581744,7.502937985016352,7.97672417089217,0,0.27699254589226924,0.0
721,10,more,ADJ,amod,2.6630125329170546,9.502937985016352,6.839925452099298,0,1.8698728224603176,0.0
721,11,information,NOUN,obl,3.594357147772362,11.941510998755986,8.347153850983624,2,5.530988391225751,0.0
721,12,.,PUNCT,punct,-1.6658705114504397,3.7008451783641614,5.366715689814601,,1.0516091030239758,0.0
722,1,You,PRON,nsubj,0.406728407907031,6.339251674553796,5.932523266646765,0,0.06306914613167432,0.0
722,2,can,AUX,aux,1.7458086679208176,8.388538612279266,6.642729944358448,0,0.24994233780035097,0.0
722,3,play,VERB,root,0.5510015843955358,13.867510417312209,13.316508832916673,,0.7848127062904755,0.0
722,4,water,NOUN,compound,-1.8908577376618219,12.18943851219957,14.080296249861393,0,0.5604684595038669,0.0
722,5,quidditch,NOUN,obj,-0.5129158997944288,5.482079380118688,5.994995279913117,1,0.037075836494074345,0.0
722,6,in,ADP,case,-0.4371560079583938,6.195085075340713,6.632241083299107,0,0.03483971265028568,0.0
722,7,a,DET,det,0.6731171219791259,5.916808727223201,5.243691605244075,0,0.04932904704994465,0.0
722,8,pool,NOUN,obl,1.462672293738846,5.482079380118688,4.019407086379842,2,0.08330507568285782,0.0
722,9,.,PUNCT,punct,0.4062788637147716,3.7008451783641614,3.2945663146493898,,0.04930903008702325,0.0
723,1,Almost,ADV,advmod,-0.06666707468870214,12.604476011478415,12.671143086167117,0,0.5595869209019138,0.0
723,2,all,DET,det:predet,-1.8584009765367284,8.312921565634571,10.1713225421713,1,0.19843371726669629,0.0
723,3,the,DET,det,0.21528200841133582,4.733084097091282,4.517802088679947,0,0.13444753729805353,0.0
723,4,same,ADJ,amod,0.11195182518517655,11.101975670949232,10.990023845764055,0,0.3998130372151191,0.0
723,5,rules,NOUN,nsubj,0.5714970395970358,13.604476011478415,13.032978971881379,3,0.4735984288326424,0.0
723,6,apply,VERB,root,-0.11269288016342749,13.019513510757259,13.132206390920686,,0.35633024658228346,0.0
723,7,.,PUNCT,punct,0.6127155812591645,3.7008451783641614,3.088129597104997,,0.016711184399782034,0.0
724,1,Have,VERB,root,0.8678653938208942,7.634849660521933,6.766984266701039,,0.046147933770845244,0.0
724,2,someone,PRON,obj,-1.269301586752409,13.18943851219957,14.45874009895198,0,0.5286709707191393,0.0
724,3,throw,VERB,xcomp,0.6447902005297692,13.18943851219957,12.544648311669802,0,0.8514431173043644,0.0
724,4,something,PRON,obj,-0.1335788102226516,10.545582322424846,10.679161132647497,1,0.2881469461205561,0.0
724,5,(,PUNCT,punct,0.03438983853048505,9.517013170228076,9.48262333169759,,0.17316224128904703,0.0
724,6,the,DET,det,-0.7967581517532425,4.733084097091282,5.529842248844525,0,0.030786739306181164,0.0
724,7,snitch,NOUN,appos,1.2484115594205019,5.482079380118688,4.233667820698186,2,0.033342977622316354,0.0
724,8,),PUNCT,punct,0.37769264939457337,9.531227029447775,9.153534380053202,,0.17464212513727148,0.0
724,9,on,ADP,case,-0.4871924589656018,7.520553527933323,8.007745986898925,0,0.07982592890825348,0.0
724,10,a,DET,det,0.6336372818452976,5.916808727223201,5.283171445377904,0,0.04853191445281614,0.0
724,11,line,NOUN,obl,1.3126634532684367,13.019513510757259,11.706850057488822,3,0.419666815894057,0.0
724,12,into,ADP,case,-0.15544456709282528,9.849588509314946,10.005033076407772,0,0.1274444109025908,0.0
724,13,the,DET,det,0.8708921068705218,4.733084097091282,3.8621919902207607,0,0.030296551887819777,0.0
724,14,pool,NOUN,obl,1.3448394583609158,5.482079380118688,4.137239921757772,3,0.03464214757874066,0.0
724,15,at,ADP,case,-0.06449362410288728,8.055012191978644,8.119505816081531,0,0.08146204833749283,0.0
724,16,regular,ADJ,amod,-0.2541036931922829,14.18943851219957,14.443542205391854,0,0.5286812157349157,0.0
724,17,intervals,NOUN,nmod,1.0626391895360072,5.482079380118688,4.419440190582681,3,0.0315411806684888,0.0
724,18,.,PUNCT,punct,0.4682444326189863,3.7008451783641614,3.232600745745175,,0.019359482282821344,0.0
725,1,They,PRON,nsubj,0.5840665445386906,7.894817763307944,7.310751218769253,0,0.06515816144839605,0.0
725,2,can,AUX,aux,1.1411447746376968,8.388538612279266,7.247393837641569,0,0.3211520247046404,0.0
725,3,even,ADV,advmod,0.7051086467954111,10.434551010036103,9.729442363240691,0,0.5762736863171634,0.0
725,4,use,VERB,root,5.734251182502644,10.697585415869895,4.963334233367251,,3.7465899418254036,0.0
725,5,fake,ADJ,amod,-8.411035643974893,15.18943851219957,23.600474156174464,0,4.295331560238437,0.2
725,6,snitches,NOUN,obj,-0.0037682477031779626,5.482079380118688,5.485847627821866,1,0.1835996037180087,0.2
725,7,.,PUNCT,punct,0.4718912173581682,3.7008451783641614,3.228953961005993,,0.013301617456196903,0.2
726,1,You,PRON,nsubj,0.406728407907031,6.339251674553796,5.932523266646765,0,0.06306914613167432,0.0
726,2,can,AUX,aux,1.7458086679208176,8.388538612279266,6.642729944358448,0,0.24994233780035097,0.0
726,3,buy,VERB,root,1.623325281327105,12.867510417312209,11.244185135985104,,0.9292730340583375,0.0
726,4,authentic,ADJ,xcomp,-2.019248216855969,6.939140094293238,8.958388311149207,0,0.6607083980073297,0.0
726,5,looking,VERB,amod,0.9994667387677438,11.941510998755986,10.942044259988242,1,2.8641456644055414,0.0
726,6,brooms,NOUN,obj,2.053772531920339,5.482079380118688,3.4283068481983494,1,2.454696343508343,0.0
726,7,to,PART,mark,-0.9106705672678181,5.85516522689238,6.765835794160198,0,0.09411930992974814,0.0
726,8,make,VERB,advcl,-3.048728674612267,9.979985146570622,13.028713821182889,1,2.109922590008022,0.0
726,9,the,DET,det,-0.5982634653249299,4.733084097091282,5.331347562416212,0,0.14823396028892652,0.0
726,10,game,NOUN,obj,-1.2766856289557875,12.382083590141967,13.658769219097755,2,1.0936714598665767,0.0
726,11,more,ADV,advmod,-0.39379358259906283,9.502937985016352,9.896731567615415,0,0.16922932430168894,0.0
726,12,realistic,ADJ,xcomp,0.1356889175622218,13.867510417312209,13.731821499749987,2,0.6271140595448298,0.0
726,13,.,PUNCT,punct,0.3389422378621987,3.7008451783641614,3.3619029405019627,,0.0238446510588588,0.0
727,1,One,NUM,nummod,-0.18747322795411314,8.552813891655921,8.740287119610034,0,0.13828453914089195,0.0
727,2,variation,NOUN,nsubj,-1.3467070482475165,5.482079380118688,6.828786428366205,1,0.27506712318446697,0.0
727,3,is,AUX,cop,-0.5956327780388513,6.470049691257488,7.065682469296339,0,0.17748819893649903,0.0
727,4,Quarter,NOUN,compound,-2.5710687743158847,15.18943851219957,17.760507286515455,0,0.8689250169627619,0.1
727,5,Snitch,NOUN,compound,-0.5704834908059313,5.482079380118688,6.0525628709246195,0,0.027561485777487495,0.1
727,6,Quidditch,PROPN,root,-0.8463904044510242,6.11262291514874,6.959013319599764,,0.08007369725716061,0.1
727,7,.,PUNCT,punct,-0.31148860061497397,3.7008451783641614,4.012333778979135,,0.02286703256460564,0.1
728,1,Find,VERB,root,0.805600142013704,11.282547916591051,10.476947774577347,,0.3647134189123852,0.0
728,2,a,DET,det,-1.7320156162204832,5.916808727223201,7.6488243434436844,0,0.21229126803394127,0.0
728,3,quarter,NOUN,obj,0.5431869188629861,15.18943851219957,14.646251593336585,1,1.0569820167346577,0.1
728,4,or,CCONJ,cc,-1.0037292055847988,8.461518057636372,9.46524726322117,0,0.08754883678460443,0.1
728,5,another,DET,det,0.25932177322923344,10.941510998755986,10.682189225526752,0,0.23264538222371436,0.1
728,6,small,ADJ,amod,0.15448757267992974,11.730006893562273,11.575519320882343,0,0.24904644876763232,0.1
728,7,coin,NOUN,conj,1.1035663157844544,5.482079380118688,4.378513064334234,4,0.032865384829429016,0.1
728,8,.,PUNCT,punct,0.3384024982347329,3.7008451783641614,3.3624426801294285,,0.01898270696412288,0.1
729,1,Play,VERB,root,0.2999638077896023,13.867510417312209,13.567546609522607,,0.5626195961853672,0.0
729,2,while,SCONJ,mark,-2.05981466167043,11.665876556142557,13.725691217812987,0,0.19360972008390145,0.0
729,3,the,DET,det,-0.923524589851012,4.733084097091282,5.6566086869422945,0,0.11576915560553377,0.0
729,4,seekers,NOUN,nsubj,1.2744607193222945,5.482079380118688,4.207618660796394,1,0.07043477301574783,0.0
729,5,look,VERB,advcl,-0.8077709438074692,10.258701174636684,11.066472118444153,2,0.29403074604097196,0.0
729,6,for,ADP,case,-0.32630916370768137,7.502937985016352,7.829247148724034,0,0.05681396684845011,0.0
729,7,the,DET,det,0.627912755511689,4.733084097091282,4.105171341579593,0,0.03670318068883114,0.0
729,8,snitch,NOUN,obl,1.3444202477139786,5.482079380118688,4.13765913240471,3,0.03334944639702709,0.0
729,9,.,PUNCT,punct,0.490630909715541,3.7008451783641614,3.2102142686486204,,0.01430895996759234,0.0
730,1,Warnings,NOUN,root,-0.8732365632322434,5.482079380118688,6.355315943350932,,0.04098359429255844,0.0
731,1,Stay,VERB,root,0.25649942832306216,12.282547916591051,12.026048488267989,,0.4220167597868451,0.0
731,2,hydrated,VERB,xcomp,-1.612483374085107,6.197916666123875,7.810400040208982,0,0.34223125647547825,0.0
731,3,and,CCONJ,cc,-1.230330465919434,5.740289866824134,6.970620332743568,0,0.09854056693215063,0.0
731,4,exercise,VERB,conj,-0.7428821321149162,14.18943851219957,14.932320644314487,1,0.758186051678641,0.0
731,5,wisely,ADV,advmod,-0.310712430426328,9.200753825427405,9.511466255853733,1,0.1568091758448883,0.0
731,6,.,PUNCT,punct,0.3172807220024798,3.7008451783641614,3.3835644563616816,,0.10534919037142773,0.0
732,1,A,DET,det,-0.7489890469122029,5.916808727223201,6.665797774135404,0,0.04887894799059029,0.0
732,2,ball,NOUN,nsubj,0.08187490769591577,13.382083590141967,13.300208682446051,1,0.44500939261319744,0.0
732,3,flying,VERB,acl,-0.945208319347782,6.197916666123875,7.143124985471657,1,0.09408943242453777,0.0
732,4,in,ADP,case,-0.5810554061473043,6.195085075340713,6.776140481488017,0,0.04504537753384398,0.0
732,5,the,DET,det,0.5849717820340548,4.733084097091282,4.148112315057228,0,0.03249777878707121,0.0
732,6,air,NOUN,obl,1.1719232454570303,12.604476011478415,11.432552766021384,3,0.5440731121725949,0.0
732,7,can,AUX,aux,-0.8918397657879602,8.388538612279266,9.280378378067226,0,0.07644287082325436,0.0
732,8,hurt,VERB,root,-0.007102625031414789,13.867510417312209,13.874613042343624,,1.0789382270503374,0.0
732,9,.,PUNCT,punct,0.647287330325597,3.7008451783641614,3.0535578480385643,,0.254511387451605,0.0
733,1,If,SCONJ,mark,0.6507670307312896,8.876555556915216,8.225788526183926,0,0.12486982165802919,0.0
733,2,you,PRON,nsubj,1.234255010938349,6.339251674553796,5.104996663615447,0,0.08892111424232486,0.0
733,3,'re,AUX,aux,0.4496465515746362,9.0809140554214,8.631267503846765,0,0.4399967445138847,0.0
733,4,playing,VERB,advcl,0.25431665164664174,13.604476011478415,13.350159359831773,3,0.6515370243383934,0.0
733,5,quidditch,NOUN,obj,-0.5170360858498455,5.482079380118688,5.999115465968534,1,0.03672414762303841,0.0
733,6,you,PRON,nsubj,-0.22921060191328024,6.339251674553796,6.568462276467076,0,0.04165766946396164,0.0
733,7,'re,AUX,aux,0.1325800111866311,9.0809140554214,8.94833404423477,0,0.1587147763444382,0.0
733,8,probably,ADV,advmod,0.39179851374411356,11.101975670949232,10.710177157205118,0,0.29047639058364755,0.0
733,9,just,ADV,advmod,1.0067832335974076,8.627196087978497,7.620412854381089,1,0.09016489398882156,0.0
733,10,having,VERB,root,0.5139507929204701,11.867510417312209,11.353559624391739,,0.2728223356014178,0.0
733,11,fun,NOUN,obj,-0.22833338399226122,12.282547916591051,12.510881300583312,0,0.439376839999646,0.0
733,12,so,ADV,advmod,-0.37130761486992014,7.738227400367242,8.109535015237162,0,0.11336213096759835,0.0
733,13,play,VERB,parataxis,-0.41924968022282627,13.867510417312209,14.286760097535035,1,0.44191788683944405,0.0
733,14,nicely,ADV,advmod,0.23766973108673284,14.18943851219957,13.951768781112838,1,1.1700829814585179,0.0
733,15,.,PUNCT,punct,0.6864944647334266,3.7008451783641614,3.014350713630735,,0.03499912382990518,0.0
734,1,Things,NOUN,root,-0.9209605931611531,10.867510417312209,11.788471010473362,,0.286759169287164,0.0
734,2,You,PRON,nsubj,-1.0484640821893958,6.339251674553796,7.387715756743192,0,0.3205761394840548,0.0
734,3,'ll,AUX,aux,1.0812532954014706,10.40807879867491,9.32682550327344,0,0.6344227270534303,0.0
734,4,Need,VERB,acl:relcl,-0.26281896496587187,10.763173757497473,11.025992722463345,2,0.9544531473904971,0.0
735,1,15,NUM,nummod,-0.38590820148925076,12.604476011478415,12.990384212967665,0,0.4615111741220147,0.0
735,2,players,NOUN,root,-2.531975472638253,15.18943851219957,17.721413984837824,,0.7376484049265495,0.3
736,1,14,NUM,nummod,0.23762238185918072,14.18943851219957,13.95181613034039,0,1.6422950680672799,0.0
736,2,brooms,NOUN,root,-3.153549891111111,5.482079380118688,8.6356292712298,,0.8797462376653382,0.0
737,1,Field,NOUN,root,-0.8845382020456611,13.382083590141967,14.266621792187628,,0.6544067803105258,0.0
737,2,(,PUNCT,punct,-2.3089386026089116,9.517013170228076,11.825951772836987,,0.3458821631632576,0.0
737,3,or,CCONJ,cc,-0.5147066579610193,8.461518057636372,8.976224715597391,0,0.19657799161029874,0.0
737,4,big,ADJ,amod,-0.04629107550974432,11.382083590141967,11.428374665651711,0,0.3178336341737713,0.0
737,5,backyard,NOUN,conj,0.3483252856333978,5.482079380118688,5.13375409448529,2,0.044794540791767326,0.0
737,6,),PUNCT,punct,-0.1857744371569865,9.531227029447775,9.717001466604762,,0.17711701039710231,0.0
738,1,3,NUM,nummod,-0.934746281406369,11.941510998755986,12.876257280162354,0,0.33497289856744167,0.0
738,2,goal,NOUN,compound,-1.9831373927211349,12.867510417312209,14.850647810033344,0,0.8141865183566303,0.0
738,3,hoops,NOUN,root,-0.9330223500323509,5.482079380118688,6.415101730151039,,0.030466554405216686,0.0
738,4,per,ADP,case,-0.8512450809778827,13.382083590141967,14.23332867111985,0,0.6857345818304373,0.0
738,5,team,NOUN,nmod,0.8631958035359375,12.18943851219957,11.326242708663633,1,0.45980719729438985,0.0
739,1,Referee,NOUN,root,-0.8732365632322434,5.482079380118688,6.355315943350932,,0.04098359429255844,0.0
739,2,(,PUNCT,punct,-1.4472193526695545,9.517013170228076,10.96423252289763,,0.1584171824571507,0.0
739,3,optional,ADJ,parataxis,-1.6685361359026807,6.939140094293238,8.607676230195919,0,0.23242599029281366,0.0
739,4,),PUNCT,punct,-0.5102972292226227,9.531227029447775,10.041524258670398,,0.20190450781125324,0.0
740,1,Color,NOUN,compound,-1.803425392467334,13.867510417312209,15.670935809779543,0,0.5971344403128132,0.0
740,2,coded,VERB,amod,-0.7959521405046734,6.197916666123875,6.993868806628549,1,0.08205403605830643,0.0
740,3,shirts,NOUN,root,-0.8769497653438165,14.604476011478415,15.481425776822231,,0.7386515219006494,0.1
740,4,or,CCONJ,cc,-0.9597690883659364,8.461518057636372,9.421287146002308,0,0.08794552392987058,0.1
740,5,capes,NOUN,conj,0.131141112782303,5.482079380118688,5.350938267336385,1,0.04398399086092737,0.1
740,6,for,ADP,case,-0.3978962788207596,7.502937985016352,7.900834263837112,0,0.04490742528138634,0.1
740,7,houses,NOUN,obl,0.7766977935238168,5.482079380118688,4.705381586594871,1,0.03029345067133742,0.1
740,8,",",PUNCT,punct,0.31197112981470454,4.552360855055908,4.2403897252412035,,0.011542851432030642,0.1
740,9,black,ADJ,conj,-0.792639041890844,12.488998794058478,13.281637835949322,0,0.30117985127035557,0.1
740,10,for,ADP,case,0.0260479396146458,7.502937985016352,7.476890045401706,0,0.11623215119963223,0.1
740,11,referee,NOUN,obl,1.0609861131378047,5.482079380118688,4.421093266980884,2,0.04056537771104343,0.1
741,1,3,NUM,nummod,-0.934746281406369,11.941510998755986,12.876257280162354,0,0.33497289856744167,0.0
741,2,Bludgers,NOUN,root,-1.1331285485882665,5.482079380118688,6.615207928706955,,0.7751213882316496,0.0
741,3,(,PUNCT,punct,-0.7557588174145486,9.517013170228076,10.272771987642624,,0.16267117572006976,0.0
741,4,dodge,NOUN,appos,0.047477530994436634,5.482079380118688,5.434601849124252,0,0.9429360979379744,0.0
741,5,balls,X,goeswith,-0.7206595690588173,10.545582322424846,11.266241891483663,1,0.7692018322213594,0.0
741,6,",",PUNCT,punct,-0.6767299878502167,4.552360855055908,5.229090842906125,,0.4125045877715307,0.0
741,7,water,NOUN,compound,-2.165189689376115,12.18943851219957,14.354628201575686,0,1.2627393735326313,0.0
741,8,balloons,NOUN,conj,-0.980302562025047,13.867510417312209,14.847812979337256,2,1.1787108191220315,0.0
741,9,",",PUNCT,punct,-0.07494005938003667,4.552360855055908,4.627300914435945,,0.08888053063041128,0.0
741,10,wiffle,NOUN,compound,-0.6494810938310165,5.482079380118688,6.131560473949705,0,0.06587108567439008,0.0
741,11,balls,NOUN,conj,-0.4618912036216001,5.482079380118688,5.943970583740288,2,0.044342091745010755,0.0
741,12,etc.,NOUN,conj,-0.41584652077546114,5.482079380118688,5.897925900894149,1,0.038803300117592934,0.0
741,13,),PUNCT,punct,-0.061043165623550166,9.531227029447775,9.592270195071325,,0.1778724354270787,0.0
742,1,1,NUM,nummod,-0.6004360080365458,10.634849660521933,11.235285668558479,0,0.2706294185378408,0.0
742,2,Quaffle,NOUN,root,-2.140797248092179,5.482079380118688,7.622876628210867,,0.3126211303030913,0.0
742,3,(,PUNCT,punct,-0.6256237536705846,9.517013170228076,10.14263692389866,,0.1889581408588893,0.0
742,4,volleyball,NOUN,appos,-1.3014546125311703,14.604476011478415,15.905930624009585,0,0.7469666962624016,0.0
742,5,",",PUNCT,punct,-0.479116341608262,4.552360855055908,5.03147719666417,,0.03356459137868514,0.0
742,6,Frisbee,NOUN,conj,-0.8843376713637436,5.482079380118688,6.366417051482432,1,0.041304109716576505,0.0
742,7,",",PUNCT,punct,-0.3865491364886653,4.552360855055908,4.938909991544573,,0.03403031544010271,0.0
742,8,soccer,NOUN,compound,-0.7857165474940073,5.482079380118688,6.2677959276126956,0,0.04087443996510511,0.0
742,9,ball,NOUN,conj,-0.5916488189482685,13.382083590141967,13.973732409090236,2,0.44033807393845403,0.0
742,10,",",PUNCT,punct,-0.27633205196571264,4.552360855055908,4.828692907021621,,0.030829569889544387,0.0
742,11,etc.,NOUN,conj,-0.7088581850066831,5.482079380118688,6.190937565125371,1,0.04602741898610233,0.0
742,12,),PUNCT,punct,-0.26990871171056874,9.531227029447775,9.801135741158344,,0.1738276084721266,0.0
743,1,1,NUM,nummod,-0.6004360080365458,10.634849660521933,11.235285668558479,0,0.2706294185378408,0.0
743,2,Snitch,NOUN,root,-2.140797248092179,5.482079380118688,7.622876628210867,,0.3126211303030913,0.0
743,3,(,PUNCT,punct,-0.6256237536705846,9.517013170228076,10.14263692389866,,0.1889581408588893,0.0
743,4,person,NOUN,appos,-1.2265458454546287,11.867510417312209,13.094056262766838,0,0.24390463125690062,0.0
743,5,),PUNCT,punct,-0.5540251086848045,9.531227029447775,10.08525213813258,,0.32682476667015037,0.0
744,1,Each,DET,det,-0.5772332099899931,11.730006893562273,12.307240103552266,0,0.3747713922316731,0.0
744,2,team,NOUN,nsubj:pass,-0.06030999626318767,12.18943851219957,12.249748508462758,1,0.43854066305027384,0.0
744,3,is,AUX,aux:pass,-1.0731322359851712,6.470049691257488,7.543181927242659,0,0.057319853940557663,0.0
744,4,composed,VERB,root,0.8540022173857196,14.18943851219957,13.335436294813851,,0.9159441302454167,0.0
744,5,of,ADP,obl,-0.33168680256691996,5.747531807657332,6.079218610224252,0,0.03628043735075988,0.0
744,6,:,PUNCT,punct,-0.8588614486907709,8.524102595014394,9.382964043705165,,0.12691619466939863,0.0
745,1,3,NUM,nummod,-0.934746281406369,11.941510998755986,12.876257280162354,0,0.33497289856744167,0.0
745,2,Chasers,NOUN,root,-1.1331285485882665,5.482079380118688,6.615207928706955,,0.7751213882316496,0.0
746,1,2,NUM,nummod,-1.3416731850709187,11.488998794058478,12.830671979129397,0,0.25514655550853194,0.0
746,2,Beaters,NOUN,root,-1.5792950086021014,5.482079380118688,7.06137438872079,,0.15995732051350078,0.0
747,1,1,NUM,nummod,-0.6004360080365458,10.634849660521933,11.235285668558479,0,0.2706294185378408,0.0
747,2,Keeper,NOUN,root,-2.140797248092179,5.482079380118688,7.622876628210867,,0.3126211303030913,0.0
748,1,1,NUM,nummod,-0.6004360080365458,10.634849660521933,11.235285668558479,0,0.2706294185378408,0.0
748,2,Seeker,NOUN,root,-2.140797248092179,5.482079380118688,7.622876628210867,,0.3126211303030913,0.0
749,1,How,ADV,root,0.4418275764880235,9.167070699171116,8.725243122683093,,0.15605535644908047,0.0
749,2,to,PART,mark,0.27871856738048706,5.85516522689238,5.576446659511893,0,0.21935209577274067,0.0
749,3,Prepare,VERB,acl,0.953826708439288,6.197916666123875,5.244089957684587,1,0.23866940661871178,0.0
749,4,Quinoa,NOUN,obj,-0.4293910847800655,5.482079380118688,5.911470464898754,1,0.11659586550638876,0.0
750,1,Quinoa,NOUN,nsubj:pass,-0.8732365632322434,5.482079380118688,6.355315943350932,0,0.04098359429255844,0.0
750,2,is,AUX,aux:pass,-1.3347974708397334,6.470049691257488,7.8048471620972215,0,0.07703130467085346,0.0
750,3,known,VERB,root,0.6217369754480497,12.18943851219957,11.567701536751521,,0.5453362273662795,0.0
750,4,as,ADP,case,0.3532641011874107,8.150519522907269,7.797255421719858,0,0.8953967451133865,0.0
750,5,the,DET,det,-0.5299911370425736,4.733084097091282,5.263075234133856,0,0.8473113232601345,0.0
750,6,little,ADJ,amod,0.05843870504390836,10.0809140554214,10.022475350377492,0,0.22059353442905316,0.0
750,7,rice,NOUN,obl,2.6097025395965288,5.482079380118688,2.8723768405221595,3,0.5643991110885623,0.0
750,8,of,ADP,case,0.279648783168688,5.747531807657332,5.467883024488644,0,0.12134341764774605,0.0
750,9,Peru,PROPN,nmod,0.588508132300662,6.11262291514874,5.524114782848078,2,0.3150088771886593,0.0
750,10,.,PUNCT,punct,-0.1080875594662225,3.7008451783641614,3.808932737830384,,0.11602784759159367,0.0
751,1,By,ADP,case,-0.2566331095169776,8.531227029447775,8.787860138964753,0,0.15605085950251552,0.0
751,2,tradition,NOUN,obl,-0.9357396464482068,13.604476011478415,14.540215657926622,1,0.8234588116553326,0.0
751,3,",",PUNCT,punct,-0.7565668110113428,4.552360855055908,5.308927666067251,,0.03303915422427898,0.0
751,4,the,DET,det,-1.0264569843625226,4.733084097091282,5.759541081453805,0,0.026805586075564714,0.0
751,5,Inca,PROPN,compound,0.30625125164484146,15.18943851219957,14.88318726055473,0,0.7479903323443422,0.1
751,6,emperor,NOUN,nsubj,1.3987151951946846,13.382083590141967,11.983368394947282,2,0.6881441077808933,0.1
751,7,would,AUX,aux,-1.0111705610979413,8.885657764022467,9.896828325120408,0,0.11728597551032374,0.1
751,8,sow,VERB,root,0.5994969718383611,6.197916666123875,5.598419694285514,,0.04936248243945304,0.1
751,9,the,DET,det,-0.4857165426385981,4.733084097091282,5.2188006397298805,0,0.03284919797997628,0.1
751,10,first,ADJ,amod,-0.27030585709190014,9.447971525798424,9.718277382890324,0,0.1499099390828717,0.1
751,11,seeds,NOUN,obj,0.9706107766231327,13.18943851219957,12.218827735576438,2,0.7476314078564903,0.1
751,12,of,ADP,case,-0.05649730200793268,5.747531807657332,5.804029109665264,0,0.042313873973531105,0.1
751,13,the,DET,det,0.8445529418803361,4.733084097091282,3.8885311552109463,0,0.03083910200707062,0.1
751,14,season,NOUN,nmod,1.3365190423096802,13.382083590141967,12.045564547832287,3,0.41276473148761494,0.1
751,15,using,VERB,advcl,-1.117393390225601,13.382083590141967,14.499476980367568,0,0.42803348737132724,0.1
751,16,"""",PUNCT,punct,0.738702830495261,7.845142604283754,7.106439773788493,,0.14967444831394822,0.1
751,17,golden,ADJ,amod,-0.5562237886754513,15.18943851219957,15.745662300875022,0,0.6127086625544887,0.2
751,18,implements,NOUN,obj,-0.7521293191295575,5.482079380118688,6.234208699248246,2,0.03046339819512721,0.2
751,19,.,PUNCT,punct,0.3969867901812987,3.7008451783641614,3.3038583881828627,,0.01994178339500828,0.2
751,20,"""",PUNCT,punct,0.27388766545738097,7.845142604283754,7.571254938826373,,0.15451105997402245,0.2
752,1,Quinoa,NOUN,nsubj,-0.8732365632322434,5.482079380118688,6.355315943350932,0,0.04098359429255844,0.0
752,2,is,AUX,cop,-1.3347974708397334,6.470049691257488,7.8048471620972215,0,0.07703130467085346,0.0
752,3,rich,ADJ,root,1.0532246492746005,6.939140094293238,5.885915445018638,,0.23533483789644766,0.0
752,4,in,ADP,case,-0.27634216538481304,6.195085075340713,6.471427240725526,0,0.18396507403774667,0.0
752,5,protein,NOUN,obl,1.9182232616041035,5.482079380118688,3.5638561185145847,1,0.23262357974451708,0.0
752,6,and,CCONJ,cc,-0.3574626589723797,5.740289866824134,6.097752525796514,0,0.07940676664094067,0.0
752,7,much,ADV,advmod,-0.7914911391197634,10.282547916591051,11.074039055710815,0,0.6087120616340633,0.0
752,8,lighter,ADJ,conj,4.106972639202299,6.939140094293238,2.832167455090939,2,1.2363988790887346,0.0
752,9,than,ADP,case,0.7049889511377216,10.604476011478415,9.899487060340693,0,0.5694259818923417,0.0
752,10,other,ADJ,amod,-0.9472516829594824,9.867510417312209,10.814762100271691,0,0.8378476971150959,0.0
752,11,grains,NOUN,obl,4.035119554519738,5.482079380118688,1.4469598255989509,3,0.30372568257559673,0.0
752,12,.,PUNCT,punct,0.1257129292978867,3.7008451783641614,3.5751322490662747,,0.09273118593818852,0.0
753,1,Ingredients,NOUN,root,0.10159228814312371,14.18943851219957,14.087846224056447,,0.876094790684961,0.0
754,1,1,NUM,nummod,-0.6004360080365458,10.634849660521933,11.235285668558479,0,0.2706294185378408,0.0
754,2,cup,NOUN,nmod:unmarked,-2.416352957057354,13.18943851219957,15.605791469256925,1,0.5739293831775117,0.0
754,3,quinoa,NOUN,root,-1.5740359420084644,5.482079380118688,7.056115322127153,,0.09698601855099213,0.0
755,1,2,NUM,nummod,-1.3416731850709187,11.488998794058478,12.830671979129397,0,0.25514655550853194,0.0
755,2,cups,NOUN,nmod:unmarked,-1.5792950086021014,5.482079380118688,7.06137438872079,1,0.15995732051350078,0.0
755,3,water,NOUN,root,-0.9250879450247993,12.18943851219957,13.11452645722437,,0.3140913528270027,0.0
755,4,(,PUNCT,punct,-0.18624497815663865,9.517013170228076,9.703258148384714,,0.22218263309656727,0.0
755,5,or,CCONJ,cc,-0.7434794283384996,8.461518057636372,9.204997485974872,0,0.12884092592143107,0.0
755,6,broth,NOUN,conj,-0.15428589289141748,5.482079380118688,5.636365273010106,1,0.06478200532167286,0.0
755,7,),PUNCT,punct,-0.02278881473086969,9.531227029447775,9.554015844178645,,0.17738643644044894,0.0
756,1,Olive,NOUN,compound,-0.8732365632322434,5.482079380118688,6.355315943350932,0,0.04098359429255844,0.0
756,2,oil,NOUN,root,-2.4538201605867282,13.019513510757259,15.473333671343987,,0.49222563797336777,0.0
756,3,to,ADP,case,-0.35485269366833094,5.85516522689238,6.210017920560711,0,0.18015757580912903,0.0
756,4,taste,NOUN,obl,-0.050397539608241004,14.18943851219957,14.239836051807812,1,1.045025492114181,0.0
756,5,(,PUNCT,punct,0.5245842384651151,9.517013170228076,8.99242893176296,,0.4073593935974773,0.0
756,6,Optional,ADJ,parataxis,-0.9906549814471504,6.939140094293238,7.9297950757403886,0,0.04574611195554467,0.0
756,7,),PUNCT,punct,0.2161398299009516,9.531227029447775,9.315087199546824,,0.17760121751442498,0.0
757,1,1/2,NUM,nummod,-0.6427310942326923,8.849588509314946,9.492319603547639,0,0.10801367618213603,0.0
757,2,teaspoon,NOUN,nmod:unmarked,-1.2925164624620438,5.482079380118688,6.774595842580732,1,0.2626864620963661,0.0
757,3,salt,NOUN,root,0.09027933109033626,12.867510417312209,12.777231086221873,,1.1613719469490664,0.0
757,4,(,PUNCT,punct,-0.5648523032715627,9.517013170228076,10.081865473499638,,0.34694323597746735,0.0
757,5,Optional,ADJ,parataxis,-1.8514166245793433,6.939140094293238,8.790556718872581,0,0.4445511864687845,0.0
757,6,),PUNCT,punct,-1.093095320009482,9.531227029447775,10.624322349457257,,0.5395164878687382,0.0
758,1,Method,NOUN,root,1.068392702128305,14.18943851219957,13.121045810071266,,1.0986258211200017,0.0
758,2,1,NUM,flat,6.666047919406896,10.634849660521933,3.9688017411150374,0,0.8462847458709708,0.0
758,3,Cooking,VERB,appos,-12.473466475121826,14.18943851219957,26.662904987321397,0,2.1097504925712744,0.1
758,4,On,ADP,case,-0.6298325134735361,7.520553527933323,8.15038604140686,0,0.10360003693719856,0.1
758,5,A,DET,det,0.7201226316965545,5.916808727223201,5.196686095526647,0,0.08296065848825865,0.1
758,6,Stove,NOUN,compound,1.3332121609316543,5.482079380118688,4.148867219187034,0,0.035984759696792386,0.1
758,7,Top,NOUN,obl,-0.29601821178227894,13.867510417312209,14.163528629094488,4,0.6348141103702365,0.1
759,1,Rinse,VERB,root,0.8254603755137726,6.197916666123875,5.372456290610103,,0.06508830294114955,0.0
759,2,the,DET,det,-1.4279548700534734,4.733084097091282,6.161038967144756,0,0.04419818199171289,0.0
759,3,grains,NOUN,obj,1.2801925355424029,5.482079380118688,4.201886844576285,1,0.10825019287268782,0.0
759,4,of,ADP,case,-0.4022303297219727,5.747531807657332,6.149762137379304,0,0.07274015667337487,0.0
759,5,quinoa,NOUN,nmod,1.173053662388769,5.482079380118688,4.309025717729919,2,0.07173239378114672,0.0
759,6,in,ADP,case,-0.22340750119120578,6.195085075340713,6.418492576531919,0,0.07046871531296565,0.0
759,7,water,NOUN,obl,-0.08978794381376787,12.18943851219957,12.279226456013339,1,1.4469670226305469,0.0
759,8,.,PUNCT,punct,0.6812849507085037,3.7008451783641614,3.0195602276556577,,0.3355487426618886,0.0
760,1,You,PRON,nsubj,0.406728407907031,6.339251674553796,5.932523266646765,0,0.06306914613167432,0.0
760,2,can,AUX,aux,1.7458086679208176,8.388538612279266,6.642729944358448,0,0.24994233780035097,0.0
760,3,skip,VERB,root,-0.7280631403203035,15.18943851219957,15.917501652519874,,0.8181496065774561,0.0
760,4,this,DET,det,-0.40697741529550235,7.086150703787548,7.4931281190830505,0,0.03687554082237735,0.0
760,5,step,NOUN,obj,0.19671136178647686,13.604476011478415,13.407764649691938,1,1.0693724067897823,0.0
760,6,if,SCONJ,mark,-0.8766372288170672,8.876555556915216,9.753192785732283,0,0.11918976183416238,0.0
760,7,you,PRON,nsubj,0.4830915714532509,6.339251674553796,5.856160103100545,0,0.07656318453453975,0.0
760,8,have,AUX,aux,1.1322574264558947,7.634849660521933,6.5025922340660385,0,0.08861752621976313,0.0
760,9,purchased,VERB,advcl,0.2778180197733757,15.18943851219957,14.911620492426195,3,0.8423147883461132,0.1
760,10,pre-rinsed,ADJ,amod,-0.7327835335438779,6.939140094293238,7.671923627837116,0,0.06681382790396831,0.1
760,11,quinoa,NOUN,obj,0.5564952058525279,5.482079380118688,4.92558417426616,2,0.04565458994101464,0.1
760,12,in,ADP,case,-0.05561465380838104,6.195085075340713,6.250699729149094,0,0.04735652323818509,0.1
760,13,a,DET,det,0.7759203679101532,5.916808727223201,5.140888359313048,0,0.033238724777802736,0.1
760,14,box,NOUN,nmod,1.342429216975905,13.18943851219957,11.847009295223666,3,0.3127833314847785,0.1
760,15,.,PUNCT,punct,0.6477120238509215,3.7008451783641614,3.05313315451324,,0.017743739418295143,0.1
761,1,To,PART,mark,0.1421648765254222,5.85516522689238,5.713000350366958,0,0.047100670614718905,0.0
761,2,rinse,VERB,advcl,1.4544432780532448,6.197916666123875,4.743473388070631,1,0.06335795352916583,0.0
761,3,",",PUNCT,punct,-0.1974161167376085,4.552360855055908,4.7497769717935165,,0.06026498304459853,0.0
761,4,place,VERB,root,-1.246995372762962,11.235242201812696,12.482237574575658,,0.3479700850512153,0.0
761,5,the,DET,det,-0.7342237975979229,4.733084097091282,5.467307894689205,0,0.06370367452019825,0.0
761,6,measured,VERB,amod,-2.3293151120911073,15.18943851219957,17.518753624290678,0,1.4588761679521145,0.2
761,7,grain,NOUN,obj,3.3088936524848864,5.482079380118688,2.173185727633802,2,1.3368477197278237,0.2
761,8,in,ADP,case,-0.17401445472709742,6.195085075340713,6.36909953006781,0,0.09882680510680732,0.2
761,9,a,DET,det,0.6526891660827596,5.916808727223201,5.264119561140442,0,0.29953505305926875,0.2
761,10,strainer,NOUN,obl,2.167914056751778,5.482079380118688,3.31416532336691,2,0.4533033683653759,0.2
761,11,under,ADP,case,0.6161998020952186,11.145044392841116,10.528844590745898,0,0.5275363962450126,0.2
761,12,running,ADJ,amod,-9.329016508963427,14.604476011478415,23.933492520441842,0,3.365881234597982,0.3
761,13,water,NOUN,obl,-0.1797024817293842,12.18943851219957,12.369140993928955,2,0.2838067779238968,0.3
761,14,for,ADP,case,-0.09950019897893547,7.502937985016352,7.602438183995288,0,0.05967663188306129,0.3
761,15,a,DET,det,0.8375057292356987,5.916808727223201,5.079302997987503,0,0.04452963009524215,0.3
761,16,few,ADJ,amod,0.0006985144921571873,11.545582322424846,11.544883807932688,0,0.34426020807369456,0.3
761,17,minutes,NOUN,obl,1.180965255950289,12.382083590141967,11.201118334191678,3,0.3442413505020156,0.3
761,18,.,PUNCT,punct,0.5046174492217212,3.7008451783641614,3.19622772914244,,0.020045413858314976,0.3
762,1,Toast,VERB,root,-1.803425392467334,15.18943851219957,16.992863904666905,,0.568637249987001,0.2
762,2,quinoa,NOUN,obj,-1.7158934534308283,5.482079380118688,7.197972833549517,0,0.025602673512420106,0.2
762,3,in,ADP,case,-1.0774445239150134,6.195085075340713,7.272529599255726,0,0.0554754153515475,0.2
762,4,a,DET,det,0.8186709795248399,5.916808727223201,5.098137747698361,0,0.041791115268821837,0.2
762,5,saucepan,NOUN,obl,1.3253004204064736,5.482079380118688,4.156778959712215,2,0.03296082655533233,0.2
762,6,(,PUNCT,punct,-0.022587743732836785,9.517013170228076,9.539600913960912,,0.18372281852672245,0.2
762,7,optional,ADJ,parataxis,-0.7384177014150941,6.939140094293238,7.677557795708332,0,0.04749027785411782,0.2
762,8,),PUNCT,punct,-0.002181816962197658,9.531227029447775,9.533408846409973,,0.18569663324359215,0.2
762,9,.,PUNCT,punct,-0.28003061913391614,3.7008451783641614,3.9808757974980775,,0.03202831808015097,0.2
763,1,Drizzle,VERB,root,0.8254603755137726,6.197916666123875,5.372456290610103,,0.06508830294114955,0.0
763,2,a,DET,det,-1.5515252676868627,5.916808727223201,7.468333994910064,0,0.08677620496264775,0.0
763,3,bit,NOUN,obj,3.800603372585269,11.382083590141967,7.581480217556698,1,0.6965116305902115,0.0
763,4,of,ADP,case,0.3535643554119252,5.747531807657332,5.393967452245406,0,0.27386461055100264,0.0
763,5,olive,NOUN,compound,0.008745205705488424,5.482079380118688,5.4733341744132,0,0.8988528298270957,0.0
763,6,oil,NOUN,nmod,-3.321589192322625,13.019513510757259,16.341102703079883,3,1.374585334234818,0.0
763,7,in,ADP,case,-0.5337214094736362,6.195085075340713,6.728806484814349,0,0.11664314352681399,0.0
763,8,a,DET,det,0.658346475045156,5.916808727223201,5.258462252178045,0,0.10979317083841138,0.0
763,9,pan,NOUN,obl,1.104979908076798,13.867510417312209,12.762530509235411,2,0.9676244717016306,0.0
763,10,over,ADP,case,-0.2560938829141932,9.634849660521933,9.890943543436126,0,0.10781075038886044,0.0
763,11,medium,ADJ,amod,-0.13250363887830208,6.939140094293238,7.07164373317154,0,0.07816147883553431,0.0
763,12,-,PUNCT,punct,-0.13662060966811218,8.337689470783513,8.474310080451625,,0.06408513730469219,0.0
763,13,high,ADJ,amod,0.06715016513960137,11.730006893562273,11.662856728422671,1,0.2633742182049865,0.0
763,14,heat,NOUN,nmod,1.0397148338686986,15.18943851219957,14.149723678330872,3,0.8593456538192058,0.0
763,15,.,PUNCT,punct,0.38884883807597337,3.7008451783641614,3.311996340288188,,0.02021317553484811,0.0
764,1,Add,VERB,root,1.1176579911487519,14.18943851219957,13.071780521050819,,0.9636719128218444,0.0
764,2,the,DET,det,-0.9612776276849804,4.733084097091282,5.694361724776263,0,0.4817523137225257,0.0
764,3,quinoa,NOUN,obj,1.5088086904184959,5.482079380118688,3.9732706897001924,1,0.6216249585085515,0.0
764,4,and,CCONJ,cc,-0.6373298189265046,5.740289866824134,6.377619685750639,0,0.37506302212440146,0.0
764,5,cook,VERB,conj,-0.4902399300692517,6.197916666123875,6.688156596193127,1,0.43297353052520154,0.0
764,6,for,ADP,case,0.16425725932710122,7.502937985016352,7.338680725689251,0,0.16486385868298942,0.0
764,7,about,ADV,advmod,-0.09817627229540271,9.101975670949232,9.200151943244634,0,0.2568499434088966,0.0
764,8,1,NUM,nummod,-1.6577730473377326,10.634849660521933,12.292622707859666,1,0.514772847780954,0.0
764,9,minute,NOUN,obl,0.2559780826346181,12.730006893562273,12.474028810927654,3,0.3474217016086651,0.0
764,10,.,PUNCT,punct,0.5276499042929403,3.7008451783641614,3.173195274071221,,0.016476480302664798,0.0
765,1,This,PRON,nsubj,-0.14321683198097546,7.086150703787548,7.229367535768524,0,0.07024480721902689,0.0
765,2,brings,VERB,root,-0.42989915585873817,14.18943851219957,14.619337668058309,,0.9168954011236823,0.0
765,3,out,ADP,compound:prt,-0.5508710910555106,9.15601551066212,9.706886601717631,0,0.06622979819178842,0.0
765,4,quinoa,NOUN,nmod:poss,0.40829038166614584,5.482079380118688,5.073788998452542,0,0.04332047836414144,0.0
765,5,'s,PART,case,-0.9625073017200014,6.812227981811018,7.77473528353102,1,0.06740648283113274,0.0
765,6,nutty,ADJ,amod,0.7127810765492475,6.939140094293238,6.226359017743991,0,0.05629772724941444,0.0
765,7,flavor,NOUN,obj,0.5621931111699441,5.482079380118688,4.919886268948744,2,0.03355801088066554,0.0
765,8,.,PUNCT,punct,0.32550033012471413,3.7008451783641614,3.3753448482394472,,0.016038715034883837,0.0
766,1,Cook,VERB,root,0.8254603755137726,6.197916666123875,5.372456290610103,,0.06508830294114955,0.0
766,2,the,DET,det,-1.4279548700534734,4.733084097091282,6.161038967144756,0,0.04419818199171289,0.0
766,3,quinoa,NOUN,obj,1.2801925355424029,5.482079380118688,4.201886844576285,1,0.10825019287268782,0.0
766,4,.,PUNCT,punct,0.21670935138929392,3.7008451783641614,3.4841358269748675,,0.034118215950056006,0.0
767,1,Cover,VERB,root,-0.054577815986322165,13.867510417312209,13.922088233298531,,0.6476209136529059,0.0
767,2,and,CCONJ,cc,-1.8395529690955144,5.740289866824134,7.579842835919648,0,0.06288535696935016,0.0
767,3,reduce,VERB,conj,0.06930521903473696,6.197916666123875,6.128611447089138,1,0.058016890537963765,0.0
767,4,heat,NOUN,obj,-0.544649975261315,15.18943851219957,15.734088487460886,1,0.8596476854571629,0.0
767,5,to,ADP,case,-0.7046384349957329,5.85516522689238,6.559803661888113,0,0.0440186393971977,0.0
767,6,low,ADJ,obl,-0.38994178958185444,13.604476011478415,13.99441780106027,2,0.5867294964323667,0.0
767,7,.,PUNCT,punct,0.15324278205433606,3.7008451783641614,3.5476023963098253,,0.024710838208685977,0.0
768,1,Try,VERB,root,1.0475376233871163,11.282547916591051,10.235010293203935,,0.23248360474511545,0.0
768,2,to,PART,mark,-0.23321316402626113,5.85516522689238,6.088378390918641,0,0.4830530374005331,0.0
768,3,ensure,VERB,xcomp,-2.360716676124932,15.18943851219957,17.550155188324503,1,0.7571045111074417,0.1
768,4,there,PRON,expl,-0.08678966169198077,8.075696346150382,8.162486007842363,0,0.08366510375058725,0.1
768,5,is,VERB,ccomp,-0.21779046864206641,6.470049691257488,6.6878401598995545,2,0.040736389517971996,0.1
768,6,an,DET,det,-0.7423780943063978,8.922651971504669,9.665030065811067,0,0.079761179871654,0.1
768,7,al,X,amod,-0.5863977299296064,14.604476011478415,15.190873741408021,0,0.913455367059898,0.2
768,8,dente,X,flat,-0.21648187577860334,10.545582322424846,10.762064198203449,1,0.35359902883746164,0.2
768,9,bite,NOUN,nsubj,-0.8944948579413152,5.482079380118688,6.3765742380600035,3,0.205276046446092,0.2
768,10,to,ADP,case,-0.2063553045671176,5.85516522689238,6.0615205314594975,0,0.03925282955952393,0.2
768,11,the,DET,det,-0.020346286696591775,4.733084097091282,4.753430383787874,0,0.04331522803606603,0.2
768,12,germ,NOUN,obl,1.2462894095018608,5.482079380118688,4.235789970616827,3,0.038702822128414346,0.2
768,13,",",PUNCT,punct,0.3882313115329792,4.552360855055908,4.164129543522929,,0.031729991062735205,0.2
768,14,in,ADP,case,-0.24249915078397422,6.195085075340713,6.437584226124687,0,0.02693373138941865,0.2
768,15,the,DET,det,0.740008770327532,4.733084097091282,3.9930753267637504,0,0.025856571372422827,0.2
768,16,same,ADJ,amod,-0.023280145169040978,11.101975670949232,11.125255816118273,0,0.2849885010841621,0.2
768,17,way,NOUN,obl,1.1363107352953215,10.545582322424846,9.409271587129524,4,0.2204638599912355,0.2
768,18,as,ADP,case,-0.27914594066236376,8.150519522907269,8.429665463569632,0,0.06878022998696326,0.2
768,19,pasta,NOUN,nmod,0.5003251836212197,15.18943851219957,14.689113328578351,2,0.5992788799495614,0.3
768,20,.,PUNCT,punct,0.43082977359231656,3.7008451783641614,3.270015404771845,,0.0222404466673415,0.3
769,1,Quinoa,NOUN,nsubj,-0.8732365632322434,5.482079380118688,6.355315943350932,0,0.04098359429255844,0.0
769,2,will,AUX,aux,-1.2504296627963232,9.060155495254604,10.310585158050927,0,0.2278262533831831,0.0
769,3,continue,VERB,root,0.2376238106208728,12.867510417312209,12.629886606691336,,0.4040320087202458,0.0
769,4,cooking,VERB,xcomp,-0.8894614485186789,14.18943851219957,15.07889996071825,0,0.9492469045367375,0.1
769,5,for,ADP,case,-0.38570116390912457,7.502937985016352,7.888639148925477,0,0.04770717330658479,0.1
769,6,a,DET,det,0.6279202656566634,5.916808727223201,5.288888461566538,0,0.05717515464208127,0.1
769,7,bit,NOUN,obl,1.28706052540665,11.382083590141967,10.095023064735317,3,0.16270775180848182,0.1
769,8,even,ADV,advmod,-0.44463981806966224,10.434551010036103,10.879190828105765,0,0.20858896365953478,0.1
769,9,after,SCONJ,mark,-0.4188774794425978,10.730006893562273,11.14888437300487,0,0.19251755891434383,0.1
769,10,you,PRON,nsubj,0.36075152623654816,6.339251674553796,5.978500148317248,0,0.057478513034957095,0.1
769,11,take,VERB,advcl,0.8133625507638911,10.545582322424846,9.732219771660954,3,0.22074952909011358,0.1
769,12,it,PRON,obj,0.10524062030283776,6.147779360562356,6.042538740259518,1,0.061061766455604335,0.1
769,13,off,ADP,case,-0.2103402061101871,11.665876556142557,11.876216762252744,0,0.3154334887927767,0.1
769,14,the,DET,det,0.5953307353979866,4.733084097091282,4.137753361693296,0,0.1343222473682688,0.1
769,15,heat,NOUN,obl,1.3536195920485365,15.18943851219957,13.835818920151034,3,0.867981880153144,0.1
769,16,.,PUNCT,punct,0.6019420491184624,3.7008451783641614,3.098903129245699,,0.01962726617969474,0.1
770,1,Take,VERB,root,0.6892847206138839,10.545582322424846,9.856297601810962,,0.28574343958947823,0.0
770,2,the,DET,det,-1.6230426271140042,4.733084097091282,6.356126724205287,0,0.1011064185189611,0.0
770,3,quinoa,NOUN,obj,1.1526174688935917,5.482079380118688,4.3294619112250965,1,0.17243458246381613,0.0
770,4,off,ADP,case,1.758046350815544,11.665876556142557,9.907830205327013,0,1.8938547225486542,0.0
770,5,the,DET,det,-1.0946824847713525,4.733084097091282,5.827766581862635,0,1.0018753715738942,0.0
770,6,heat,NOUN,obl,0.1754194712063235,15.18943851219957,15.014019040993247,2,0.9595559733308106,0.0
770,7,and,CCONJ,cc,-0.694222196689239,5.740289866824134,6.434512063513373,0,0.05366049789760172,0.0
770,8,let,VERB,conj,-0.2129753325107675,10.060155495254604,10.273130827765371,1,0.12509990148704003,0.0
770,9,stand,VERB,xcomp,-0.7702386051817438,13.18943851219957,13.959677117381315,1,0.37429854647309263,0.0
770,10,",",PUNCT,punct,0.6354144148471281,4.552360855055908,3.91694644020878,,0.037557139612266664,0.0
770,11,covered,VERB,advcl,-1.2604588222648623,14.604476011478415,15.864934833743277,1,0.7553035159653214,0.1
770,12,",",PUNCT,punct,0.7422329373757814,4.552360855055908,3.8101279176801266,,0.016291777468552038,0.1
770,13,for,ADP,case,-0.31889265882731,7.502937985016352,7.821830643843662,0,0.05503206378367431,0.1
770,14,5,NUM,nummod,0.5286297632536705,12.382083590141967,11.853453826888297,0,0.4888860080344002,0.1
770,15,minutes,NOUN,obl,0.07412870531741866,12.382083590141967,12.307954884824548,3,0.33212054648438866,0.1
770,16,.,PUNCT,punct,0.49987774715548605,3.7008451783641614,3.2009674312086753,,0.017473107506027253,0.1
771,1,This,PRON,nsubj,-0.14321683198097546,7.086150703787548,7.229367535768524,0,0.07024480721902689,0.0
771,2,will,AUX,aux,0.22667930127552616,9.060155495254604,8.833476193979077,0,0.3794184393925152,0.0
771,3,give,VERB,root,0.239460596182143,11.545582322424846,11.306121726242703,,0.5548021992200194,0.0
771,4,it,PRON,iobj,-0.16017247405948432,6.147779360562356,6.30795183462184,0,0.05805130212534139,0.0
771,5,time,NOUN,obj,-0.5268062089331789,9.331457517071998,9.858263726005177,0,0.11961084210403643,0.0
771,6,to,PART,mark,-0.5369934065857231,5.85516522689238,6.392158633478103,0,0.04361180025296623,0.0
771,7,absorb,VERB,acl,0.5050490614385579,6.197916666123875,5.6928676046853175,2,0.0931586459271369,0.0
771,8,any,DET,det,-0.38141478361302994,10.282547916591051,10.663962700204081,0,0.21799733639818739,0.0
771,9,moisture,NOUN,obj,1.2216254217606295,15.18943851219957,13.967813090438941,2,0.6476435185558094,0.0
771,10,that,PRON,nsubj,-0.33457333456888083,6.437894453110473,6.7724677876793535,0,0.06030800491423538,0.0
771,11,might,AUX,aux,0.24258507953601516,11.434551010036103,11.191965930500087,0,0.26994542692872997,0.0
771,12,still,ADV,advmod,0.3494615863729127,10.634849660521933,10.28538807414902,0,0.17347576123841174,0.0
771,13,be,AUX,acl:relcl,0.4910413202551007,8.075696346150382,7.584655025895281,4,0.09482049264894626,0.0
771,14,in,ADP,case,-1.0430699884352927,6.195085075340713,7.238155063776006,0,0.062238324634072466,0.0
771,15,the,DET,det,0.3331092643843476,4.733084097091282,4.399974832706935,0,0.04686823022127929,0.0
771,16,pan,NOUN,obl,1.2987022017864103,13.867510417312209,12.568808215525799,3,0.9497919698381537,0.0
771,17,.,PUNCT,punct,0.27858446760823163,3.7008451783641614,3.4222607107559297,,0.02868164375222802,0.0
772,1,Uncover,VERB,root,0.8254603755137726,6.197916666123875,5.372456290610103,,0.06508830294114955,0.0
772,2,and,CCONJ,cc,-1.7513908784893841,5.740289866824134,7.491680745313518,0,0.07772289894319594,0.0
772,3,fluff,VERB,conj,0.716016359034251,6.197916666123875,5.481900307089624,1,0.19241269537172745,0.0
772,4,with,ADP,case,-0.04790734068241598,7.899419665266953,7.947327005949369,0,0.10549366447074641,0.0
772,5,a,DET,det,0.43275693019416117,5.916808727223201,5.48405179702904,0,0.2606339155266556,0.0
772,6,fork,NOUN,obl,-5.948254319780352,15.18943851219957,21.137692831979923,3,0.633899241048067,0.3
772,7,.,PUNCT,punct,0.13642394340183284,3.7008451783641614,3.5644212349623285,,0.02173102617400715,0.3
773,1,Serve,VERB,root,0.8217822363415141,15.18943851219957,14.367656275858057,,1.0332003421917826,0.4
773,2,.,PUNCT,punct,0.16656540278084986,3.7008451783641614,3.5342797755833115,,0.33147851895742103,0.4
774,1,Freshly,ADV,advmod,-0.04588086716539763,9.200753825427405,9.246634692592803,0,0.10096461599514396,0.0
774,2,cooked,ADJ,amod,0.44829977918239283,6.939140094293238,6.490840315110845,1,0.4627514788438181,0.0
774,3,quinoa,NOUN,nsubj:pass,-0.4420779958860095,5.482079380118688,5.924157376004698,1,0.1491642992901273,0.0
774,4,should,AUX,aux,-1.1659062547498422,10.461518057636372,11.627424312386214,0,0.35152601101421954,0.0
774,5,be,AUX,aux:pass,0.9152483708744459,8.075696346150382,7.160447975275936,0,0.4109339905226981,0.0
774,6,served,VERB,root,-0.2071516973762737,14.18943851219957,14.396590209575844,,0.5741566155022892,0.0
774,7,immediately,ADV,advmod,0.15191912403130914,13.18943851219957,13.037519388168262,0,0.5533186235911233,0.0
774,8,to,PART,mark,-0.5313264447994213,5.85516522689238,6.386491671691801,0,0.04718282742769193,0.0
774,9,retain,VERB,advcl,0.7578170635976287,6.197916666123875,5.440099602526247,1,0.08517550108276216,0.0
774,10,nutritional,ADJ,amod,-0.7086829751081671,6.939140094293238,7.647823069401405,0,0.06356507202082985,0.0
774,11,value,NOUN,obj,0.35325834550329205,13.382083590141967,13.028825244638675,2,0.44690014380194454,0.0
774,12,and,CCONJ,cc,-0.5275650491155517,5.740289866824134,6.267854915939686,0,0.05566667125874133,0.0
774,13,a,DET,det,0.18808369759527466,5.916808727223201,5.728725029627927,0,0.05649114243517314,0.0
774,14,good,ADJ,amod,0.19467287549509749,9.447971525798424,9.253298650303327,0,0.1679924006332125,0.0
774,15,flavor,NOUN,conj,1.0372079783825319,5.482079380118688,4.444871401736156,4,0.030869941351575284,0.0
774,16,.,PUNCT,punct,0.5841437885432232,3.7008451783641614,3.116701389820938,,0.017851562279136635,0.0
775,1,Serve,VERB,root,0.8217822363415141,15.18943851219957,14.367656275858057,,1.0332003421917826,0.4
775,2,with,ADP,obl,-1.6840741029870614,7.899419665266953,9.583493768254014,0,0.21814893870143354,0.4
775,3,:,PUNCT,punct,-1.7625418407541495,8.524102595014394,10.286644435768544,,0.36810016703010295,0.4
776,1,Stir,NOUN,compound,-0.8732365632322434,5.482079380118688,6.355315943350932,0,0.04098359429255844,0.0
776,2,-,PUNCT,punct,-1.1105127456540345,8.337689470783513,9.448202216437547,,0.3155842281628651,0.0
776,3,fry,NOUN,root,-0.8261753463449013,5.482079380118688,6.3082547264635895,,0.17615665252580384,0.0
776,4,",",PUNCT,punct,-0.7666220203649745,4.552360855055908,5.3189828754208826,,0.11477143004993258,0.0
776,5,using,VERB,advcl,-1.9805273965073482,13.382083590141967,15.362610986649315,0,0.6741886573287366,0.0
776,6,the,DET,det,-0.6739495383462524,4.733084097091282,5.407033635437535,0,0.031649225930938406,0.0
776,7,quinoa,NOUN,obj,1.266527899646798,5.482079380118688,4.21555148047189,2,0.033278910336882864,0.0
776,8,as,ADP,case,-0.4503785339744173,8.150519522907269,8.600898056881686,0,0.081854588177085,0.0
776,9,a,DET,det,0.3293238972027348,5.916808727223201,5.5874848300204665,0,0.060945896151835176,0.0
776,10,substitute,NOUN,obl,1.3226660020386847,5.482079380118688,4.1594133780800036,3,0.03568232443254098,0.0
776,11,for,ADP,case,-0.15266290362364465,7.502937985016352,7.655600888639997,0,0.04614288732477008,0.0
776,12,rice,NOUN,nmod,0.8550540089858298,5.482079380118688,4.627025371132858,2,0.030738636156981112,0.0
776,13,.,PUNCT,punct,0.44056058978932855,3.7008451783641614,3.260284588574833,,0.01905349431606723,0.0
777,1,Curry,NOUN,root,-0.8732365632322434,5.482079380118688,6.355315943350932,,0.04098359429255844,0.0
777,2,.,PUNCT,punct,-1.6195141699375983,3.7008451783641614,5.32035934830176,,0.05252010761991322,0.0
778,1,Braised,ADJ,amod,0.014812312186456289,6.939140094293238,6.924327782106782,0,0.03357182618896338,0.0
778,2,meat,NOUN,root,-0.735555130011937,5.482079380118688,6.217634510130625,,0.09746935686594238,0.0
778,3,.,PUNCT,punct,-0.762992472414465,3.7008451783641614,4.463837650778626,,0.0691670748395838,0.0
779,1,In,ADP,case,-0.7512908726612668,6.195085075340713,6.94637594800198,0,0.059321265642547326,0.0
779,2,a,DET,det,0.41184008907713743,5.916808727223201,5.504968638146064,0,0.10754305582662665,0.0
779,3,salad,NOUN,root,1.5225430479883002,5.482079380118688,3.959536332130388,,0.08165631507759108,0.0
779,4,.,PUNCT,punct,-0.43385490610511157,3.7008451783641614,4.134700084469273,,0.058850954864304986,0.0
780,1,Virtually,ADV,advmod,-0.04588086716539763,9.200753825427405,9.246634692592803,0,0.10096461599514396,0.0
780,2,any,DET,det,-1.6159828448669487,10.282547916591051,11.898530761458,0,0.599235177030862,0.0
780,3,other,ADJ,amod,-0.08288021826776415,9.867510417312209,9.950390635579973,0,0.5370612697511564,0.0
780,4,combination,NOUN,root,0.01631701903225924,14.604476011478415,14.588158992446155,,0.6363759346848633,0.1
780,5,you,PRON,nsubj,-0.4636943627520562,6.339251674553796,6.802946037305852,0,0.05786215017307037,0.1
780,6,can,AUX,aux,0.7948789575429469,8.388538612279266,7.593659654736319,0,0.08751799813191177,0.1
780,7,think,VERB,acl:relcl,1.232106251631194,9.343948461255195,8.111842209624001,2,0.13690457243130064,0.1
780,8,of,ADP,obl,-0.14968328368147787,5.747531807657332,5.8972150913388095,1,0.037956502834149385,0.1
780,9,!,PUNCT,punct,-0.6787778375578064,8.195085075340712,8.873862912898518,,0.07722352405163303,0.1
781,1,Method,NOUN,root,1.068392702128305,14.18943851219957,13.121045810071266,,1.0986258211200017,0.0
781,2,2,NUM,flat,8.289291546936068,11.488998794058478,3.1997072471224097,0,3.7380949592116095,0.0
781,3,Cooking,VERB,appos,-14.085028642395551,14.18943851219957,28.274467154595122,0,4.853623865440098,0.1
781,4,In,ADP,case,-0.6296230285234161,6.195085075340713,6.824708103864129,0,0.07518399599693436,0.1
781,5,a,DET,det,0.7426793912679646,5.916808727223201,5.174129335955237,0,0.08135158720874082,0.1
781,6,Rice,NOUN,compound,1.3340255097740767,5.482079380118688,4.1480538703446115,0,0.03605123449478935,0.1
781,7,Cooker,NOUN,obl,-0.0993461350113094,5.482079380118688,5.581425515129998,4,0.03176925210991636,0.1
782,1,Rinse,VERB,root,0.8254603755137726,6.197916666123875,5.372456290610103,,0.06508830294114955,0.0
782,2,1,NUM,nummod,-2.692932895043226,10.634849660521933,13.32778255556516,0,0.1932003883754576,0.0
782,3,cup,NOUN,obj,-1.3075761545258757,13.18943851219957,14.497014666725446,1,0.4796358580310507,0.0
782,4,of,ADP,case,-0.1869249403448192,5.747531807657332,5.934456748002151,0,0.08763701980826466,0.0
782,5,quinoa,NOUN,nmod,0.1633526453261691,5.482079380118688,5.318726734792519,2,0.11802745779189121,0.0
782,6,in,ADP,case,-0.31546036072544403,6.195085075340713,6.510545436066157,0,0.03713583569195105,0.0
782,7,a,DET,det,0.8015223016995439,5.916808727223201,5.115286425523657,0,0.044646479908352146,0.0
782,8,fine,ADJ,amod,-0.02461888355705888,12.867510417312209,12.892129300869268,0,0.6366559181085627,0.0
782,9,mesh,NOUN,compound,1.1682611018515319,5.482079380118688,4.313818278267156,1,0.032889080620036655,0.0
782,10,sieve,NOUN,obl,0.13679644072625852,5.482079380118688,5.34528293939243,3,0.03184507548885722,0.0
782,11,under,ADP,case,-0.20980972655194918,11.145044392841116,11.354854119393066,0,0.16781010938394883,0.0
782,12,cold,ADJ,amod,-0.07663166996868398,13.019513510757259,13.096145180725943,0,0.5342986151542886,0.0
782,13,water,NOUN,obl,0.5110538216432179,12.18943851219957,11.678384690556353,2,0.32206617316901415,0.0
782,14,.,PUNCT,punct,0.38171834470841404,3.7008451783641614,3.3191268336557473,,0.02140709214626065,0.0
783,1,Pour,VERB,root,0.8254603755137726,6.197916666123875,5.372456290610103,,0.06508830294114955,0.0
783,2,quinoa,NOUN,obj,-1.2753736616403044,5.482079380118688,6.757453041758993,0,0.10092715664521687,0.0
783,3,into,ADP,case,-0.2681838440278508,9.849588509314946,10.117772353342797,0,0.2305783883262367,0.0
783,4,rice,NOUN,compound,0.6303005087914331,5.482079380118688,4.851778871327255,0,0.18417182153881334,0.0
783,5,cooker,NOUN,obl,0.1848606135744184,5.482079380118688,5.29721876654427,2,0.11712766648091102,0.0
783,6,.,PUNCT,punct,0.21053734714960237,3.7008451783641614,3.490307831214559,,0.07114013115081626,0.0
784,1,One,NUM,nummod,-0.18747322795411314,8.552813891655921,8.740287119610034,0,0.13828453914089195,0.0
784,2,option,NOUN,nsubj:outer,3.31357450496159,14.18943851219957,10.87586400723798,1,2.7395582591929033,0.0
784,3,is,AUX,cop,2.124978989848861,6.470049691257488,4.345070701408627,0,1.1814245494735107,0.0
784,4,to,PART,mark,2.7643192325386683,5.85516522689238,3.0908459943537117,0,1.8565496324503177,0.0
784,5,toast,VERB,root,-12.450377856936084,15.18943851219957,27.639816369135655,,4.095032893889938,0.2
784,6,the,DET,det,-0.5947797013801486,4.733084097091282,5.327863798471431,0,0.026423313846491,0.2
784,7,quinoa,NOUN,obj,1.2899911168490759,5.482079380118688,4.192088263269612,1,0.03488206480925521,0.2
784,8,before,SCONJ,mark,-0.3548124865488518,10.697585415869895,11.052397902418747,0,0.19007808265711382,0.2
784,9,placing,VERB,advcl,0.35263923941399966,6.197916666123875,5.845277426709876,1,0.126425086109689,0.2
784,10,in,ADP,case,-0.12674877728025358,6.195085075340713,6.3218338526209665,0,0.04725191618795793,0.2
784,11,the,DET,det,0.6296542806556413,4.733084097091282,4.103429816435641,0,0.028510875705457114,0.2
784,12,rice,NOUN,compound,1.3432054733765506,5.482079380118688,4.138873906742138,0,0.030594767470721176,0.2
784,13,cooker,NOUN,obl,0.03517885948971333,5.482079380118688,5.446900520628975,4,0.028470492413502548,0.2
784,14,.,PUNCT,punct,0.5618646883624154,3.7008451783641614,3.138980490001746,,0.018640170860554302,0.2
785,1,See,VERB,root,1.1502670843738478,9.589525670012442,8.439258585638594,,0.1484549509949569,0.0
785,2,Step,NOUN,obj,-2.8004901360473298,13.604476011478415,16.404966147525744,0,0.8163733863993924,0.0
785,3,#,SYM,compound,-1.1307628298196288,14.18943851219957,15.3202013420192,1,0.5737355880296171,0.1
785,4,2,NUM,dep,3.1049153793076556,11.488998794058478,8.384083414750823,,0.16368902980810335,0.1
785,5,in,ADP,case,-0.18280453225143933,6.195085075340713,6.377889607592152,0,0.03467868540866764,0.1
785,6,Method,NOUN,nmod,0.311589109974971,14.18943851219957,13.8778494022246,2,0.6626381875602937,0.1
785,7,One,NUM,flat,0.7239410989213892,8.552813891655921,7.828872792734532,1,0.17988721860386658,0.1
785,8,above,ADV,advmod,-0.509826341369795,13.382083590141967,13.891909931511762,1,0.6070061304405566,0.1
785,9,for,ADP,case,0.22175670815291415,7.502937985016352,7.281181276863438,0,0.16425020084462816,0.1
785,10,directions,NOUN,obl,0.5084264542708752,14.604476011478415,14.09604955720754,1,0.673605738387775,0.1
785,11,.,PUNCT,punct,0.35095739241364043,3.7008451783641614,3.349887785950521,,0.03579795564931158,0.1
786,1,Add,VERB,root,1.1176579911487519,14.18943851219957,13.071780521050819,,0.9636719128218444,0.0
786,2,2,NUM,nummod,-3.1285093693318675,11.488998794058478,14.617508163390346,0,0.5031003554345506,0.0
786,3,cups,NOUN,obj,-0.4183516048687643,5.482079380118688,5.9004309849874526,1,0.06887165078581808,0.0
786,4,of,ADP,case,-0.5951491089754697,5.747531807657332,6.342680916632801,0,0.03721632651880385,0.0
786,5,liquid,NOUN,nmod,0.21363994359540506,13.867510417312209,13.653870473716804,2,0.6315888239910367,0.0
786,6,and,CCONJ,cc,-0.5265071419764071,5.740289866824134,6.266797008800541,0,0.19526008990478425,0.0
786,7,1/2,NUM,nummod,-0.44416037003032827,8.849588509314946,9.293748879345275,0,0.13434489639300012,0.0
786,8,teaspoon,NOUN,conj,0.5428284293373533,5.482079380118688,4.939250950781335,3,0.1645338759709975,0.0
786,9,of,ADP,case,-0.13775602980998247,5.747531807657332,5.885287837467314,0,0.04515739187479458,0.0
786,10,salt,NOUN,nmod,0.9274673214989058,12.867510417312209,11.940043095813303,2,0.49835603240220694,0.0
786,11,into,ADP,case,-0.13090271880403925,9.849588509314946,9.980491228118986,0,0.11315126764114695,0.0
786,12,the,DET,det,0.9132928916979566,4.733084097091282,3.819791205393326,0,0.027945554936181918,0.0
786,13,rice,NOUN,compound,1.3453176655119305,5.482079380118688,4.136761714606758,0,0.03519968046312942,0.0
786,14,cooker,NOUN,obl,0.13640819139057303,5.482079380118688,5.345671188728115,3,0.03766111921404134,0.0
786,15,.,PUNCT,punct,0.3383376849818234,3.7008451783641614,3.362507493382338,,0.019024720538921496,0.0
787,1,Water,NOUN,nsubj,0.3496425832784471,12.18943851219957,11.839795928921124,0,0.4114027326608097,0.0
787,2,",",PUNCT,punct,-1.8134540985509418,4.552360855055908,6.36581495360685,,0.38492504420453333,0.0
787,3,chicken,NOUN,compound,-0.2960196210561232,5.482079380118688,5.7780990011748115,0,0.623737858882604,0.0
787,4,stock,NOUN,conj,-0.03900995111483141,5.482079380118688,5.52108933123352,2,0.3024598072026124,0.0
787,5,or,CCONJ,cc,-0.517567855213839,8.461518057636372,8.979085912850211,0,0.4706752789372063,0.0
787,6,broth,NOUN,conj,0.8661828492435637,5.482079380118688,4.6158965308751245,2,0.5022168492005735,0.0
787,7,",",PUNCT,punct,-0.23349663828828593,4.552360855055908,4.785857493344194,,0.4501548117656199,0.0
787,8,or,CCONJ,cc,1.4237260511887255,8.461518057636372,7.0377920064476465,0,0.6972735060570451,0.0
787,9,vegetable,NOUN,compound,-0.04246401356489837,5.482079380118688,5.524543393683587,0,0.5469134986124463,0.0
787,10,stock,NOUN,conj,0.7851013765021726,5.482079380118688,4.696978003616516,3,0.37523760470538775,0.0
787,11,all,ADV,advmod,-1.6284833089160173,8.312921565634571,9.941404874550589,0,0.44851716520536594,0.0
787,12,work,VERB,root,-1.4465101500654178,10.40807879867491,11.854588948740329,,1.8658724140188405,0.0
787,13,.,PUNCT,punct,-1.5684050148138673,3.7008451783641614,5.269250193178029,,1.410579355303191,0.0
788,1,Cook,VERB,root,0.8254603755137726,6.197916666123875,5.372456290610103,,0.06508830294114955,0.0
788,2,for,ADP,case,-1.2420418360640433,7.502937985016352,8.744979821080396,0,0.07164514372929,0.0
788,3,approximately,ADV,advmod,-0.6657842405448839,15.18943851219957,15.855222752744455,0,0.7563366775486071,0.1
788,4,15,NUM,nummod,-0.9261351922680188,12.604476011478415,13.530611203746433,1,0.5235597740947334,0.1
788,5,minutes,NOUN,obl,3.388315447148317,12.382083590141967,8.99376814299365,2,1.8727372521355212,0.1
788,6,.,PUNCT,punct,0.23145747725910804,3.7008451783641614,3.4693877011050533,,1.7392905703701802,0.1
789,1,Some,DET,det,-0.6027606554831451,9.223654227537484,9.826414883020629,0,0.19326465316214778,0.0
789,2,rice,NOUN,compound,0.9070839817940914,5.482079380118688,4.574995398324597,0,0.21571846928832736,0.0
789,3,cooker,NOUN,nsubj,-0.2551403167349733,5.482079380118688,5.7372196968536615,2,0.1441279737728355,0.0
789,4,will,AUX,aux,-0.7961303002930791,9.060155495254604,9.856285795547683,0,0.40675077302018464,0.0
789,5,have,VERB,root,0.9141235944507926,7.634849660521933,6.7207260660711405,,0.6917001012325101,0.0
789,6,different,ADJ,amod,-0.052023820953804645,11.101975670949232,11.153999491903036,0,1.1462697982161973,0.0
789,7,settings,NOUN,obj,0.08681808658365409,5.482079380118688,5.395261293535034,1,0.6121105281639637,0.0
789,8,instead,ADV,case,-1.4438601874904649,13.867510417312209,15.311370604802674,0,1.1412214776396854,0.0
789,9,of,ADP,fixed,2.17891210274403,5.747531807657332,3.5686197049133015,1,1.5349844405248143,0.0
789,10,a,DET,det,-2.024888868127082,5.916808727223201,7.941697595350283,0,1.2589681705418487,0.0
789,11,simple,ADJ,amod,0.37966346570195064,14.604476011478415,14.224812545776464,0,0.9195453896788192,0.0
789,12,"""",PUNCT,punct,-1.1754266315427033,7.845142604283754,9.020569235826457,,0.52174644295096,0.0
789,13,cook,VERB,compound,-2.8112495913968942,6.197916666123875,9.00916625752077,0,0.07732056684020044,0.0
789,14,"""",PUNCT,punct,0.485523625003629,7.845142604283754,7.359618979280125,,0.14471077350749043,0.0
789,15,option,NOUN,nmod,0.4632489881733406,14.18943851219957,13.72618952402623,5,0.5421289574753118,0.0
789,16,.,PUNCT,punct,0.3352354663891006,3.7008451783641614,3.3656097119750608,,0.019333928029607907,0.0
790,1,Try,VERB,root,1.0475376233871163,11.282547916591051,10.235010293203935,,0.23248360474511545,0.0
790,2,the,DET,det,-2.451895568680346,4.733084097091282,7.184979665771628,0,0.1670157083678522,0.0
790,3,"""",PUNCT,punct,-1.9020720443064123,7.845142604283754,9.747214648590166,,0.2015465172400345,0.0
790,4,white,ADJ,amod,-0.020422037227698198,11.867510417312209,11.887932454539907,0,0.389795568933544,0.0
790,5,rice,NOUN,compound,0.9402313182851652,5.482079380118688,4.541848061833523,1,0.047797497701737565,0.0
790,6,"""",PUNCT,punct,0.26016643112560356,7.845142604283754,7.58497617315815,,0.13898522365528798,0.0
790,7,option,NOUN,obj,-0.5194077527461154,14.18943851219957,14.708846264945686,2,0.5404631477966758,0.0
790,8,if,SCONJ,mark,-1.1006234474032919,8.876555556915216,9.977179004318508,0,0.12120188625000528,0.0
790,9,your,PRON,nmod:poss,0.4282129702635089,8.658057051683258,8.229844081419749,0,0.12087211202780214,0.0
790,10,rice,NOUN,compound,-1.1264177712509476,5.482079380118688,6.608497151369636,0,0.091110991114327,0.0
790,11,cooker,NOUN,nsubj,-0.4441971584420319,5.482079380118688,5.92627653856072,2,0.04691984846426212,0.0
790,12,gives,VERB,advcl,-0.09965401193948864,13.604476011478415,13.704130023417903,2,0.6350636634872876,0.0
790,13,you,PRON,iobj,0.02318414689670778,6.339251674553796,6.316067527657088,1,0.04845711975453124,0.0
790,14,several,ADJ,amod,-0.3388569579509859,12.488998794058478,12.827855752009464,0,0.5158692279127814,0.0
790,15,options,NOUN,obj,0.6091190114258502,15.18943851219957,14.58031950077372,2,0.7610228524858257,0.2
790,16,.,PUNCT,punct,0.54103119162263,3.7008451783641614,3.1598139867415314,,0.01654206488635849,0.2
791,1,Let,VERB,root,1.6301086747340996,10.060155495254604,8.430046820520504,,0.14715313783741862,0.0
791,2,stand,VERB,xcomp,-3.625725768761603,13.18943851219957,16.815164280961174,0,0.3773397382888568,0.0
791,3,for,ADP,case,-0.7315016298966945,7.502937985016352,8.234439614913047,0,0.09377893795686959,0.0
791,4,about,ADV,advmod,0.23636407559773787,9.101975670949232,8.865611595351494,0,0.11305569431566442,0.0
791,5,5,NUM,nummod,0.37286181090321335,12.382083590141967,12.009221779238754,1,0.4993825096270068,0.0
791,6,minutes,NOUN,obl,0.25307035702168257,12.382083590141967,12.129013233120284,3,0.4129583209840024,0.0
791,7,.,PUNCT,punct,0.339395919401849,3.7008451783641614,3.3614492589623124,,0.02664328906124466,0.0
792,1,Fluff,VERB,root,0.8254603755137726,6.197916666123875,5.372456290610103,,0.06508830294114955,0.0
792,2,with,ADP,case,-1.1170894372848643,7.899419665266953,9.016509102551817,0,0.07384554837939405,0.0
792,3,a,DET,det,0.42154136488780036,5.916808727223201,5.495267362335401,0,0.19207244316901195,0.0
792,4,fork,NOUN,obl,-5.261996506512469,15.18943851219957,20.45143501871204,2,0.6162011059239362,0.3
792,5,and,CCONJ,cc,-0.2686941777294427,5.740289866824134,6.008984044553577,0,0.06508816936750364,0.3
792,6,serve,VERB,conj,-1.1717995766476488,15.18943851219957,16.36123808884722,1,0.7842598556086997,0.6
792,7,.,PUNCT,punct,0.7293087687095325,3.7008451783641614,2.971536409654629,,0.018773329264653,0.6
793,1,Method,NOUN,root,1.068392702128305,14.18943851219957,13.121045810071266,,1.0986258211200017,0.0
793,2,3,NUM,flat,-4.98588594741503,11.941510998755986,16.927396946171015,0,1.0297531426957485,0.0
793,3,Cooking,VERB,appos,-0.792319016115778,14.18943851219957,14.981757528315349,0,0.9644896640487856,0.1
793,4,In,ADP,case,-0.6310492169157955,6.195085075340713,6.8261342922565085,0,0.07517578475969286,0.1
793,5,the,DET,det,0.7461603322742856,4.733084097091282,3.986923764816997,0,0.05970960299378529,0.1
793,6,Oven,NOUN,obl,1.3394816031073091,5.482079380118688,4.142597777011379,3,0.035122554327888744,0.1
794,1,Preheat,VERB,root,0.8254603755137726,6.197916666123875,5.372456290610103,,0.06508830294114955,0.0
794,2,oven,NOUN,obj,-1.2753736616403044,5.482079380118688,6.757453041758993,0,0.10092715664521687,0.0
794,3,to,ADP,case,-1.1482049557620515,5.85516522689238,7.0033701826544315,0,0.07994247338649471,0.0
794,4,350,NUM,nummod,-0.497347731003142,8.849588509314946,9.346936240318088,0,0.6267084966859734,0.0
794,5,°,NOUN,obl,0.30769438303256713,5.482079380118688,5.174384997086121,2,0.19701901832199992,0.0
794,6,F,PROPN,compound,-2.207594034974111,14.604476011478415,16.812070046452526,1,1.1504071136081064,0.0
794,7,(,PUNCT,punct,0.036763981853411565,9.517013170228076,9.480249188374664,,0.163183629832393,0.0
794,8,177,NUM,nummod,1.0419204434830114,8.849588509314946,7.807668065831935,0,0.12849254113365438,0.0
794,9,°,NOUN,appos,-0.5462330605226517,5.482079380118688,6.02831244064134,2,0.04337367677461564,0.0
794,10,C,PROPN,compound,-0.40380914084076913,14.604476011478415,15.008285152319184,1,0.8437596752504128,0.0
794,11,),PUNCT,punct,0.1643129350156638,9.531227029447775,9.366914094432111,,0.16242968108580194,0.0
794,12,.,PUNCT,punct,-0.09203051897604064,3.7008451783641614,3.792875697340202,,0.027999369931065297,0.0
795,1,Arrange,VERB,root,0.8254603755137726,6.197916666123875,5.372456290610103,,0.06508830294114955,0.0
795,2,rack,NOUN,obj,-1.2753736616403044,5.482079380118688,6.757453041758993,0,0.10092715664521687,0.0
795,3,in,ADP,case,-0.8099280513687415,6.195085075340713,7.005013126709454,0,0.05623978291667467,0.0
795,4,the,DET,det,0.8418380180967766,4.733084097091282,3.891246078994506,0,0.09305689188357891,0.0
795,5,middle,NOUN,obl,-0.03107205609144259,12.488998794058478,12.52007085014992,2,0.8716270933509098,0.0
795,6,of,ADP,case,0.2699502903996285,5.747531807657332,5.477581517257703,0,0.46182043777760656,0.0
795,7,the,DET,det,0.9070697761617117,4.733084097091282,3.8260143209295707,0,0.28449346179041635,0.0
795,8,oven,NOUN,nmod,0.8052657679409458,5.482079380118688,4.676813612177742,3,1.2547927936080956,0.0
795,9,.,PUNCT,punct,0.38348914096440856,3.7008451783641614,3.317356037399753,,0.03348386160518153,0.0
796,1,Rinse,VERB,root,0.8254603755137726,6.197916666123875,5.372456290610103,,0.06508830294114955,0.0
796,2,quinoa,NOUN,obj,-1.2753736616403044,5.482079380118688,6.757453041758993,0,0.10092715664521687,0.0
796,3,thoroughly,ADV,advmod,-0.7266457062919915,9.200753825427405,9.927399531719397,0,0.27933623246139444,0.0
796,4,in,ADP,case,-1.0058976493261085,6.195085075340713,7.200982724666821,0,0.16194685528248234,0.0
796,5,a,DET,det,0.13517366803654696,5.916808727223201,5.781635059186654,0,0.13983917559143996,0.0
796,6,fine,ADJ,amod,-0.7624175344368123,12.867510417312209,13.629927951749021,0,0.7290713453363886,0.0
796,7,mesh,NOUN,compound,1.1299988093652464,5.482079380118688,4.352080570753442,1,0.03313495215337975,0.0
796,8,seive,NOUN,obl,0.006271283502819358,5.482079380118688,5.475808096615869,3,0.0320895723445655,0.0
796,9,under,ADP,case,-0.30619461655830627,11.145044392841116,11.451239009399423,0,0.16211541351620756,0.0
796,10,cold,ADJ,amod,-0.06096876659747963,13.019513510757259,13.080482277354738,0,0.5360313608799365,0.0
796,11,water,NOUN,obl,0.49081079321120136,12.18943851219957,11.69862771898837,2,0.32062415233289504,0.0
796,12,.,PUNCT,punct,0.34406441419445644,3.7008451783641614,3.356780764169705,,0.01963425397652831,0.0
797,1,In,ADP,case,-0.7512908726612668,6.195085075340713,6.94637594800198,0,0.059321265642547326,0.0
797,2,a,DET,det,0.41184008907713743,5.916808727223201,5.504968638146064,0,0.10754305582662665,0.0
797,3,medium,ADJ,amod,-0.07787620216309321,6.939140094293238,7.017016296456331,0,0.12242597024471732,0.0
797,4,saucepan,NOUN,obl,1.6509567160632725,5.482079380118688,3.8311226640554157,3,0.13083315128523268,0.0
797,5,",",PUNCT,punct,-0.2209999191851173,4.552360855055908,4.773360774241025,,0.1014880566763892,0.0
797,6,heat,VERB,root,-1.043580570302451,15.18943851219957,16.23301908250202,,0.9564331128758753,0.0
797,7,up,ADP,compound:prt,-1.2044406012906652,9.13415607669838,10.338596677989045,0,0.6738348509858026,0.0
797,8,2,NUM,nummod,0.23607762320633086,11.488998794058478,11.252921170852147,0,0.2552092881157464,0.0
797,9,tablespoons,NOUN,nmod:unmarked,0.16672303225534701,5.482079380118688,5.315356347863341,1,0.06766973994667108,0.0
797,10,vegetable,NOUN,compound,-0.14621450515885748,5.482079380118688,5.628293885277546,0,0.032632339121507835,0.0
797,11,oil,NOUN,obj,-0.2327872924901584,13.019513510757259,13.252300803247417,2,0.5529520678760438,0.0
797,12,over,ADP,case,-0.5144898412587207,9.634849660521933,10.149339501780654,0,0.10580455094364045,0.0
797,13,medium,ADJ,amod,-0.08061167592640661,6.939140094293238,7.019751770219645,0,0.07582954636118613,0.0
797,14,-,PUNCT,punct,-0.12123782322512078,8.337689470783513,8.458927294008634,,0.06587873559060023,0.0
797,15,low,ADJ,amod,0.06354801847447966,13.604476011478415,13.540927993003935,1,0.5864206954151048,0.0
797,16,heat,NOUN,obl,0.9895777793585392,15.18943851219957,14.199860732841032,2,0.8588207725291275,0.0
797,17,.,PUNCT,punct,0.22111933771627523,3.7008451783641614,3.479725840647886,,0.024145620408905,0.0
798,1,Cook,VERB,root,0.8254603755137726,6.197916666123875,5.372456290610103,,0.06508830294114955,0.0
798,2,onions,NOUN,obj,-1.2753736616403044,5.482079380118688,6.757453041758993,0,0.10092715664521687,0.0
798,3,until,SCONJ,mark,-1.134662538411387,12.488998794058478,13.623661332469865,0,0.4814791331516508,0.0
798,4,they,PRON,nsubj,0.518986222034612,7.894817763307944,7.375831541273332,0,0.6334646781900557,0.0
798,5,are,AUX,cop,0.8446393290609864,7.693583485312399,6.848944156251413,0,0.646658407705829,0.0
798,6,translucent,ADJ,advcl,3.1871559147627506,6.939140094293238,3.7519841795304876,3,1.3675471847741196,0.0
798,7,",",PUNCT,punct,-0.16387821489072962,4.552360855055908,4.716239069946638,,0.287368364531,0.0
798,8,but,CCONJ,cc,-0.20887272842156612,8.167070699171116,8.375943427592683,0,0.3255726678431821,0.0
798,9,not,PART,advmod,0.8289252187593164,7.801421226854436,6.97249600809512,0,1.1108574708500514,0.0
798,10,burned,VERB,conj,1.4990019297617527,6.197916666123875,4.698914736362123,3,1.0347683033159207,0.0
798,11,.,PUNCT,punct,1.3965245465125085,3.7008451783641614,2.304320631851653,,0.08369500545837313,0.0
799,1,Sweat,VERB,root,0.8254603755137726,6.197916666123875,5.372456290610103,,0.06508830294114955,0.0
799,2,the,DET,det,-1.4279548700534734,4.733084097091282,6.161038967144756,0,0.04419818199171289,0.0
799,3,peppers,NOUN,obj,1.2801925355424029,5.482079380118688,4.201886844576285,1,0.10825019287268782,0.0
799,4,or,CCONJ,cc,-0.5831383502099801,8.461518057636372,9.044656407846352,0,0.17340621894983924,0.0
799,5,vegetables,NOUN,conj,-1.1640431078840745,14.604476011478415,15.76851911936249,2,0.6628184957227855,0.0
799,6,along,ADV,advmod,-0.4598797338221008,12.488998794058478,12.948878527880579,0,0.3259892550379262,0.0
799,7,with,ADP,case,0.370794897319664,7.899419665266953,7.528624767947289,0,0.07881985760370158,0.0
799,8,the,DET,det,0.949396335248692,4.733084097091282,3.7836877618425904,0,0.04920950789871446,0.0
799,9,onions,NOUN,obl,1.3366138174044417,5.482079380118688,4.1454655627142465,3,0.0354667858319664,0.0
799,10,.,PUNCT,punct,0.3842526321118136,3.7008451783641614,3.316592546252348,,0.020936287004760253,0.0
800,1,Add,VERB,root,1.1176579911487519,14.18943851219957,13.071780521050819,,0.9636719128218444,0.0
800,2,the,DET,det,-0.9612776276849804,4.733084097091282,5.694361724776263,0,0.4817523137225257,0.0
800,3,quinoa,NOUN,obj,1.5088086904184959,5.482079380118688,3.9732706897001924,1,0.6216249585085515,0.0
800,4,and,CCONJ,cc,-0.6373298189265046,5.740289866824134,6.377619685750639,0,0.37506302212440146,0.0
800,5,salt,NOUN,conj,2.26188762259539,12.867510417312209,10.605622794716819,2,3.0374238339616846,0.0
800,6,to,ADP,case,0.21782828225926032,5.85516522689238,5.63733694463312,0,0.7232422722207782,0.0
800,7,the,DET,det,0.47865389692032423,4.733084097091282,4.254430200170958,0,1.2638290180539966,0.0
800,8,saucepan,NOUN,obl,0.7408020483983258,5.482079380118688,4.7412773317203625,2,1.090883184830815,0.0
800,9,",",PUNCT,punct,-0.2011777759003479,4.552360855055908,4.753538630956256,,0.3225633951035168,0.0
800,10,stirring,VERB,advcl,-5.554204069605904,15.18943851219957,20.743642581805474,0,2.5145290523755057,0.2
800,11,until,SCONJ,mark,-0.6618718729548867,12.488998794058478,13.150870667013365,0,0.47681148553598063,0.2
800,12,completely,ADV,advmod,0.013063927756563842,13.382083590141967,13.369019662385403,0,0.7053262419409109,0.2
800,13,incorporated,VERB,advcl,0.29027266276817,6.197916666123875,5.907644003355705,3,0.2245860965322539,0.2
800,14,.,PUNCT,punct,0.9140470670065852,3.7008451783641614,2.786798111357576,,0.020026717785410618,0.2
801,1,This,PRON,nsubj,-0.14321683198097546,7.086150703787548,7.229367535768524,0,0.07024480721902689,0.0
801,2,should,AUX,aux,-0.4069704947553916,10.461518057636372,10.868488552391764,0,0.24339299622417693,0.0
801,3,take,VERB,root,0.8924451857924023,10.545582322424846,9.653137136632443,,0.25191636412953344,0.0
801,4,no,ADV,advmod,-0.9234301432558034,8.567386692743195,9.490816835998999,0,0.1262454866922467,0.0
801,5,longer,ADV,advmod,-0.41225511238828005,12.730006893562273,13.142262005950553,1,0.3205730498487256,0.0
801,6,than,ADP,case,-0.3128865545256332,10.604476011478415,10.917362566004048,0,0.1558355995514596,0.0
801,7,30,NUM,nummod,0.044243661211773144,12.488998794058478,12.444755132846705,0,0.30172645607399,0.0
801,8,seconds,NOUN,obl,0.3975859528191865,13.867510417312209,13.469924464493022,3,0.7960715715564488,0.1
801,9,.,PUNCT,punct,0.46153401213290657,3.7008451783641614,3.239311166231255,,0.01585937716616318,0.1
802,1,Spread,VERB,root,0.8217822363415159,14.604476011478415,13.782693775136899,,1.1737508931018261,0.0
802,2,out,ADP,compound:prt,-1.9808076806187511,9.15601551066212,11.136823191280872,0,0.3893443393189752,0.0
802,3,quinoa,NOUN,obj,1.158201829790805,5.482079380118688,4.323877550327883,0,0.769865402384281,0.0
802,4,evenly,ADV,advmod,-1.1476927734502436,9.200753825427405,10.348446598877649,0,0.33241999460026866,0.0
802,5,and,CCONJ,cc,-0.43570471185409065,5.740289866824134,6.175994578678225,0,0.3868027193928348,0.0
802,6,cover,VERB,conj,-0.19520483788443244,13.867510417312209,14.062715255196641,1,0.9686524584165802,0.0
802,7,baking,NOUN,compound,-0.40274850863979417,5.482079380118688,5.884827888758482,0,0.035082451571706794,0.0
802,8,dish,NOUN,obj,-0.30769630657882807,5.482079380118688,5.789775686697516,2,0.03281953353715611,0.0
802,9,completely,ADV,advmod,-0.20730592578788354,13.382083590141967,13.58938951592985,1,0.5347887484190236,0.0
802,10,with,ADP,case,-0.5687857441119899,7.899419665266953,8.468205409378943,0,0.07079392031064083,0.0
802,11,aluminum,NOUN,compound,0.4832770668761235,5.482079380118688,4.998802313242565,0,0.051010069228281094,0.0
802,12,foil,NOUN,obl,-0.2010127852924537,5.482079380118688,5.683092165411142,3,0.031484290304437425,0.0
802,13,.,PUNCT,punct,0.3859428463549688,3.7008451783641614,3.3149023320091926,,0.017153811604472956,0.0
803,1,Cook,VERB,root,0.8254603755137726,6.197916666123875,5.372456290610103,,0.06508830294114955,0.0
803,2,the,DET,det,-1.4279548700534734,4.733084097091282,6.161038967144756,0,0.04419818199171289,0.0
803,3,quinoa,NOUN,obj,1.2801925355424029,5.482079380118688,4.201886844576285,1,0.10825019287268782,0.0
803,4,in,ADP,case,-0.5028911418065967,6.195085075340713,6.69797621714731,0,0.04995783838940677,0.0
803,5,the,DET,det,0.907070578520802,4.733084097091282,3.8260135185704804,0,0.08282308182863082,0.0
803,6,oven,NOUN,obl,1.3333221806647124,5.482079380118688,4.148757199453976,2,0.17439599654651056,0.0
803,7,for,ADP,case,-0.1436138461054135,7.502937985016352,7.646551831121766,0,0.11890806277043554,0.0
803,8,roughly,ADV,advmod,-1.6273163891065003,9.200753825427405,10.828070214533906,0,0.46284892885795126,0.0
803,9,20,NUM,nummod,-0.21267848172387893,12.019513510757259,12.232191992481138,1,0.5119239613625084,0.0
803,10,minutes,NOUN,obl,0.10265885288455578,12.382083590141967,12.279424737257411,2,0.4290241567196504,0.0
803,11,",",PUNCT,punct,0.33956599651054287,4.552360855055908,4.212794858545365,,0.02466638369263095,0.0
803,12,or,CCONJ,cc,-0.6744905364704721,8.461518057636372,9.136008594106844,0,0.09020180956948082,0.0
803,13,until,SCONJ,mark,0.05028390944743499,12.488998794058478,12.438714884611043,0,0.4454217934930565,0.0
803,14,most,ADJ,nsubj,0.09897736065309992,10.123349321741799,10.024371961088699,0,0.154417884606219,0.0
803,15,of,ADP,case,-0.14550849347387196,5.747531807657332,5.893040301131204,0,0.14220964956087984,0.0
803,16,the,DET,det,0.9018472613013344,4.733084097091282,3.831236835789948,0,0.07044863141972939,0.0
803,17,liquid,NOUN,obl,0.7247576655370302,13.867510417312209,13.142752751775179,3,0.6294780768138877,0.0
803,18,is,AUX,cop,-0.5792860975541219,6.470049691257488,7.04933578881161,0,0.03754485281937899,0.0
803,19,gone,ADJ,conj,0.6392362932006019,12.867510417312209,12.228274124111607,5,0.46578925653465897,0.0
803,20,.,PUNCT,punct,0.5536203227959167,3.7008451783641614,3.1472248555682447,,0.0782293614214424,0.0
804,1,After,ADP,case,0.10254071087711836,10.730006893562273,10.627466182685154,0,0.20665634866450633,0.0
804,2,5,NUM,nummod,-0.9332393614934009,12.382083590141967,13.315322951635368,0,0.4751003832731723,0.0
804,3,minutes,NOUN,obl,-1.1767341178859745,12.382083590141967,13.558817708027942,2,0.7110177136949013,0.0
804,4,",",PUNCT,punct,-0.3996324167673162,4.552360855055908,4.951993271823224,,0.030453687692288945,0.0
804,5,the,DET,det,-0.8543340979300771,4.733084097091282,5.5874181950213595,0,0.033556268941006974,0.0
804,6,quinoa,NOUN,nsubj:pass,1.2478444256138843,5.482079380118688,4.234234954504804,1,0.03586990522076029,0.0
804,7,should,AUX,aux,-0.5900120339923269,10.461518057636372,11.051530091628699,0,0.1700875450744165,0.0
804,8,be,AUX,aux:pass,0.4791965185689042,8.075696346150382,7.596499827581478,0,0.07799778257723043,0.0
804,9,fully,ADV,advmod,0.34413581032590734,13.382083590141967,13.03794777981606,0,0.47202073823241864,0.0
804,10,cooked,VERB,root,0.8164488621590174,6.197916666123875,5.381467803964858,,0.08188105375110916,0.0
804,11,.,PUNCT,punct,0.9231719315275839,3.7008451783641614,2.7776732468365775,,0.020477845373388558,0.0
805,1,Serve,VERB,root,0.8217822363415141,15.18943851219957,14.367656275858057,,1.0332003421917826,0.4
805,2,and,CCONJ,cc,-2.6201675021226842,5.740289866824134,8.360457368946818,0,0.44332899004348636,0.4
805,3,enjoy,VERB,conj,-0.026440300265932137,13.382083590141967,13.4085238904079,1,0.5975475925294397,0.4
805,4,!,PUNCT,punct,0.7144159531160357,8.195085075340712,7.480669122224676,,0.030024069532463112,0.4
806,1,How,ADV,root,0.4418275764880235,9.167070699171116,8.725243122683093,,0.15605535644908047,0.0
806,2,to,PART,mark,0.27871856738048706,5.85516522689238,5.576446659511893,0,0.21935209577274067,0.0
806,3,Make,VERB,acl,-0.3242391035312213,9.979985146570622,10.304224250101843,1,0.35047537422037767,0.0
806,4,Skittles,PROPN,compound,-1.3216988203271374,6.11262291514874,7.434321735475877,0,0.05416156401991162,0.0
806,5,Vodka,NOUN,obj,-0.8317053542726569,5.482079380118688,6.313784734391345,2,0.03313469748077258,0.0
807,1,Three,NUM,nummod,0.0003951502293215725,10.123349321741799,10.122954171512477,0,0.14590297563046425,0.0
807,2,Methods,NOUN,root,-2.9182788243568236,14.18943851219957,17.107717336556394,,0.7981267422509546,0.0
807,3,:,PUNCT,punct,-0.661140049427571,8.524102595014394,9.185242644441965,,0.10257371318993211,0.0
807,4,Single,ADJ,amod,-1.1355401951062927,13.019513510757259,14.155053705863551,0,0.29599989175635527,0.0
807,5,Serving,NOUN,parataxis,-1.7935514073193755,15.18943851219957,16.982989919518946,1,0.8877146903584441,0.0
807,6,(,PUNCT,punct,0.5042767283567731,9.517013170228076,9.012736441871303,,0.17259741999191308,0.0
807,7,25,NUM,nummod,-0.403845898388802,13.18943851219957,13.593284410588373,0,0.7254584691372408,0.0
807,8,mL,NOUN,compound,-0.056754018483216484,5.482079380118688,5.538833398601905,1,0.03293636639058978,0.0
807,9,Shot,NOUN,appos,-0.2281017894178312,5.482079380118688,5.710181169536519,2,0.03602891117765785,0.0
807,10,),PUNCT,punct,0.11955671452991545,9.531227029447775,9.41167031491786,,0.18289690431527583,0.0
808,1,Bottles,NOUN,root,-0.8732365632322434,5.482079380118688,6.355315943350932,,0.04098359429255844,0.0
808,2,of,ADP,case,-1.5039206897903492,5.747531807657332,7.251452497447681,0,0.08082278639067615,0.0
808,3,"""",PUNCT,punct,-1.8740798692998952,7.845142604283754,9.719222473583649,,0.37927372176157337,0.0
808,4,Skittled,VERB,nmod,-0.9305326574902848,6.197916666123875,7.12844932361416,1,1.0382848538545553,0.0
808,5,"""",PUNCT,punct,3.163511031759689,7.845142604283754,4.681631572524065,,1.514481181867849,0.0
809,1,Vodka,NOUN,compound,-0.8732365632322434,5.482079380118688,6.355315943350932,0,0.04098359429255844,0.0
809,2,Dishwasher,NOUN,compound,-1.0458639718669334,5.482079380118688,6.527943351985622,0,0.08272163632914954,0.0
809,3,Bottle,NOUN,compound,-2.5765649668502935,15.18943851219957,17.766003479049864,2,0.6216272614294376,0.1
809,4,Method,NOUN,root,-0.7429812649281526,14.18943851219957,14.932419777127723,,0.6497899075239185,0.1
810,1,Making,VERB,csubj,0.49247346930187774,11.867510417312209,11.375036948010331,0,0.2864389801167314,0.0
810,2,Skittles,PROPN,compound,-2.742346323749044,6.11262291514874,8.854969238897784,0,0.2108638567881536,0.0
810,3,vodka,NOUN,obj,-0.6677850432086148,5.482079380118688,6.149864423327303,2,0.23780181244427956,0.0
810,4,is,AUX,cop,-1.113324490217206,6.470049691257488,7.583374181474694,0,0.09780111302875558,0.0
810,5,a,DET,det,0.37580916264011943,5.916808727223201,5.540999564583082,0,0.3209737844552275,0.0
810,6,fun,ADJ,amod,-0.6506416355598184,12.282547916591051,12.93318955215087,0,0.5438724984663592,0.0
810,7,way,NOUN,root,0.4224593152934695,10.545582322424846,10.123123007131376,,0.2827979234583329,0.0
810,8,to,PART,mark,-0.35129421503848945,5.85516522689238,6.206459441930869,0,0.03470951439016906,0.0
810,9,add,VERB,acl,0.3077312409688915,14.18943851219957,13.88170727123068,1,0.5523764459895814,0.0
810,10,a,DET,det,-0.35534651712493037,5.916808727223201,6.272155244348132,0,0.04198805777299095,0.0
810,11,splash,NOUN,obj,1.2755768052252083,5.482079380118688,4.20650257489348,2,0.03316386471066011,0.0
810,12,of,ADP,case,-0.08624687427899858,5.747531807657332,5.83377868193633,0,0.038616794283775624,0.0
810,13,fruity,ADJ,amod,-0.2907931722690922,6.939140094293238,7.22993326656233,0,0.07644579578050052,0.0
810,14,flavor,NOUN,nmod,1.0312934578750896,5.482079380118688,4.450785922243599,3,0.03194018517031191,0.0
810,15,and,CCONJ,cc,-0.4718381033956396,5.740289866824134,6.212127970219774,0,0.0521848421977199,0.0
810,16,color,NOUN,conj,0.3724181793871377,13.867510417312209,13.495092237925071,2,0.5916447484936416,0.0
810,17,to,ADP,case,-0.23304267436883475,5.85516522689238,6.088207901261215,0,0.03479159785070955,0.0
810,18,regular,ADJ,amod,-0.25025258718267374,14.18943851219957,14.439691099382244,0,0.522160287683691,0.0
810,19,vodka,NOUN,obl,0.8345592417561303,5.482079380118688,4.647520138362558,3,0.02695092934324912,0.0
810,20,.,PUNCT,punct,0.47404689362991936,3.7008451783641614,3.226798284734242,,0.018780778461484494,0.0
811,1,Find,VERB,root,0.805600142013704,11.282547916591051,10.476947774577347,,0.3647134189123852,0.0
811,2,multiple,ADJ,amod,-2.7598530553643617,14.18943851219957,16.949291567563932,0,0.6037506561006831,0.1
811,3,methods,NOUN,obj,0.29366350266925956,14.18943851219957,13.895775009530311,1,0.8322769905161297,0.1
811,4,for,SCONJ,mark,-0.5814309869998642,7.502937985016352,8.084368972016216,0,0.044590143027506544,0.1
811,5,making,VERB,acl,-2.1001496722964355,11.867510417312209,13.967660089608644,2,0.3752430781785197,0.1
811,6,Skittles,PROPN,compound,-0.81670831240032,6.11262291514874,6.92933122754906,0,0.060132023132170406,0.1
811,7,vodka,NOUN,obj,-0.6590762160109138,5.482079380118688,6.141155596129602,2,0.029060190060112682,0.1
811,8,after,ADP,case,-0.5508854493173203,10.730006893562273,11.280892342879593,0,0.16989999471467293,0.1
811,9,the,DET,det,0.49308593972677883,4.733084097091282,4.239998157364504,0,0.08855848205484657,0.1
811,10,jump,NOUN,obl,-4.096789535166328,15.18943851219957,19.2862280473659,2,0.5662767132925843,0.3
811,11,--,PUNCT,punct,0.22828476348786886,10.0809140554214,9.852629291933532,,0.12593890009878428,0.3
811,12,and,CCONJ,cc,-0.23426065466704138,5.740289866824134,5.974550521491175,0,0.061621647776311496,0.3
811,13,soon,ADV,advmod,0.14802065579599066,12.867510417312209,12.719489761516218,0,0.24990501644794302,0.3
811,14,you,PRON,nsubj,-0.29185056374456586,6.339251674553796,6.631102238298362,0,0.06341030335717873,0.3
811,15,'ll,AUX,aux,0.7879881425900646,10.40807879867491,9.620090656084846,0,0.12453415553052889,0.3
811,16,be,AUX,aux,0.5991281138753255,8.075696346150382,7.476568232275056,0,0.09623057247711131,0.3
811,17,tasting,VERB,conj,-1.5872779748794539,15.18943851219957,16.776716487079025,5,0.6290713290059099,0.5
811,18,the,DET,det,-0.42375653282123515,4.733084097091282,5.156840629912518,0,0.025465144729273175,0.5
811,19,rainbow,NOUN,obj,1.2708150471553692,5.482079380118688,4.211264332963319,2,0.01601102931542514,0.5
811,20,!,PUNCT,punct,0.3039046461143755,8.195085075340712,7.891180429226337,,0.0694641781315365,0.5
812,1,Ingredients,NOUN,root,0.10159228814312371,14.18943851219957,14.087846224056447,,0.876094790684961,0.0
813,1,A,DET,det,-0.7489890469122029,5.916808727223201,6.665797774135404,0,0.04887894799059029,0.0
813,2,handle,NOUN,root,1.222269879700014,5.482079380118688,4.259809500418674,,0.051870426993601663,0.0
813,3,(,PUNCT,punct,-0.8180294379441246,9.517013170228076,10.3350426081722,,0.13671383790263256,0.0
813,4,1.75,NUM,nummod,3.6202381798615857,8.849588509314946,5.229350329453361,0,0.7301316245653685,0.0
813,5,liters,NOUN,appos,0.14029568330971998,5.482079380118688,5.341783696808968,1,0.22978738962175316,0.0
813,6,",",PUNCT,punct,-0.13928926219347826,4.552360855055908,4.691650117249386,,0.2806658807142705,0.0
813,7,about,ADV,advmod,-0.4503084479674353,9.101975670949232,9.552284118916667,0,0.28912258113751443,0.0
813,8,a,DET,det,-0.42596354857038055,5.916808727223201,6.342772275793582,0,0.535236620412621,0.0
813,9,half,NUM,nummod,-1.4667330588239498,11.434551010036103,12.901284068860052,2,2.017664256861789,0.0
813,10,gallon,NOUN,appos,-1.9435564426191023,5.482079380118688,7.4256358227377905,1,1.9167828781783713,0.0
813,11,),PUNCT,punct,0.010572607365894271,9.531227029447775,9.520654422081881,,0.20463778599589585,0.0
813,12,of,ADP,case,-0.4302196644525962,5.747531807657332,6.177751472109928,0,0.06434943814409746,0.0
813,13,vodka,NOUN,nmod,0.8381538215976931,5.482079380118688,4.643925558520995,1,0.04798501608221007,0.0
813,14,per,ADP,case,-0.2148677158211605,13.382083590141967,13.596951305963128,0,0.6806930868275719,0.0
813,15,bag,NOUN,nmod,0.8358458280382273,14.18943851219957,13.353592684161343,1,0.5852570569123412,0.0
813,16,of,ADP,case,-0.22798575595233572,5.747531807657332,5.975517563609667,0,0.04816057332203493,0.0
813,17,Skittles,PROPN,nmod,0.7295972177498804,6.11262291514874,5.3830256973988595,2,0.08096796255364869,0.0
814,1,A,DET,det,-0.7489890469122029,5.916808727223201,6.665797774135404,0,0.04887894799059029,0.0
814,2,large,ADJ,amod,1.1853587079945367,12.488998794058478,11.303640086063941,0,0.5313470604279681,0.0
814,3,bag,NOUN,root,-1.184894501020251,14.18943851219957,15.374333013219822,,0.7216816118190101,0.0
814,4,of,ADP,case,-0.674411838807802,5.747531807657332,6.421943646465134,0,0.04592532396091,0.0
814,5,Skittles,PROPN,compound,0.6717253807181365,6.11262291514874,5.440897534430603,0,0.07855849739168273,0.0
814,6,candy,NOUN,nmod,-0.9067210950884546,5.482079380118688,6.388800475207143,2,0.042771956618470136,0.0
814,7,(,PUNCT,punct,-0.18990273053539042,9.517013170228076,9.706915900763466,,0.16617592644498344,0.0
814,8,the,DET,det,-0.565566220088475,4.733084097091282,5.298650317179757,0,0.02952175359937488,0.0
814,9,"""",PUNCT,punct,-1.907956309079876,7.845142604283754,9.75309891336363,,0.16259611350661654,0.0
814,10,movie,NOUN,compound,0.7026801503825233,12.867510417312209,12.164830266929686,0,0.506917516168528,0.0
814,11,size,NOUN,compound,-0.08512702383596071,13.18943851219957,13.274565536035531,1,0.48233710895051346,0.0
814,12,"""",PUNCT,punct,-0.02488366680853904,7.845142604283754,7.870026271092293,,0.13590803493235498,0.0
814,13,bag,NOUN,appos,-0.3972882609002433,14.18943851219957,14.586726773099814,2,0.5310994361617425,0.0
814,14,),PUNCT,punct,-0.13195284104746108,9.531227029447775,9.663179870495236,,0.17306430122281247,0.0
815,1,Method,NOUN,root,1.068392702128305,14.18943851219957,13.121045810071266,,1.0986258211200017,0.0
815,2,1,NUM,flat,6.666047919406896,10.634849660521933,3.9688017411150374,0,0.8462847458709708,0.0
815,3,of,ADP,case,-0.4266052251428256,5.747531807657332,6.174137032800157,0,1.6280225312539094,0.0
815,4,3,NUM,nmod,-8.02220834530282,11.941510998755986,19.963719344058806,1,2.266061679340621,0.0
815,5,:,PUNCT,punct,-0.33122234920826443,8.524102595014394,8.855324944222659,,1.0068556702211564,0.0
815,6,Single,ADJ,amod,-1.4082682929856762,13.019513510757259,14.427781803742935,0,0.4232739558276022,0.0
815,7,Serving,NOUN,appos,-1.8577396528646144,15.18943851219957,17.047178165064185,1,0.9074051484966457,0.0
815,8,(,PUNCT,punct,0.5080274221905263,9.517013170228076,9.00898574803755,,0.1733875287235079,0.0
815,9,25,NUM,nummod,0.14711519410516694,13.18943851219957,13.042323318094404,0,0.7652882671714748,0.0
815,10,mL,NOUN,compound,-0.2128519344032025,5.482079380118688,5.694931314521891,1,0.04834924441394631,0.0
815,11,Shot,NOUN,appos,-0.2496209607240072,5.482079380118688,5.731700340842695,1,0.03469920359041633,0.0
815,12,),PUNCT,punct,0.09370832599802092,9.531227029447775,9.437518703449754,,0.17911884535666628,0.0
816,1,However,ADV,advmod,0.44532943825009497,11.282547916591051,10.837218478340956,0,0.3313699277382738,0.0
816,2,",",PUNCT,punct,2.7726756200727825,4.552360855055908,1.7796852349831256,,0.07144862797440488,0.0
816,3,you,PRON,nsubj,-1.0200697880577199,6.339251674553796,7.359321462611516,0,0.7812820342524968,0.0
816,4,can,AUX,aux,2.4574293955185675,8.388538612279266,5.9311092167606985,0,0.7355626887077663,0.0
816,5,put,VERB,root,-3.820443167593597,10.30679546283773,14.127238630431327,,0.7438827251238092,0.0
816,6,them,PRON,obj,0.023890333107351225,9.56008189211996,9.53619155901261,0,0.1309733288323054,0.0
816,7,in,ADP,compound:prt,-0.3864203854851551,6.195085075340713,6.581505460825868,0,0.05431182077584042,0.0
816,8,if,SCONJ,mark,-1.141609145062164,8.876555556915216,10.01816470197738,0,0.16207385252581297,0.0
816,9,you,PRON,nsubj,0.34174237933956153,6.339251674553796,5.997509295214234,0,0.1226972787605188,0.0
816,10,want,VERB,advcl,0.6106529490995953,9.96061982170369,9.349966872604094,2,0.12917449793077718,0.0
816,11,.,PUNCT,punct,0.9110135525626104,3.7008451783641614,2.789831625801551,,0.026065256681992655,0.0
817,1,If,SCONJ,mark,0.6507670307312896,8.876555556915216,8.225788526183926,0,0.12486982165802919,0.0
817,2,you,PRON,nsubj,1.234255010938349,6.339251674553796,5.104996663615447,0,0.08892111424232486,0.0
817,3,do,AUX,aux,2.7702218990517604,7.650279701091539,4.8800578020397785,0,0.35755099218313174,0.0
817,4,n't,PART,advmod,3.7357827249273763,7.876555556915215,4.140772831987839,0,0.1153782646088507,0.0
817,5,mind,VERB,advcl,2.1625982128583647,12.488998794058478,10.326400581200113,4,2.499143908676833,0.0
817,6,mixed,VERB,amod,-8.471458671636059,15.18943851219957,23.66089718383563,0,2.7438830789280977,0.2
817,7,flavors,NOUN,obj,-0.39563993703226075,5.482079380118688,5.877719317150949,2,0.034760558336448054,0.2
817,8,",",PUNCT,punct,0.7065332227283077,4.552360855055908,3.8458276323276004,,0.023482530565092585,0.2
817,9,you,PRON,nsubj,-0.153484768763688,6.339251674553796,6.492736443317484,0,0.041961097322902825,0.2
817,10,can,AUX,aux,0.06945579673641866,8.388538612279266,8.319082815542847,0,0.07248606511800398,0.2
817,11,just,ADV,advmod,0.43505037946825276,8.627196087978497,8.192145708510244,0,0.08199537705146587,0.2
817,12,skip,VERB,root,0.6158793784082217,15.18943851219957,14.573559133791349,,0.7783875330826572,0.2
817,13,this,DET,det,-0.10693686212427167,7.086150703787548,7.19308756591182,0,0.033115588510306916,0.2
817,14,step,NOUN,obj,0.27540424507787087,13.604476011478415,13.329071766400544,1,0.7917649517231803,0.2
817,15,altogether,ADV,advmod,0.006227320675444403,9.200753825427405,9.19452650475196,0,0.12406358045662996,0.2
817,16,.,PUNCT,punct,0.5922926646903668,3.7008451783641614,3.1085525136737946,,0.039230439794310935,0.2
818,1,Add,VERB,root,1.1176579911487519,14.18943851219957,13.071780521050819,,0.9636719128218444,0.0
818,2,six,NUM,nummod,-3.119316400673805,11.604476011478415,14.72379241215222,0,0.6111756024301451,0.0
818,3,Skittles,PROPN,obj,-1.4276843216621158,6.11262291514874,7.540307236810856,1,0.13769115811670266,0.0
818,4,to,ADP,case,-0.1351511752979757,5.85516522689238,5.990316402190356,0,0.06377194872191028,0.0
818,5,25,NUM,nummod,2.033382092830619,13.18943851219957,11.156056419368952,0,0.688686084904351,0.0
818,6,ml,NOUN,obl,-0.7054223294003776,5.482079380118688,6.187501709519066,2,0.057419291258045416,0.0
818,7,of,ADP,case,-0.4292986879970444,5.747531807657332,6.176830495654376,0,0.03418474208467152,0.0
818,8,vodka,NOUN,nmod,0.7375020149307492,5.482079380118688,4.744577365187939,2,0.03761391148654336,0.0
818,9,.,PUNCT,punct,0.270949557929951,3.7008451783641614,3.4298956204342104,,0.0192330996701763,0.0
819,1,Keep,VERB,root,0.7747709325457794,11.282547916591051,10.507776984045272,,0.27200254545337693,0.0
819,2,swirling,VERB,xcomp,-0.9986719431438162,6.197916666123875,7.196588609267692,0,0.7878088976139216,0.0
819,3,the,DET,det,-0.6136921409325584,4.733084097091282,5.346776238023841,0,0.25873102345538007,0.0
819,4,mixture,NOUN,obj,0.9429454640083978,5.482079380118688,4.53913391611029,2,0.273573357721787,0.0
819,5,until,SCONJ,mark,-0.7649209734219191,12.488998794058478,13.253919767480397,0,0.5605535488432967,0.0
819,6,the,DET,det,-0.5677970611882168,4.733084097091282,5.300881158279499,0,0.6792580587569736,0.0
819,7,Skittles,PROPN,nsubj:pass,-0.7718297594815624,6.11262291514874,6.884452674630302,1,0.3342677906920752,0.0
819,8,are,AUX,aux:pass,-0.7475312402748182,7.693583485312399,8.441114725587218,0,0.4136615698350881,0.0
819,9,almost,ADV,advmod,-0.4552381562789609,12.604476011478415,13.059714167757376,0,0.7813257136939018,0.0
819,10,completely,ADV,advmod,0.6545865613452335,13.382083590141967,12.727497028796734,1,0.5098668640856161,0.0
819,11,dissolved,VERB,advcl,0.08925239003336838,6.197916666123875,6.108664276090507,4,0.1660762144339793,0.0
819,12,.,PUNCT,punct,0.9072534346975747,3.7008451783641614,2.7935917436665867,,0.024987137157720222,0.0
820,1,Note,VERB,root,1.1811881465923282,13.867510417312209,12.68632227071988,,0.656207339577336,0.0
820,2,that,SCONJ,mark,-2.5997876725157623,6.437894453110473,9.037682125626235,0,1.1906151740639561,0.0
820,3,the,DET,det,-0.6787501251438437,4.733084097091282,5.411834222235126,0,0.27034417517434756,0.0
820,4,ratio,NOUN,nsubj,1.2317013151832423,5.482079380118688,4.250378064935446,1,0.28982527794100876,0.0
820,5,of,ADP,case,-0.3815615138781858,5.747531807657332,6.1290933215355174,0,0.09715085515118677,0.0
820,6,Skittles,PROPN,nmod,0.6964177794443875,6.11262291514874,5.416205135704352,2,0.15459934054875035,0.0
820,7,to,ADP,case,-0.17106249314995914,5.85516522689238,6.026227720042339,0,0.472266225260836,0.0
820,8,vodka,NOUN,nmod,-0.360759027685714,5.482079380118688,5.842838407804402,2,0.3791407643291378,0.0
820,9,varies,VERB,ccomp,-0.6692698710422107,6.197916666123875,6.867186537166086,2,0.2855638543525981,0.0
820,10,from,ADP,case,-0.18406504792216616,8.288571704218821,8.472636752140987,0,0.08318039520223018,0.0
820,11,recipe,NOUN,obl,0.977513380636128,5.482079380118688,4.50456599948256,2,0.24411973853661417,0.0
820,12,to,ADP,case,-0.5677804825730508,5.85516522689238,6.422945709465431,0,0.16388553145789883,0.0
820,13,recipe,NOUN,obl,0.43711285508658015,5.482079380118688,5.044966525032108,2,0.25151853761481613,0.0
820,14,.,PUNCT,punct,0.3043837864117882,3.7008451783641614,3.396461391952373,,0.02120248038546332,0.0
821,1,You,PRON,nsubj,0.406728407907031,6.339251674553796,5.932523266646765,0,0.06306914613167432,0.0
821,2,should,AUX,aux,1.8398035918360112,10.461518057636372,8.62171446580036,0,0.3891223894626643,0.0
821,3,experiment,VERB,root,-3.953772261481989,15.18943851219957,19.14321077368156,,0.9084365578978305,0.0
821,4,to,PART,mark,0.2184284372186216,5.85516522689238,5.636736789673758,0,0.045166332405898894,0.0
821,5,find,VERB,advcl,1.3892014396987218,11.282547916591051,9.89334647689233,1,0.3394171606362043,0.0
821,6,your,PRON,nmod:poss,0.06015521942032542,8.658057051683258,8.597901832262933,0,0.09715456382051585,0.0
821,7,preferred,VERB,amod,-0.0031633333818215092,6.197916666123875,6.201079999505697,0,0.05762613786471399,0.0
821,8,mix,NOUN,obj,-0.6545497462741672,15.18943851219957,15.843988258473738,3,0.7801634398934381,0.2
821,9,before,SCONJ,mark,-0.21189590345416853,10.697585415869895,10.909481319324064,0,0.1600757024764992,0.2
821,10,making,VERB,advcl,-0.43039671370640953,11.867510417312209,12.297907131018619,1,0.27705169388383355,0.2
821,11,larger,ADJ,amod,-0.7156477604269824,14.604476011478415,15.320123771905397,0,0.7226088949712292,0.2
821,12,bottles,NOUN,obj,0.5611844628303349,5.482079380118688,4.920894917288353,2,0.037641728845100544,0.2
821,13,.,PUNCT,punct,0.6695859299290507,3.7008451783641614,3.0312592484351106,,0.01977655691216885,0.2
822,1,Filter,VERB,root,0.8254603755137726,6.197916666123875,5.372456290610103,,0.06508830294114955,0.0
822,2,out,ADP,compound:prt,0.0950018109051971,9.15601551066212,9.061013699756924,0,0.323657813851819,0.0
822,3,the,DET,det,-0.8472531428320629,4.733084097091282,5.580337239923345,0,0.28288861713182384,0.0
822,4,remaining,VERB,amod,-3.797591288628155,6.197916666123875,9.99550795475203,0,0.347202356069621,0.0
822,5,Skittle,PROPN,compound,-1.1858933473409703,6.11262291514874,7.29851626248971,0,0.294194008437404,0.0
822,6,"""",PUNCT,punct,-0.07159288010749343,7.845142604283754,7.916735484391247,,0.2296111309931252,0.0
822,7,insides,NOUN,obj,0.37603671101638714,5.482079380118688,5.106042669102301,3,0.33139701578187547,0.0
822,8,"""",PUNCT,punct,-0.04237340025365999,7.845142604283754,7.887516004537414,,0.2541099820042477,0.0
822,9,.,PUNCT,punct,-0.16681895284706894,3.7008451783641614,3.8676641312112303,,0.08170356182822458,0.0
823,1,Method,NOUN,root,1.068392702128305,14.18943851219957,13.121045810071266,,1.0986258211200017,0.0
823,2,2,NUM,flat,8.289291546936068,11.488998794058478,3.1997072471224097,0,3.7380949592116095,0.0
823,3,of,ADP,case,-0.5173240371917984,5.747531807657332,6.26485584484913,0,1.4600846793543238,0.0
823,4,3,NUM,nmod,-8.534663049304909,11.941510998755986,20.476174048060894,1,3.943166199916324,0.0
823,5,:,PUNCT,punct,-0.9105531651713239,8.524102595014394,9.434655760185718,,1.064514430324757,0.0
823,6,Bottles,NOUN,appos,2.7450118926079132,5.482079380118688,2.737067487510775,0,1.6579001785219958,0.0
823,7,of,ADP,case,0.6965348324326115,5.747531807657332,5.05099697522472,0,0.6307678142306233,0.0
823,8,"""",PUNCT,punct,-2.3848260459995148,7.845142604283754,10.229968650283269,,0.5707762821849929,0.0
823,9,Skittled,VERB,amod,0.9758300019366475,6.197916666123875,5.222086664187228,0,2.088303208980454,0.0
823,10,"""",PUNCT,punct,2.158282033213154,7.845142604283754,5.6868605710706,,1.3981396881674644,0.0
823,11,Vodka,NOUN,nmod,-2.5284409272536026,5.482079380118688,8.01052030737229,3,2.027442323783515,0.0
824,1,Pour,VERB,root,0.8254603755137726,6.197916666123875,5.372456290610103,,0.06508830294114955,0.0
824,2,out,ADP,compound:prt,0.0950018109051971,9.15601551066212,9.061013699756924,0,0.323657813851819,0.0
824,3,some,DET,det,-1.2022006289095106,9.223654227537484,10.425854856446994,0,0.3262951096155025,0.0
824,4,vodka,NOUN,obj,1.6473453253651797,5.482079380118688,3.8347340547535085,1,0.3399722972879094,0.0
824,5,from,ADP,case,-0.34475757509664184,8.288571704218821,8.633329279315463,0,0.13538098470876614,0.0
824,6,a,DET,det,0.6903770792701209,5.916808727223201,5.22643164795308,0,0.17460123539080158,0.0
824,7,bottle,NOUN,obl,0.45413371409778946,15.18943851219957,14.735304798101781,2,0.6398016693760348,0.1
824,8,to,PART,mark,-0.4275552068704318,5.85516522689238,6.282720433762812,0,0.009252611804396333,0.1
824,9,make,VERB,advcl,-0.11908120210315865,9.979985146570622,10.09906634867378,1,0.17905170678636154,0.1
824,10,room,NOUN,obj,-0.2961111894355657,12.101975670949232,12.398086860384797,1,0.265434161301009,0.1
824,11,for,ADP,case,-0.23359964859122773,7.502937985016352,7.73653763360758,0,0.04715634844529493,0.1
824,12,Skittles,PROPN,obl,0.41029786011315306,6.11262291514874,5.702325055035587,2,0.06585346427886875,0.1
824,13,.,PUNCT,punct,0.22685061462463096,3.7008451783641614,3.4739945637395304,,0.023691972443911642,0.1
825,1,Separate,VERB,root,-0.2121075500144034,15.18943851219957,15.401546062213974,,0.3031519287267459,0.5
825,2,the,DET,det,-1.0249388906123285,4.733084097091282,5.758022987703611,0,0.27040594123160727,0.5
825,3,Skittles,PROPN,obj,-0.9705884783196908,6.11262291514874,7.083211393468431,1,0.3018786630519289,0.5
825,4,by,ADP,case,0.04289653472498145,8.531227029447775,8.488330494722794,0,0.05585381718950737,0.5
825,5,color,NOUN,obl,-0.04256512272580437,13.867510417312209,13.910075540038013,1,0.556793128824379,0.5
825,6,.,PUNCT,punct,0.13049590272566514,3.7008451783641614,3.5703492756384962,,0.08005357960308919,0.5
826,1,Add,VERB,root,1.1176579911487519,14.18943851219957,13.071780521050819,,0.9636719128218444,0.0
826,2,the,DET,det,-0.9612776276849804,4.733084097091282,5.694361724776263,0,0.4817523137225257,0.0
826,3,Skittles,PROPN,obj,-2.023647053654824,6.11262291514874,8.136269968803564,1,0.6008855933174511,0.0
826,4,(,PUNCT,punct,0.13035907173156147,9.517013170228076,9.386654098496514,,0.2083412231010968,0.0
826,5,20,NUM,appos,0.7457780353253582,12.019513510757259,11.2737354754319,1,0.3188776234740795,0.0
826,6,-,SYM,case,0.6345230402917466,8.337689470783513,7.703166430491766,0,0.11028189810699952,0.0
826,7,25,NUM,nmod,2.5634520173345265,13.18943851219957,10.625986494865044,2,0.7327567342398945,0.0
826,8,per,ADP,case,-0.09902448058318747,13.382083590141967,13.481108070725154,0,0.6827297068215228,0.0
826,9,350,NUM,nummod,3.2309425895419643,8.849588509314946,5.618645919772982,0,0.13917022660121864,0.0
826,10,ml,NOUN,nmod,-0.7066647036134555,5.482079380118688,6.188744083732144,3,0.07451613900173652,0.0
826,11,/,SYM,cc,1.1996385118742765,11.730006893562273,10.530368381687996,0,0.4190513406152775,0.0
826,12,11.8,NUM,nummod,3.7486095645909048,8.849588509314946,5.100978944724042,0,0.22212054429510078,0.0
826,13,fl,ADJ,amod,-1.317734284367111,6.939140094293238,8.25687437866035,0,0.12794863618783664,0.0
826,14,oz,NOUN,conj,0.5913938416536952,5.482079380118688,4.890685538464993,4,0.05146720695340069,0.0
826,15,),PUNCT,punct,0.3357097805871838,9.531227029447775,9.195517248860591,,0.16675821717449532,0.0
826,16,.,PUNCT,punct,0.0686038983481656,3.7008451783641614,3.6322412800159958,,0.03558379285354622,0.0
827,1,Let,VERB,root,1.6301086747340996,10.060155495254604,8.430046820520504,,0.14715313783741862,0.0
827,2,the,DET,det,-2.5150395803871017,4.733084097091282,7.248123677478384,0,0.3172222004978572,0.0
827,3,mixture,NOUN,obj,0.6228857173286242,5.482079380118688,4.859193662790064,1,0.3184485206496374,0.0
827,4,sit,VERB,xcomp,-0.8494600589637571,6.197916666123875,7.0473767250876325,0,0.3093945361863915,0.0
827,5,for,ADP,case,-0.22275672370851662,7.502937985016352,7.725694708724869,0,0.10980657147149395,0.0
827,6,a,DET,det,0.286076498256258,5.916808727223201,5.630732228966943,0,0.1364059016526867,0.0
827,7,day,NOUN,obl,1.4684833785397213,10.434551010036103,8.966067631496381,3,0.8055554898032263,0.0
827,8,or,CCONJ,cc,-0.9021549159996312,8.461518057636372,9.363672973636003,0,0.25618488163491066,0.0
827,9,two,NUM,conj,4.510403814559112,9.282547916591051,4.772144102031939,2,2.2128052823779036,0.0
827,10,.,PUNCT,punct,1.5293329308245984,3.7008451783641614,2.171512247539563,,0.4640201855818126,0.0
828,1,Shake,VERB,root,0.8254603755137726,6.197916666123875,5.372456290610103,,0.06508830294114955,0.0
828,2,occasionally,ADV,advmod,-0.8744139135478655,9.200753825427405,10.07516773897527,0,0.34068301790989786,0.0
828,3,so,SCONJ,mark,-0.4983188088148012,7.738227400367242,8.236546209182043,0,0.2832432310246999,0.0
828,4,the,DET,det,-1.4181895265764828,4.733084097091282,6.151273623667765,0,0.15017972854114883,0.0
828,5,flavour,NOUN,nsubj,1.0893886531813273,5.482079380118688,4.392690726937361,1,0.13148590731963522,0.0
828,6,mixes,VERB,advcl,-0.2809018241500576,6.197916666123875,6.478818490273933,2,0.13738891445588722,0.0
828,7,well,ADV,advmod,-0.9771184985606247,8.858521634084953,9.835640132645578,1,0.2133369202905541,0.0
828,8,.,PUNCT,punct,0.8899443801277824,3.7008451783641614,2.810900798236379,,0.08630144327719007,0.0
829,1,Refrigerate,VERB,root,0.8254603755137726,6.197916666123875,5.372456290610103,,0.06508830294114955,0.0
829,2,overnight,ADV,advmod,-0.8744139135478655,9.200753825427405,10.07516773897527,0,0.34068301790989786,0.0
829,3,.,PUNCT,punct,-0.03983015054062333,3.7008451783641614,3.7406753289047847,,0.05234026643129271,0.0
830,1,Method,NOUN,root,1.068392702128305,14.18943851219957,13.121045810071266,,1.0986258211200017,0.0
830,2,3,NUM,flat,-4.98588594741503,11.941510998755986,16.927396946171015,0,1.0297531426957485,0.0
830,3,of,ADP,case,-0.5005230477854807,5.747531807657332,6.248054855442812,0,0.09915206617411478,0.0
830,4,3,NUM,nmod,2.470385739264776,11.941510998755986,9.47112525949121,1,0.2595096178733498,0.0
830,5,:,PUNCT,punct,0.6483467019554965,8.524102595014394,7.875755893058898,,0.11099950738190016,0.0
830,6,Dishwasher,NOUN,compound,-0.6225672120708792,5.482079380118688,6.104646592189567,0,0.09351630120559229,0.0
830,7,Bottle,NOUN,compound,-0.5361877134521738,15.18943851219957,15.725626225651745,0,0.6731891375795088,0.1
830,8,Method,NOUN,appos,-0.4867510482088129,14.18943851219957,14.676189560408384,2,0.6451734304726537,0.1
831,1,Separate,VERB,root,-0.2121075500144034,15.18943851219957,15.401546062213974,,0.3031519287267459,0.5
831,2,the,DET,det,-1.0249388906123285,4.733084097091282,5.758022987703611,0,0.27040594123160727,0.5
831,3,colors,NOUN,obj,0.7505365630986187,5.482079380118688,4.7315428170200695,1,0.27875374910061845,0.5
831,4,from,ADP,case,-0.6157349251297735,8.288571704218821,8.904306629348595,0,0.12458876621453999,0.5
831,5,five,NUM,nummod,0.29438410974272067,11.545582322424846,11.251198212682125,0,0.29170374842030283,0.5
831,6,bags,NOUN,obl,0.21255140500270375,5.482079380118688,5.2695279751159845,2,0.07931955779163011,0.5
831,7,of,ADP,case,-0.32698222394717646,5.747531807657332,6.074514031604508,0,0.04838991201924476,0.5
831,8,200,NUM,nummod,0.7917452805362455,15.18943851219957,14.397693231663325,0,0.5828848504877571,0.5
831,9,g,NOUN,nmod:unmarked,-0.8012077275384737,13.604476011478415,14.405683739016888,1,1.0118651311074751,0.5
831,10,Skittles,PROPN,nmod,1.2749030304487157,6.11262291514874,4.837719884700024,3,0.0695595360220157,0.5
831,11,.,PUNCT,punct,0.16356291956423652,3.7008451783641614,3.537282258799925,,0.05944850860330102,0.5
832,1,Place,VERB,root,0.21488368931725432,11.235242201812696,11.020358512495442,,0.4833790823939862,0.0
832,2,the,DET,det,-2.2843551373222706,4.733084097091282,7.017439234413553,0,0.38774138426599086,0.0
832,3,bottles,NOUN,obj,2.9654438093357243,5.482079380118688,2.516635570782964,1,1.0799169689954522,0.0
832,4,in,ADP,case,-0.09648375026596323,6.195085075340713,6.291568825606676,0,0.41693838481422224,0.0
832,5,your,PRON,nmod:poss,4.80790782483802,8.658057051683258,3.8501492268452377,0,2.5832855240748542,0.0
832,6,dishwasher,NOUN,obl,-2.2766276130440195,5.482079380118688,7.758706993162708,2,2.5450770334830914,0.0
832,7,and,CCONJ,cc,-0.6608789888325939,5.740289866824134,6.401168855656728,0,0.3107412838919928,0.0
832,8,put,VERB,conj,-0.6656538958099976,10.30679546283773,10.972449358647728,1,3.5324731586425804,0.0
832,9,on,ADP,compound:prt,1.8967180897606495,7.520553527933323,5.623835438172674,1,1.1089636084741687,0.0
832,10,an,DET,det,-2.917093908986727,8.922651971504669,11.839745880491396,0,1.7056788473265247,0.0
832,11,intensive,ADJ,amod,0.3332255029833098,6.939140094293238,6.605914591309928,0,0.21004530368509597,0.0
832,12,cycle,NOUN,obj,2.187231297705379,13.867510417312209,11.68027911960683,3,1.6731177989017822,0.0
832,13,.,PUNCT,punct,-0.505780789574954,3.7008451783641614,4.206625967939115,,0.553578545760648,0.0
833,1,One,NUM,nummod,-0.18747322795411314,8.552813891655921,8.740287119610034,0,0.13828453914089195,0.0
833,2,third,NOUN,obl:unmarked,-2.8080934167532057,13.019513510757259,15.827606927510464,1,0.598449935502417,0.0
833,3,of,ADP,reparandum,0.04121313639986379,5.747531807657332,5.706318671257468,,0.2437371563377217,0.0
833,4,of,ADP,case,0.7581083059181877,5.747531807657332,4.989423501739144,0,0.14865608447831824,0.0
833,5,the,DET,det,1.0119493921831824,4.733084097091282,3.7211347049081,0,0.12931730100095334,0.0
833,6,way,NOUN,nmod,0.9244146294262148,10.545582322424846,9.62116769299863,3,0.4001645063517464,0.0
833,7,through,ADP,case,-0.18630140445038812,11.434551010036103,11.62085241448649,0,0.2021241505277126,0.0
833,8,the,DET,det,0.9357810943569378,4.733084097091282,3.7973030027343446,0,0.06037156255000506,0.0
833,9,cycle,NOUN,nmod,1.3456096181287176,13.867510417312209,12.521900799183491,3,0.3063931905241829,0.0
833,10,",",PUNCT,punct,0.2619186202166057,4.552360855055908,4.290442234839302,,0.03207416964226117,0.0
833,11,shake,VERB,root,-0.8159415881376306,6.197916666123875,7.013858254261506,,0.07151590905318865,0.0
833,12,all,DET,det,-0.45512473788568464,8.312921565634571,8.768046303520256,0,0.09033576964450055,0.0
833,13,bottles,NOUN,obj,1.1018005834187683,5.482079380118688,4.38027879669992,1,0.022873793528229967,0.0
833,14,vigorously,ADV,advmod,-0.5161621864882608,9.200753825427405,9.716916011915666,0,0.08413317131750214,0.0
833,15,.,PUNCT,punct,0.19642584809113428,3.7008451783641614,3.504419330273027,,0.03153582225161164,0.0
834,1,Two,NUM,nummod,-0.3412304801737758,9.282547916591051,9.623778396764827,0,0.32171146166914555,0.0
834,2,thirds,NOUN,obl:unmarked,-2.57665319395373,15.18943851219957,17.7660917061533,1,0.7479028754935918,0.1
834,3,of,ADP,case,-1.0287286467202224,5.747531807657332,6.776260454377554,0,0.04235093344757213,0.1
834,4,the,DET,det,0.8292758105745599,4.733084097091282,3.9038082865167225,0,0.036562931886788184,0.1
834,5,way,NOUN,nmod,1.3043010212803345,10.545582322424846,9.241281301144511,3,0.1923000699559785,0.1
834,6,through,ADP,case,-0.36811208300087905,11.434551010036103,11.802663093036982,0,0.20982326758907602,0.1
834,7,the,DET,det,0.9046631780639594,4.733084097091282,3.828420919027323,0,0.07319147245475605,0.1
834,8,cycle,NOUN,nmod,1.3407236638648943,13.867510417312209,12.526786753447315,3,0.32218790008717474,0.1
834,9,",",PUNCT,punct,0.1865095908429577,4.552360855055908,4.36585126421295,,0.03124123699771589,0.1
834,10,shake,VERB,root,-0.7372029323087697,6.197916666123875,6.935119598432645,,0.06201093262583954,0.1
834,11,all,DET,det,-0.5019821900513612,8.312921565634571,8.814903755685933,0,0.07016772218264583,0.1
834,12,bottles,NOUN,obj,1.0880607568187646,5.482079380118688,4.394018623299924,1,0.024257677756555598,0.1
834,13,vigorously,ADV,advmod,-0.5013141084172865,9.200753825427405,9.702067933844692,0,0.08742339719650995,0.1
834,14,.,PUNCT,punct,0.20655844724464822,3.7008451783641614,3.494286731119513,,0.030884937010120853,0.1
835,1,Once,SCONJ,mark,0.08637153561460487,11.665876556142557,11.579505020527952,0,0.20521303480383907,0.0
835,2,the,DET,det,-1.7793096908843848,4.733084097091282,6.512393787975667,0,0.274739716498811,0.0
835,3,cycle,NOUN,nsubj,0.2544757237858075,13.867510417312209,13.613034693526401,1,0.46421130190634136,0.0
835,4,has,AUX,aux,0.22975885006201757,9.235242201812696,9.005483351750678,0,0.12328289084726275,0.0
835,5,finished,VERB,advcl,0.6441237978149559,14.18943851219957,13.545314714384615,3,0.5616836563305598,0.0
835,6,",",PUNCT,punct,0.8024287975411668,4.552360855055908,3.7499320575147412,,0.016046355978881505,0.0
835,7,shake,VERB,root,-1.0866759336940826,6.197916666123875,7.284592599817958,,0.058818524352802944,0.0
835,8,all,DET,det,-0.4550254109986689,8.312921565634571,8.76794697663324,0,0.09203668966183498,0.0
835,9,bottles,NOUN,obj,1.0507298959291838,5.482079380118688,4.4313494841895045,1,0.023133844082227472,0.0
835,10,vigorously,ADV,advmod,-0.26175572206328823,9.200753825427405,9.462509547490694,0,0.08596752722539257,0.0
835,11,again,ADV,advmod,0.7828231286728258,10.979985146570622,10.197162017897796,0,0.22090821010864622,0.0
835,12,.,PUNCT,punct,0.44695940923370747,3.7008451783641614,3.253885769130454,,0.036645064872212856,0.0
836,1,Then,ADV,advmod,0.36401872374813316,9.294620748891626,8.930602025143493,0,0.1404490167297728,0.0
836,2,place,VERB,root,-0.8341805364609343,11.235242201812696,12.06942273827363,,1.2088152440013809,0.0
836,3,in,ADP,case,-0.9135451194193047,6.195085075340713,7.108630194760018,0,0.2594695810824489,0.0
836,4,the,DET,det,0.9481094313207006,4.733084097091282,3.784974665770582,0,0.2762941336554029,0.0
836,5,freezer,NOUN,obl,0.7618451539005786,5.482079380118688,4.72023422621811,2,1.381683866480281,0.0
836,6,for,ADP,case,0.2310208363147792,7.502937985016352,7.271917148701573,0,0.2190880372174676,0.0
836,7,2,NUM,nummod,-0.5361207496619755,11.488998794058478,12.025119543720454,0,0.9954923727953793,0.0
836,8,hours,NOUN,obl,-0.9988837478621928,14.604476011478415,15.603359759340607,2,1.2352697981736491,0.1
836,9,.,PUNCT,punct,0.29017618990495553,3.7008451783641614,3.410668988459206,,0.02880205738122877,0.1
837,1,Once,SCONJ,mark,0.08637153561460487,11.665876556142557,11.579505020527952,0,0.20521303480383907,0.0
837,2,the,DET,det,-1.7793096908843848,4.733084097091282,6.512393787975667,0,0.274739716498811,0.0
837,3,vodka,NOUN,nsubj,1.138254804395717,5.482079380118688,4.343824575722971,1,0.54019979151209,0.0
837,4,is,AUX,cop,-0.3808194015355504,6.470049691257488,6.8508690927930385,0,0.1909243625304509,0.0
837,5,cold,ADJ,advcl,-0.025805854140354967,13.019513510757259,13.045319364897614,3,0.700074485619408,0.0
837,6,",",PUNCT,punct,0.45339025037228,4.552360855055908,4.098970604683628,,0.13206519988045345,0.0
837,7,it,PRON,nsubj,-0.9977564909646528,6.147779360562356,7.145535851527009,0,0.164363060133938,0.0
837,8,should,AUX,aux,0.46387613975938535,10.461518057636372,9.997641917876987,0,0.24779988054968888,0.0
837,9,be,AUX,cop,0.5716790489521495,8.075696346150382,7.504017297198232,0,0.1740365538162348,0.0
837,10,syrupy,ADJ,root,1.3009609906601396,6.939140094293238,5.638179103633099,,0.10483447061394024,0.0
837,11,.,PUNCT,punct,0.7518574363205843,3.7008451783641614,2.948987742043577,,0.03384930268689914,0.0
838,1,Once,SCONJ,mark,0.08637153561460487,11.665876556142557,11.579505020527952,0,0.20521303480383907,0.0
838,2,the,DET,det,-1.7793096908843848,4.733084097091282,6.512393787975667,0,0.274739716498811,0.0
838,3,first,ADJ,amod,2.1539420327960572,9.447971525798424,7.294029493002367,0,1.0355499690108363,0.0
838,4,bottle,NOUN,nsubj:pass,-2.3051637578508366,15.18943851219957,17.494602270050407,2,0.9084497460283717,0.1
838,5,has,AUX,aux,-0.007603504657307525,9.235242201812696,9.242845706470003,0,0.13584943130454474,0.1
838,6,been,AUX,aux:pass,0.15217159340121356,9.343948461255195,9.191776867853982,0,0.09740652874274575,0.1
838,7,filtered,VERB,advcl,1.0948782183712567,6.197916666123875,5.103038447752619,4,0.06372769273396807,0.1
838,8,",",PUNCT,punct,0.9018394501197164,4.552360855055908,3.6505214049361916,,0.017303331492579895,0.1
838,9,wash,VERB,root,-0.8304396358700199,13.382083590141967,14.212523226011987,,0.7530751093892987,0.1
838,10,out,ADP,compound:prt,-0.1913822038965911,9.15601551066212,9.347397714558712,0,0.06682041377393629,0.1
838,11,the,DET,det,0.4988113441017017,4.733084097091282,4.234272752989581,0,0.047740084475499156,0.1
838,12,bottle,NOUN,obj,1.3376346529187053,15.18943851219957,13.851803859280865,1,0.6700078882085387,0.1
838,13,and,CCONJ,cc,-0.5177545259987975,5.740289866824134,6.2580443928229315,0,0.05379897578290999,0.1
838,14,pour,VERB,conj,-0.03089974049557309,6.197916666123875,6.2288164066194485,1,0.04887245484775964,0.1
838,15,the,DET,det,-0.3117508667722051,4.733084097091282,5.0448349638634875,0,0.033449484745992644,0.1
838,16,Skittles,PROPN,compound,-0.44695407958440914,6.11262291514874,6.559576994733149,0,0.0645468623513213,0.1
838,17,vodka,NOUN,obj,-0.2776202045086871,5.482079380118688,5.759699584627375,3,0.040067207739921014,0.1
838,18,back,ADV,advmod,-0.21146174328542777,9.999613953319553,10.211075696604981,1,0.16855292350283624,0.1
838,19,in,ADP,compound:prt,-0.3055306549646506,6.195085075340713,6.5006157303053635,1,0.056175188071675305,0.1
838,20,.,PUNCT,punct,-1.016455187581426,3.7008451783641614,4.717300365945587,,0.038712374964762875,0.1
839,1,Place,VERB,root,0.21488368931725432,11.235242201812696,11.020358512495442,,0.4833790823939862,0.0
839,2,all,DET,obj,-2.836165738799096,8.312921565634571,11.149087304433667,0,0.3486002527255341,0.0
839,3,of,ADP,case,0.62907512531027,5.747531807657332,5.118456682347062,0,0.13779864140768794,0.0
839,4,the,DET,det,1.0390149346035522,4.733084097091282,3.69406916248773,0,0.0815475679548756,0.0
839,5,bottles,NOUN,nmod,2.5511994134913007,5.482079380118688,2.9308799666273875,3,0.5786665842037712,0.0
839,6,in,ADP,case,0.0011878507901093016,6.195085075340713,6.193897224550604,0,0.20241865639705106,0.0
839,7,the,DET,det,0.7148256737634284,4.733084097091282,4.018258423327854,0,0.2057495441217006,0.0
839,8,freezer,NOUN,obl,1.6068231864340303,5.482079380118688,3.875256193684658,2,0.3251288555829434,0.0
839,9,until,SCONJ,mark,-0.8101368918997487,12.488998794058478,13.299135685958227,0,0.40886377110243227,0.0
839,10,you,PRON,nsubj,-1.048056627282329,6.339251674553796,7.387308301836125,0,0.8925859283911642,0.0
839,11,are,AUX,cop,1.586441572254187,7.693583485312399,6.1071419130582125,0,0.4596456968497124,0.0
839,12,ready,ADJ,advcl,-0.6902522325185458,13.019513510757259,13.709765743275804,3,0.8848438361911253,0.0
839,13,to,PART,mark,-0.38014710937896634,5.85516522689238,6.235312336271346,0,0.06960479151112006,0.0
839,14,drink,VERB,xcomp,0.18596653288229703,13.604476011478415,13.418509478596118,2,0.6711187243452779,0.0
839,15,.,PUNCT,punct,0.49514150391791434,3.7008451783641614,3.205703674446247,,0.08764467831916949,0.0
840,1,Do,AUX,aux,0.7443699706952938,7.650279701091539,6.905909730396245,0,0.06751253051743049,0.0
840,2,n't,PART,advmod,2.6300812262755286,7.876555556915215,5.246474330639686,0,0.18381827934121633,0.0
840,3,worry,VERB,root,-1.0084402835039592,6.197916666123875,7.206356949627835,,0.23943293429105825,0.0
840,4,",",PUNCT,punct,0.2196261953751817,4.552360855055908,4.332734659680726,,0.1244369844921527,0.0
840,5,the,DET,det,-0.7488666111663278,4.733084097091282,5.48195070825761,0,0.03412965181488058,0.0
840,6,vodka,NOUN,nsubj,1.4118249477525415,5.482079380118688,4.070254432366147,1,0.09841284304059932,0.0
840,7,wo,AUX,aux,-1.019547638119663,12.604476011478415,13.624023649598078,0,0.35688606732243233,0.0
840,8,n't,PART,advmod,2.67453122186957,7.876555556915215,5.202024335045645,0,0.9454663727634353,0.0
840,9,freeze,VERB,parataxis,0.8088309471716135,6.197916666123875,5.389085718952262,3,1.332509894489558,0.0
840,10,.,PUNCT,punct,1.2578383594880869,3.7008451783641614,2.4430068188760745,,0.1607446437928386,0.0
841,1,You,PRON,nsubj:pass,0.406728407907031,6.339251674553796,5.932523266646765,0,0.06306914613167432,0.0
841,2,are,AUX,aux:pass,0.9235436201748382,7.693583485312399,6.770039865137561,0,0.18081227855398896,0.0
841,3,finished,VERB,root,-0.01781855032797708,14.18943851219957,14.207257062527548,,0.6145965586510511,0.0
841,4,.,PUNCT,punct,0.6739484794671866,3.7008451783641614,3.0268966988969748,,0.018901713137093396,0.0
842,1,Enjoy,VERB,root,1.204180132273411,13.382083590141967,12.177903457868556,,0.722209661953633,0.0
842,2,your,PRON,nmod:poss,-0.6781395654672817,8.658057051683258,9.33619661715054,0,0.7676575251454313,0.0
842,3,tasty,ADJ,amod,2.9614184896328344,6.939140094293238,3.977721604660404,0,1.4114386741666893,0.0
842,4,creation,NOUN,obj,-4.853653459689381,13.867510417312209,18.72116387700159,2,1.7750102402208694,0.0
842,5,.,PUNCT,punct,0.12727036836332228,3.7008451783641614,3.573574810000839,,0.015970856449567698,0.0
843,1,Tips,NOUN,root,-0.8732365632322434,5.482079380118688,6.355315943350932,,0.04098359429255844,0.0
843,2,.,PUNCT,punct,-1.6195141699375983,3.7008451783641614,5.32035934830176,,0.05252010761991322,0.0
844,1,If,SCONJ,mark,0.6507670307312896,8.876555556915216,8.225788526183926,0,0.12486982165802919,0.0
844,2,you,PRON,nsubj,1.234255010938349,6.339251674553796,5.104996663615447,0,0.08892111424232486,0.0
844,3,want,VERB,advcl,5.682513325584825,9.96061982170369,4.278106496118864,2,1.1750295630367167,0.0
844,4,to,PART,mark,1.695627449849665,5.85516522689238,4.159537777042715,0,0.2161338782437624,0.0
844,5,make,VERB,xcomp,3.668839776472171,9.979985146570622,6.31114537009845,2,0.4245103167473607,0.0
844,6,it,PRON,obj,1.989097765828748,6.147779360562356,4.158681594733608,1,0.2762289695069546,0.0
844,7,more,ADV,advmod,1.1547655536488435,9.502937985016352,8.348172431367509,0,1.762033857592874,0.0
844,8,quickly,ADV,advmod,7.71050168777595,13.867510417312209,6.157008729536259,2,0.7328364171853438,0.0
844,9,",",PUNCT,punct,-3.4406855373472,4.552360855055908,7.993046392403108,,1.1632769775798837,0.0
844,10,cut,VERB,root,-18.5466537977811,13.604476011478415,32.151129809259515,,2.638904917037603,0.0
844,11,the,DET,det,-0.4207274018850713,4.733084097091282,5.153811498976354,0,0.02793126517040229,0.0
844,12,skittles,PROPN,obj,-0.46466084694959164,6.11262291514874,6.5772837620983315,1,0.06493187029695915,0.0
844,13,in,ADP,case,0.22688300971440434,6.195085075340713,5.968202065626309,0,0.0481805659683935,0.0
844,14,half,NOUN,obl,0.3021256817017264,11.434551010036103,11.132425328334376,1,0.2804757672386669,0.0
844,15,before,SCONJ,mark,-0.23076259455892156,10.697585415869895,10.928348010428817,0,0.18097062462256294,0.0
844,16,putting,VERB,advcl,-0.912475020141807,13.604476011478415,14.516951031620222,1,0.6098603672831094,0.0
844,17,them,PRON,obj,0.0547813842499707,9.56008189211996,9.50530050786999,1,0.12815699729030644,0.0
844,18,into,ADP,case,-0.22434895765724328,9.849588509314946,10.07393746697219,0,0.1295576205440882,0.0
844,19,vodka,NOUN,obl,0.8348969491918394,5.482079380118688,4.647182430926849,2,0.037795588361697025,0.0
844,20,.,PUNCT,punct,0.6173240259132968,3.7008451783641614,3.0835211524508646,,0.023812757919767634,0.0
845,1,Shake,VERB,root,0.8254603755137726,6.197916666123875,5.372456290610103,,0.06508830294114955,0.0
845,2,every,DET,det,-1.4363946180781095,11.101975670949232,12.538370289027341,0,0.5136792393998753,0.0
845,3,15,NUM,nummod,-1.8644246227953172,12.604476011478415,14.468900634273732,0,0.43946412187543327,0.0
845,4,minutes,NOUN,obl:unmarked,1.4095919107381096,12.382083590141967,10.972491679403857,2,1.2526455653969177,0.0
845,5,.,PUNCT,punct,0.22611799410951816,3.7008451783641614,3.474727184254643,,0.32898557408542123,0.0
846,1,They,PRON,nsubj,0.5840665445386906,7.894817763307944,7.310751218769253,0,0.06515816144839605,0.0
846,2,'ll,AUX,aux,0.9971509499983124,10.40807879867491,9.410927848676598,0,0.34615424586231064,0.0
846,3,dissolve,VERB,root,0.2136987208217649,6.197916666123875,5.9842179453021105,,0.4353782851530243,0.0
846,4,in,ADP,case,-0.3693436196010529,6.195085075340713,6.564428694941766,0,0.06072049795066091,0.0
846,5,an,DET,det,0.5563316651017658,8.922651971504669,8.366320306402903,0,0.2571606546481931,0.0
846,6,hour,NOUN,obl,5.441253025161178,13.867510417312209,8.426257392151031,2,1.983308123517942,0.0
846,7,instead,ADV,case,-3.193133290648108,13.867510417312209,17.060643707960317,0,0.8288641499294978,0.0
846,8,of,ADP,fixed,3.1007049144305787,5.747531807657332,2.646826893226753,1,1.2021575533871098,0.0
846,9,a,DET,det,-2.6577146390599102,5.916808727223201,8.574523366283112,0,1.3335708923948983,0.0
846,10,day,NOUN,obl,1.019975107814684,10.434551010036103,9.414575902221419,2,0.17500279208021263,0.0
846,11,.,PUNCT,punct,0.16930514468964475,3.7008451783641614,3.5315400336745166,,0.16858702073001366,0.0
847,1,Or,CCONJ,cc,0.05397705193754199,8.461518057636372,8.40754100569883,0,0.10743578467015856,0.0
847,2,you,PRON,nsubj,0.40263971929168374,6.339251674553796,5.936611955262112,0,0.1605846525837123,0.0
847,3,could,AUX,aux,0.9003805872587574,9.96061982170369,9.060239234444932,0,0.4928032054930233,0.0
847,4,just,ADV,advmod,0.7766969734863984,8.627196087978497,7.850499114492099,0,0.6510717117949343,0.0
847,5,scoop,VERB,root,0.2223665847675127,6.197916666123875,5.975550081356363,,0.4737603742087009,0.0
847,6,them,PRON,obj,0.38432270445855465,9.56008189211996,9.175759187661406,0,0.28671154659857817,0.0
847,7,out,ADP,compound:prt,0.7710306246792236,9.15601551066212,8.384984885982897,0,0.4049626631091925,0.0
847,8,when,ADV,advmod,-0.8549701086502743,9.270575274924976,10.12554538357525,0,0.3952956325993491,0.0
847,9,the,DET,det,-0.3664232808425023,4.733084097091282,5.099507377933785,0,0.6160688645061259,0.0
847,10,color,NOUN,nsubj,0.10475546478437181,13.867510417312209,13.762754952527837,1,1.0445061490216547,0.0
847,11,dissolves,VERB,advcl,-0.6817511122015354,6.197916666123875,6.879667778325411,2,0.07207961993773494,0.0
847,12,.,PUNCT,punct,0.8355933609639905,3.7008451783641614,2.865251817400171,,0.018709307105386812,0.0
848,1,Start,VERB,root,0.8478548278427773,12.18943851219957,11.341583684356793,,0.8054094633736594,0.0
848,2,with,ADP,case,-0.6222690597443634,7.899419665266953,8.521688725011316,0,0.9037035771133705,0.0
848,3,small,ADJ,amod,-2.156014909919124,11.730006893562273,13.886021803481396,0,0.9347855794979532,0.0
848,4,amount,NOUN,obl,0.9025363802147055,13.867510417312209,12.964974037097504,2,0.9485125489041133,0.0
848,5,of,ADP,case,-0.3502283585516679,5.747531807657332,6.0977601662089995,0,0.04307732467642055,0.0
848,6,vodka,NOUN,nmod,0.8882372099732709,5.482079380118688,4.593842170145417,2,0.03478266396134797,0.0
848,7,and,CCONJ,cc,-0.7379252338312474,5.740289866824134,6.478215100655381,0,0.0526117116954572,0.0
848,8,Skittles,PROPN,conj,-0.021385488701874955,6.11262291514874,6.134008403850615,2,0.09013471616480458,0.0
848,9,at,ADP,case,0.0529505502895109,8.055012191978644,8.002061641689133,0,0.08635013528538213,0.0
848,10,first,ADJ,obl,-0.7583131805110472,9.447971525798424,10.206284706309471,1,0.16004894085816787,0.0
848,11,to,PART,mark,-0.34355722461149973,5.85516522689238,6.19872245150388,0,0.13091924645574027,0.0
848,12,experiment,VERB,advcl,0.30295845534386423,15.18943851219957,14.886480056855707,1,0.723646060195286,0.0
848,13,which,DET,det,-0.5116191240965815,10.30679546283773,10.818414586934312,0,0.1411142129081919,0.0
848,14,combination,NOUN,nsubj,0.44569264420040433,14.604476011478415,14.15878336727801,1,0.735647916961093,0.1
848,15,of,ADP,case,-0.10411469627223635,5.747531807657332,5.851646503929568,0,0.04247546494350738,0.1
848,16,taste,NOUN,nmod,-0.036522135264013045,14.18943851219957,14.225960647463584,2,2.144107893015793,0.1
848,17,suits,VERB,ccomp,-1.0758955725143906,6.197916666123875,7.273812238638266,2,0.13235608066253446,0.1
848,18,you,PRON,obj,-0.16027249880932626,6.339251674553796,6.499524173363122,1,0.0766335925428972,0.1
848,19,best,ADV,advmod,-0.15365807786765728,11.235242201812696,11.388900279680353,1,0.258334285950275,0.1
848,20,.,PUNCT,punct,0.2941633341014609,3.7008451783641614,3.4066818442627005,,0.015743214032208915,0.1
849,1,Another,DET,det,-0.44451467553574275,10.941510998755986,11.386025674291728,0,0.35894673684798445,0.0
849,2,approach,NOUN,nsubj:outer,-0.1402980544655108,13.867510417312209,14.00780847177772,1,0.5758176255399002,0.0
849,3,is,AUX,cop,-1.033187953127289,6.470049691257488,7.503237644384777,0,0.05434432045936383,0.0
849,4,to,PART,mark,0.42205560016357335,5.85516522689238,5.433109626728807,0,0.046218298459611284,0.0
849,5,buy,VERB,root,1.2764439491156896,12.867510417312209,11.59106646819652,,0.4400836353898722,0.0
849,6,five,NUM,nummod,-0.8513594793373489,11.545582322424846,12.396941801762194,0,0.35182799062161996,0.0
849,7,bottles,NOUN,obj,-0.10712284987065335,5.482079380118688,5.589202229989342,1,0.03850620880264982,0.0
849,8,of,ADP,case,-0.23670052613910553,5.747531807657332,5.984232333796437,0,0.03659667171702379,0.0
849,9,vodka,NOUN,nmod,0.7807287012040716,5.482079380118688,4.701350678914617,2,0.036245978456011324,0.0
849,10,and,CCONJ,cc,-0.5956432278370478,5.740289866824134,6.335933094661182,0,0.05399708454511571,0.0
849,11,five,NUM,nummod,-0.34026031397737455,11.545582322424846,11.88584263640222,0,0.35392390200263923,0.0
849,12,bags,NOUN,conj,0.2343487212388924,5.482079380118688,5.247730658879796,3,0.016706758354503037,0.0
849,13,of,ADP,case,-0.12835446293539743,5.747531807657332,5.875886270592729,0,0.03934842917646232,0.0
849,14,Skittles,PROPN,nmod,0.5314695745824727,6.11262291514874,5.581153340566267,2,0.06826803329079009,0.0
849,15,.,PUNCT,punct,0.2402004977357497,3.7008451783641614,3.4606446806284117,,0.02350118596876881,0.0
850,1,Then,ADV,advmod,0.36401872374813316,9.294620748891626,8.930602025143493,0,0.1404490167297728,0.0
850,2,separate,VERB,root,-0.8280992474738351,15.18943851219957,16.017537759673406,,0.2155596832362651,0.5
850,3,the,DET,det,-0.8762242995883467,4.733084097091282,5.609308396679629,0,0.028276885575306856,0.5
850,4,candy,NOUN,obj,1.269406917519432,5.482079380118688,4.212672462599256,1,0.01637484847589188,0.5
850,5,and,CCONJ,cc,-0.7233957486994855,5.740289866824134,6.4636856155236195,0,0.08070075210797235,0.5
850,6,use,VERB,conj,0.19846800678981857,10.697585415869895,10.499117409080077,1,0.11115534948139444,0.5
850,7,one,NUM,nummod,-0.6419100362017627,8.552813891655921,9.194723927857684,0,0.06557567407043483,0.5
850,8,flavor,NOUN,obj,-0.15391246943659365,5.482079380118688,5.635991849555282,2,0.03594461860924292,0.5
850,9,for,ADP,case,-0.3232682895082233,7.502937985016352,7.8262062745245755,0,0.04492263248518636,0.5
850,10,each,DET,det,0.7683405501378502,11.730006893562273,10.961666343424422,0,0.2682809507729814,0.5
850,11,bottle,NOUN,obl,1.3417443574360544,15.18943851219957,13.847694154763516,3,0.40680698637701046,0.6
850,12,.,PUNCT,punct,0.4173655984462963,3.7008451783641614,3.283479579917865,,0.03216938678134373,0.6
851,1,(,PUNCT,punct,-0.2685508544006545,9.517013170228076,9.78556402462873,,0.21479897824717437,0.0
851,2,Or,CCONJ,cc,-0.882526187277799,8.461518057636372,9.344044244914171,0,0.3540348871138465,0.0
851,3,get,VERB,root,-0.25502911666819905,9.282547916591051,9.53757703325925,,0.31607308252617494,0.0
851,4,four,NUM,nummod,-1.083977541401003,11.434551010036103,12.518528551437106,0,0.31801708739773527,0.0
851,5,bottles,NOUN,obj,-0.20798684067173756,5.482079380118688,5.690066220790426,1,0.044698050645478424,0.0
851,6,and,CCONJ,cc,-0.7749933355433081,5.740289866824134,6.515283202367442,0,0.05081097746065759,0.0
851,7,an,DET,det,0.1660720011685104,8.922651971504669,8.756579970336158,0,0.09411814414343436,0.0
851,8,empty,ADJ,conj,-0.09177658814173562,13.604476011478415,13.69625259962015,3,0.7296375859997121,0.0
851,9,",",PUNCT,punct,-0.15681882150751658,4.552360855055908,4.709179676563425,,0.055258051037796505,0.0
851,10,to,PART,mark,-0.4574645509498376,5.85516522689238,6.312629777842218,0,0.050559424434726864,0.0
851,11,allow,VERB,advcl,-1.239061274999404,14.18943851219957,15.428499787198975,1,0.93414477224735,0.0
851,12,room,NOUN,obj,0.19472111269032588,12.101975670949232,11.907254558258906,1,0.25439297907510283,0.0
851,13,for,ADP,case,-0.005951392276400291,7.502937985016352,7.5088893772927525,0,0.042966054652936576,0.0
851,14,the,DET,det,0.8819953460585372,4.733084097091282,3.851088751032745,0,0.03312634524852744,0.0
851,15,skittles,PROPN,obl,-0.3294158425449991,6.11262291514874,6.442038757693739,3,0.0780543461928532,0.0
851,16,.,PUNCT,punct,0.11532417283573038,3.7008451783641614,3.585521005528431,,0.03120947891859782,0.0
851,17,),PUNCT,punct,0.016066169694154198,9.531227029447775,9.515160859753621,,0.17787186702911978,0.0
852,1,Warnings,NOUN,root,-0.8732365632322434,5.482079380118688,6.355315943350932,,0.04098359429255844,0.0
853,1,Drink,VERB,root,1.65166283145561,13.604476011478415,11.952813180022805,,0.8092243002225202,0.0
853,2,responsibly,ADV,advmod,-1.355201466850243,9.200753825427405,10.555955292277648,0,1.7689731431775295,0.0
853,3,.,PUNCT,punct,-2.02511689012343,3.7008451783641614,5.725962068487592,,1.7028406188126872,0.0
854,1,Never,ADV,advmod,0.4009884307796323,10.831886507581487,10.430898076801855,0,0.26217339432136333,0.0
854,2,drink,VERB,root,-0.13249892095698002,13.604476011478415,13.736974932435395,,1.4937679757364508,0.0
854,3,and,CCONJ,cc,-0.4863373934979567,5.740289866824134,6.226627260322091,0,0.6944090947064301,0.0
854,4,drive,VERB,conj,-1.410713426727611,6.197916666123875,7.608630092851486,1,1.061564732205845,0.0
854,5,.,PUNCT,punct,0.8087722523330974,3.7008451783641614,2.892072926031064,,0.018988938757965854,0.0
855,1,Know,VERB,root,1.0016763304124137,8.531227029447775,7.529550699035362,,0.08364448337605186,0.0
855,2,your,PRON,nmod:poss,-1.5868071866295068,8.658057051683258,10.244864238312765,0,0.21233842171941336,0.0
855,3,limits,NOUN,obj,-0.6776071727339703,5.482079380118688,6.1596865528526585,1,0.33258178991659054,0.0
855,4,",",PUNCT,punct,-0.024906990736962342,4.552360855055908,4.57726784579287,,0.0521229736284208,0.0
855,5,and,CCONJ,cc,-0.7534730082031746,5.740289866824134,6.493762875027309,0,0.10644962519324484,0.0
855,6,do,AUX,aux,0.05351540753673589,7.650279701091539,7.596764293554803,0,0.4412497855986419,0.0
855,7,not,PART,advmod,0.214883442963961,7.801421226854436,7.586537783890475,0,0.3152706929054372,0.0
855,8,drink,VERB,conj,0.22827536876940613,13.604476011478415,13.376200642709009,3,0.8907191283180207,0.0
855,9,to,ADP,case,-0.48471965248982407,5.85516522689238,6.339884879382204,0,0.06711092050954309,0.0
855,10,the,DET,det,-0.045767927684425835,4.733084097091282,4.778852024775708,0,0.052169683294995016,0.0
855,11,extent,NOUN,obl,1.3042102753054134,14.18943851219957,12.885228236894157,3,0.5446296072022344,0.1
855,12,of,ADP,case,-0.0522276789548739,5.747531807657332,5.7997594866122055,0,0.04142955360710044,0.1
855,13,intoxication,NOUN,nmod,0.8459463550678858,5.482079380118688,4.636133025050802,2,0.03157202421675466,0.1
855,14,.,PUNCT,punct,0.5976839737533375,3.7008451783641614,3.103161204610824,,0.023156306279435362,0.1
856,1,Do,AUX,aux,0.7443699706952938,7.650279701091539,6.905909730396245,0,0.06751253051743049,0.0
856,2,not,PART,advmod,0.16961762623595433,7.801421226854436,7.631803600618482,0,0.1263820492051309,0.0
856,3,drink,VERB,root,-0.13496337330027863,13.604476011478415,13.739439384778693,,0.8717389909077247,0.0
856,4,if,SCONJ,mark,-0.8254431567374496,8.876555556915216,9.701998713652666,0,0.12955463903301026,0.0
856,5,underage,ADJ,advcl,-0.1762552939592359,6.939140094293238,7.115395388252474,1,0.12731542583616104,0.0
856,6,in,ADP,case,0.08936569678466366,6.195085075340713,6.105719378556049,0,0.06547385754600245,0.0
856,7,your,PRON,nmod:poss,-0.1554161520320001,8.658057051683258,8.813473203715258,0,0.09703996000977076,0.0
856,8,country,NOUN,obl,0.6685789072051591,11.867510417312209,11.19893151010705,3,0.2819146648537165,0.0
856,9,.,PUNCT,punct,0.4300038619659805,3.7008451783641614,3.270841316398181,,0.024382294682666953,0.0
857,1,Things,NOUN,root,-0.9209605931611531,10.867510417312209,11.788471010473362,,0.286759169287164,0.0
857,2,You,PRON,nsubj,-1.0484640821893958,6.339251674553796,7.387715756743192,0,0.3205761394840548,0.0
857,3,'ll,AUX,aux,1.0812532954014706,10.40807879867491,9.32682550327344,0,0.6344227270534303,0.0
857,4,Need,VERB,acl:relcl,-0.26281896496587187,10.763173757497473,11.025992722463345,2,0.9544531473904971,0.0
858,1,Coffee,NOUN,compound,-1.803425392467334,13.019513510757259,14.822938903224593,0,0.5817955724700473,0.0
858,2,filter,NOUN,root,-1.7158934534308283,5.482079380118688,7.197972833549517,,0.029598833140596314,0.0
858,3,",",PUNCT,punct,-0.7696030077342222,4.552360855055908,5.32196386279013,,0.03175770582966319,0.0
858,4,cheesecloth,NOUN,conj,-1.0762539667667088,5.482079380118688,6.558333346885397,0,0.03957416545256466,0.0
858,5,/,SYM,cc,-0.9650320306281941,11.730006893562273,12.695038924190467,0,0.3745425963100225,0.0
858,6,muslin,NOUN,conj,-0.636304758620093,5.482079380118688,6.118384138738781,2,0.21697837177654214,0.0
858,7,",",PUNCT,punct,-0.2827682971606613,4.552360855055908,4.835129152216569,,0.07142691736890025,0.0
858,8,or,CCONJ,cc,-0.29377149176643513,8.461518057636372,8.755289549402807,0,0.09929607562223783,0.0
858,9,an,DET,det,-0.26201972710232013,8.922651971504669,9.184671698606989,0,0.08648487100155466,0.0
858,10,extremely,ADV,advmod,-1.3634053445633523,14.18943851219957,15.552843856762923,0,0.9646937034948349,0.0
858,11,clean,ADJ,amod,-0.1816621911651275,13.604476011478415,13.786138202643542,1,1.101726154213463,0.0
858,12,T,NOUN,conj,-0.40785914082477426,15.18943851219957,15.597297653024345,3,0.9962243664776326,0.0
858,13,-,PUNCT,punct,-0.21787867278537654,8.337689470783513,8.55556814356889,,0.2525103806657588,0.0
858,14,shirt,NOUN,compound,-0.31012546848277545,13.867510417312209,14.177635885794984,1,0.8859591908337955,0.0
859,1,Large,ADJ,amod,-0.43023189340786594,12.488998794058478,12.919230687466344,0,0.3813375858121722,0.0
859,2,funnel,NOUN,root,0.9087350198771977,5.482079380118688,4.5733443602414905,,0.43355274036294705,0.0
859,3,or,CCONJ,cc,-0.6679315291587287,8.461518057636372,9.1294495867951,0,0.2748380361751427,0.0
859,4,strainer,NOUN,conj,0.7742130733040833,5.482079380118688,4.707866306814605,1,0.3159350747215842,0.0
859,5,to,PART,mark,-0.8096322921492041,5.85516522689238,6.664797519041584,0,0.10940941949513353,0.0
859,6,hold,VERB,acl,-2.6072827388124153,12.867510417312209,15.474793156124624,1,0.6141122420814839,0.0
859,7,filter,NOUN,obj,-0.4269794508571838,5.482079380118688,5.909058830975872,1,0.03275436402299525,0.0
