topdown_nc,bottomup_nc,leftcorner_nc,pos,dep_nc,word,ccgright_reduce,ccgleft_reduce,surp_gpt2,unigram,unisurp,wlen,story,zone,punc,line_start,line_end,position
2,0,1,IN,0.0,If,0,0,7.764317594934255,15.520599319441072,12.574996883891082,2,1,1,0,1,0,0
2,1,2,PRP,0.0,you,0,1,1.3146233926527202,18.198249039215252,8.711964911935151,3,1,2,0,0,0,1
1,0,1,VBD,2.0,were,0,1,4.9081721536349505,17.723648827567594,9.39666828368408,4,1,3,0,0,0,2
2,0,1,TO,0.0,to,0,1,2.093923738691956,19.88357245739644,6.280557174231113,2,1,4,0,0,0,3
1,0,1,VB,2.0,journey,0,1,14.633779916679488,13.302963453299943,15.774369150470388,7,1,5,0,0,0,4
1,0,1,TO,0.0,to,0,1,2.127940215403214,19.88357245739644,6.280557174231113,2,1,6,0,0,0,5
2,0,1,DT,0.0,the,0,0,2.6703583312919363,20.651930178991396,5.17205129965733,3,1,7,0,0,0,6
0,1,1,NNP,3.0,North,1,2,6.624000328942202,14.50915811331587,14.03419809611866,5,1,8,0,0,0,7
1,0,1,IN,0.0,of,0,1,6.958959545067046,20.087642241543257,5.986146708647226,2,1,9,0,0,0,8
1,10,3,NNP,2.0,"England,",9,2,4.588910315360408,20.760964370055863,19.830069835326498,8,1,10,1,0,0,9
1,1,1,PRP,0.0,you,0,1,2.060093954904005,18.198249039215252,8.711964911935151,3,1,11,0,0,0,10
1,0,1,MD,0.0,would,0,1,0.8981739217415452,17.12711793173308,10.257280448841584,5,1,12,0,0,0,11
1,0,1,VB,3.0,come,0,1,6.162517303368077,15.64928219317746,12.389346740104251,4,1,13,0,0,0,12
1,0,1,TO,0.0,to,0,1,3.1868819494266063,19.88357245739644,6.280557174231113,2,1,14,0,0,0,13
2,0,1,DT,0.0,a,0,0,2.6371591596398503,19.69218547190043,6.556670229096891,1,1,15,0,0,0,14
0,1,1,NN,3.0,valley,1,2,9.945398272713646,12.361070109591587,17.13323400648476,6,1,16,0,0,0,15
2,1,2,WDT,0.0,that,0,1,4.161845102906227,19.024464301341364,7.519988250559035,4,1,17,0,0,0,16
2,0,1,VBZ,0.0,is,0,1,2.341484080068767,19.144004138058012,7.347528720939248,2,1,18,0,0,0,17
1,0,1,VBN,3.0,surrounded,0,1,6.981248134281486,12.734533844347478,16.594439728400562,10,1,19,0,0,0,18
1,0,1,IN,0.0,by,0,1,0.1317467822227627,18.29067397824052,8.57862391074893,2,1,20,0,0,0,19
2,1,2,NNS,2.0,moors,0,1,14.092558664502576,15.215357664334997,28.97853893917092,5,1,21,0,0,0,20
1,0,1,RB,0.0,as,0,0,7.7445928156375885,18.455643172698917,8.340623672004352,2,1,22,0,0,0,21
0,0,0,JJ,2.0,high,1,1,6.988080913899466,16.09639059118449,11.7443056715597,4,1,23,0,0,0,22
1,0,1,IN,0.0,as,0,1,0.0512446842622011,18.455643172698917,8.340623672004352,2,1,24,0,0,0,23
1,14,2,NNS,2.0,mountains.,14,3,8.568698328454047,20.843032184538796,21.61548496519473,10,1,25,1,0,1,24
2,1,2,PRP,0.0,It,0,0,3.529957592487335,16.818509266914305,10.702508639150992,2,1,26,0,1,0,0
1,0,1,VBZ,0.0,is,0,1,0.6342671001330018,19.144004138058012,7.347528720939248,2,1,27,0,0,0,1
1,0,1,IN,0.0,in,0,1,6.803030834533274,19.583721360186956,6.713150865180346,2,1,28,0,0,0,2
2,0,1,DT,0.0,this,0,1,1.3207775873597711,18.084110076486997,8.876632627435416,4,1,29,0,0,0,3
0,1,1,NN,4.0,valley,3,1,0.4925608022604137,12.361070109591587,17.13323400648476,6,1,30,0,0,0,4
2,1,2,WRB,0.0,where,0,1,4.654449163004756,16.599322624688853,11.018728120918755,5,1,31,0,0,0,5
2,1,2,PRP,0.0,you,0,1,2.5459981709718704,18.198249039215252,8.711964911935151,3,1,32,0,0,0,6
1,0,1,MD,0.0,would,0,1,2.525761508382857,17.12711793173308,10.257280448841584,5,1,33,0,0,0,7
1,0,1,VB,4.0,find,0,1,1.794374831020832,15.844254285817549,12.108061468940654,4,1,34,0,0,0,8
2,0,1,DT,0.0,the,0,0,1.9682832900434732,20.651930178991396,5.17205129965733,3,1,35,0,0,0,9
0,1,1,NN,2.0,city,1,1,8.487610197626054,14.950265108263665,13.397815222006043,4,1,36,0,0,0,10
1,0,1,IN,0.0,of,0,1,0.2128733159042894,20.087642241543257,5.986146708647226,2,1,37,0,0,0,11
1,3,1,NNP,2.0,"Bradford,",3,3,10.709680122556165,20.759907949518816,23.902476874852816,9,1,38,1,0,0,12
2,1,2,WRB,0.0,where,0,1,2.796990785980597,16.599322624688853,11.018728120918755,5,1,39,0,0,0,13
2,1,2,RB,0.0,once,0,0,9.013342693448068,15.20417635500597,13.031498725504989,4,1,40,0,0,0,14
2,0,1,DT,0.0,a,0,0,2.960328349028714,19.69218547190043,6.556670229096891,1,1,41,0,0,0,15
0,0,0,CD,0.0,thousand,0,1,7.222337230923586,13.54100134122274,15.430953070020486,8,1,42,0,0,0,16
0,0,0,JJ,0.0,spinning,0,1,17.88077729102224,11.88486136586701,17.82025799948417,8,1,43,0,0,0,17
0,1,1,NNS,3.0,jennies,3,2,18.984388314187527,16.28521955626089,40.70741345113231,7,1,44,0,0,0,18
2,1,2,WDT,0.0,that,0,1,8.972866361960769,19.024464301341364,7.519988250559035,4,1,45,0,0,0,19
3,1,2,VBD,2.0,hummed,0,1,14.298021459951997,14.285172253757429,30.88346945407747,6,1,46,0,0,0,20
0,0,0,CC,1.0,and,0,0,3.5279414978576824,19.93279149564298,6.2095491118355035,3,1,47,0,0,0,21
1,5,2,VBD,1.0,clattered,5,3,12.484257494215854,14.501460399708606,32.727409495078646,9,1,48,0,0,0,22
1,0,1,VBD,4.0,spun,0,1,15.419142842292786,11.63864139628506,18.175478328567877,4,1,49,0,0,0,23
1,1,1,NN,1.0,wool,1,1,13.67853481322527,11.757626964847542,18.00381843886543,4,1,50,0,0,0,24
1,0,1,IN,0.0,into,0,1,5.187954174587503,16.972256606338846,10.48069811501334,4,1,51,0,0,0,25
1,2,1,NN,2.0,money,0,1,14.04234559624456,15.09841606952575,13.1840785648903,5,1,52,0,0,0,26
1,0,1,IN,0.0,for,0,1,6.750004314351827,18.90419907432743,7.693494297163422,3,1,53,0,0,0,27
1,0,1,DT,0.0,the,0,1,1.2817250500665978,20.651930178991396,5.17205129965733,3,1,54,0,0,0,28
0,0,0,JJ,0.0,long-bearded,0,1,24.99877066013869,19.695998898116947,49.46353281766656,12,1,55,0,0,0,29
0,0,0,NN,0.0,mill,0,1,10.0211161673069,12.819970969899764,16.471180011058475,4,1,56,0,0,0,30
0,13,0,NNS,5.0,owners.,17,2,6.053486675024033,20.84325399952234,20.7647647088165,7,1,57,1,0,1,31
3,0,1,IN,0.0,That,0,0,6.949970304965973,15.36211920764605,12.803635355257288,4,1,58,0,1,0,0
2,0,1,DT,0.0,all,0,0,9.856173805892467,17.469149055179013,9.763833843216451,3,1,59,0,0,0,1
0,0,0,NN,0.0,mill,0,1,16.961813129484653,12.819970969899764,16.471180011058475,4,1,60,0,0,0,2
0,1,1,NNS,2.0,owners,2,2,0.8683507069945335,13.23805177639579,15.868016904835796,6,1,61,0,0,0,3
1,0,1,VBD,0.0,were,0,1,2.4944177167490125,17.723648827567594,9.39666828368408,4,1,62,0,0,0,4
2,0,1,RB,0.0,generally,0,1,12.052462616935372,14.557220734035663,13.964858391554092,9,1,63,0,0,0,5
0,0,0,JJ,4.0,busy,0,0,11.136808809824288,13.22016499644934,15.89382207356201,4,1,64,0,0,0,6
1,0,1,IN,0.0,as,0,1,7.627455538138747,18.455643172698917,8.340623672004352,2,1,65,0,0,0,7
1,3,2,NNS,2.0,beavers,2,1,12.588524645194411,18.783262115554628,32.70489380004368,7,1,66,0,0,0,8
0,0,0,CC,1.0,and,0,0,1.8764850194565952,19.93279149564298,6.2095491118355035,3,1,67,0,0,0,9
2,0,1,RB,0.0,quite,0,1,13.953781735152006,14.79680745161507,13.619207822239414,5,1,68,0,0,0,10
0,0,0,VBN,2.0,pleased,0,1,8.736072957981378,12.741864015313912,16.58386452709842,7,1,69,0,0,0,11
1,0,1,IN,0.0,with,0,1,1.0640038574347273,18.681580760008114,8.014664635242958,4,1,70,0,0,0,12
1,3,2,PRP,2.0,themselves,2,1,5.601258979528211,14.59139742147286,13.915551854074431,10,1,71,0,0,0,13
1,0,1,IN,0.0,for,0,1,4.110491336323321,18.90419907432743,7.693494297163422,3,1,72,0,0,0,14
2,0,1,VBG,0.0,being,0,1,4.306224926840514,16.21534685484689,11.57268805989128,5,1,73,0,0,0,15
2,0,1,RB,0.0,so,0,1,3.5260190065018833,17.102955196419583,10.292139907252675,2,1,74,0,0,0,16
0,1,1,JJ,4.0,successful,0,0,6.7260307520627975,14.043769801781814,14.705611505256536,10,1,75,0,0,0,17
0,0,0,CC,1.0,and,0,0,4.207124533131719,19.93279149564298,6.2095491118355035,3,1,76,0,0,0,18
1,0,1,JJ,1.0,well,0,1,6.3456894140690565,16.444621586718245,11.24191454121933,4,1,77,0,0,0,19
0,10,2,RB,1.0,off,14,5,5.7921794056892395,15.932315680740835,11.981015731191064,3,1,78,0,0,0,20
1,0,1,VBD,0.0,was,0,1,3.080316698178649,18.521451560034553,8.24568223794633,3,1,79,0,0,0,21
1,0,1,VBN,2.0,known,0,1,6.884575331583619,15.485962475218937,12.624967287282402,5,1,80,0,0,0,22
1,0,1,TO,0.0,to,0,1,1.7539219633908942,19.88357245739644,6.280557174231113,2,1,81,0,0,0,23
2,0,1,DT,0.0,the,0,0,2.493318551860284,20.651930178991396,5.17205129965733,3,1,82,0,0,0,24
0,1,1,NNS,3.0,residents,1,2,8.42657223175047,13.40989593867987,15.620098184102837,9,1,83,0,0,0,25
1,0,1,IN,0.0,of,0,1,0.4024920542142354,20.087642241543257,5.986146708647226,2,1,84,0,0,0,26
1,7,2,NNP,2.0,"Bradford,",7,2,4.5004951901501045,20.759907949518816,23.902476874852816,9,1,85,1,0,0,27
0,0,0,CC,1.0,and,0,0,2.291200298059266,19.93279149564298,6.2095491118355035,3,1,86,0,0,0,28
2,0,1,IN,0.0,if,0,1,7.224733285140246,17.14973730774824,10.224647587236507,2,1,87,0,0,0,29
2,1,2,PRP,0.0,you,0,1,1.3367127636447549,18.198249039215252,8.711964911935151,3,1,88,0,0,0,30
1,0,1,VBD,2.0,were,0,1,3.037854013964534,17.723648827567594,9.39666828368408,4,1,89,0,0,0,31
2,0,1,TO,0.0,to,0,1,0.7029671111376956,19.88357245739644,6.280557174231113,2,1,90,0,0,0,32
1,0,1,VB,2.0,go,0,0,3.230471688671969,16.02670389409771,11.844842323862729,2,1,91,0,0,0,33
1,0,1,IN,0.0,into,0,1,4.861462838132866,16.972256606338846,10.48069811501334,4,1,92,0,0,0,34
1,0,1,DT,0.0,the,0,1,1.4907490049663463,20.651930178991396,5.17205129965733,3,1,93,0,0,0,35
0,2,0,NN,3.0,city,3,1,3.955094547156478,14.950265108263665,13.397815222006043,4,1,94,0,0,0,36
2,0,1,TO,0.0,to,0,0,4.90609616949223,19.88357245739644,6.280557174231113,2,1,95,0,0,0,37
1,0,1,VB,2.0,visit,0,1,2.711800495395437,14.225941980160831,14.442792606921184,5,1,96,0,0,0,38
1,0,1,DT,0.0,the,0,1,1.5821029358776286,20.651930178991396,5.17205129965733,3,1,97,0,0,0,39
0,0,0,JJ,0.0,stately,0,1,14.29097218613606,14.262837120167356,31.166101070701124,7,1,98,0,0,0,40
0,0,0,NNP,0.0,City,0,1,10.006697993725538,14.698507553405632,13.76102459790606,4,1,99,0,0,0,41
0,10,3,NNP,4.0,"Hall,",11,4,2.4017132470034994,20.760644287830008,20.31422150595864,5,1,100,1,0,0,42
1,1,1,PRP,0.0,you,0,1,0.6875744857243262,18.198249039215252,8.711964911935151,3,1,101,0,0,0,43
1,0,1,MD,0.0,would,0,1,0.2054665761534124,17.12711793173308,10.257280448841584,5,1,102,0,0,0,44
1,0,1,VB,4.0,see,0,0,3.026403318857774,16.358742639435995,11.365811672580191,3,1,103,0,0,0,45
1,1,1,RB,1.0,there,0,1,6.232521074824035,17.088435267092525,10.313087737286883,5,1,104,0,0,0,46
2,0,1,DT,0.0,the,0,0,4.692629649187438,20.651930178991396,5.17205129965733,3,1,105,0,0,0,47
0,1,1,NNP,2.0,Crest,1,1,17.85885698639322,16.762409981437802,26.18580555993595,5,1,106,0,0,0,48
1,0,1,IN,0.0,of,0,1,0.5022693877108395,20.087642241543257,5.986146708647226,2,1,107,0,0,0,49
2,0,1,DT,0.0,the,0,0,2.9527133012888953,20.651930178991396,5.17205129965733,3,1,108,0,0,0,50
0,1,1,NNP,3.0,City,1,2,5.211351224803366,14.698507553405632,13.76102459790606,4,1,109,0,0,0,51
1,0,1,IN,0.0,of,0,1,2.2120428141206503,20.087642241543257,5.986146708647226,2,1,110,0,0,0,52
1,5,1,NNP,2.0,"Bradford,",7,3,2.3076643508393317,20.759907949518816,23.902476874852816,9,1,111,1,0,0,53
2,1,2,WDT,0.0,which,0,1,2.4751764580141753,17.599930483545194,9.57515612507219,5,1,112,0,0,0,54
2,0,1,DT,0.0,those,0,0,13.809104200918227,16.253798758701542,11.51721368888743,5,1,113,0,0,0,55
0,0,0,JJ,0.0,same,0,1,8.152496224269271,16.30410830393432,11.444632357470724,4,1,114,0,0,0,56
0,0,0,NN,0.0,mill,0,1,2.006459107156843,12.819970969899764,16.471180011058475,4,1,115,0,0,0,57
0,1,1,NNS,3.0,owners,3,2,0.1226629130542278,13.23805177639579,15.868016904835796,6,1,116,0,0,0,58
1,0,1,VBD,3.0,created,3,1,9.697135657072067,14.657456551196196,13.820248675217137,7,1,117,0,0,0,59
2,0,1,TO,0.0,to,0,0,3.5529864460695535,19.88357245739644,6.280557174231113,2,1,118,0,0,0,60
1,0,1,VB,2.0,celebrate,0,1,5.55526396096684,12.4054192829961,17.069251673946543,9,1,119,0,0,0,61
1,0,1,PRP$,0.0,their,0,1,1.7077836436219511,17.287357438148756,10.026103707581193,5,1,120,0,0,0,62
0,11,1,NNS,2.0,achievements.,10,5,7.458033857867122,20.842863984290435,22.97058682270639,13,1,121,1,0,1,63
3,1,2,PRP,0.0,It,0,0,3.599935732781887,16.818509266914305,10.702508639150992,2,1,122,0,1,0,0
1,0,1,VBZ,1.0,shows,0,1,9.466661183163524,15.032684542017543,13.27890911365645,5,1,123,0,0,0,1
2,0,1,DT,0.0,a,0,0,4.778445417643525,19.69218547190043,6.556670229096891,1,1,124,0,0,0,2
1,0,1,JJ,0.0,sinister,0,1,14.245404786779543,10.875856114629988,19.275944871674746,8,1,125,0,0,0,3
0,1,0,JJ,1.0,looking,1,1,8.074337933212519,14.985183179447544,13.347439093871657,7,1,126,0,0,0,4
1,1,1,NN,1.0,boar's,3,2,22.87947670184076,18.252049596378956,36.194708400023785,6,1,127,0,0,0,5
0,1,1,NN,4.0,head,1,2,3.290900943800807,15.404039391209997,12.743157314316427,4,1,128,0,0,0,6
1,0,1,VBG,1.0,sitting,0,0,6.8487985781393945,13.705741449838731,15.193283332284686,7,1,129,0,0,0,7
1,0,1,IN,0.0,on,0,1,1.863963550364133,18.53086189167023,8.232105999162414,2,1,130,0,0,0,8
2,1,2,NN,2.0,top,0,1,3.818550556025002,15.287575881243978,12.911178642588926,3,1,131,0,0,0,9
1,0,1,IN,0.0,of,0,1,0.0310616340721026,20.087642241543257,5.986146708647226,2,1,132,0,0,0,10
1,0,1,DT,0.0,a,0,1,1.1819896711967883,19.69218547190043,6.556670229096891,1,1,133,0,0,0,11
0,6,0,NN,3.0,well,5,1,8.51039164874237,16.444621586718245,11.24191454121933,4,1,134,0,0,0,12
2,1,2,WDT,0.0,which,0,1,5.317962601780891,17.599930483545194,9.57515612507219,5,1,135,0,0,0,13
2,0,1,VBZ,2.0,seems,0,0,8.262320336420089,14.8461269779729,13.548054786143982,5,1,136,0,0,0,14
1,0,1,JJ,1.0,puzzling,1,2,17.670229125302285,14.74585290189872,33.18426257922307,8,1,137,0,0,0,15
1,0,1,IN,0.0,at,0,1,3.604691094602458,18.150223836201175,8.781250634161243,2,1,138,0,0,0,16
1,8,3,RB,2.0,"first,",8,3,2.0285457686986774,20.77834769351069,15.775187787089155,6,1,139,1,0,0,17
0,0,0,CC,1.0,but,0,0,0.5592785145854577,17.553098244319884,9.64272076435627,3,1,140,0,0,0,18
3,0,1,DT,0.0,the,0,0,4.094199133804068,20.651930178991396,5.17205129965733,3,1,141,0,0,0,19
0,1,1,NN,1.0,reason,1,1,8.434587108669803,14.940116726028885,13.412456242729206,6,1,142,0,0,0,20
1,0,1,IN,0.0,for,0,1,2.7346945031604264,18.90419907432743,7.693494297163422,3,1,143,0,0,0,21
1,0,1,DT,0.0,this,0,1,1.819622643844923,18.084110076486997,8.876632627435416,4,1,144,0,0,0,22
0,3,1,NN,3.0,symbol,3,2,11.945699641481042,13.318923088884796,15.751344263357726,6,1,145,0,0,0,23
1,0,1,VBZ,0.0,is,0,1,0.6866888348013163,19.144004138058012,7.347528720939248,2,1,146,0,0,0,24
2,0,1,DT,0.0,a,0,0,6.63434325158596,19.69218547190043,6.556670229096891,1,1,147,0,0,0,25
0,1,1,NN,4.0,matter,1,2,6.349730786285363,15.066265511746847,13.230462015159738,6,1,148,0,0,0,26
1,0,1,IN,0.0,of,0,1,0.2091207829071208,20.087642241543257,5.986146708647226,2,1,149,0,0,0,27
1,6,1,NN,2.0,legend.,7,3,5.207602402893826,20.84293637459407,22.230248258170235,7,1,150,1,0,1,28
2,1,2,EX,0.0,There,0,0,5.443805355578661,15.59947186709071,12.46120785053467,5,1,151,0,1,0,0
1,0,1,VBD,1.0,was,0,0,2.9865317158401012,18.521451560034553,8.24568223794633,3,1,152,0,0,0,1
2,1,2,RB,1.0,"once,",2,3,10.485331059375312,20.76369919531742,18.0478674034366,5,1,153,1,0,0,2
2,1,2,NN,0.0,legend,0,0,12.478831484040713,12.222255986004267,17.33350045418953,6,1,154,0,0,0,3
1,0,1,VBZ,2.0,has,0,0,2.371854363271268,17.47535718373814,9.754877406931,3,1,155,0,0,0,4
1,4,1,PRP,1.0,"it,",3,4,0.0598173701728228,20.85282241959478,13.392061936660106,3,1,156,1,0,0,5
2,0,1,DT,0.0,a,0,0,0.8062016834155656,19.69218547190043,6.556670229096891,1,1,157,0,0,0,6
0,0,0,JJ,0.0,fearsome,0,1,12.2510375790298,14.455192613735251,30.39315892855231,8,1,158,0,0,0,7
0,1,1,NN,3.0,"boar,",3,2,5.959997372236103,20.770260878465916,32.378136944474264,5,1,159,1,0,0,8
2,1,2,WDT,0.0,which,0,1,2.7082377234473825,17.599930483545194,9.57515612507219,5,1,160,0,0,0,9
2,0,1,VBD,2.0,lived,0,1,5.4456358049064875,13.736170769851554,15.149383103204563,5,1,161,0,0,0,10
1,0,1,IN,0.0,in,0,1,1.3835045935120434,19.583721360186956,6.713150865180346,2,1,162,0,0,0,11
2,0,1,DT,0.0,a,0,0,2.732482804451138,19.69218547190043,6.556670229096891,1,1,163,0,0,0,12
0,1,1,NN,3.0,wood,1,2,10.66648163809441,13.542918063033095,15.428187824969925,4,1,164,0,0,0,13
1,0,1,VBN,1.0,located,0,0,11.42100298497826,14.349009390843602,14.265243863834108,7,1,165,0,0,0,14
1,1,1,RB,1.0,just,0,1,5.34427459014114,16.69359693645768,10.882719038846648,4,1,166,0,0,0,15
1,0,1,IN,0.0,outside,0,1,2.1897177785867825,14.742859125993014,13.697038804078616,7,1,167,0,0,0,16
2,0,1,DT,0.0,the,0,0,0.7475661067874171,20.651930178991396,5.17205129965733,3,1,168,0,0,0,17
0,1,1,NN,3.0,manor,1,2,13.728113166929688,16.775361010057164,23.61987626481513,5,1,169,0,0,0,18
1,0,1,IN,0.0,of,0,1,2.5482130837626755,20.087642241543257,5.986146708647226,2,1,170,0,0,0,19
1,13,2,NNP,2.0,Bradford.,14,4,3.5774923372082412,20.842817505870723,23.78285600090191,9,1,171,1,0,1,20
3,0,1,DT,0.0,A,0,0,5.430628057569265,17.13359437447058,10.24793691702159,1,1,172,0,1,0,0
0,1,1,NN,1.0,source,1,1,10.82711799070239,15.067644471503195,13.228472596757667,6,1,173,0,0,0,1
1,0,1,IN,0.0,of,0,1,1.8765218371408992,20.087642241543257,5.986146708647226,2,1,174,0,0,0,2
2,0,1,JJ,0.0,great,0,0,4.573106559982989,15.578243813100537,12.49183345875402,5,1,175,0,0,0,3
0,1,1,NN,3.0,trouble,3,2,7.995842390460893,13.624411793938478,15.310617223529189,7,1,176,0,0,0,4
1,0,1,TO,0.0,to,0,1,1.9811465472448615,19.88357245739644,6.280557174231113,2,1,177,0,0,0,5
1,0,1,DT,0.0,the,0,1,1.052429391478654,20.651930178991396,5.17205129965733,3,1,178,0,0,0,6
0,0,0,JJ,0.0,local,0,1,6.746952912129927,15.27949694298728,12.92283408674751,5,1,179,0,0,0,7
0,5,1,NN,4.0,folk,4,1,6.255576618015766,12.274796147407056,17.257701023886224,4,1,180,0,0,0,8
1,0,1,DT,0.0,the,0,0,8.16585980169475,20.651930178991396,5.17205129965733,3,1,181,0,0,0,9
0,1,0,NN,1.0,boar,2,2,2.0154661778360605,16.201001302647686,27.361768266542654,4,1,182,0,0,0,10
1,1,1,VBD,2.0,"was,",1,2,8.906441680563148,20.86116058676723,13.262050915877944,4,1,183,1,0,0,11
2,0,1,VBG,1.0,bringing,0,0,14.85592440707842,13.270667858608592,15.82096184477416,8,1,184,0,0,0,12
1,1,1,NN,1.0,terror,1,1,7.51987728336826,12.624523078195658,16.75315171517219,6,1,185,0,0,0,13
1,0,1,TO,0.0,to,0,1,1.0367491897195578,19.88357245739644,6.280557174231113,2,1,186,0,0,0,14
1,0,1,DT,0.0,the,0,1,1.0913160924974363,20.651930178991396,5.17205129965733,3,1,187,0,0,0,15
0,0,0,JJ,0.0,peaceful,0,1,14.57945672076312,12.16140995162398,17.421282726247732,8,1,188,0,0,0,16
0,3,1,NNS,4.0,flocks,4,1,12.558831797912717,14.633838234268842,30.267524764259488,6,1,189,0,0,0,17
0,0,0,CC,1.0,and,0,0,3.504928014241159,19.93279149564298,6.2095491118355035,3,1,190,0,0,0,18
1,0,1,VBG,1.0,ravaging,0,0,13.472324158996344,13.368421571412862,34.64926616883045,8,1,191,0,0,0,19
1,0,1,DT,0.0,the,0,1,1.250535795232281,20.651930178991396,5.17205129965733,3,1,192,0,0,0,20
0,1,0,NN,2.0,countryside,2,2,6.563251304673031,11.441923433615504,18.459282357765023,11,1,193,0,0,0,21
1,4,1,RP,1.0,around.,6,4,9.68001825362444,20.849584897746368,16.982702762370486,7,1,194,1,0,1,22
2,0,1,RB,0.0,Even,0,0,8.020159394713119,14.144453808481098,14.560355188094649,4,1,195,0,1,0,0
0,1,1,RBR,1.0,"worse,",2,2,7.04682794038672,20.760693527248375,20.228341565628178,6,1,196,1,0,0,1
1,1,1,RB,0.0,"however,",1,2,8.29839098197408,20.76392499100888,17.965647821932627,8,1,197,1,0,0,2
1,0,1,DT,0.0,the,0,0,2.2245766051346436,20.651930178991396,5.17205129965733,3,1,198,0,0,0,3
0,1,0,NN,1.0,boar,1,2,0.9838425645139068,16.201001302647686,27.361768266542654,4,1,199,0,0,0,4
2,1,2,RBS,0.0,most,0,1,12.816221508081073,16.424816014558168,11.270487941956638,4,1,200,0,0,0,5
0,0,0,VBD,4.0,liked,0,1,9.237971560214646,13.16800573528303,15.96907198098308,5,1,201,0,0,0,6
2,0,1,TO,0.0,to,0,1,0.8544036783860065,19.88357245739644,6.280557174231113,2,1,202,0,0,0,7
2,0,1,VB,2.0,go,0,0,6.0415582963614725,16.02670389409771,11.844842323862729,2,1,203,0,0,0,8
1,0,1,TO,0.0,to,0,1,2.141851461492479,19.88357245739644,6.280557174231113,2,1,204,0,0,0,9
2,0,1,DT,0.0,the,0,0,2.2684168531559408,20.651930178991396,5.17205129965733,3,1,205,0,0,0,10
0,1,1,NN,3.0,well,1,2,5.784769667778164,16.444621586718245,11.24191454121933,4,1,206,0,0,0,11
2,1,2,WDT,0.0,that,0,1,8.019288508221507,19.024464301341364,7.519988250559035,4,1,207,0,0,0,12
2,0,1,VBD,0.0,was,0,1,2.2892767982557416,18.521451560034553,8.24568223794633,3,1,208,0,0,0,13
1,0,1,IN,0.0,in,0,1,5.416223141131923,19.583721360186956,6.713150865180346,2,1,209,0,0,0,14
1,0,1,DT,0.0,the,0,1,0.8930721156066284,20.651930178991396,5.17205129965733,3,1,210,0,0,0,15
0,8,2,NN,5.0,wood,7,1,8.048592381062917,13.542918063033095,15.428187824969925,4,1,211,0,0,0,16
0,0,0,CC,1.0,and,0,0,2.3543536979705095,19.93279149564298,6.2095491118355035,3,1,212,0,0,0,17
1,0,1,VB,1.0,drink,0,1,6.638057796284556,13.55129107364016,15.416108124089805,5,1,213,0,0,0,18
1,0,1,PRP$,0.0,its,0,1,3.317238552379422,16.89741080294139,10.588677784406196,3,1,214,0,0,0,19
0,0,0,JJ,0.0,fresh,0,1,11.024413339910096,13.865647433957744,14.962587761987717,5,1,215,0,0,0,20
0,6,1,NN,3.0,"water,",6,4,4.120885244803503,20.76529857246389,17.546363238857506,6,1,216,1,0,0,21
1,0,1,RB,0.0,so,0,1,4.226744804298505,17.102955196419583,10.292139907252675,2,1,217,0,0,0,22
0,0,0,IN,1.0,that,0,1,1.7537905192002654,19.024464301341364,7.519988250559035,4,1,218,0,0,0,23
3,0,1,DT,0.0,the,0,0,2.7921649975469336,20.651930178991396,5.17205129965733,3,1,219,0,0,0,24
0,1,1,NNS,1.0,people,1,1,4.151868288055994,16.493453036195575,11.171465651218966,6,1,220,0,0,0,25
1,0,1,IN,0.0,of,0,1,1.9392777024768293,20.087642241543257,5.986146708647226,2,1,221,0,0,0,26
1,3,2,NNP,2.0,Bradford,2,2,0.7579486747272313,11.146070306614268,18.886108196921203,8,1,222,0,0,0,27
1,0,1,VBD,3.0,had,0,1,5.4675165542867035,17.432489551576744,9.816722327264898,3,1,223,0,0,0,28
2,0,1,JJ,0.0,second,0,0,14.78763491124846,15.864930682912982,12.07823173338762,6,1,224,0,0,0,29
0,1,1,NNS,2.0,thoughts,1,2,1.0782164931297302,13.5477722793148,15.421184671212906,8,1,225,0,0,0,30
1,0,1,IN,0.0,about,0,1,1.8143492275848985,17.10157168565105,10.294135891377458,5,1,226,0,0,0,31
2,0,1,VBG,2.0,visiting,0,1,7.334877016954124,12.721470799328715,16.61328571866804,8,1,227,0,0,0,32
1,0,1,DT,0.0,the,0,1,1.5044316916028038,20.651930178991396,5.17205129965733,3,1,228,0,0,0,33
0,9,1,NN,2.0,well.,16,2,2.0766555288573727,20.854981252682563,16.138662345200036,5,1,229,1,0,1,34
2,0,1,IN,0.0,That,0,0,6.535287022590637,15.36211920764605,12.803635355257288,4,1,230,0,1,0,0
3,0,1,DT,0.0,the,0,0,4.387902419315651,20.651930178991396,5.17205129965733,3,1,231,0,0,0,1
0,1,1,NNS,1.0,people,1,1,5.6160690856631845,16.493453036195575,11.171465651218966,6,1,232,0,0,0,2
1,0,1,IN,0.0,of,0,1,0.6186934828292578,20.087642241543257,5.986146708647226,2,1,233,0,0,0,3
1,3,2,NNP,2.0,Bradford,2,2,0.2690144220832735,11.146070306614268,18.886108196921203,8,1,234,0,0,0,4
1,0,1,VBD,2.0,bore,0,1,12.857250210363418,12.380622413390997,17.105025994755398,4,1,235,0,0,0,5
2,0,1,DT,0.0,the,0,0,2.0118386068497784,20.651930178991396,5.17205129965733,3,1,236,0,0,0,6
0,1,1,NN,2.0,brunt,1,2,3.0588587829261087,14.496134144667872,30.110219944260272,5,1,237,0,0,0,7
1,0,1,IN,0.0,of,0,1,0.0280556002981029,20.087642241543257,5.986146708647226,2,1,238,0,0,0,8
2,0,1,DT,0.0,the,0,0,1.4801589274138678,20.651930178991396,5.17205129965733,3,1,239,0,0,0,9
0,1,1,NN,2.0,beast's,2,3,8.753106012329226,18.116475512863836,26.57350580509792,7,1,240,0,0,0,10
0,6,1,NN,3.0,ferocity,6,1,11.210221733839717,13.065077426020048,35.02073474090314,8,1,241,0,0,0,11
1,0,1,VBD,0.0,was,0,0,1.7865018136799335,18.521451560034553,8.24568223794633,3,1,242,0,0,0,12
1,0,1,JJ,2.0,unfair,1,2,17.059556756168604,12.456901400335251,16.994978678566884,6,1,243,0,0,0,13
1,0,1,IN,0.0,in,0,1,5.607061186339706,19.583721360186956,6.713150865180346,2,1,244,0,0,0,14
2,0,1,DT,0.0,the,0,0,2.8281087639625184,20.651930178991396,5.17205129965733,3,1,245,0,0,0,15
0,1,1,NNS,3.0,eyes,1,2,0.9692558809183538,14.919029124476776,13.442879220912676,4,1,246,0,0,0,16
1,0,1,IN,0.0,of,0,1,0.00329999870155,20.087642241543257,5.986146708647226,2,1,247,0,0,0,17
2,0,1,DT,0.0,the,0,0,1.3841142604942434,20.651930178991396,5.17205129965733,3,1,248,0,0,0,18
0,1,1,NNS,3.0,people,1,2,2.5726269751321524,16.493453036195575,11.171465651218966,6,1,249,0,0,0,19
1,0,1,IN,0.0,of,0,1,0.4264934746897779,20.087642241543257,5.986146708647226,2,1,250,0,0,0,20
1,0,1,DT,0.0,the,0,1,1.841116774827242,20.651930178991396,5.17205129965733,3,1,251,0,0,0,21
0,9,0,NN,3.0,region.,9,2,7.315117618592922,20.845461252609702,18.321575826999943,7,1,252,1,0,1,22
2,1,2,RB,0.0,"Eventually,",1,1,10.34304842253914,20.75997120272578,22.941251548961432,11,1,253,1,1,0,0
1,0,1,DT,0.0,the,0,0,2.1996268557268195,20.651930178991396,5.17205129965733,3,1,254,0,0,0,1
0,1,0,NN,1.0,issue,1,2,14.266438869177364,15.135205876529664,13.131002092770494,5,1,255,0,0,0,2
1,0,1,VBD,2.0,reached,0,1,8.531735619530082,14.228927962579764,14.43848474489321,7,1,256,0,0,0,3
2,0,1,DT,0.0,the,0,0,1.167882522451691,20.651930178991396,5.17205129965733,3,1,257,0,0,0,4
0,1,1,NNS,2.0,ears,1,2,2.6376927484525368,12.754098673768764,16.566213646018635,4,1,258,0,0,0,5
1,0,1,IN,0.0,of,0,1,0.0208091913373209,20.087642241543257,5.986146708647226,2,1,259,0,0,0,6
2,0,1,DT,0.0,the,0,0,0.88585775566753,20.651930178991396,5.17205129965733,3,1,260,0,0,0,7
0,0,0,JJ,0.0,kindly,0,1,13.577813702926504,11.739224033977738,18.030368255969123,6,1,261,0,0,0,8
0,1,1,NN,4.0,Lord,2,1,7.642007153481245,13.818830042374616,15.030130980652054,4,1,262,0,0,0,9
1,0,1,IN,0.0,of,0,1,4.906972121680155,20.087642241543257,5.986146708647226,2,1,263,0,0,0,10
1,0,1,DT,0.0,the,0,1,1.7361500861588866,20.651930178991396,5.17205129965733,3,1,264,0,0,0,11
0,2,0,NNP,3.0,Manor,3,2,6.718825194519013,10.664526999138992,19.580828338589058,5,1,265,0,0,0,12
2,1,2,WP,0.0,who,0,1,4.109872579574585,16.99990971408453,10.440803113603463,3,1,266,0,0,0,13
2,0,1,DT,0.0,the,0,0,9.59161526930984,20.651930178991396,5.17205129965733,3,1,267,0,0,0,14
0,1,1,NNS,1.0,people,1,2,5.099994081654586,16.493453036195575,11.171465651218966,6,1,268,0,0,0,15
1,0,1,VBD,0.0,had,0,0,5.4577719231601804,17.432489551576744,9.816722327264898,3,1,269,0,0,0,16
1,1,1,RB,0.0,often,1,1,8.197758160997182,15.298674564108453,12.895166627859949,5,1,270,0,0,0,17
1,0,1,VBN,5.0,asked,0,0,4.531021745642647,15.126720046841973,13.143244557178754,5,1,271,0,0,0,18
1,0,1,IN,0.0,for,0,1,3.1804422549903393,18.90419907432743,7.693494297163422,3,1,272,0,0,0,19
1,11,1,NN,2.0,help.,12,4,5.970136366784573,20.848524377702844,17.22695647646825,5,1,273,1,0,1,20
2,0,1,DT,0.0,The,0,0,2.2331657868344337,18.12053694573349,8.824079763818386,3,1,274,0,1,0,0
0,1,1,NNP,1.0,Lord,1,1,2.3737060341518372,13.818830042374616,15.030130980652054,4,1,275,0,0,0,1
2,0,1,VBD,1.0,saw,0,1,9.456677564419806,14.882462918571155,13.49563310483684,3,1,276,0,0,0,2
2,0,1,DT,0.0,the,0,0,2.3468852443620563,20.651930178991396,5.17205129965733,3,1,277,0,0,0,3
0,1,1,NN,2.0,severity,1,1,14.02324884245172,12.930052088981006,16.31236652646446,8,1,278,0,0,0,4
1,0,1,IN,0.0,of,0,1,0.2977599229488987,20.087642241543257,5.986146708647226,2,1,279,0,0,0,5
2,0,1,DT,0.0,the,0,1,0.4331980303395539,20.651930178991396,5.17205129965733,3,1,280,0,0,0,6
0,1,1,NN,3.0,problem,3,2,2.79729869167204,15.485096743484648,12.6262162741622,7,1,281,0,0,0,7
3,0,1,DT,0.0,the,0,0,8.279569900943898,20.651930178991396,5.17205129965733,3,1,282,0,0,0,8
0,1,1,NNS,1.0,people,4,2,1.9019224304938689,16.493453036195575,11.171465651218966,6,1,283,0,0,0,9
2,8,4,VBD,2.0,faced,0,0,4.719663050957024,13.026402986258418,16.173361564777135,5,1,284,0,0,0,10
0,0,0,CC,1.0,and,0,0,0.4873449578881264,19.93279149564298,6.2095491118355035,3,1,285,0,0,0,11
1,0,1,VBD,1.0,suggested,0,1,6.504195652902126,14.16965851175112,14.523992487679909,9,1,286,0,0,0,12
3,0,1,DT,0.0,a,0,0,4.473201402637642,19.69218547190043,6.556670229096891,1,1,287,0,0,0,13
0,1,1,NN,1.0,contest,1,2,11.933327010658104,12.9012153337397,16.35396917024642,7,1,288,0,0,0,14
1,0,1,MD,0.0,could,0,1,9.541508453083225,16.68628345113659,10.893270167851,5,1,289,0,0,0,15
1,0,1,VB,3.0,solve,0,1,11.718353179167025,13.47679200025192,15.523587567817838,5,1,290,0,0,0,16
1,0,1,DT,0.0,the,0,1,1.863481794927793,20.651930178991396,5.17205129965733,3,1,291,0,0,0,17
0,8,1,NN,2.0,problem.,9,4,1.4520211327107972,20.847456876973197,17.522964078142905,8,1,292,1,0,1,18
2,1,2,PRP,0.0,He,0,0,4.765939564444125,16.547839497404837,11.093002573340865,2,1,293,0,1,0,0
1,0,1,VBD,1.0,said,0,1,5.297110497020185,16.904210086999463,10.57886849101402,4,1,294,0,0,0,1
1,0,1,IN,0.0,that,0,1,1.0900124944746494,19.024464301341364,7.519988250559035,4,1,295,0,0,0,2
4,1,2,WP,0.0,whoever,0,0,7.374886238947511,11.776896130791586,17.976018908715893,7,1,296,0,0,0,3
2,0,1,MD,0.0,could,0,1,2.4830575578380376,16.68628345113659,10.893270167851,5,1,297,0,0,0,4
2,0,1,VB,2.0,kill,0,1,9.189928537933156,13.87216306607772,14.953187691839972,4,1,298,0,0,0,5
1,0,1,DT,0.0,the,0,1,0.7334184673381969,20.651930178991396,5.17205129965733,3,1,299,0,0,0,6
0,2,1,NN,2.0,boar,2,1,0.7722754391143098,16.201001302647686,27.361768266542654,4,1,300,0,0,0,7
0,0,0,CC,1.0,and,0,0,3.719941710587591,19.93279149564298,6.2095491118355035,3,1,301,0,0,0,8
1,0,1,VB,1.0,bring,0,0,3.7998264846391976,14.500182928554509,14.047146550664944,5,1,302,0,0,0,9
1,0,1,IN,0.0,as,0,1,9.81760479323566,18.455643172698917,8.340623672004352,2,1,303,0,0,0,10
1,2,1,NN,2.0,proof,2,1,16.67361439578235,14.182264636341824,14.505805694248068,5,1,304,0,0,0,11
1,0,1,PRP$,0.0,its,0,1,6.75332478719065,16.89741080294139,10.588677784406196,3,1,305,0,0,0,12
0,1,0,NN,2.0,head,2,2,8.562046355509665,15.404039391209997,12.743157314316427,4,1,306,0,0,0,13
1,0,1,TO,0.0,to,0,1,2.2075442631030455,19.88357245739644,6.280557174231113,2,1,307,0,0,0,14
1,0,1,DT,0.0,the,0,1,0.9884906621300616,20.651930178991396,5.17205129965733,3,1,308,0,0,0,15
0,0,0,NNP,0.0,Manor,0,1,9.157823813904542,10.664526999138992,19.580828338589058,5,1,309,0,0,0,16
0,8,3,NNP,4.0,House,8,3,8.016400575637817,14.462944635343128,14.10087005161217,5,1,310,0,0,0,17
1,0,1,MD,0.0,would,0,1,1.4539729482494297,17.12711793173308,10.257280448841584,5,1,311,0,0,0,18
1,0,1,VB,0.0,be,0,1,1.671856730710715,18.381669296901407,8.447345415772759,2,1,312,0,0,0,19
1,0,1,VBN,5.0,rewarded,0,1,3.335497277788818,11.375948141941404,18.554464583884453,8,1,313,0,0,0,20
1,0,1,IN,0.0,with,0,1,0.4245238488074392,18.681580760008114,8.014664635242958,4,1,314,0,0,0,21
1,0,1,NN,2.0,land,0,0,10.409554045880212,14.613623426247754,13.883486507206918,4,1,315,0,0,0,22
0,0,0,CC,1.0,and,0,0,2.029470295645297,19.93279149564298,6.2095491118355035,3,1,316,0,0,0,23
0,9,0,NN,1.0,fame.,11,4,7.868065587244928,20.84288720228333,22.68954946289444,5,1,317,1,0,1,24
3,1,2,PRP,0.0,It,0,0,4.767553012818098,16.818509266914305,10.702508639150992,2,1,318,0,1,0,0
1,0,1,VBD,0.0,was,0,1,1.0041641891002655,18.521451560034553,8.24568223794633,3,1,319,0,0,0,1
4,0,1,DT,0.0,the,0,0,4.545728006865829,20.651930178991396,5.17205129965733,3,1,320,0,0,0,2
0,1,1,NNS,3.0,people,1,1,6.1210180395282805,16.493453036195575,11.171465651218966,6,1,321,0,0,0,3
1,0,1,IN,0.0,of,0,1,0.7111118031316437,20.087642241543257,5.986146708647226,2,1,322,0,0,0,4
1,3,2,NNP,2.0,Bradford,2,1,0.5158136817044578,11.146070306614268,18.886108196921203,8,1,323,0,0,0,5
0,0,0,CC,1.0,and,0,0,6.8487024726346135,19.93279149564298,6.2095491118355035,3,1,324,0,0,0,6
2,0,1,DT,0.0,the,0,0,1.339778937632218,20.651930178991396,5.17205129965733,3,1,325,0,0,0,7
0,1,1,NNS,2.0,people,1,2,3.027339095948264,16.493453036195575,11.171465651218966,6,1,326,0,0,0,8
2,1,2,WP,0.0,who,0,1,4.260103305801749,16.99990971408453,10.440803113603463,3,1,327,0,0,0,9
2,0,1,VBD,2.0,knew,0,1,6.197432018816471,14.793058934782852,13.624615788883943,4,1,328,0,0,0,10
1,6,3,PRP,1.0,them,6,3,8.2438719663769,16.811187279975307,10.71307203339734,4,1,329,0,0,0,11
2,1,2,WP,0.0,who,0,1,4.795635614544153,16.99990971408453,10.440803113603463,3,1,330,0,0,0,12
2,0,1,VBD,2.0,rejoiced,0,1,13.558094463543966,12.654415234199003,35.51088100607461,8,1,331,0,0,0,13
1,0,1,IN,0.0,at,0,1,1.830614964099368,18.150223836201175,8.781250634161243,2,1,332,0,0,0,14
1,0,1,DT,0.0,this,0,1,2.4849417334480677,18.084110076486997,8.876632627435416,4,1,333,0,0,0,15
0,8,2,NN,3.0,proclamation,6,1,12.724848575890064,14.677419863655404,32.07679557994639,12,1,334,0,0,0,16
0,0,0,CC,1.0,but,0,0,6.562557298690081,17.553098244319884,9.64272076435627,3,1,335,0,0,0,17
2,0,1,CD,0.0,one,0,0,8.830059783998877,17.417661831348372,9.838114205706065,3,1,336,0,0,0,18
0,1,1,NN,1.0,question,1,2,8.146790463011712,15.277965408382682,12.925043624126513,8,1,337,0,0,0,19
1,1,1,VBD,2.0,remained:,1,2,4.3234075559303164,18.84061604533787,22.773527519788576,9,1,338,1,0,0,20
2,1,2,WP,0.0,who,0,1,2.828860149718821,16.99990971408453,10.440803113603463,3,1,339,0,0,0,21
2,0,1,MD,0.0,would,0,1,1.3455155533738434,17.12711793173308,10.257280448841584,5,1,340,0,0,0,22
1,0,1,VB,3.0,kill,0,1,5.347942532971501,13.87216306607772,14.953187691839972,4,1,341,0,0,0,23
1,0,1,DT,0.0,the,0,1,0.391855756402947,20.651930178991396,5.17205129965733,3,1,342,0,0,0,24
0,7,1,NN,2.0,boar?,9,3,1.7633412980940193,17.73740246518776,37.088112765574536,5,1,343,1,0,1,25
3,0,1,IN,0.0,By,0,0,8.365474187536165,14.788123398517127,13.631736262578634,2,1,344,0,1,0,0
1,0,1,DT,0.0,the,0,1,2.2295527053647675,20.651930178991396,5.17205129965733,3,1,345,0,0,0,1
0,0,0,JJ,0.0,handsome,0,1,14.40408171218587,11.923908653762298,17.763924670877472,8,1,346,0,0,0,2
0,2,1,NN,3.0,reward,3,1,10.061650317162275,12.690921782892405,16.657358633184742,6,1,347,0,0,0,3
1,1,1,DT,0.0,many,0,1,7.703469242434949,16.22722338174218,11.555553853436455,4,1,348,0,0,0,4
1,0,1,VBD,2.0,felt,0,1,8.78443935746327,14.66533194586157,13.808886882388355,4,1,349,0,0,0,5
1,3,2,VBN,1.0,"tempted,",4,2,15.17129909695359,20.75992605849092,23.55639590212691,8,1,350,1,0,0,6
0,0,0,CC,1.0,but,0,0,1.290935132827144,17.553098244319884,9.64272076435627,3,1,351,0,0,0,7
3,0,1,DT,0.0,the,0,0,2.603617760410998,20.651930178991396,5.17205129965733,3,1,352,0,0,0,8
0,1,1,NN,1.0,thought,1,1,9.09433963074116,15.353262762193182,12.816412505192044,7,1,353,0,0,0,9
1,0,1,IN,0.0,of,0,1,1.126899691822473,20.087642241543257,5.986146708647226,2,1,354,0,0,0,10
2,0,1,DT,0.0,the,0,0,2.7780407367972657,20.651930178991396,5.17205129965733,3,1,355,0,0,0,11
0,1,1,NN,3.0,boar,1,2,2.1622059022192843,16.201001302647686,27.361768266542654,4,1,356,0,0,0,12
1,0,1,IN,0.0,with,0,1,8.556619697250426,18.681580760008114,8.014664635242958,4,1,357,0,0,0,13
1,0,1,PRP$,0.0,its,0,0,1.908836501650512,16.89741080294139,10.588677784406196,3,1,358,0,0,0,14
1,0,1,JJ,0.0,deadly,0,1,8.817807853221893,12.277779165074808,17.253397439090072,6,1,359,0,0,0,15
0,1,0,NNS,4.0,tusks,2,1,11.911993954330685,16.859682219887343,37.46437005335271,5,1,360,0,0,0,16
0,0,0,CC,1.0,and,0,0,1.5734067560406402,19.93279149564298,6.2095491118355035,3,1,361,0,0,0,17
1,0,1,NN,1.0,face,2,3,9.329982183757238,15.14491890931533,13.116989148538623,4,1,362,0,0,0,18
1,0,1,IN,0.0,like,0,1,5.821192396921106,16.890367918306506,10.598838519142497,4,1,363,0,0,0,19
1,8,2,NN,2.0,thunder,6,2,13.196983354049737,11.86652167446602,17.84671658131981,7,1,364,0,0,0,20
1,1,1,RB,0.0,soon,0,1,9.733152971952222,14.581093742288887,13.930416920936056,4,1,365,0,0,0,21
1,0,1,VBD,3.0,put,0,1,7.152756142662838,15.425693592725771,12.711916905175212,3,1,366,0,0,0,22
2,0,1,DT,0.0,an,0,1,1.9224084780271369,17.966326533280526,9.046558361117718,2,1,367,0,0,0,23
0,1,1,NN,2.0,end,2,1,0.0066870520404336,15.912313022915548,12.009873466440204,3,1,368,0,0,0,24
1,0,1,TO,0.0,to,0,1,0.0106943503487855,19.88357245739644,6.280557174231113,2,1,369,0,0,0,25
1,0,1,PRP$,0.0,their,0,1,3.2635124980006367,17.287357438148756,10.026103707581193,5,1,370,0,0,0,26
0,6,0,NNS,3.0,ambitions.,8,3,9.511681958567353,20.842819771191422,23.730656302030084,10,1,371,1,0,1,27
2,1,2,RB,0.0,"However,",1,1,6.898234734777361,20.765690481257153,17.446028317169958,8,1,372,1,1,0,0
1,1,1,EX,0.0,there,0,1,5.456120073795319,17.088435267092525,10.313087737286883,5,1,373,0,0,0,1
1,0,1,VBD,2.0,was,0,1,1.005654367385432,18.521451560034553,8.24568223794633,3,1,374,0,0,0,2
2,0,1,CD,0.0,one,0,0,1.8027413175441325,17.417661831348372,9.838114205706065,3,1,375,0,0,0,3
0,1,1,NN,2.0,"huntsman,",2,2,24.5240950176958,20.76680409779287,49.56656239485889,9,1,376,1,0,0,4
2,1,2,WP,0.0,who,0,1,2.0363133139908314,16.99990971408453,10.440803113603463,3,1,377,0,0,0,5
2,0,1,VBD,0.0,was,0,1,3.0633827545680106,18.521451560034553,8.24568223794633,3,1,378,0,0,0,6
2,1,2,RB,0.0,still,1,1,7.197780162096024,16.012482992404035,11.865358748213168,5,1,379,0,0,0,7
0,0,0,JJ,4.0,wet,0,0,15.29091011872515,13.257021884596517,15.840648823809484,3,1,380,0,0,0,8
1,0,1,IN,0.0,behind,0,1,10.23519569216296,14.808511558793102,13.602322364855636,6,1,381,0,0,0,9
1,0,1,DT,0.0,the,0,1,1.4045372732216492,20.651930178991396,5.17205129965733,3,1,382,0,0,0,10
0,6,1,NNS,3.0,"ears,",7,4,4.125311512791086,20.760174635452575,21.58258232395025,5,1,383,1,0,0,11
2,1,2,WP,0.0,who,0,1,2.1754370113485493,16.99990971408453,10.440803113603463,3,1,384,0,0,0,12
2,0,1,VBD,2.0,decided,0,0,5.218137973919511,14.322054026375904,14.30413223447701,7,1,385,0,0,0,13
3,0,1,DT,0.0,the,0,0,5.012013548519462,20.651930178991396,5.17205129965733,3,1,386,0,0,0,14
0,1,1,NN,1.0,prize,1,2,5.9009924423880875,12.331387247601905,17.176057324276666,5,1,387,0,0,0,15
1,0,1,VBD,0.0,was,0,1,1.2103294893167913,18.521451560034553,8.24568223794633,3,1,388,0,0,0,16
1,0,1,JJ,3.0,worth,0,1,3.846454249229282,14.115335852155225,14.602363519286804,5,1,389,0,0,0,17
1,0,1,DT,0.0,a,0,1,4.233983227517456,19.69218547190043,6.556670229096891,1,1,390,0,0,0,18
0,3,0,NN,2.0,"shot,",6,3,11.353708795970306,20.761140956733325,19.619286025570407,5,1,391,1,0,0,19
1,0,1,IN,0.0,in,0,1,7.626606081845239,19.583721360186956,6.713150865180346,2,1,392,0,0,0,20
2,1,2,NN,2.0,spite,0,1,4.614652539050439,12.524028070696737,16.898135364124986,5,1,393,0,0,0,21
1,0,1,IN,0.0,of,0,1,0.01758595200954,20.087642241543257,5.986146708647226,2,1,394,0,0,0,22
2,0,1,DT,0.0,the,0,0,0.9456504403788132,20.651930178991396,5.17205129965733,3,1,395,0,0,0,23
0,1,1,NN,2.0,boar's,2,3,3.5561639426159672,18.252049596378956,36.194708400023785,6,1,396,0,0,0,24
0,12,2,NN,3.0,reputation.,11,2,8.107838993426412,20.84310027370668,21.29749089389415,11,1,397,1,0,1,25
2,0,1,DT,0.0,The,0,0,2.5005976697430015,18.12053694573349,8.824079763818386,3,1,398,0,1,0,0
0,1,1,NN,1.0,huntsman,1,1,5.528774567879736,15.796172382951507,44.55019371692728,8,1,399,0,0,0,1
1,0,1,VBD,1.0,discovered,0,1,9.656677722930908,13.74380400777964,15.138370668699793,10,1,400,0,0,0,2
3,0,1,DT,0.0,the,0,0,1.7713220902369358,20.651930178991396,5.17205129965733,3,1,401,0,0,0,3
0,1,1,NN,1.0,boar,1,2,1.1781185068539344,16.201001302647686,27.361768266542654,4,1,402,0,0,0,4
1,0,1,VBD,2.0,preferred,0,1,17.749215952353552,13.381019235764317,15.661758460196332,9,1,403,0,0,0,5
2,0,1,TO,0.0,to,0,1,1.2748180773342028,19.88357245739644,6.280557174231113,2,1,404,0,0,0,6
1,0,1,VB,2.0,come,0,0,6.996968275285326,15.64928219317746,12.389346740104251,4,1,405,0,0,0,7
1,1,1,RP,1.0,out,1,2,3.967307260958478,17.1329401691801,10.24888073574989,3,1,406,0,0,0,8
1,0,1,IN,0.0,in,0,1,4.73618040769361,19.583721360186956,6.713150865180346,2,1,407,0,0,0,9
2,0,1,DT,0.0,the,0,0,1.6465474956203252,20.651930178991396,5.17205129965733,3,1,408,0,0,0,10
0,1,1,NN,3.0,middle,1,2,4.252233130857348,14.261444958400588,14.3915726362779,6,1,409,0,0,0,11
1,0,1,IN,0.0,of,0,1,0.038191144936718,20.087642241543257,5.986146708647226,2,1,410,0,0,0,12
1,0,1,DT,0.0,the,0,1,0.3643039160524495,20.651930178991396,5.17205129965733,3,1,411,0,0,0,13
0,12,2,NN,3.0,day.,11,2,9.25911009783158,20.85000751189239,16.895768209434614,4,1,412,1,0,1,14
1,0,1,IN,0.0,So,0,0,5.636304131709039,15.306440121766116,12.883963296337498,2,1,413,0,1,0,0
1,1,1,PRP,0.0,he,0,1,1.3510712380521,17.694798179754258,9.438290970210817,2,1,414,0,0,0,1
1,0,1,VBD,2.0,went,0,0,4.216959196142852,15.185966907303502,13.057769405402668,4,1,415,0,0,0,2
1,0,1,TO,0.0,to,0,1,1.5854321983642876,19.88357245739644,6.280557174231113,2,1,416,0,0,0,3
2,0,1,DT,0.0,the,0,0,0.6838789806934074,20.651930178991396,5.17205129965733,3,1,417,0,0,0,4
0,1,1,NN,3.0,wood,1,2,7.834133677999489,13.542918063033095,15.428187824969925,4,1,418,0,0,0,5
1,0,1,IN,0.0,by,0,1,8.694457071833313,18.29067397824052,8.57862391074893,2,1,419,0,0,0,6
1,0,1,DT,0.0,the,0,1,1.5081072579487227,20.651930178991396,5.17205129965733,3,1,420,0,0,0,7
0,4,0,NN,3.0,well,5,1,1.2186440220684744,16.444621586718245,11.24191454121933,4,1,421,0,0,0,8
1,0,1,IN,0.0,with,0,0,5.661642039602157,18.681580760008114,8.014664635242958,4,1,422,0,0,0,9
1,0,1,PRP$,0.0,his,0,1,1.5211266195983626,17.63767918161909,9.520696265560964,3,1,423,0,0,0,10
0,0,0,JJ,0.0,good,0,1,10.190022511873394,16.11631406487589,11.715562174867838,4,1,424,0,0,0,11
0,2,0,NN,4.0,"bow,",5,3,11.0057864402188,20.760172183633884,21.593230093265568,4,1,425,1,0,0,12
2,0,1,TO,0.0,to,0,0,6.168555126409046,19.88357245739644,6.280557174231113,2,1,426,0,0,0,13
1,0,1,VB,2.0,bide,0,1,15.236883600824513,16.287884922354717,25.432912016271445,4,1,427,0,0,0,14
1,0,1,PRP$,0.0,his,0,1,0.0654945521619083,17.63767918161909,9.520696265560964,3,1,428,0,0,0,15
0,6,1,NN,2.0,time.,7,4,2.8857065895335836,20.86561639812891,15.227980891429535,5,1,429,1,0,1,16
2,0,1,IN,0.0,Around,0,0,10.347759217838757,11.707496687318098,18.076141141655548,6,1,430,0,1,0,0
1,2,2,NN,1.0,"noontime,",2,2,20.276917021139525,20.78597808521241,44.938498952429214,9,1,431,1,0,0,1
2,0,1,DT,0.0,the,0,0,1.8150650374009272,20.651930178991396,5.17205129965733,3,1,432,0,0,0,2
0,1,1,NN,1.0,"boar,",2,2,7.721468199044466,20.770260878465916,32.378136944474264,5,1,433,1,0,0,3
1,0,1,VBN,1.0,feared,0,0,14.967227689747231,12.05662671432966,17.57245298306054,6,1,434,0,0,0,4
1,0,1,IN,0.0,by,0,1,2.1792219381895848,18.29067397824052,8.57862391074893,2,1,435,0,0,0,5
1,0,1,DT,0.0,the,0,1,1.3260997752076946,20.651930178991396,5.17205129965733,3,1,436,0,0,0,6
0,4,0,NNS,3.0,"locals,",5,4,4.240300158387981,20.759969115749968,22.964591840832565,7,1,437,1,0,0,7
1,0,1,VBD,2.0,came,0,0,3.267227757605724,15.304613280765835,12.886598870789095,4,1,438,0,0,0,8
1,1,1,RP,1.0,"out,",2,2,5.2959402406122535,20.786092045726072,15.265249413681502,4,1,439,1,0,0,9
2,0,1,RB,0.0,as,0,0,7.184593702550046,18.455643172698917,8.340623672004352,2,1,440,0,0,0,10
0,0,0,JJ,2.0,slow,0,1,14.668096615816468,13.922327911917677,14.88081511751971,4,1,441,0,0,0,11
1,0,1,IN,0.0,as,0,1,0.6510098413564265,18.455643172698917,8.340623672004352,2,1,442,0,0,0,12
1,0,1,DT,0.0,a,0,1,1.2070076235104352,19.69218547190043,6.556670229096891,1,1,443,0,0,0,13
0,4,1,NN,3.0,"snail,",6,3,5.780955913593061,20.761843966764157,34.98048384259751,6,1,444,1,0,0,14
1,0,1,IN,0.0,from,0,1,6.57579156808788,18.126283629319108,8.815789051907856,4,1,445,0,0,0,15
1,0,1,IN,0.0,among,0,1,10.473773376841564,15.251109236768308,12.963788889731834,5,1,446,0,0,0,16
1,0,1,DT,0.0,the,0,1,0.2410076836822554,20.651930178991396,5.17205129965733,3,1,447,0,0,0,17
0,3,0,NNS,4.0,"trees,",5,3,5.843447876046412,20.76068984468306,20.234590663335684,6,1,448,1,0,0,18
1,0,1,RB,0.0,just,0,1,8.210873428964987,16.69359693645768,10.882719038846648,4,1,449,0,0,0,19
0,0,0,IN,0.0,as,0,1,2.252060767263174,18.455643172698917,8.340623672004352,2,1,450,0,0,0,20
2,0,1,DT,0.0,the,0,0,1.7897481521358714,20.651930178991396,5.17205129965733,3,1,451,0,0,0,21
0,1,1,NN,1.0,huntsman,1,2,5.846225822693668,15.796172382951507,44.55019371692728,8,1,452,0,0,0,22
1,0,1,VBD,0.0,had,0,1,1.510486346669495,17.432489551576744,9.816722327264898,3,1,453,0,0,0,23
1,6,1,VBN,5.0,predicted.,8,2,4.2938097305595875,20.843420866976317,20.347707828019814,10,1,454,1,0,1,24
2,0,1,DT,0.0,The,0,0,1.9471715975087136,18.12053694573349,8.824079763818386,3,1,455,0,1,0,0
0,1,1,NN,1.0,huntsman,1,1,4.59373196749948,15.796172382951507,44.55019371692728,8,1,456,0,0,0,1
2,0,1,VBD,1.0,leaped,0,0,11.164963115006683,15.19978087208234,30.39467441854883,6,1,457,0,0,0,2
1,0,1,IN,0.0,from,0,1,3.126519225857919,18.126283629319108,8.815789051907856,4,1,458,0,0,0,3
1,0,1,PRP$,0.0,his,0,1,2.003873329871567,17.63767918161909,9.520696265560964,3,1,459,0,0,0,4
0,0,0,NN,0.0,hiding,0,1,5.88044094608631,12.397642967005275,17.08047052646289,6,1,460,0,0,0,5
0,3,1,NN,4.0,place,4,1,1.3065055646002293,15.639852247822317,12.402951275503977,5,1,461,0,0,0,6
0,0,0,CC,1.0,and,0,0,0.8187771029770374,19.93279149564298,6.2095491118355035,3,1,462,0,0,0,7
2,0,1,IN,0.0,through,0,1,9.16403015051037,16.375970236499086,11.340957503730838,7,1,463,0,0,0,8
2,0,1,DT,0.0,the,0,1,0.3212670776993036,20.651930178991396,5.17205129965733,3,1,464,0,0,0,9
0,1,1,NN,2.0,heart,2,1,10.454059251584113,14.852511592420909,13.538843734541851,5,1,465,0,0,0,10
1,0,1,IN,0.0,with,0,1,10.534749858721623,18.681580760008114,8.014664635242958,4,1,466,0,0,0,11
1,0,1,PRP$,0.0,his,0,1,0.9830765867955052,17.63767918161909,9.520696265560964,3,1,467,0,0,0,12
0,0,0,JJ,0.0,fine,0,1,8.525199450436048,14.49789907105502,14.05044146055355,4,1,468,0,0,0,13
0,4,1,NNS,4.0,arrows,3,1,7.818443916738033,12.320231343424265,17.192151891910378,6,1,469,0,0,0,14
0,0,0,VBD,2.0,shot,0,1,5.726525964215398,14.114951967594529,14.602917347638794,4,1,470,0,0,0,15
1,0,1,DT,0.0,the,0,1,0.9309183678997216,20.651930178991396,5.17205129965733,3,1,471,0,0,0,16
0,4,0,NN,2.0,boar.,8,4,4.569727365887957,20.852350611125257,32.258516070523356,5,1,472,1,0,1,17
2,1,2,RB,0.0,Now,0,0,7.972716302610934,14.48625516429326,14.067240067095316,3,1,473,0,1,0,0
1,0,1,DT,0.0,the,0,0,2.0271888662246056,20.651930178991396,5.17205129965733,3,1,474,0,0,0,1
0,1,0,NN,1.0,problem,1,2,10.328323262918277,15.485096743484648,12.6262162741622,7,1,475,0,0,0,2
1,0,1,VBD,2.0,was,0,0,1.315270034596324,18.521451560034553,8.24568223794633,3,1,476,0,0,0,3
1,0,1,RB,0.0,no,0,1,7.2807074738666415,17.036769620663787,10.387625509173944,2,1,477,0,0,0,4
0,1,0,RB,2.0,longer,2,1,0.4789043813943863,14.742073549065116,13.698172152016731,6,1,478,0,0,0,5
2,0,1,TO,0.0,to,0,0,5.691046881955117,19.88357245739644,6.280557174231113,2,1,479,0,0,0,6
1,0,1,VB,2.0,kill,0,1,2.0246872934512794,13.87216306607772,14.953187691839972,4,1,480,0,0,0,7
1,0,1,DT,0.0,the,0,1,0.1701676675293129,20.651930178991396,5.17205129965733,3,1,481,0,0,0,8
0,6,1,NN,2.0,boar.,7,4,3.7452065975230657,20.852350611125257,32.258516070523356,5,1,482,1,0,1,9
2,1,2,PRP,0.0,It,0,0,2.408519500400871,16.818509266914305,10.702508639150992,2,1,483,0,1,0,0
1,0,1,VBD,1.0,was,0,1,0.640163351316005,18.521451560034553,8.24568223794633,3,1,484,0,0,0,1
2,0,1,TO,0.0,to,0,1,0.5675701519357972,19.88357245739644,6.280557174231113,2,1,485,0,0,0,2
1,0,1,VB,2.0,find,0,1,4.126398338761646,15.844254285817549,12.108061468940654,4,1,486,0,0,0,3
1,0,1,DT,0.0,a,0,1,1.809117121505551,19.69218547190043,6.556670229096891,1,1,487,0,0,0,4
0,0,0,NN,2.0,way,5,1,1.4368424863787368,16.35686007861536,11.3685276337403,3,1,488,0,0,0,5
2,0,1,TO,0.0,to,0,0,0.7819572152220644,19.88357245739644,6.280557174231113,2,1,489,0,0,0,6
1,0,1,VB,2.0,carry,0,0,7.848879800818395,13.852290795578195,14.98185731794084,5,1,490,0,0,0,7
1,0,1,DT,0.0,the,0,1,2.1406526114442386,20.651930178991396,5.17205129965733,3,1,491,0,0,0,8
0,1,0,NN,2.0,boar,2,2,1.2873594068805687,16.201001302647686,27.361768266542654,4,1,492,0,0,0,9
1,10,3,RB,1.0,back.,4,3,8.287497082725167,20.85374547081352,16.29329814208473,5,1,493,1,0,1,10
3,0,1,DT,0.0,The,0,0,1.8966873036697507,18.12053694573349,8.824079763818386,3,1,494,0,1,0,0
0,1,1,NN,1.0,head,1,1,9.84086185041815,15.404039391209997,12.743157314316427,4,1,495,0,0,0,1
1,0,1,VBD,0.0,was,0,1,3.602640480734408,18.521451560034553,8.24568223794633,3,1,496,0,0,0,2
1,0,1,RB,0.0,too,0,1,6.440606391173787,15.837218638143002,12.118211762950164,3,1,497,0,0,0,3
0,0,0,JJ,3.0,heavy,1,1,4.467905611614697,14.050869595501348,14.695368668066024,5,1,498,0,0,0,4
1,0,1,IN,0.0,for,0,1,1.254441940720426,18.90419907432743,7.693494297163422,3,1,499,0,0,0,5
2,0,1,DT,0.0,the,0,1,1.2760668307018932,20.651930178991396,5.17205129965733,3,1,500,0,0,0,6
0,0,0,JJ,0.0,little,0,1,9.177392916870303,15.70386302020348,12.310603251626194,6,1,501,0,0,0,7
0,1,1,NN,2.0,huntsman,3,1,7.773970522917807,15.796172382951507,44.55019371692728,8,1,502,0,0,0,8
1,0,1,TO,0.0,to,0,1,0.6070423020864837,19.88357245739644,6.280557174231113,2,1,503,0,0,0,9
1,0,1,VB,4.0,carry,0,0,1.2859162197564729,13.852290795578195,14.98185731794084,5,1,504,0,0,0,10
1,1,1,RP,1.0,back,1,2,6.832485795021057,16.337436220093977,11.396550338104024,4,1,505,0,0,0,11
1,0,1,TO,0.0,to,0,1,3.719957534107379,19.88357245739644,6.280557174231113,2,1,506,0,0,0,12
1,0,1,DT,0.0,the,0,1,0.6622894232859835,20.651930178991396,5.17205129965733,3,1,507,0,0,0,13
0,0,0,NNP,0.0,Manor,0,1,3.626922382740304,10.664526999138992,19.580828338589058,5,1,508,0,0,0,14
0,9,1,NNP,4.0,"House,",10,2,2.0492022363469005,20.76168146745377,19.117238729543782,6,1,509,1,0,0,15
0,0,0,CC,1.0,but,0,0,2.735927731730044,17.553098244319884,9.64272076435627,3,1,510,0,0,0,16
3,0,1,DT,0.0,the,0,0,2.0947127082035877,20.651930178991396,5.17205129965733,3,1,511,0,0,0,17
0,1,1,NN,1.0,"huntsman,",2,2,9.131728922133334,20.76680409779287,49.56656239485889,9,1,512,1,0,0,18
2,1,2,WP,0.0,who,0,1,2.479982562654186,16.99990971408453,10.440803113603463,3,1,513,0,0,0,19
2,0,1,VBD,0.0,was,0,1,2.0391579940915108,18.521451560034553,8.24568223794633,3,1,514,0,0,0,20
2,0,1,RB,0.0,as,0,1,8.422230144497007,18.455643172698917,8.340623672004352,2,1,515,0,0,0,21
0,0,0,JJ,4.0,quick-witted,0,0,17.325614406261593,19.70115721261138,49.58701876905618,12,1,516,0,0,0,22
0,0,0,CC,1.0,and,0,0,2.770504364161752,19.93279149564298,6.2095491118355035,3,1,517,0,0,0,23
0,1,1,JJ,1.0,cunning,2,3,5.064254422322847,10.792201516640048,19.39663294534239,7,1,518,0,0,0,24
1,0,1,IN,0.0,as,0,1,0.0828172034234739,18.455643172698917,8.340623672004352,2,1,519,0,0,0,25
1,7,3,RB,2.0,"ever,",7,3,3.823965713439975,20.76354432987643,18.107084636445503,5,1,520,1,0,0,26
1,0,1,VBD,2.0,asked,0,0,9.506215548957698,15.126720046841973,13.143244557178754,5,1,521,0,0,0,27
1,1,1,PRP,1.0,"himself,",2,3,12.188047441653907,20.76267210115326,18.495191846913983,8,1,522,1,0,0,28
2,0,2,``,0.0,'What,0,1,6.64720927644521,17.225648685112162,22.41760233825268,5,1,523,1,0,0,29
0,1,0,RB,1.0,else,1,1,7.346916483715177,15.120935640728517,13.151589691193124,4,1,524,0,0,0,30
1,0,1,MD,0.0,can,0,0,1.5554981146706268,17.65084217709616,9.501706077262956,3,1,525,0,0,0,31
1,1,1,PRP,0.0,I,1,1,0.4250770185608417,18.456613480707578,8.339223813452126,1,1,526,0,0,0,32
1,0,1,VB,4.0,do,2,3,0.9791619869647548,17.017821743590243,10.414961517463322,2,1,527,0,0,0,33
2,0,1,TO,0.0,to,0,1,1.307525403564796,19.88357245739644,6.280557174231113,2,1,528,0,0,0,34
1,0,1,VB,2.0,prove,0,1,7.522187179652974,14.106764991927603,14.614728656833345,5,1,529,0,0,0,35
3,1,2,PRP,0.0,I,0,1,4.785541908349842,18.456613480707578,8.339223813452126,1,1,530,0,0,0,36
1,0,1,VBD,2.0,killed,0,1,5.771624854998663,14.105421893761063,14.616666337897636,6,1,531,0,0,0,37
1,0,1,DT,0.0,the,0,1,0.6305942657054402,20.651930178991396,5.17205129965733,3,1,532,0,0,0,38
0,13,2,NN,2.0,boar?',13,4,0.6497126468457282,16.30465363806251,42.1499129236442,6,1,533,1,0,1,39
2,0,1,DT,0.0,The,0,0,1.6619828467955813,18.12053694573349,8.824079763818386,3,1,534,0,1,0,0
1,0,1,JJ,0.0,next,0,1,7.464139398536645,15.62799739018732,12.42005421982443,4,1,535,0,0,0,1
0,2,1,NN,2.0,instance,2,1,14.261361863696948,14.36020007269679,14.249099122620343,8,1,536,0,0,0,2
2,1,2,PRP,0.0,he,0,1,7.096198474289849,17.694798179754258,9.438290970210817,2,1,537,0,0,0,3
2,0,1,VBD,2.0,opened,0,0,12.714585126144812,14.06350046614716,14.677146173623203,6,1,538,0,0,0,4
2,0,1,DT,0.0,the,0,0,3.1302910016383976,20.651930178991396,5.17205129965733,3,1,539,0,0,0,5
0,1,1,NN,2.0,boar's,2,3,8.257573759066872,18.252049596378956,36.194708400023785,6,1,540,0,0,0,6
0,2,1,NN,2.0,mouth,2,1,1.8144758011912927,13.826971628263838,15.018385155064705,5,1,541,0,0,0,7
0,0,0,CC,1.0,and,0,0,1.1928981933742762,19.93279149564298,6.2095491118355035,3,1,542,0,0,0,8
1,0,1,VBD,1.0,cut,0,1,7.774847028777003,14.622175691633228,13.87114819634693,3,1,543,0,0,0,9
1,1,1,RP,1.0,out,1,1,5.380105193704367,17.1329401691801,10.24888073574989,3,1,544,0,0,0,10
1,0,1,PRP$,0.0,its,0,1,1.791407889511902,16.89741080294139,10.588677784406196,3,1,545,0,0,0,11
0,2,0,NN,2.0,"tongue,",4,2,7.279910106619354,20.760166508961273,21.61817964994278,7,1,546,1,0,0,12
2,0,1,VBG,1.0,taking,0,1,8.253860888071358,14.811299110626528,13.598300777649332,6,1,547,0,0,0,13
1,1,1,DT,1.0,that,1,1,7.060673197498545,19.024464301341364,7.519988250559035,4,1,548,0,0,0,14
1,0,1,IN,0.0,as,0,1,1.5660391494748185,18.455643172698917,8.340623672004352,2,1,549,0,0,0,15
1,2,1,NN,2.0,proof,0,1,2.2625486936303787,14.182264636341824,14.505805694248068,5,1,550,0,0,0,16
1,0,1,IN,0.0,for,0,1,6.113620892225299,18.90419907432743,7.693494297163422,3,1,551,0,0,0,17
1,0,1,DT,0.0,the,0,1,2.1993762488709763,20.651930178991396,5.17205129965733,3,1,552,0,0,0,18
0,7,1,NNP,3.0,Lord.,10,4,10.45124321320327,20.84364594794793,19.92687878463276,5,1,553,1,0,1,19
3,1,2,PRP,0.0,He,0,0,3.064306897111237,16.547839497404837,11.093002573340865,2,1,554,0,1,0,0
1,0,1,VBP,1.0,set,0,0,8.333196218474768,16.183831985680683,11.618154405351628,3,1,555,0,0,0,1
1,1,1,RP,1.0,out,1,1,3.6821725961053744,17.1329401691801,10.24888073574989,3,1,556,0,0,0,2
1,0,1,IN,0.0,for,0,1,3.4518479022663087,18.90419907432743,7.693494297163422,3,1,557,0,0,0,3
1,0,1,DT,0.0,the,0,1,0.4445103289326653,20.651930178991396,5.17205129965733,3,1,558,0,0,0,4
0,0,0,NNP,0.0,Manor,0,1,1.6782883944688365,10.664526999138992,19.580828338589058,5,1,559,0,0,0,5
0,2,0,NNP,4.0,House,4,2,0.7977853901684284,14.462944635343128,14.10087005161217,5,1,560,0,0,0,6
2,0,1,RB,0.0,as,0,0,5.890641064266674,18.455643172698917,8.340623672004352,2,1,561,0,0,0,7
0,1,1,RB,2.0,quickly,1,2,3.9729908312438056,14.320192749434794,14.30681748948967,7,1,562,0,0,0,8
1,0,1,IN,0.0,as,0,1,0.0251096732681617,18.455643172698917,8.340623672004352,2,1,563,0,0,0,9
2,1,2,PRP,0.0,he,0,1,0.7689170547528192,17.694798179754258,9.438290970210817,2,1,564,0,0,0,10
1,6,2,MD,3.0,could,5,1,1.350461147725582,16.68628345113659,10.893270167851,5,1,565,0,0,0,11
0,0,0,CC,1.0,and,0,0,1.219479102641344,19.93279149564298,6.2095491118355035,3,1,566,0,0,0,12
2,1,2,PRP,0.0,he,0,1,5.379262529313564,17.694798179754258,9.438290970210817,2,1,567,0,0,0,13
1,0,1,VBD,0.0,had,0,0,5.296192687936127,17.432489551576744,9.816722327264898,3,1,568,0,0,0,14
1,1,1,RB,0.0,only,1,1,5.877490440616384,16.873419471860046,10.623289958781577,4,1,569,0,0,0,15
1,0,1,VBN,0.0,been,0,0,6.960335182375275,17.198255400550867,10.154650775356767,4,1,570,0,0,0,16
1,0,1,VBN,5.0,gone,1,1,10.294127933564596,14.261898775480413,14.39091791662737,4,1,571,0,0,0,17
1,0,1,DT,0.0,a,0,1,2.9385675426165108,19.69218547190043,6.556670229096891,1,1,572,0,0,0,18
0,0,0,JJ,0.0,few,0,1,0.9370428452675696,15.640373671735874,12.402199019809682,3,1,573,0,0,0,19
0,1,0,NNS,3.0,minutes,3,1,2.8776965546421707,14.940658312969749,13.411674897935416,7,1,574,0,0,0,20
2,1,2,WRB,0.0,when,0,1,2.754659527912736,17.09507037229838,10.303515303910618,4,1,575,0,0,0,21
3,0,1,DT,0.0,a,0,0,4.048526112921536,19.69218547190043,6.556670229096891,1,1,576,0,0,0,22
0,0,0,JJ,0.0,second,0,1,8.162693365477026,15.864930682912982,12.07823173338762,6,1,577,0,0,0,23
0,1,1,NN,2.0,"huntsman,",3,2,8.721089587081224,20.76680409779287,49.56656239485889,9,1,578,1,0,0,24
2,0,1,RB,0.0,not,0,0,8.151475358521566,18.05588478508421,8.917353115369856,3,1,579,0,0,0,25
0,0,0,RB,0.0,so,0,0,4.49538943299558,17.102955196419583,10.292139907252675,2,1,580,0,0,0,26
0,0,0,JJ,3.0,bold,1,1,8.500314786215313,12.769028563301784,16.544674368428325,4,1,581,0,0,0,27
1,0,1,IN,0.0,as,0,1,1.2374066768679768,18.455643172698917,8.340623672004352,2,1,582,0,0,0,28
1,0,1,DT,0.0,the,0,1,1.0030911075882614,20.651930178991396,5.17205129965733,3,1,583,0,0,0,29
0,3,1,JJ,3.0,first,3,1,2.95897869602777,16.77947782339326,10.758819109157542,5,1,584,0,0,0,30
0,0,0,CC,1.0,but,0,0,2.469191027339548,17.553098244319884,9.64272076435627,3,1,585,0,0,0,31
2,0,1,DT,0.0,a,0,1,4.277818924747407,19.69218547190043,6.556670229096891,1,1,586,0,0,0,32
0,1,1,RB,1.0,little,1,1,4.026623439276591,15.70386302020348,12.310603251626194,6,1,587,0,0,0,33
0,0,0,RBR,0.0,more,0,1,1.7057137619704008,17.253429346216002,10.0750515975594,4,1,588,0,0,0,34
0,3,1,JJ,3.0,"cunning,",7,6,3.902385819936171,20.75988804132123,24.413001623274003,8,1,589,1,0,0,35
1,0,1,VBD,3.0,came,0,1,1.6190127851441505,15.304613280765835,12.886598870789095,4,1,590,0,0,0,36
1,0,1,IN,0.0,on,0,1,6.647441536188126,18.53086189167023,8.232105999162414,2,1,591,0,0,0,37
1,0,1,DT,0.0,the,0,1,1.1841856646351516,20.651930178991396,5.17205129965733,3,1,592,0,0,0,38
0,10,0,NN,3.0,scene.,11,5,1.6577520011924207,20.84372016729381,19.8112601055349,6,1,593,1,0,1,39
3,0,1,VBG,0.0,Seeing,0,0,8.385889305733144,10.986427671809942,19.116423834467852,6,1,594,0,1,0,0
2,0,1,DT,0.0,the,0,0,1.7063282263698056,20.651930178991396,5.17205129965733,3,1,595,0,0,0,1
0,0,0,VBN,0.0,slain,0,1,14.621403625584207,10.800228425165567,19.385052564218952,5,1,596,0,0,0,2
0,1,1,NNS,3.0,carcass,2,2,10.636330045294017,14.586232942875355,32.80748698767936,7,1,597,0,0,0,3
1,0,1,IN,0.0,of,0,1,1.618479391792789,20.087642241543257,5.986146708647226,2,1,598,0,0,0,4
1,0,1,DT,0.0,the,0,1,0.351732901588548,20.651930178991396,5.17205129965733,3,1,599,0,0,0,5
0,5,2,NN,3.0,"boar,",5,2,1.9001374110230245,20.770260878465916,32.378136944474264,5,1,600,1,0,0,6
1,0,1,DT,0.0,the,0,0,1.1692864709184505,20.651930178991396,5.17205129965733,3,1,601,0,0,0,7
0,1,0,NN,1.0,huntsman,1,2,1.0929489294649102,15.796172382951507,44.55019371692728,8,1,602,0,0,0,8
1,0,1,VBD,2.0,rejoiced,0,1,11.77528528124094,12.654415234199003,35.51088100607461,8,1,603,0,0,0,9
1,0,1,IN,0.0,in,0,1,3.432036743965,19.583721360186956,6.713150865180346,2,1,604,0,0,0,10
1,0,1,PRP$,0.0,his,0,1,1.4570979493437335,17.63767918161909,9.520696265560964,3,1,605,0,0,0,11
0,0,0,JJ,0.0,good,0,1,7.030337725416757,16.11631406487589,11.715562174867838,4,1,606,0,0,0,12
0,4,0,NN,4.0,fortune.,7,2,3.2574819764122367,20.84292994050693,22.282661263569885,8,1,607,1,0,1,13
2,0,1,DT,0.0,The,0,0,2.7433062749914825,18.12053694573349,8.824079763818386,3,1,608,0,1,0,0
0,0,0,JJ,0.0,second,0,1,5.711619147565216,15.864930682912982,12.07823173338762,6,1,609,0,0,0,1
0,1,1,NN,2.0,huntsman,2,1,0.9402548705111258,15.796172382951507,44.55019371692728,8,1,610,0,0,0,2
2,0,1,VBD,1.0,knew,0,1,7.9855094365775585,14.793058934782852,13.624615788883943,4,1,611,0,0,0,3
4,0,1,DT,0.0,a,0,0,6.635898042703047,19.69218547190043,6.556670229096891,1,1,612,0,0,0,4
0,1,1,NN,1.0,shortcut,1,1,12.496083318954334,11.603296193016275,18.22647067804297,8,1,613,0,0,0,5
1,0,1,TO,0.0,to,0,1,1.230315562163014,19.88357245739644,6.280557174231113,2,1,614,0,0,0,6
1,0,1,DT,0.0,the,0,1,1.0589291811338626,20.651930178991396,5.17205129965733,3,1,615,0,0,0,7
0,0,0,NNP,0.0,Manor,0,1,0.8577168339397758,10.664526999138992,19.580828338589058,5,1,616,0,0,0,8
0,3,1,NNP,4.0,House,4,2,0.7058674842119217,14.462944635343128,14.10087005161217,5,1,617,0,0,0,9
1,0,1,VBD,0.0,was,0,0,9.961764886975288,18.521451560034553,8.24568223794633,3,1,618,0,0,0,10
1,1,1,RB,0.0,just,0,0,6.505333112552762,16.69359693645768,10.882719038846648,4,1,619,0,0,0,11
1,0,1,IN,0.0,around,0,1,3.309568364173174,15.859577351277904,12.08595495838978,6,1,620,0,0,0,12
1,0,1,DT,0.0,the,0,1,0.0907796816900372,20.651930178991396,5.17205129965733,3,1,621,0,0,0,13
0,0,0,JJ,0.0,nearby,0,1,16.447281008120626,13.190459313431573,15.936678315137964,6,1,622,0,0,0,14
0,6,2,NN,7.0,"pond,",5,2,10.474873918283263,20.75997661920297,22.882379675826503,5,1,623,1,0,0,15
0,0,0,CC,1.0,"and,",1,1,9.258631689997856,21.122633720032468,11.225917789767117,4,1,624,1,0,0,16
3,0,1,VBG,0.0,being,0,1,6.655252802011091,16.21534685484689,11.57268805989128,5,1,625,0,0,0,17
2,0,1,DT,0.0,a,0,0,2.8865991343627684,19.69218547190043,6.556670229096891,1,1,626,0,0,0,18
0,0,0,JJR,0.0,bigger,0,1,12.621721538947895,13.409351208926632,15.620884063016458,6,1,627,0,0,0,19
0,1,1,NN,3.0,man,2,2,2.448026243597269,15.799324757048984,12.17288107728454,3,1,628,0,0,0,20
1,0,1,IN,0.0,than,0,1,1.5534666896564886,16.958709278696364,10.500242777420445,4,1,629,0,0,0,21
1,0,1,DT,0.0,the,0,1,0.5450887574988883,20.651930178991396,5.17205129965733,3,1,630,0,0,0,22
0,5,2,JJ,3.0,"first,",7,3,0.7024525971792173,20.77834769351069,15.775187787089155,6,1,631,1,0,0,23
0,0,0,VBD,0.0,was,0,1,4.892351059883367,18.521451560034553,8.24568223794633,3,1,632,0,0,0,24
1,0,1,JJ,3.0,able,0,1,2.0899459009524435,15.368554188064982,12.794351640918675,4,1,633,0,0,0,25
2,0,1,TO,0.0,to,0,1,0.0110082020983099,19.88357245739644,6.280557174231113,2,1,634,0,0,0,26
2,0,1,VB,2.0,pick,0,0,7.664767145644873,14.06658829156854,14.67269138320065,4,1,635,0,0,0,27
1,1,1,RP,1.0,up,1,1,1.7874991977587342,17.040396008802368,10.382393736990077,2,1,636,0,0,0,28
2,0,1,DT,0.0,the,0,0,0.4279524594312534,20.651930178991396,5.17205129965733,3,1,637,0,0,0,29
0,1,1,NN,2.0,boar's,2,3,6.0274783138302155,18.252049596378956,36.194708400023785,6,1,638,0,0,0,30
0,2,1,NN,2.0,head,2,1,2.137828142789658,15.404039391209997,12.743157314316427,4,1,639,0,0,0,31
0,0,0,CC,1.0,and,0,0,1.393105365335941,19.93279149564298,6.2095491118355035,3,1,640,0,0,0,32
1,0,1,VBP,1.0,carry,0,0,3.5120041348563973,13.852290795578195,14.98185731794084,5,1,641,0,0,0,33
1,1,1,PRP,1.0,it,1,1,0.1279660783184226,18.431334787537676,8.375693258728493,2,1,642,0,0,0,34
1,0,1,IN,0.0,through,0,1,5.726274853572249,16.375970236499086,11.340957503730838,7,1,643,0,0,0,35
1,0,1,DT,0.0,the,0,1,0.2981693986803293,20.651930178991396,5.17205129965733,3,1,644,0,0,0,36
0,2,0,NN,3.0,wood,3,2,8.474556684494019,13.542918063033095,15.428187824969925,4,1,645,0,0,0,37
1,0,1,IN,0.0,towards,0,1,7.506309647462331,14.360321289915005,14.24892424314076,7,1,646,0,0,0,38
2,0,1,DT,0.0,the,0,0,0.252017455175519,20.651930178991396,5.17205129965733,3,1,647,0,0,0,39
0,1,1,NN,3.0,prize,1,2,16.154538714908995,12.331387247601905,17.176057324276666,5,1,648,0,0,0,40
2,1,2,WDT,0.0,that,0,1,6.350984925404191,19.024464301341364,7.519988250559035,4,1,649,0,0,0,41
2,0,1,VBD,2.0,awaited,0,1,6.85299121029675,10.761661764674606,19.44069249405291,7,1,650,0,0,0,42
1,14,3,PRP,1.0,him.,16,6,2.041520372033119,20.858437547263986,15.77695918651836,4,1,651,1,0,1,43
3,0,1,DT,0.0,The,0,0,1.7166395204840228,18.12053694573349,8.824079763818386,3,1,652,0,1,0,0
0,1,1,NN,1.0,Lord,1,1,8.16666853625793,13.818830042374616,15.030130980652054,4,1,653,0,0,0,1
1,0,1,IN,0.0,of,0,1,2.136093711364083,20.087642241543257,5.986146708647226,2,1,654,0,0,0,2
1,0,1,DT,0.0,the,0,1,0.0529077187420625,20.651930178991396,5.17205129965733,3,1,655,0,0,0,3
0,3,1,NNP,3.0,Manor,3,1,0.1065393310964282,10.664526999138992,19.580828338589058,5,1,656,0,0,0,4
1,0,1,VBD,0.0,was,0,1,4.185869660694152,18.521451560034553,8.24568223794633,3,1,657,0,0,0,5
1,0,1,VBN,2.0,seated,0,0,11.43020744016394,11.980369571430373,17.682468784953706,6,1,658,0,0,0,6
1,0,1,IN,0.0,in,0,1,2.4870827582199126,19.583721360186956,6.713150865180346,2,1,659,0,0,0,7
1,0,1,PRP$,0.0,his,0,1,2.7706750959623605,17.63767918161909,9.520696265560964,3,1,660,0,0,0,8
0,2,0,NN,3.0,hall,3,2,9.187253271695226,13.165392215054018,15.97284249365674,4,1,661,0,0,0,9
2,1,2,WRB,0.0,when,0,1,6.188050315715373,17.09507037229838,10.303515303910618,4,1,662,0,0,0,10
2,0,1,DT,0.0,the,0,0,0.87574621476233,20.651930178991396,5.17205129965733,3,1,663,0,0,0,11
0,0,0,JJ,0.0,second,0,1,3.4021399784833193,15.864930682912982,12.07823173338762,6,1,664,0,0,0,12
0,1,1,NN,2.0,huntsman,2,2,0.2044850575621239,15.796172382951507,44.55019371692728,8,1,665,0,0,0,13
2,0,1,VBP,3.0,burst,0,0,8.834332114551216,12.665185939757226,16.694487606448963,5,1,666,0,0,0,14
1,0,1,IN,0.0,through,0,1,2.6534662186168134,16.375970236499086,11.340957503730838,7,1,667,0,0,0,15
1,0,1,DT,0.0,the,0,1,0.3486565426574088,20.651930178991396,5.17205129965733,3,1,668,0,0,0,16
0,3,1,NN,3.0,door,3,1,1.4278573467745446,14.68944687175673,13.774096398388007,4,1,669,0,0,0,17
0,0,0,CC,1.0,and,0,0,0.9960367791354656,19.93279149564298,6.2095491118355035,3,1,670,0,0,0,18
1,0,1,VBD,1.0,began,0,1,5.30427635461092,14.709740939803238,13.744818247057848,5,1,671,0,0,0,19
2,0,1,TO,0.0,to,0,1,0.9808658878318964,19.88357245739644,6.280557174231113,2,1,672,0,0,0,20
1,0,1,VB,2.0,spin,0,1,11.95574077637866,13.896278233554286,14.918396859311326,4,1,673,0,0,0,21
1,0,1,DT,0.0,a,0,1,4.366872472688556,19.69218547190043,6.556670229096891,1,1,674,0,0,0,22
0,11,1,NN,2.0,line.,12,4,14.90725221671164,20.848337823981137,17.27452034978489,5,1,675,1,0,1,23
3,0,2,``,0.0,'The,0,0,11.483509234618396,17.959482203882207,20.304178369368422,4,1,676,1,1,0,0
0,1,1,NNS,1.0,woes,1,1,19.46094489889219,15.67115661711892,29.663126591256592,4,1,677,0,0,0,1
1,0,1,IN,0.0,of,0,1,0.3767427808488719,20.087642241543257,5.986146708647226,2,1,678,0,0,0,2
1,3,1,NNP,2.0,Bradford,2,2,6.533995583013166,11.146070306614268,18.886108196921203,8,1,679,0,0,0,3
1,0,1,VBP,0.0,are,0,1,1.9743558140471575,18.2277629932606,8.669385276796898,3,1,680,0,0,0,4
1,3,1,VBN,2.0,ended!',5,3,13.571075979620218,14.059025986286004,31.544549583601825,7,1,681,1,0,1,5
2,1,2,PRP,0.0,he,0,0,0.9287670021876692,17.694798179754258,9.438290970210817,2,1,682,0,1,0,0
1,2,1,VBD,1.0,announced.,2,2,7.998363064602017,20.843729985427736,19.796636012377256,10,1,683,1,0,1,1
2,0,2,``,0.0,'With,0,1,8.177081695757806,16.937396865730275,24.533645379767066,5,1,684,1,1,0,0
1,0,1,PRP$,0.0,my,0,1,6.3058439454762265,17.14653233326997,10.229271388022482,2,1,685,0,0,0,1
0,0,0,JJ,0.0,own,0,1,5.5039337979396805,15.855125703101672,12.092377329137417,3,1,686,0,0,0,2
0,2,0,NN,3.0,hand,3,1,3.6608046365436167,15.495418490364132,12.611325141125857,4,1,687,0,0,0,3
1,1,1,PRP,0.0,I,0,1,1.389120653271675,18.456613480707578,8.339223813452126,1,1,688,0,0,0,4
1,0,1,VBP,0.0,have,0,1,1.6898303825873882,17.990997945585363,9.010965036933804,4,1,689,0,0,0,5
1,0,1,VBN,3.0,slain,0,1,6.632223769789562,10.800228425165567,19.385052564218952,5,1,690,0,0,0,6
1,0,1,DT,0.0,the,0,1,1.010867153876461,20.651930178991396,5.17205129965733,3,1,691,0,0,0,7
0,4,0,NN,2.0,boar!',8,3,3.376942156697623,16.23901288100327,43.64506342991955,6,1,692,1,0,1,8
1,0,1,CC,0.0,"And,",1,1,10.410847167717291,20.767256825377142,17.102590828575167,4,1,693,1,1,0,0
1,0,1,IN,0.0,with,0,1,3.605802702892106,18.681580760008114,8.014664635242958,4,1,694,0,0,0,1
1,2,1,DT,1.0,"that,",2,2,3.3514178587356582,20.922243748275793,12.536356928490648,5,1,695,1,0,0,2
1,0,1,IN,0.0,at,0,1,9.434511882427614,18.150223836201175,8.781250634161243,2,1,696,0,0,0,3
2,0,1,DT,0.0,the,0,0,1.403912893612869,20.651930178991396,5.17205129965733,3,1,697,0,0,0,4
0,1,1,NNS,2.0,feet,1,2,7.43025934707839,14.29447516743106,14.343920117510107,4,1,698,0,0,0,5
1,0,1,IN,0.0,of,0,1,0.0094023069832474,20.087642241543257,5.986146708647226,2,1,699,0,0,0,6
1,0,1,PRP$,0.0,his,0,1,4.37977846886497,17.63767918161909,9.520696265560964,3,1,700,0,0,0,7
0,4,0,NN,3.0,lord,4,1,8.74913047940936,12.335590996664235,17.1699925963513,4,1,701,0,0,0,8
1,1,1,PRP,0.0,he,0,1,2.3532912679947913,17.694798179754258,9.438290970210817,2,1,702,0,0,0,9
1,0,1,VBD,4.0,dropped,0,1,8.069522965233773,13.49476933753585,15.497651752469924,7,1,703,0,0,0,10
2,0,1,DT,0.0,the,0,0,0.781922473164741,20.651930178991396,5.17205129965733,3,1,704,0,0,0,11
0,1,1,NN,2.0,boar's,2,3,6.34608827525517,18.252049596378956,36.194708400023785,6,1,705,0,0,0,12
0,0,0,JJ,0.0,enormous,0,1,14.662342593539506,12.645977826951876,16.722199055538074,8,1,706,0,0,0,13
0,3,0,NN,3.0,head.,8,2,4.162497783079743,20.84709166432772,17.639905118297133,5,1,707,1,0,1,14
2,1,2,``,0.0,'Then,0,1,10.78520791232586,16.89181452233247,25.382576276471728,5,1,708,1,1,0,0
1,1,1,PRP,0.0,you,0,1,4.498598508536816,18.198249039215252,8.711964911935151,3,1,709,0,0,0,1
1,0,1,MD,0.0,will,0,1,2.4549863217398524,17.38540358388539,9.884653019348672,4,1,710,0,0,0,2
1,0,1,VB,0.0,be,0,1,2.8050652688834816,18.381669296901407,8.447345415772759,2,1,711,0,0,0,3
1,0,1,VBN,4.0,"rewarded,",1,2,8.26614578452427,20.759925213059383,23.570833261816063,9,1,712,1,0,0,4
1,0,1,IN,0.0,as,0,1,5.318492817808874,18.455643172698917,8.340623672004352,2,1,713,0,0,0,5
2,1,2,PRP,0.0,I,0,1,3.2578014894388616,18.456613480707578,8.339223813452126,1,1,714,0,0,0,6
1,7,1,VBD,3.0,promised.',10,3,8.206605480983853,15.157789288666605,29.60587495104837,10,1,715,1,0,1,7
3,0,2,``,0.0,'But,0,1,8.092472314834595,17.037667992456853,23.496021553046827,4,1,716,1,1,0,0
1,2,2,RB,1.0,"first,",1,2,9.3382527155336,20.77834769351069,15.775187787089155,6,1,717,1,0,0,1
1,0,1,VB,1.0,let,0,1,3.878559284145013,15.35930192229225,12.807699838865982,3,1,718,0,0,0,2
2,1,2,PRP,0.0,me,1,1,1.3056494616903365,16.93966537743082,10.527717319335425,2,1,719,0,0,0,3
1,0,1,VB,2.0,examine,0,1,10.339255079161376,13.357418108128234,15.695807689996292,7,1,720,0,0,0,4
2,0,1,DT,0.0,the,0,0,1.1587118651950732,20.651930178991396,5.17205129965733,3,1,721,0,0,0,5
0,1,1,NN,2.0,head,1,2,4.548701314604841,15.404039391209997,12.743157314316427,4,1,722,0,0,0,6
1,0,1,IN,0.0,of,0,1,1.2821745474357158,20.087642241543257,5.986146708647226,2,1,723,0,0,0,7
1,0,1,DT,0.0,this,0,1,3.3099405812099576,18.084110076486997,8.876632627435416,4,1,724,0,0,0,8
0,7,0,NN,3.0,"monster,'",10,3,9.294062191038392,14.475067862410594,31.601168730159355,9,1,725,1,0,0,9
1,1,1,VBD,1.0,said,0,1,1.171213557885494,16.904210086999463,10.57886849101402,4,1,726,0,0,0,10
2,0,1,DT,0.0,the,0,0,0.1797761404886841,20.651930178991396,5.17205129965733,3,1,727,0,0,0,11
0,1,1,NN,2.0,Lord,1,2,1.4372413581586445,13.818830042374616,15.030130980652054,4,1,728,0,0,0,12
1,0,1,IN,0.0,of,0,1,0.4283223044185433,20.087642241543257,5.986146708647226,2,1,729,0,0,0,13
1,0,1,DT,0.0,the,0,1,0.0134160661727946,20.651930178991396,5.17205129965733,3,1,730,0,0,0,14
0,4,0,NNP,3.0,Manor.,6,2,1.1108860238273337,20.84279400852247,24.47757614256976,6,1,731,1,0,1,15
3,0,1,TO,0.0,To,0,0,8.924141281750053,15.407390833225026,12.738322205541518,2,1,732,0,1,0,0
1,0,1,RB,0.0,not,1,1,11.90690274303779,18.05588478508421,8.917353115369856,3,1,733,0,0,0,1
0,0,0,VB,2.0,examine,0,0,11.972279872745275,13.357418108128234,15.695807689996292,7,1,734,0,0,0,2
1,0,1,DT,0.0,the,0,0,1.267366780055454,20.651930178991396,5.17205129965733,3,1,735,0,0,0,3
0,1,0,NN,2.0,head,1,1,0.5708946454396937,15.404039391209997,12.743157314316427,4,1,736,0,0,0,4
1,0,1,IN,0.0,in,0,1,6.575099531561136,19.583721360186956,6.713150865180346,2,1,737,0,0,0,5
1,5,3,NN,2.0,advance,4,3,6.83494995161891,13.586670814105185,15.365065947972973,7,1,738,0,0,0,6
1,0,1,VBD,0.0,had,0,0,5.94355405960232,17.432489551576744,9.816722327264898,3,1,739,0,0,0,7
0,0,0,RB,0.0,not,2,2,4.517624644562602,18.05588478508421,8.917353115369856,3,1,740,0,0,0,8
1,0,1,VBN,0.0,been,0,0,1.2330096317455173,17.198255400550867,10.154650775356767,4,1,741,0,0,0,9
1,0,1,RB,0.0,very,0,0,9.021837195556143,16.298183548324726,11.453179973007163,4,1,742,0,0,0,10
0,1,0,JJ,5.0,clever,1,1,6.825556769792456,12.24458156695828,17.301291449262212,6,1,743,0,0,0,11
1,0,1,IN,0.0,on,0,1,8.098935189831536,18.53086189167023,8.232105999162414,2,1,744,0,0,0,12
2,0,1,DT,0.0,the,0,0,1.2417871164143437,20.651930178991396,5.17205129965733,3,1,745,0,0,0,13
0,1,1,NN,3.0,part,1,2,0.1057631220683106,16.00726140395166,11.872891907978971,4,1,746,0,0,0,14
1,0,1,IN,0.0,of,0,1,0.0073904749588109,20.087642241543257,5.986146708647226,2,1,747,0,0,0,15
1,0,1,DT,0.0,the,0,1,0.2814084389247,20.651930178991396,5.17205129965733,3,1,748,0,0,0,16
0,7,0,NN,3.0,huntsman.,8,4,3.1733276231680065,20.849166695956296,49.446941520907984,9,1,749,1,0,1,17
2,0,1,RB,0.0,Right,0,0,12.55026429099962,13.149962980113845,15.99510217438964,5,1,750,0,1,0,0
0,1,1,RB,1.0,"away,",2,2,5.6947440950607415,20.764771727476468,17.693206687745448,5,1,751,1,0,0,1
1,0,1,DT,0.0,the,0,0,2.171370155090699,20.651930178991396,5.17205129965733,3,1,752,0,0,0,2
0,1,0,NNP,1.0,Lord,1,2,3.9401664689648896,13.818830042374616,15.030130980652054,4,1,753,0,0,0,3
2,0,1,VBD,2.0,noticed,0,0,7.721446176990867,13.48295245113292,15.51469991588218,7,1,754,0,0,0,4
4,0,1,DT,0.0,the,0,0,2.1956708951620385,20.651930178991396,5.17205129965733,3,1,755,0,0,0,5
0,1,1,NN,1.0,tongue,1,1,14.233816042658871,12.729424487621568,16.601810972011165,6,1,756,0,0,0,6
1,0,1,IN,0.0,of,0,1,2.1811382790037896,20.087642241543257,5.986146708647226,2,1,757,0,0,0,7
1,0,1,DT,0.0,the,0,1,0.2275446565181482,20.651930178991396,5.17205129965733,3,1,758,0,0,0,8
0,3,1,NN,3.0,boar,3,2,1.7351414610166105,16.201001302647686,27.361768266542654,4,1,759,0,0,0,9
1,0,1,VBD,0.0,was,0,1,2.4094311574008316,18.521451560034553,8.24568223794633,3,1,760,0,0,0,10
1,5,3,VBG,3.0,missing,3,1,6.330774130532518,13.980796156700707,14.796463270721745,7,1,761,0,0,0,11
0,0,0,CC,1.0,and,0,0,1.3196688443422318,19.93279149564298,6.2095491118355035,3,1,762,0,0,0,12
1,0,1,VBD,1.0,"exclaimed,",1,2,10.07551543181762,20.759963472699788,23.02966111950285,10,1,763,1,0,0,13
2,1,2,``,1.0,'What,1,2,4.294881048146635,17.225648685112162,22.41760233825268,5,1,764,1,0,0,14
1,0,1,VBZ,1.0,is,0,1,2.764562882715836,19.144004138058012,7.347528720939248,2,1,765,0,0,0,15
1,6,1,DT,1.0,this?,8,4,5.365356635069475,18.525518446967475,18.602977126467295,5,1,766,1,0,1,16
3,0,1,DT,0.0,A,0,0,4.918103141710162,17.13359437447058,10.24793691702159,1,1,767,0,1,0,0
0,1,1,NN,1.0,boar,1,1,6.867161519010551,16.201001302647686,27.361768266542654,4,1,768,0,0,0,1
1,0,1,IN,0.0,with,0,1,4.797857103869319,18.681580760008114,8.014664635242958,4,1,769,0,0,0,2
1,0,1,DT,0.0,no,0,1,4.454449809156358,17.036769620663787,10.387625509173944,2,1,770,0,0,0,3
0,4,1,NN,3.0,tongue?',5,3,4.038257195614278,14.236906100213524,31.389955629112713,8,1,771,1,0,1,4
2,1,2,PRP,0.0,He,0,0,4.776490612886846,16.547839497404837,11.093002573340865,2,1,772,0,1,0,0
1,0,1,VBD,1.0,looked,0,0,4.444284715689719,14.806781852602777,13.60481780339861,6,1,773,0,0,0,1
1,0,1,IN,0.0,at,0,1,1.3967548300279304,18.150223836201175,8.781250634161243,2,1,774,0,0,0,2
1,0,1,DT,0.0,the,0,1,0.5136703281896189,20.651930178991396,5.17205129965733,3,1,775,0,0,0,3
0,2,0,NN,3.0,"huntsman,",4,3,11.959786547231488,20.76680409779287,49.56656239485889,9,1,776,1,0,0,4
1,3,1,RB,1.0,dubiously.,3,2,23.43927018635441,20.84324151411762,40.00599169192712,10,1,777,1,0,1,5
2,1,2,``,0.0,'How,0,1,7.629927922040224,16.9797213895988,24.01605075749515,4,1,778,1,1,0,0
2,0,1,VBD,1.0,come,0,1,5.217987343668938,15.64928219317746,12.389346740104251,4,1,779,0,0,0,1
3,0,1,DT,0.0,this,0,0,4.452915735542774,18.084110076486997,8.876632627435416,4,1,780,0,0,0,2
0,1,1,NN,1.0,creature,1,2,3.6373514011502266,12.51323376351944,16.913708257559502,8,1,781,0,0,0,3
1,0,1,VBZ,2.0,has,0,1,2.72733450634405,17.47535718373814,9.754877406931,3,1,782,0,0,0,4
1,0,1,DT,0.0,no,0,1,0.6917704467196018,17.036769620663787,10.387625509173944,2,1,783,0,0,0,5
0,7,2,NN,2.0,tongue?',8,3,1.1534974791575223,14.236906100213524,31.389955629112713,8,1,784,1,0,1,6
2,1,2,PRP,0.0,he,0,0,1.7277336612460203,17.694798179754258,9.438290970210817,2,1,785,0,1,0,0
1,2,1,VBD,1.0,demanded.,2,2,4.536140039737802,20.843006826559336,21.754456691226338,9,1,786,1,0,1,1
2,0,1,DT,0.0,All,0,0,10.03368637058884,15.290171731223063,12.907433622697203,3,1,787,0,1,0,0
0,1,1,NNS,1.0,eyes,1,1,4.4812004724517465,14.919029124476776,13.442879220912676,4,1,788,0,0,0,1
1,0,1,VBD,0.0,were,0,1,1.206550838658586,17.723648827567594,9.39666828368408,4,1,789,0,0,0,2
1,0,1,IN,0.0,on,0,1,1.2236390843754634,18.53086189167023,8.232105999162414,2,1,790,0,0,0,3
1,0,1,DT,0.0,the,0,1,0.671612277510576,20.651930178991396,5.17205129965733,3,1,791,0,0,0,4
0,4,0,NN,4.0,huntsman.,5,2,7.945736245659646,20.849166695956296,49.446941520907984,9,1,792,1,0,1,5
3,0,1,DT,0.0,The,0,0,2.501553989946842,18.12053694573349,8.824079763818386,3,1,793,0,1,0,0
0,1,1,NN,1.0,huntsman,1,1,1.8527915189042687,15.796172382951507,44.55019371692728,8,1,794,0,0,0,1
1,0,1,VBN,1.0,questioned,0,0,10.35074982792139,12.340393726268946,17.163063722167852,10,1,795,0,0,0,2
1,0,1,IN,0.0,by,0,1,10.946327984100208,18.29067397824052,8.57862391074893,2,1,796,0,0,0,3
1,0,1,DT,0.0,the,0,1,1.976519966265187,20.651930178991396,5.17205129965733,3,1,797,0,0,0,4
0,4,1,NNP,3.0,Lord,4,2,0.830371140036732,13.818830042374616,15.030130980652054,4,1,798,0,0,0,5
1,0,1,VBD,1.0,"replied,",1,2,10.704775242134929,20.7603872885759,20.87078685582227,8,1,799,1,0,0,6
2,1,2,``,0.0,'I,1,2,3.5526052583009005,17.920771799156284,20.387553075182257,2,1,800,1,0,0,7
1,0,1,MD,0.0,cannot,1,1,5.284913755953312,15.10615350606641,13.1729158035639,6,1,801,0,0,0,8
1,2,1,VB,4.0,"say,",1,1,7.655274692224339,20.766554649727112,17.246610979397282,4,1,802,1,0,0,9
1,0,1,PRP$,0.0,my,0,1,6.40953011950478,17.14653233326997,10.229271388022482,2,1,803,0,0,0,10
0,4,0,NN,2.0,Lord.',8,5,5.606023024069145,15.303540321953305,28.288931391693545,6,1,804,1,0,1,11
2,1,2,PRP,0.0,He,0,0,5.124006237834692,16.547839497404837,11.093002573340865,2,1,805,0,1,0,0
1,0,1,VBD,0.0,was,0,0,4.543138744309545,18.521451560034553,8.24568223794633,3,1,806,0,0,0,1
1,1,1,RB,0.0,suddenly,1,1,8.650882184039801,13.46857375829518,15.535443984733654,8,1,807,0,0,0,2
1,0,1,VBG,3.0,realizing,0,0,14.238998020533472,11.7137825067052,18.067072621197855,9,1,808,0,0,0,3
3,0,1,PRP$,0.0,his,0,0,4.250911156297661,17.63767918161909,9.520696265560964,3,1,809,0,0,0,4
0,0,0,JJ,0.0,tricky,0,1,17.657007218687795,11.637926830133033,18.1765092296118,6,1,810,0,0,0,5
0,1,1,NN,2.0,situation,2,2,5.19199189171195,14.45660257504073,14.110019710559456,9,1,811,0,0,0,6
1,0,1,MD,0.0,could,0,1,10.96049899724312,16.68628345113659,10.893270167851,5,1,812,0,0,0,7
1,0,1,VB,3.0,end,0,0,7.554816188989207,15.912313022915548,12.009873466440204,3,1,813,0,0,0,8
1,1,1,RB,1.0,badly,1,2,4.49449323490262,12.468398447719538,16.97839194532071,5,1,814,0,0,0,9
1,0,1,IN,0.0,for,0,1,0.3789521440630778,18.90419907432743,7.693494297163422,3,1,815,0,0,0,10
1,9,2,PRP,2.0,him.,8,4,3.0670598881551996,20.858437547263986,15.77695918651836,4,1,816,1,0,1,11
2,0,1,IN,0.0,Through,0,0,12.036696084425785,12.607907840133205,16.77712243672808,7,1,817,0,1,0,0
1,0,1,DT,0.0,the,0,1,1.7785176129546016,20.651930178991396,5.17205129965733,3,1,818,0,0,0,1
0,2,1,NN,2.0,door,2,1,9.11976224242244,14.68944687175673,13.774096398388007,4,1,819,0,0,0,2
1,0,1,IN,0.0,at,0,1,5.897497873287648,18.150223836201175,8.781250634161243,2,1,820,0,0,0,3
1,0,1,DT,0.0,this,0,1,7.870586605975404,18.084110076486997,8.876632627435416,4,1,821,0,0,0,4
0,2,0,NN,2.0,"moment,",4,2,2.9178854221245274,20.762333051780967,18.67947613066955,7,1,822,1,0,0,5
1,0,1,DT,0.0,the,0,0,1.412987798452377,20.651930178991396,5.17205129965733,3,1,823,0,0,0,6
0,0,0,JJ,0.0,first,0,1,7.86565306445118,16.77947782339326,10.758819109157542,5,1,824,0,0,0,7
0,1,0,NN,2.0,huntsman,2,2,0.5502671810099855,15.796172382951507,44.55019371692728,8,1,825,0,0,0,8
1,2,1,VBP,3.0,burst.,3,2,15.522569712251425,20.843036865013545,21.591235410429668,6,1,826,1,0,1,9
3,0,2,``,0.0,'The,0,0,4.538216923829168,17.959482203882207,20.304178369368422,4,1,827,1,1,0,0
0,1,1,NNS,1.0,woes,1,1,10.755939460883384,15.67115661711892,29.663126591256592,4,1,828,0,0,0,1
1,0,1,IN,0.0,of,0,1,0.0053656265081372,20.087642241543257,5.986146708647226,2,1,829,0,0,0,2
1,3,1,NNP,2.0,Bradford,2,2,0.0136813347635325,11.146070306614268,18.886108196921203,8,1,830,0,0,0,3
1,0,1,VBP,0.0,are,0,1,0.0319179395446553,18.2277629932606,8.669385276796898,3,1,831,0,0,0,4
1,3,1,VBN,2.0,ended!',5,3,0.5651087186997756,14.059025986286004,31.544549583601825,7,1,832,1,0,1,5
2,1,2,PRP,0.0,he,0,0,0.3398995933239348,17.694798179754258,9.438290970210817,2,1,833,0,1,0,0
1,2,1,VBD,1.0,cried.,2,2,4.470405435829889,20.84305387191431,21.506401858479993,6,1,834,1,0,1,1
2,1,2,``,0.0,'I,0,1,7.577635337598622,17.920771799156284,20.387553075182257,2,1,835,1,1,0,0
1,0,1,VBP,0.0,have,0,1,1.6222177678719163,17.990997945585363,9.010965036933804,4,1,836,0,0,0,1
1,0,1,VBN,2.0,slain,0,1,1.8123380243778229,10.800228425165567,19.385052564218952,5,1,837,0,0,0,2
2,0,1,DT,0.0,the,0,1,0.3553628062363714,20.651930178991396,5.17205129965733,3,1,838,0,0,0,3
0,1,1,NN,2.0,boar,5,1,3.8311982405139138,16.201001302647686,27.361768266542654,4,1,839,0,0,0,4
4,0,1,DT,0.0,the,0,0,7.2591553796082735,20.651930178991396,5.17205129965733,3,1,840,0,0,0,5
0,1,1,NNS,1.0,people,1,1,9.8198948148638,16.493453036195575,11.171465651218966,6,1,841,0,0,0,6
1,0,1,IN,0.0,of,0,1,0.5728637864231132,20.087642241543257,5.986146708647226,2,1,842,0,0,0,7
1,3,2,NNP,2.0,Bradford,3,2,0.1605987744987942,11.146070306614268,18.886108196921203,8,1,843,0,0,0,8
1,7,2,VB,2.0,dreaded!',3,3,15.923771310597658,16.74460787439362,44.9344887689045,9,1,844,1,0,1,9
2,0,1,DT,0.0,All,0,0,7.0972222168929875,15.290171731223063,12.907433622697203,3,1,845,0,1,0,0
0,1,1,NNS,1.0,eyes,1,1,1.6756743448786438,14.919029124476776,13.442879220912676,4,1,846,0,0,0,1
1,0,1,VBD,1.0,turned,0,1,2.6805339185521007,14.675245753055112,13.794584281913906,6,1,847,0,0,0,2
1,0,1,TO,0.0,to,0,1,0.7082906220457517,19.88357245739644,6.280557174231113,2,1,848,0,0,0,3
2,0,1,DT,0.0,the,0,0,0.3542316571692936,20.651930178991396,5.17205129965733,3,1,849,0,0,0,4
0,1,1,NN,3.0,man,1,2,6.099041896755807,15.799324757048984,12.17288107728454,3,1,850,0,0,0,5
2,1,2,WP,0.0,who,0,1,1.9948478117585184,16.99990971408453,10.440803113603463,3,1,851,0,0,0,6
2,1,2,RB,0.0,now,0,1,7.0319804539904,16.358672986859247,11.365912160007252,3,1,852,0,0,0,7
1,0,1,VBD,3.0,stood,0,1,2.542573486454785,13.894046284558152,14.921616881059563,5,1,853,0,0,0,8
1,0,1,IN,0.0,in,0,1,2.607763075211551,19.583721360186956,6.713150865180346,2,1,854,0,0,0,9
1,0,1,DT,0.0,the,0,1,1.2069631132180805,20.651930178991396,5.17205129965733,3,1,855,0,0,0,10
0,9,0,NN,3.0,doorway.,10,2,4.547369698411785,20.84286311742051,22.982218018854105,8,1,856,1,0,1,11
3,0,2,``,0.0,'The,0,0,5.521971789654344,17.959482203882207,20.304178369368422,4,1,857,1,1,0,0
0,1,1,NN,1.0,reward,1,2,13.48645081790164,12.690921782892405,16.657358633184742,6,1,858,0,0,0,1
1,0,1,VBZ,0.0,is,0,0,2.4994820076972246,19.144004138058012,7.347528720939248,2,1,859,0,0,0,2
1,1,1,RB,0.0,already,1,1,7.022520494181663,15.331490394390448,12.84782339224946,7,1,860,0,0,0,3
1,3,1,VBN,3.0,"given,'",5,4,7.872651768033393,15.915901740437354,26.58942482797082,7,1,861,1,0,0,4
1,1,1,VBD,1.0,said,0,1,2.437723612820264,16.904210086999463,10.57886849101402,4,1,862,0,0,0,5
2,0,1,DT,0.0,the,0,0,0.2108905235072598,20.651930178991396,5.17205129965733,3,1,863,0,0,0,6
0,1,1,NN,2.0,Lord,1,2,0.8359160782420076,13.818830042374616,15.030130980652054,4,1,864,0,0,0,7
1,0,1,IN,0.0,of,0,1,0.1963433799246559,20.087642241543257,5.986146708647226,2,1,865,0,0,0,8
1,0,1,DT,0.0,the,0,1,0.0063847305209492,20.651930178991396,5.17205129965733,3,1,866,0,0,0,9
0,4,0,NNP,3.0,Manor.,6,2,0.3464370611254708,20.84279400852247,24.47757614256976,6,1,867,1,0,1,10
2,0,2,``,0.0,'The,0,0,4.498278452316299,17.959482203882207,20.304178369368422,4,1,868,1,1,0,0
0,0,0,NN,1.0,man,1,1,7.370823182864115,15.799324757048984,12.17288107728454,3,1,869,0,0,0,1
0,1,0,RB,1.0,here,1,2,7.874452874064445,16.252920207086383,11.51848117094579,4,1,870,0,0,0,2
1,0,1,VBZ,0.0,has,0,1,3.1723096650093794,17.47535718373814,9.754877406931,3,1,871,0,0,0,3
1,0,1,VBN,2.0,brought,0,0,6.57079789834097,14.502266357090862,14.044140798647495,7,1,872,0,0,0,4
1,0,1,TO,0.0,to,0,0,4.70040062116459,19.88357245739644,6.280557174231113,2,1,873,0,0,0,5
1,2,1,PRP,2.0,me,2,3,4.147777841426432,16.93966537743082,10.527717319335425,2,1,874,0,0,0,6
2,0,1,DT,0.0,the,0,0,2.1298378463252448,20.651930178991396,5.17205129965733,3,1,875,0,0,0,7
0,1,1,NN,2.0,boar's,2,3,6.585412758460734,18.252049596378956,36.194708400023785,6,1,876,0,0,0,8
0,4,0,NN,2.0,head.',7,3,3.3468314139172435,15.934362338105569,26.00195772535792,6,1,877,1,0,1,9
3,1,3,``,0.0,'Then,0,1,7.07837462797761,16.89181452233247,25.382576276471728,5,1,878,1,1,0,0
0,1,0,WRB,1.0,where,0,1,6.222197361290455,16.599322624688853,11.018728120918755,5,1,879,0,0,0,1
1,0,1,VBZ,1.0,is,0,1,1.311937989783473,19.144004138058012,7.347528720939248,2,1,880,0,0,0,2
1,0,1,PRP$,0.0,its,0,1,7.531390459393151,16.89741080294139,10.588677784406196,3,1,881,0,0,0,3
0,3,0,NN,2.0,tongue?',7,3,5.064319538651034,14.236906100213524,31.389955629112713,8,1,882,1,0,1,4
2,0,1,DT,0.0,the,0,0,3.897401877329685,20.651930178991396,5.17205129965733,3,1,883,0,1,0,0
0,0,0,JJ,0.0,first,0,1,8.030558724305592,16.77947782339326,10.758819109157542,5,1,884,0,0,0,1
0,1,1,NN,2.0,huntsman,2,1,0.3974295126390643,15.796172382951507,44.55019371692728,8,1,885,0,0,0,2
1,2,1,VBD,1.0,replied.,2,2,8.589540764689445,20.84325871443608,20.751165981871367,8,1,886,1,0,1,3
1,0,1,CC,0.0,"And,",1,1,10.329021021607332,20.767256825377142,17.102590828575167,4,1,887,1,1,0,0
1,0,1,RB,0.0,so,0,1,8.936389333684929,17.102955196419583,10.292139907252675,2,1,888,0,0,0,1
1,2,1,VBG,1.0,"saying,",2,2,4.1207700916565955,20.76175916254057,19.057525187656545,7,1,889,1,0,0,2
1,1,1,PRP,0.0,he,0,1,1.4851127262227235,17.694798179754258,9.438290970210817,2,1,890,0,0,0,3
2,0,1,VBD,3.0,drew,0,0,7.708394447807223,12.901257748115684,16.353907979236524,4,1,891,0,0,0,4
1,1,1,RP,1.0,out,1,1,3.052924018818885,17.1329401691801,10.24888073574989,3,1,892,0,0,0,5
3,0,1,DT,0.0,the,0,0,1.8422101973555984,20.651930178991396,5.17205129965733,3,1,893,0,0,0,6
0,1,1,NN,2.0,boar's,2,2,4.598503426415846,18.252049596378956,36.194708400023785,6,1,894,0,0,0,7
0,1,1,NN,2.0,tongue,1,1,3.139854342676699,12.729424487621568,16.601810972011165,6,1,895,0,0,0,8
3,1,2,PRP,0.0,he,1,2,11.723110534250736,17.694798179754258,9.438290970210817,2,1,896,0,0,0,9
1,0,1,VBD,0.0,had,0,1,3.5322015224955976,17.432489551576744,9.816722327264898,3,1,897,0,0,0,10
1,0,1,VBN,3.0,put,0,1,7.1227229670621455,15.425693592725771,12.711916905175212,3,1,898,0,0,0,11
1,0,1,IN,0.0,in,0,1,1.7068031672388315,19.583721360186956,6.713150865180346,2,1,899,0,0,0,12
1,0,1,PRP$,0.0,his,0,1,1.9098122068680825,17.63767918161909,9.520696265560964,3,1,900,0,0,0,13
0,0,0,NN,0.0,hunting,0,1,10.334633420687169,12.469693812072896,16.976523129591975,7,1,901,0,0,0,14
0,8,2,NN,4.0,pouch,7,1,7.305720344185829,10.998459891283645,19.099065011102255,5,1,902,0,0,0,15
0,0,0,CC,1.0,and,0,0,0.6320997327566147,19.93279149564298,6.2095491118355035,3,1,903,0,0,0,16
1,0,1,VBN,1.0,related,0,1,14.650077234953642,14.944447698425105,13.406207970330955,7,1,904,0,0,0,17
2,1,2,WRB,0.0,how,0,1,5.474816840142012,16.442215191928913,11.245386235048318,3,1,905,0,0,0,18
2,1,2,PRP,0.0,he,0,1,1.3862783466465771,17.694798179754258,9.438290970210817,2,1,906,0,0,0,19
1,0,1,VBD,0.0,had,0,1,0.3901700056158006,17.432489551576744,9.816722327264898,3,1,907,0,0,0,20
2,0,1,VBD,4.0,ambushed,0,0,13.827185025438666,12.93587234039593,35.04284001547089,8,1,908,0,0,0,21
1,0,1,DT,0.0,the,0,1,0.8837095099734142,20.651930178991396,5.17205129965733,3,1,909,0,0,0,22
0,1,0,NN,2.0,creature,2,1,8.854690092499368,12.51323376351944,16.913708257559502,8,1,910,0,0,0,23
1,0,1,IN,0.0,in,0,1,3.3588046592194587,19.583721360186956,6.713150865180346,2,1,911,0,0,0,24
1,0,1,DT,0.0,the,0,1,1.2805935560609214,20.651930178991396,5.17205129965733,3,1,912,0,0,0,25
0,3,1,NN,3.0,wood,3,1,7.0014049430028535,13.542918063033095,15.428187824969925,4,1,913,0,0,0,26
0,0,0,CC,1.0,and,0,0,1.9122798591852188,19.93279149564298,6.2095491118355035,3,1,914,0,0,0,27
1,0,1,VBD,1.0,cut,0,0,6.15817633504048,14.622175691633228,13.87114819634693,3,1,915,0,0,0,28
1,1,1,RP,1.0,out,1,1,2.1083721371833235,17.1329401691801,10.24888073574989,3,1,916,0,0,0,29
1,0,1,PRP$,0.0,its,0,1,0.2786711554508656,16.89741080294139,10.588677784406196,3,1,917,0,0,0,30
0,1,0,NN,2.0,tongue,2,2,3.0490472191013396,12.729424487621568,16.601810972011165,6,1,918,0,0,0,31
1,0,1,IN,0.0,as,0,1,4.255972633836791,18.455643172698917,8.340623672004352,2,1,919,0,0,0,32
2,1,2,NN,2.0,proof,0,1,1.4324911732692271,14.182264636341824,14.505805694248068,5,1,920,0,0,0,33
1,0,1,IN,0.0,of,0,1,1.087765976175433,20.087642241543257,5.986146708647226,2,1,921,0,0,0,34
1,0,1,PRP$,0.0,his,0,1,0.9377061181294266,17.63767918161909,9.520696265560964,3,1,922,0,0,0,35
0,12,0,NN,3.0,victory.,17,6,4.272605444304645,20.84323322472324,20.826257894289785,8,1,923,1,0,1,36
3,0,1,VBG,0.0,Listening,0,0,15.682505767792463,14.527074602171757,30.01670809909526,9,1,924,0,1,0,0
1,0,1,TO,0.0,to,0,1,0.4823939669877291,19.88357245739644,6.280557174231113,2,1,925,0,0,0,1
1,0,1,DT,0.0,the,0,1,1.421782198944129,20.651930178991396,5.17205129965733,3,1,926,0,0,0,2
0,4,2,NN,3.0,"tale,",4,2,8.516005898825824,20.760082302596143,22.050325263732763,5,1,927,1,0,0,3
2,0,1,DT,0.0,the,0,0,1.0071874789427966,20.651930178991396,5.17205129965733,3,1,928,0,0,0,4
0,1,1,NN,1.0,Lord,1,1,1.072346324683167,13.818830042374616,15.030130980652054,4,1,929,0,0,0,5
1,0,1,IN,0.0,of,0,1,1.0407049095374532,20.087642241543257,5.986146708647226,2,1,930,0,0,0,6
1,0,1,DT,0.0,the,0,1,0.0223784556364989,20.651930178991396,5.17205129965733,3,1,931,0,0,0,7
0,3,0,NNP,3.0,Manor,3,2,0.1074584102389053,10.664526999138992,19.580828338589058,5,1,932,0,0,0,8
1,0,1,VBD,2.0,tried,0,1,9.966168723069131,14.666162216648887,13.8076890548409,5,1,933,0,0,0,9
2,0,1,TO,0.0,to,0,1,0.3052541395591106,19.88357245739644,6.280557174231113,2,1,934,0,0,0,10
1,0,1,VB,2.0,discern,0,1,7.788195040455321,11.708558035823856,18.07460993942964,7,1,935,0,0,0,11
4,0,1,WDT,0.0,which,0,0,5.352013174910098,17.599930483545194,9.57515612507219,5,1,936,0,0,0,12
0,1,1,NN,1.0,huntsman,1,1,6.290237004403025,15.796172382951507,44.55019371692728,8,1,937,0,0,0,13
1,0,1,VBD,0.0,was,0,1,1.557183383964002,18.521451560034553,8.24568223794633,3,1,938,0,0,0,14
1,0,1,VBG,3.0,telling,0,1,6.057561057736166,13.59411422936708,15.354327369687358,7,1,939,0,0,0,15
1,1,1,PRP,1.0,him,1,1,9.61426019098144,16.695335111358073,10.880211382537656,3,1,940,0,0,0,16
1,0,1,DT,0.0,the,0,1,0.5717632145970128,20.651930178991396,5.17205129965733,3,1,941,0,0,0,17
0,5,2,NN,2.0,truth,4,1,4.608146327605937,14.105460057858457,14.61661127874359,5,1,942,0,0,0,18
0,0,0,CC,1.0,and,0,0,1.562791272997856,19.93279149564298,6.2095491118355035,3,1,943,0,0,0,19
2,1,2,WP,0.0,what,0,1,4.6175715839490294,16.89144897198978,10.5972788883547,4,1,944,0,0,0,20
2,0,1,DT,0.0,the,0,0,3.1027330739889294,20.651930178991396,5.17205129965733,3,1,945,0,0,0,21
0,0,0,CD,0.0,two,0,1,7.410130089847371,16.868943842570165,10.629746926962948,3,1,946,0,0,0,22
0,1,1,NN,2.0,huntsmen,2,2,5.2254020832479,15.085640978236096,46.40203763347507,8,1,947,0,0,0,23
1,0,1,VBD,0.0,were,0,1,1.6205137968063354,17.723648827567594,9.39666828368408,4,1,948,0,0,0,24
1,0,1,VBG,4.0,thinking,0,1,8.260570876300335,14.287907570781185,14.353395156627446,8,1,949,0,0,0,25
1,0,1,IN,0.0,as,0,1,4.369457561755553,18.455643172698917,8.340623672004352,2,1,950,0,0,0,26
2,1,2,PRP,0.0,they,0,1,1.1639697127975523,17.366789695455783,9.911507183877728,4,1,951,0,0,0,27
1,0,1,VBD,3.0,waited,0,1,6.762352735968307,12.787382827664834,16.51819476225259,6,1,952,0,0,0,28
1,0,1,IN,0.0,for,0,1,0.4822650331188924,18.90419907432743,7.693494297163422,3,1,953,0,0,0,29
2,1,2,PRP,0.0,him,1,1,3.2538087812135927,16.695335111358073,10.880211382537656,3,1,954,0,0,0,30
1,0,1,TO,0.0,to,0,1,0.5611054647597484,19.88357245739644,6.280557174231113,2,1,955,0,0,0,31
1,0,1,VB,4.0,make,0,1,5.586146000656299,16.32052950931665,11.420941565900218,4,1,956,0,0,0,32
1,0,1,DT,0.0,a,0,1,2.9852691459818743,19.69218547190043,6.556670229096891,1,1,957,0,0,0,33
0,18,1,NN,2.0,decision.,19,4,1.73372592497617,20.84529024746463,18.41590589184308,9,1,958,1,0,1,34
2,0,1,RB,0.0,Almost,0,0,11.159793210215868,11.848890430093864,17.87215309014022,6,1,959,0,1,0,0
0,1,1,RB,1.0,"instantly,",2,2,5.213758020719979,20.760055780864764,22.218432665747525,10,1,960,1,0,0,1
1,0,1,DT,0.0,the,0,0,1.4490539103280753,20.651930178991396,5.17205129965733,3,1,961,0,0,0,2
0,1,0,NNP,1.0,Lord,1,2,1.5151915170135908,13.818830042374616,15.030130980652054,4,1,962,0,0,0,3
1,0,1,VBD,2.0,saw,0,1,7.4225560100749135,14.882462918571155,13.49563310483684,3,1,963,0,0,0,4
1,0,1,IN,0.0,that,0,1,1.4423228492960334,19.024464301341364,7.519988250559035,4,1,964,0,0,0,5
3,0,1,DT,0.0,the,0,0,1.0881471497705206,20.651930178991396,5.17205129965733,3,1,965,0,0,0,6
0,0,0,JJ,0.0,second,0,1,4.943084538099356,15.864930682912982,12.07823173338762,6,1,966,0,0,0,7
0,1,1,NN,2.0,huntsman,2,1,0.2668272086884826,15.796172382951507,44.55019371692728,8,1,967,0,0,0,8
1,0,1,VBD,0.0,had,0,1,1.719262338243425,17.432489551576744,9.816722327264898,3,1,968,0,0,0,9
1,0,1,VBN,4.0,fed,0,1,13.292314872145653,13.102837991673155,16.06308916151497,3,1,969,0,0,0,10
1,1,1,PRP,1.0,him,1,1,5.637126396410167,16.695335111358073,10.880211382537656,3,1,970,0,0,0,11
2,0,1,DT,0.0,a,0,0,2.352031080634333,19.69218547190043,6.556670229096891,1,1,971,0,0,0,12
0,1,1,NN,2.0,pack,1,2,9.747902927338146,13.038659977565704,16.15567846420189,4,1,972,0,0,0,13
1,0,1,IN,0.0,of,0,1,0.0935333610977977,20.087642241543257,5.986146708647226,2,1,973,0,0,0,14
1,6,2,NNS,2.0,lies,5,1,10.411982737714425,13.413364435923318,15.61509420033038,4,1,974,0,0,0,15
0,0,0,CC,1.0,and,0,0,1.1107143387198448,19.93279149564298,6.2095491118355035,3,1,975,0,0,0,16
2,1,2,PRP,0.0,it,0,1,8.35946545517072,18.431334787537676,8.375693258728493,2,1,976,0,0,0,17
1,0,1,VBD,0.0,was,0,1,0.8804025002755225,18.521451560034553,8.24568223794633,3,1,977,0,0,0,18
2,0,1,DT,0.0,the,0,1,5.034036784665659,20.651930178991396,5.17205129965733,3,1,978,0,0,0,19
0,0,0,JJ,0.0,first,0,1,2.7256215706001967,16.77947782339326,10.758819109157542,5,1,979,0,0,0,20
0,1,1,NN,5.0,huntsman,3,1,4.202487677335739,15.796172382951507,44.55019371692728,8,1,980,0,0,0,21
2,1,2,WP,0.0,who,0,1,0.4243409968912601,16.99990971408453,10.440803113603463,3,1,981,0,0,0,22
2,0,1,VBD,0.0,was,0,1,3.53680187696591,18.521451560034553,8.24568223794633,3,1,982,0,0,0,23
2,0,1,DT,0.0,the,0,0,5.722904916969128,20.651930178991396,5.17205129965733,3,1,983,0,0,0,24
0,0,0,JJ,0.0,true,0,1,5.119692763662897,15.398799753202052,12.75071651408654,4,1,984,0,0,0,25
0,1,1,NN,5.0,savior,2,2,11.214658855460584,13.857222396455922,32.185799772628165,6,1,985,0,0,0,26
1,0,1,IN,0.0,of,0,1,0.2582563714240677,20.087642241543257,5.986146708647226,2,1,986,0,0,0,27
1,13,2,NNP,2.0,Bradford.,13,4,2.628783055290114,20.842817505870723,23.78285600090191,9,1,987,1,0,1,28
2,0,1,DT,0.0,The,0,0,1.9296887719538065,18.12053694573349,8.824079763818386,3,1,988,0,1,0,0
0,1,1,NNP,1.0,Lord,1,1,1.9759611322078856,13.818830042374616,15.030130980652054,4,1,989,0,0,0,1
2,0,1,VBD,1.0,believed,0,0,8.057645995169878,13.810505051291862,15.042141404002589,8,1,990,0,0,0,2
3,0,1,DT,0.0,the,0,0,3.7283429398667063,20.651930178991396,5.17205129965733,3,1,991,0,0,0,3
0,0,0,JJ,0.0,second,0,1,2.695503929862753,15.864930682912982,12.07823173338762,6,1,992,0,0,0,4
0,1,1,NN,2.0,huntsman,2,2,0.3343316190876066,15.796172382951507,44.55019371692728,8,1,993,0,0,0,5
1,0,1,VBD,0.0,had,0,1,2.790320112137124,17.432489551576744,9.816722327264898,3,1,994,0,0,0,6
1,0,1,VBN,3.0,tried,0,1,8.050675011472777,14.666162216648887,13.8076890548409,5,1,995,0,0,0,7
2,0,1,TO,0.0,to,0,1,0.3380659833201207,19.88357245739644,6.280557174231113,2,1,996,0,0,0,8
1,0,1,VB,2.0,steal,0,1,6.45151629432803,12.178588389927926,17.396499478496413,5,1,997,0,0,0,9
2,0,1,DT,0.0,the,0,0,0.6857737738755532,20.651930178991396,5.17205129965733,3,1,998,0,0,0,10
0,0,0,JJ,0.0,first,0,1,8.396416127856355,16.77947782339326,10.758819109157542,5,1,999,0,0,0,11
0,1,1,NN,3.0,huntsman's,3,3,1.1433038060786205,18.20829401749452,53.38313385040841,10,1,1000,0,0,0,12
0,9,3,NN,2.0,prize,7,1,9.30474879720714,12.331387247601905,17.176057324276666,5,1,1001,0,0,0,13
0,0,0,CC,1.0,and,0,0,1.5787392556667328,19.93279149564298,6.2095491118355035,3,1,1002,0,0,0,14
2,1,2,RB,0.0,so,0,1,5.778606832027435,17.102955196419583,10.292139907252675,2,1,1003,0,0,0,15
0,0,0,VBD,2.0,proclaimed,0,1,12.429063342511654,11.18680743802819,18.827336939450294,10,1,1004,0,0,0,16
1,0,1,DT,0.0,the,0,1,2.7667108435416594,20.651930178991396,5.17205129965733,3,1,1005,0,0,0,17
0,0,0,JJ,0.0,first,0,1,4.308536779484712,16.77947782339326,10.758819109157542,5,1,1006,0,0,0,18
0,1,0,NN,3.0,huntsman,3,1,0.8696754327975214,15.796172382951507,44.55019371692728,8,1,1007,0,0,0,19
1,0,1,DT,0.0,the,0,1,3.284696995280683,20.651930178991396,5.17205129965733,3,1,1008,0,0,0,20
0,0,0,JJ,0.0,true,0,1,2.571590552572161,15.398799753202052,12.75071651408654,4,1,1009,0,0,0,21
0,4,0,NN,3.0,victor.,8,4,7.0235832263715565,20.853468750073855,34.52883340812049,7,1,1010,1,0,1,22
2,0,1,DT,0.0,The,0,0,1.7747316471068189,18.12053694573349,8.824079763818386,3,1,1011,0,1,0,0
0,1,1,NNP,1.0,Lord,1,1,1.8085036819102245,13.818830042374616,15.030130980652054,4,1,1012,0,0,0,1
1,0,1,VBD,1.0,wondered,0,1,9.825886212289332,12.722601972212845,16.611653781157724,8,1,1013,0,0,0,2
1,0,1,IN,0.0,for,0,1,6.333465039962903,18.90419907432743,7.693494297163422,3,1,1014,0,0,0,3
1,0,1,DT,0.0,a,0,1,0.3914233359100763,19.69218547190043,6.556670229096891,1,1,1015,0,0,0,4
0,2,0,NN,3.0,moment,3,1,0.4105860079580452,14.766378546507395,13.663107452737936,6,1,1016,0,0,0,5
2,1,2,WRB,0.0,why,0,1,3.943484542891383,15.356462113468409,12.811796816973215,3,1,1017,0,0,0,6
2,1,2,PRP,0.0,he,0,1,2.2624055296182632,17.694798179754258,9.438290970210817,2,1,1018,0,0,0,7
1,1,1,RB,0.0,always,0,1,9.93112429836765,15.503668334268962,12.59942313223625,6,1,1019,0,0,0,8
1,0,1,VBD,4.0,encountered,0,0,12.135553734144196,12.655213272981351,16.708875123350953,11,1,1020,0,0,0,9
2,0,1,RB,0.0,so,0,0,3.902612406760454,17.102955196419583,10.292139907252675,2,1,1021,0,0,0,10
0,1,1,JJ,1.0,much,1,1,4.906805597245693,16.153554875498138,11.661835042064435,4,1,1022,0,0,0,11
0,1,0,NN,2.0,chicanery,2,3,13.58491647732444,15.16703514578556,46.226204797385904,9,1,1023,0,0,0,12
1,0,1,IN,0.0,in,0,1,1.3492221111664549,19.583721360186956,6.713150865180346,2,1,1024,0,0,0,13
1,0,1,PRP$,0.0,his,0,1,2.030482289497741,17.63767918161909,9.520696265560964,3,1,1025,0,0,0,14
0,0,0,JJ,0.0,everyday,0,1,8.593062770320103,12.588981939799906,16.80442673928329,8,1,1026,0,0,0,15
0,7,0,NNS,4.0,interactions.,10,2,9.678181847091764,20.8436968117156,19.84665519525149,13,1,1027,1,0,1,16
3,0,1,DT,0.0,The,0,0,3.064561564940959,18.12053694573349,8.824079763818386,3,1,1028,0,1,0,0
0,1,1,NN,1.0,huntsman,1,1,4.535444380249828,15.796172382951507,44.55019371692728,8,1,1029,0,0,0,1
2,1,2,WP,0.0,who,0,1,6.920729091390967,16.99990971408453,10.440803113603463,3,1,1030,0,0,0,2
2,0,1,VBD,0.0,had,0,1,1.3928035711869595,17.432489551576744,9.816722327264898,3,1,1031,0,0,0,3
1,0,1,VBN,3.0,earned,0,0,10.4751718766056,12.888393937047722,16.372466535671204,6,1,1032,0,0,0,4
1,0,1,PRP$,0.0,his,0,1,2.174071744433604,17.63767918161909,9.520696265560964,3,1,1033,0,0,0,5
0,1,0,NN,2.0,prize,2,2,3.2098542648600414,12.331387247601905,17.176057324276666,5,1,1034,0,0,0,6
1,0,1,RB,1.0,fair,0,0,15.628849484026432,13.822076951934044,15.02544668033245,4,1,1035,0,0,0,7
0,0,0,CC,1.0,and,0,0,0.3222083436630782,19.93279149564298,6.2095491118355035,3,1,1036,0,0,0,8
0,6,2,RB,1.0,square,6,3,0.2297931773282471,13.780756574105975,15.085059384512665,6,1,1037,0,0,0,9
1,0,1,VBD,1.0,received,0,1,9.39888789318502,14.903436618406486,13.465374452095318,8,1,1038,0,0,0,10
1,0,1,IN,0.0,as,0,1,8.272660061949864,18.455643172698917,8.340623672004352,2,1,1039,0,0,0,11
1,0,1,PRP$,0.0,his,0,1,2.884963802760467,17.63767918161909,9.520696265560964,3,1,1040,0,0,0,12
0,2,0,NN,3.0,reward,3,1,2.2233854699879885,12.690921782892405,16.657358633184742,6,1,1041,0,0,0,13
2,0,1,DT,0.0,a,0,0,2.19422135327477,19.69218547190043,6.556670229096891,1,1,1042,0,0,0,14
0,1,1,NN,2.0,piece,1,1,6.721597975352779,14.11875687668686,14.597428024160257,5,1,1043,0,0,0,15
1,0,1,IN,0.0,of,0,1,0.007442092814017,20.087642241543257,5.986146708647226,2,1,1044,0,0,0,16
2,0,1,NN,2.0,land,0,1,7.2464304504101165,14.613623426247754,13.883486507206918,4,1,1045,0,0,0,17
0,1,1,RB,1.0,just,0,1,7.526386780664325,16.69359693645768,10.882719038846648,4,1,1046,0,0,0,18
1,0,1,IN,0.0,outside,0,1,2.9390537133440375,14.742859125993014,13.697038804078616,7,1,1047,0,0,0,19
1,0,1,DT,0.0,the,0,1,1.1806075654458257,20.651930178991396,5.17205129965733,3,1,1048,0,0,0,20
0,4,0,NN,3.0,"town,",6,1,9.003085213014856,20.761486181628733,19.279218903710525,5,1,1049,1,0,0,21
1,0,1,VBN,1.0,known,0,1,8.528000424616039,15.485962475218937,12.624967287282402,5,1,1050,0,0,0,22
1,1,1,RB,1.0,thereafter,1,1,14.40303145069629,12.405796074295042,17.06870807900811,10,1,1051,0,0,0,23
1,0,1,IN,0.0,as,0,1,0.1718775243498385,18.455643172698917,8.340623672004352,2,1,1052,0,0,0,24
1,0,1,NNP,0.0,Hunt,0,0,15.300539651419967,11.883592067535698,17.822089209892162,4,1,1053,0,0,0,25
0,6,0,NNP,3.0,Yard.,8,5,9.060079796239734,20.842804285630073,24.13212950326601,5,1,1054,1,0,1,26
3,0,1,PRP$,0.0,His,0,0,6.7063223058357835,14.818833666607562,13.587430711100192,3,1,1055,0,1,0,0
0,1,1,NN,1.0,fame,1,1,9.45395498070866,11.9038926509219,17.792801658913735,4,1,1056,0,0,0,1
1,0,1,VBD,0.0,was,0,0,3.013028671965003,18.521451560034553,8.24568223794633,3,1,1057,0,0,0,2
1,1,1,RB,0.0,indeed,1,1,9.07806218834594,13.87833511109751,14.944283313097776,6,1,1058,0,0,0,3
1,3,2,VBN,3.0,"assured,",3,3,13.0368551077554,20.760066676488908,22.146985695393948,8,1,1059,1,0,0,4
0,0,0,CC,1.0,but,0,0,1.88494158803951,17.553098244319884,9.64272076435627,3,1,1060,0,0,0,5
2,1,2,PRP,0.0,it,0,1,3.5023233760148287,18.431334787537676,8.375693258728493,2,1,1061,0,0,0,6
1,0,1,VBD,0.0,was,0,0,0.7955072117038071,18.521451560034553,8.24568223794633,3,1,1062,0,0,0,7
0,0,0,RB,0.0,not,1,1,2.2232515211217105,18.05588478508421,8.917353115369856,3,1,1063,0,0,0,8
1,0,1,RB,0.0,nearly,0,0,8.874042363080662,14.25424085975976,14.401965953661094,6,1,1064,0,0,0,9
0,0,0,RB,0.0,as,0,1,1.0426565339439549,18.455643172698917,8.340623672004352,2,1,1065,0,0,0,10
0,1,0,JJ,6.0,lasting,0,1,9.02098047384061,12.06340247836584,17.562677621887307,7,1,1066,0,0,0,11
1,0,1,IN,0.0,as,0,1,0.1314016096293926,18.455643172698917,8.340623672004352,2,1,1067,0,0,0,12
2,1,2,DT,2.0,that,0,1,3.611819732934237,19.024464301341364,7.519988250559035,4,1,1068,0,0,0,13
1,0,1,IN,0.0,of,0,1,0.950041425647214,20.087642241543257,5.986146708647226,2,1,1069,0,0,0,14
1,0,1,DT,0.0,the,0,1,0.6331588736502454,20.651930178991396,5.17205129965733,3,1,1070,0,0,0,15
0,0,0,JJ,0.0,fearsome,0,1,14.794622021610849,14.455192613735251,30.39315892855231,8,1,1071,0,0,0,16
0,0,0,NNP,0.0,Bradford,0,1,11.685227449983358,11.146070306614268,18.886108196921203,8,1,1072,0,0,0,17
0,7,0,NNP,5.0,Boar.,14,5,9.482502795755863,20.85238233449787,32.179247140978816,5,1,1073,1,0,1,18
3,0,1,DT,0.0,A,0,0,5.825212761759758,17.41022239929552,9.84884703743574,1,2,1,0,1,0,0
1,0,1,JJ,0.0,clear,0,1,11.88487096130848,15.005661985597682,13.317894421795526,5,2,2,0,0,0,1
0,0,0,CC,1.0,and,0,0,3.9879302649060264,19.93279149564298,6.2095491118355035,3,2,3,0,0,0,2
0,1,0,JJ,1.0,joyous,2,2,16.360966461128555,15.045091165721756,29.576338291704136,6,2,4,0,0,0,3
0,1,1,NN,2.0,day,2,1,5.599639357067645,15.919835791538643,11.999020405453908,3,2,5,0,0,0,4
1,1,1,PRP,0.0,it,0,1,11.171138040721416,18.431334787537676,8.375693258728493,2,2,6,0,0,0,5
1,2,2,VBD,2.0,was,2,1,1.7722580060362816,18.521451560034553,8.24568223794633,3,2,7,0,0,0,6
0,0,0,CC,1.0,and,0,0,7.664805636741221,19.93279149564298,6.2095491118355035,3,2,8,0,0,0,7
2,0,1,IN,0.0,out,0,1,12.726569323800504,17.1329401691801,10.24888073574989,3,2,9,0,0,0,8
1,0,1,IN,0.0,on,0,1,6.443701694719493,18.53086189167023,8.232105999162414,2,2,10,0,0,0,9
1,0,1,DT,0.0,the,0,1,0.7248654245631769,20.651930178991396,5.17205129965733,3,2,11,0,0,0,10
0,0,0,JJ,0.0,wide,0,1,9.502420673030429,14.291416732862624,14.348332505894875,4,2,12,0,0,0,11
0,0,0,JJ,0.0,open,0,1,2.663613609969616,15.331926410849183,12.847194353466698,4,2,13,0,0,0,12
0,3,1,NN,5.0,"sea,",6,2,8.068568366579711,20.760902291979093,19.912137472798477,4,2,14,1,0,0,13
4,1,2,NNS,0.0,thousands,0,0,10.752695347648114,13.760506175473347,15.114274534195982,9,2,15,0,0,0,14
1,0,1,IN,0.0,upon,0,1,6.557479182712541,15.296309092334278,12.898579282257913,4,2,16,0,0,0,15
1,3,2,NNS,2.0,thousands,2,1,0.0284989406468412,13.760506175473347,15.114274534195982,9,2,17,0,0,0,16
1,0,1,IN,0.0,of,0,1,0.3382995827123523,20.087642241543257,5.986146708647226,2,2,18,0,0,0,17
1,0,1,JJ,0.0,sparkling,0,0,13.342863318510354,10.891577880026055,19.253263158703813,9,2,19,0,0,0,18
0,0,0,NN,0.0,water,0,1,6.243036948144436,15.55179255272304,12.529994560925893,5,2,20,0,0,0,19
0,3,1,NNS,4.0,"drops,",5,3,13.944430053932592,20.760116217117226,21.860463970779964,6,2,21,1,0,0,20
1,0,1,VBN,1.0,excited,0,0,12.74279725481756,13.374035297333036,15.671834153537011,7,2,22,0,0,0,21
1,0,1,IN,0.0,by,0,1,2.1985501176677644,18.29067397824052,8.57862391074893,2,2,23,0,0,0,22
2,0,1,VBG,2.0,getting,0,1,15.094468269264324,14.911648120355064,13.453527758955854,7,2,24,0,0,0,23
2,0,1,TO,0.0,to,0,1,2.938614451093599,19.88357245739644,6.280557174231113,2,2,25,0,0,0,24
1,0,1,VB,2.0,play,0,1,6.849687030538917,15.16126309364622,13.093409474857072,4,2,26,0,0,0,25
1,0,1,IN,0.0,in,0,1,2.686978153884411,19.583721360186956,6.713150865180346,2,2,27,0,0,0,26
1,0,1,DT,0.0,the,0,1,0.92359343013959,20.651930178991396,5.17205129965733,3,2,28,0,0,0,27
0,10,2,NN,3.0,"ocean,",9,4,7.491614695813041,20.76020182286623,21.469495875782755,6,2,29,1,0,0,28
1,0,1,VBN,3.0,danced,0,1,9.896844712551683,11.118251917940263,18.92624164830671,6,2,30,0,0,0,29
1,0,1,RB,0.0,all,0,1,7.399617675459012,17.469149055179013,9.763833843216451,3,2,31,0,0,0,30
0,4,0,RB,2.0,around.,7,3,6.265701275551692,20.849584897746368,16.982702762370486,7,2,32,1,0,1,31
4,1,2,CD,0.0,One,0,0,6.326531438156962,15.049604918777236,13.254498170015268,3,2,33,0,1,0,0
1,0,1,IN,0.0,of,0,1,2.5348917759838514,20.087642241543257,5.986146708647226,2,2,34,0,0,0,1
1,3,2,DT,2.0,these,2,1,4.293116173532326,16.716016513197467,10.85037442666533,5,2,35,0,0,0,2
1,0,1,VBD,0.0,was,0,1,3.3169018207117915,18.521451560034553,8.24568223794633,3,2,36,0,0,0,3
2,0,1,DT,0.0,a,0,0,2.3652604126837105,19.69218547190043,6.556670229096891,1,2,37,0,0,0,4
0,0,0,JJ,0.0,merry,0,1,13.65308369253762,10.80701720710767,19.375258422177406,5,2,38,0,0,0,5
0,0,0,JJ,0.0,little,0,1,3.9788574129343033,15.70386302020348,12.310603251626194,6,2,39,0,0,0,6
0,1,1,NN,5.0,fellow,3,1,9.320038363337517,13.389093482321409,15.650109784729498,6,2,40,0,0,0,7
1,0,1,VBN,1.0,named,0,1,1.7514762366190553,14.223171254004276,14.44678991980691,5,2,41,0,0,0,8
1,2,1,NNP,1.0,"Aqua,",3,3,16.15935364807956,20.803666993907783,32.26037702064696,5,2,42,1,0,0,9
2,1,2,WP,0.0,who,0,1,1.360383408376947,16.99990971408453,10.440803113603463,3,2,43,0,0,0,10
2,0,1,VBN,2.0,danced,0,0,6.603960484266281,11.118251917940263,18.92624164830671,6,2,44,0,0,0,11
1,0,1,IN,0.0,on,0,1,4.653170499950647,18.53086189167023,8.232105999162414,2,2,45,0,0,0,12
2,0,1,DT,0.0,the,0,0,1.4196218963479623,20.651930178991396,5.17205129965733,3,2,46,0,0,0,13
0,0,0,JJ,0.0,silver,0,1,10.098308696993628,13.264451308221972,15.829930431188377,6,2,47,0,0,0,14
0,1,1,NNS,4.0,backs,2,2,14.48915519565344,11.98560675607755,17.674913124635,5,2,48,0,0,0,15
1,0,1,IN,0.0,of,0,1,0.1025008452124893,20.087642241543257,5.986146708647226,2,2,49,0,0,0,16
1,0,1,DT,0.0,the,0,1,2.473762416280806,20.651930178991396,5.17205129965733,3,2,50,0,0,0,17
0,4,0,NNS,3.0,fishes,5,2,8.310428241733462,10.630480449879682,19.62994712636484,6,2,51,0,0,0,18
1,0,1,IN,0.0,as,0,1,4.923479513963684,18.455643172698917,8.340623672004352,2,2,52,0,0,0,19
2,1,2,PRP,0.0,they,0,1,2.212429335108027,17.366789695455783,9.911507183877728,4,2,53,0,0,0,20
1,0,1,VBD,3.0,plunged,0,0,10.849081673193725,11.009141655993284,19.083654482127713,7,2,54,0,0,0,21
1,0,1,RB,1.0,up,0,1,6.63792596757412,17.040396008802368,10.382393736990077,2,2,55,0,0,0,22
0,0,0,CC,1.0,and,0,0,1.2012286789686186,19.93279149564298,6.2095491118355035,3,2,56,0,0,0,23
0,1,0,RB,1.0,down,3,3,0.5376537136762636,16.107036220281262,11.728947275254644,4,2,57,0,0,0,24
1,0,1,IN,0.0,in,0,1,3.07771382201463,19.583721360186956,6.713150865180346,2,2,58,0,0,0,25
1,0,1,DT,0.0,the,0,1,0.6680002353386953,20.651930178991396,5.17205129965733,3,2,59,0,0,0,26
0,11,2,NNS,3.0,"waves,",11,2,5.290553680737503,20.76035614104283,20.955528938274412,6,2,60,1,0,0,27
0,0,0,CC,1.0,"and,",1,1,8.696459251223132,21.122633720032468,11.225917789767117,4,2,61,1,0,0,28
2,0,1,DT,0.0,no,0,1,9.530456261709332,17.036769620663787,10.387625509173944,2,2,62,0,0,0,29
0,0,0,NN,1.0,matter,0,1,3.877998917363584,15.066265511746847,13.230462015159738,6,2,63,0,0,0,30
2,0,1,WRB,0.0,how,0,1,0.7573787563014776,16.442215191928913,11.245386235048318,3,2,64,0,0,0,31
0,1,1,RB,1.0,high,1,1,6.912444868823513,16.09639059118449,11.7443056715597,4,2,65,0,0,0,32
2,1,2,PRP,0.0,he,0,1,3.4082896038889885,17.694798179754258,9.438290970210817,2,2,66,0,0,0,33
1,4,2,VBD,3.0,"sprung,",5,2,16.013465214171447,20.762242847329663,35.51154134949278,7,2,67,1,0,0,34
1,1,1,PRP,0.0,he,0,1,2.0645920395618305,17.694798179754258,9.438290970210817,2,2,68,0,0,0,35
2,1,2,RB,0.0,always,0,1,3.174121759366244,15.503668334268962,12.59942313223625,6,2,69,0,0,0,36
0,0,0,VBD,4.0,came,0,0,4.753057438880205,15.304613280765835,12.886598870789095,4,2,70,0,0,0,37
1,0,1,RB,0.0,down,1,1,4.004253382328898,16.107036220281262,11.728947275254644,4,2,71,0,0,0,38
0,1,0,RB,2.0,again,1,2,7.26937447488308,15.602953223186589,12.45618531535958,5,2,72,0,0,0,39
1,0,1,IN,0.0,into,0,1,6.603578673559241,16.972256606338846,10.48069811501334,4,2,73,0,0,0,40
2,0,1,PRP$,0.0,his,0,0,4.620324180345051,17.63767918161909,9.520696265560964,3,2,74,0,0,0,41
0,1,1,NN,2.0,mother's,2,3,6.880269625457004,18.14754913815953,22.55658371278734,8,2,75,0,0,0,42
0,5,0,NN,3.0,lap.,9,3,6.460874084383249,20.84295618497004,22.07987997578624,4,2,76,1,0,1,43
3,0,1,PRP$,0.0,His,0,0,5.636657980037853,14.818833666607562,13.587430711100192,3,2,77,0,1,0,0
1,1,2,NN,1.0,"mother,",2,2,6.441389964194968,20.762230776046145,18.740012257237822,7,2,78,1,0,0,1
2,1,2,PRP,0.0,you,0,0,9.795319149270654,18.198249039215252,8.711964911935151,3,2,79,0,0,0,2
1,3,1,VBP,1.0,"know,",3,3,3.5335033395094797,20.772419881569988,16.33652386786414,5,2,80,1,0,0,3
1,0,1,VBD,0.0,was,0,1,1.7038723897421733,18.521451560034553,8.24568223794633,3,2,81,0,0,0,4
1,0,1,DT,0.0,the,0,1,5.168149516626727,20.651930178991396,5.17205129965733,3,2,82,0,0,0,5
0,3,1,NN,4.0,"ocean,",4,2,13.643214623967651,20.76020182286623,21.469495875782755,6,2,83,1,0,0,6
0,0,0,CC,1.0,and,0,0,1.1761062603909522,19.93279149564298,6.2095491118355035,3,2,84,0,0,0,7
2,0,1,RB,0.0,very,0,1,9.677182458341122,16.298183548324726,11.453179973007163,4,2,85,0,0,0,8
0,1,1,JJ,1.0,beautiful,1,1,6.837986866012216,13.98748038668931,14.786819965265028,9,2,86,0,0,0,9
1,1,1,PRP,0.0,she,0,1,5.480295997112989,16.84690510554553,10.66154210357584,3,2,87,0,0,0,10
1,0,1,VBD,3.0,looked,0,0,4.519207777455449,14.806781852602777,13.60481780339861,6,2,88,0,0,0,11
1,0,1,DT,0.0,that,0,1,10.038558640750123,19.024464301341364,7.519988250559035,4,2,89,0,0,0,12
0,0,0,NN,0.0,summer,0,1,8.52152554015629,13.991970804122106,14.780341662303211,6,2,90,0,0,0,13
0,1,0,NN,3.0,day,3,2,4.890639036893845,15.919835791538643,11.999020405453908,3,2,91,0,0,0,14
1,0,1,IN,0.0,in,0,1,4.000301695428789,19.583721360186956,6.713150865180346,2,2,92,0,0,0,15
2,0,1,PRP$,0.0,her,0,0,2.997616559732706,17.210354868203652,10.137194933376698,3,2,93,0,0,0,16
0,0,0,JJ,0.0,dark,0,1,7.964850359130651,14.384930131362148,14.213421189622942,4,2,94,0,0,0,17
0,0,0,JJ,0.0,blue,0,1,2.2051486894488335,14.264644165450992,14.386957156131505,4,2,95,0,0,0,18
0,1,1,NN,5.0,dress,3,1,6.592194892466068,13.188589224206956,15.939376283588338,5,2,96,0,0,0,19
0,0,0,CC,1.0,and,0,0,1.204431422520429,19.93279149564298,6.2095491118355035,3,2,97,0,0,0,20
1,0,1,JJ,0.0,white,0,0,5.093448606785387,14.820759703454794,13.584652027292124,5,2,98,0,0,0,21
0,6,0,NNS,2.0,ruffles.,10,6,13.938407326117158,20.852245698425435,46.29451923644142,8,2,99,1,0,1,22
2,0,1,IN,0.0,By,0,0,8.89372597122565,14.788123398517127,13.631736262578634,2,2,100,0,1,0,0
0,0,0,CC,1.0,and,0,0,5.408977284154389,19.93279149564298,6.2095491118355035,3,2,101,0,0,0,1
0,1,1,IN,1.0,"by,",3,3,1.975471370096784,20.841103420448366,13.594992588680544,3,2,102,1,0,0,2
1,0,1,DT,0.0,the,0,0,2.8624459910788573,20.651930178991396,5.17205129965733,3,2,103,0,0,0,3
0,0,0,JJ,0.0,happy,0,1,8.625730336818378,14.154345002374509,14.546085211716154,5,2,104,0,0,0,4
0,0,0,NN,0.0,water,0,1,5.380566988140345,15.55179255272304,12.529994560925893,5,2,105,0,0,0,5
0,1,0,NN,3.0,drop,3,2,6.473575219511986,13.888069330728063,14.930239802709853,4,2,106,0,0,0,6
2,0,1,VBD,2.0,tired,0,0,18.39989011734724,12.95675969494463,16.27383559578672,5,2,107,0,0,0,7
1,0,1,IN,0.0,of,0,1,3.9778753981227055,20.087642241543257,5.986146708647226,2,2,108,0,0,0,8
1,0,1,PRP$,0.0,his,0,1,6.02684833004605,17.63767918161909,9.520696265560964,3,2,109,0,0,0,9
0,3,1,NN,3.0,"play,",4,2,8.975970664294437,20.76353743522644,18.109778152788685,5,2,110,1,0,0,10
0,0,0,CC,1.0,and,0,0,1.5928450918290764,19.93279149564298,6.2095491118355035,3,2,111,0,0,0,11
2,0,1,VBG,1.0,looking,0,1,11.714885671623051,14.985183179447544,13.347439093871657,7,2,112,0,0,0,12
1,1,1,RP,1.0,up,0,1,2.636561929248274,17.040396008802368,10.382393736990077,2,2,113,0,0,0,13
1,0,1,TO,0.0,to,0,1,2.5069301871117204,19.88357245739644,6.280557174231113,2,2,114,0,0,0,14
2,0,1,DT,0.0,the,0,0,1.9127431548549791,20.651930178991396,5.17205129965733,3,2,115,0,0,0,15
0,0,0,JJ,0.0,clear,0,1,9.471654329739977,15.005661985597682,13.317894421795526,5,2,116,0,0,0,16
0,1,1,NN,4.0,sky,2,2,4.582981429994106,13.44041266310948,15.576071857104065,3,2,117,0,0,0,17
1,0,1,IN,0.0,above,0,1,6.250260949134827,15.5513183555343,12.530678682858492,5,2,118,0,0,0,18
1,6,2,PRP,2.0,"him,",6,2,2.563248554477468,20.776866855139865,15.896580060469269,4,2,119,1,0,0,19
1,0,1,VBD,1.0,thought,0,1,7.422442143550143,15.353262762193182,12.816412505192044,7,2,120,0,0,0,20
3,1,2,PRP,0.0,he,0,1,2.1511471681296825,17.694798179754258,9.438290970210817,2,2,121,0,0,0,21
1,0,1,MD,0.0,would,0,1,2.9858761322684586,17.12711793173308,10.257280448841584,5,2,122,0,0,0,22
1,0,1,VB,3.0,like,0,1,7.654511735076085,16.890367918306506,10.598838519142497,4,2,123,0,0,0,23
2,0,1,TO,0.0,to,0,1,0.4206760914530605,19.88357245739644,6.280557174231113,2,2,124,0,0,0,24
1,0,1,VB,2.0,have,0,0,5.998682855046354,17.990997945585363,9.010965036933804,4,2,125,0,0,0,25
2,0,1,DT,0.0,a,0,1,1.342393742641434,19.69218547190043,6.556670229096891,1,2,126,0,0,0,26
0,1,1,NN,2.0,sail,2,1,10.156743948697113,11.83293434984642,17.895172847985236,4,2,127,0,0,0,27
1,0,1,IN,0.0,on,0,1,3.8226407542824745,18.53086189167023,8.232105999162414,2,2,128,0,0,0,28
2,1,2,CD,2.0,one,0,1,6.00731385871768,17.417661831348372,9.838114205706065,3,2,129,0,0,0,29
1,0,1,IN,0.0,of,0,1,0.1344408111908706,20.087642241543257,5.986146708647226,2,2,130,0,0,0,30
1,0,1,DT,0.0,the,0,1,1.6040830217971234,20.651930178991396,5.17205129965733,3,2,131,0,0,0,31
0,0,0,JJ,0.0,"white,",1,2,13.372538774157874,20.762472133649624,18.601020705223736,6,2,132,1,0,0,32
0,0,0,JJ,0.0,marshmallow-like,0,1,21.69069918768946,19.743801635827275,65.83462373190005,16,2,133,0,0,0,33
0,8,1,NNS,5.0,"clouds,",8,3,11.123481616028585,20.76009788894185,21.959958476195837,7,2,134,1,0,0,34
1,0,1,RB,0.0,instead,0,1,10.140684865764342,14.815803777992084,13.591801916380188,7,2,135,0,0,0,35
0,0,0,IN,1.0,of,0,1,0.0487888897769153,20.087642241543257,5.986146708647226,2,2,136,0,0,0,36
2,0,1,VBG,2.0,spending,0,0,9.086716045392675,13.374576290815444,15.671053664922788,8,2,137,0,0,0,37
1,0,1,PRP$,0.0,his,0,1,1.7003328371793032,17.63767918161909,9.520696265560964,3,2,138,0,0,0,38
0,0,0,JJ,0.0,whole,0,1,4.3921644379151985,15.072791021482022,13.221047694625527,5,2,139,0,0,0,39
0,1,0,NN,3.0,life,3,2,1.8969864732353017,15.841433963709996,12.112130333658929,4,2,140,0,0,0,40
1,0,1,IN,0.0,in,0,1,1.806810981943272,19.583721360186956,6.713150865180346,2,2,141,0,0,0,41
1,0,1,DT,0.0,the,0,1,0.9385794950649142,20.651930178991396,5.17205129965733,3,2,142,0,0,0,42
0,12,2,NN,3.0,ocean.,17,4,3.743021090165712,20.84308800016833,21.349875001831847,6,2,143,1,0,1,43
3,0,1,IN,0.0,Of,0,0,7.13222545402823,14.240379521059053,14.421963638264693,2,2,144,0,1,0,0
1,0,1,DT,0.0,the,0,1,6.219156573934015,20.651930178991396,5.17205129965733,3,2,145,0,0,0,1
0,2,1,NN,2.0,"sky,",3,2,12.018669648328796,20.760503470673743,20.59244053503568,4,2,146,1,0,0,2
1,0,1,JJ,0.0,little,0,0,9.518957854365,15.70386302020348,12.310603251626194,6,2,147,0,0,0,3
0,1,0,NNS,1.0,Aqua,1,2,1.663321857340634,17.65430252354422,27.24400834271535,4,2,148,0,0,0,4
1,0,1,VBD,0.0,had,0,0,4.178137743845582,17.432489551576744,9.816722327264898,3,2,149,0,0,0,5
1,1,1,RB,0.0,always,1,1,4.655596570111811,15.503668334268962,12.59942313223625,6,2,150,0,0,0,6
1,0,1,VBN,0.0,been,0,0,2.2348471032455564,17.198255400550867,10.154650775356767,4,2,151,0,0,0,7
1,4,2,JJ,5.0,"afraid,",5,4,9.735343393404037,20.76043789727355,20.74289749581407,7,2,152,1,0,0,8
0,0,0,CC,1.0,but,0,0,3.227695248555392,17.553098244319884,9.64272076435627,3,2,153,0,0,0,9
2,1,2,PRP,0.0,he,0,1,3.4654466807842255,17.694798179754258,9.438290970210817,2,2,154,0,0,0,10
2,0,1,VBD,2.0,decided,0,0,8.265434745699167,14.322054026375904,14.30413223447701,7,2,155,0,0,0,11
2,0,1,TO,0.0,to,0,0,1.2030136965913698,19.88357245739644,6.280557174231113,2,2,156,0,0,0,12
2,1,2,RB,0.0,finally,1,1,11.622674361453392,14.261109423812083,14.39205671036478,7,2,157,0,0,0,13
0,0,0,VB,3.0,face,0,0,8.068770403973758,15.14491890931533,13.116989148538623,4,2,158,0,0,0,14
1,0,1,PRP$,0.0,his,0,1,2.8955229885177687,17.63767918161909,9.520696265560964,3,2,159,0,0,0,15
0,5,2,NNS,2.0,demons,4,3,12.290031668148004,11.388710538983055,18.53605233696261,6,2,160,0,0,0,16
0,0,0,CC,1.0,and,0,0,1.5469186762347815,19.93279149564298,6.2095491118355035,3,2,161,0,0,0,17
1,0,1,VBD,1.0,suggested,0,1,18.68841479625553,14.16965851175112,14.523992487679909,9,2,162,0,0,0,18
4,0,1,DT,0.0,a,0,0,3.534015594806988,19.69218547190043,6.556670229096891,1,2,163,0,0,0,19
0,1,1,NN,1.0,solution,1,1,8.317300290975254,14.940399245022048,13.412048653978816,8,2,164,0,0,0,20
1,0,1,VBG,1.0,involving,0,1,11.148313090670854,13.600164030702288,15.345599351302688,9,2,165,0,0,0,21
1,0,1,DT,0.0,the,0,1,2.201961725950241,20.651930178991396,5.17205129965733,3,2,166,0,0,0,22
0,1,0,NN,2.0,sun,2,1,7.34985415590927,13.92097266846117,14.882770320533606,3,2,167,0,0,0,23
2,0,1,VBG,1.0,carrying,0,0,15.951617080485448,13.402813864861836,15.630315456879323,8,2,168,0,0,0,24
1,1,1,PRP,1.0,him,1,2,2.633159671211615,16.695335111358073,10.880211382537656,3,2,169,0,0,0,25
1,1,1,RP,1.0,up,0,1,4.5198273584246635,17.040396008802368,10.382393736990077,2,2,170,0,0,0,26
1,0,1,TO,0.0,to,0,1,2.0448391331592575,19.88357245739644,6.280557174231113,2,2,171,0,0,0,27
1,0,1,DT,0.0,the,0,1,0.5501668507349677,20.651930178991396,5.17205129965733,3,2,172,0,0,0,28
0,6,2,NN,3.0,sky,6,2,5.796876629407052,13.44041266310948,15.576071857104065,3,2,173,0,0,0,29
1,0,1,MD,0.0,would,0,1,13.210189737379553,17.12711793173308,10.257280448841584,5,2,174,0,0,0,30
1,0,1,VB,0.0,be,0,1,2.5665325112640858,18.381669296901407,8.447345415772759,2,2,175,0,0,0,31
1,9,2,JJ,4.0,ideal.,10,5,8.898854169994593,20.843494926572095,20.195284583416225,6,2,176,1,0,1,32
3,0,1,DT,0.0,The,0,0,3.520470398128964,18.12053694573349,8.824079763818386,3,2,177,0,1,0,0
0,1,1,NN,1.0,sun,1,1,3.5890461032977328,13.92097266846117,14.882770320533606,3,2,178,0,0,0,1
1,0,1,VBD,1.0,understood,0,1,15.169930070638657,13.684020508950846,15.224620025987084,10,2,179,0,0,0,2
4,1,2,NNP,1.0,Aqua's,1,1,6.004848611308262,18.603726679986984,36.07694847619648,6,2,180,0,0,0,3
0,1,1,NN,1.0,request,1,2,10.070447135018185,14.473367809705772,14.085832589648865,7,2,181,0,0,0,4
1,0,1,VBD,2.0,came,0,1,12.760185910388827,15.304613280765835,12.886598870789095,4,2,182,0,0,0,5
1,0,1,IN,0.0,from,0,1,1.11268850392662,18.126283629319108,8.815789051907856,4,2,183,0,0,0,6
1,0,1,PRP$,0.0,his,0,1,3.3336843415163457,17.63767918161909,9.520696265560964,3,2,184,0,0,0,7
0,7,2,NN,3.0,"heart,",7,2,7.80525291437516,20.76255689762525,18.555212412473463,6,2,185,1,0,0,8
0,0,0,IN,1.0,so,0,1,4.811102291278075,17.102955196419583,10.292139907252675,2,2,186,0,0,0,9
2,1,2,PRP,0.0,he,0,1,0.7439715997315943,17.694798179754258,9.438290970210817,2,2,187,0,0,0,10
2,1,2,VBD,2.0,acquiesced,0,0,11.633305523893796,15.604728132647278,45.935647025088144,10,2,188,0,0,0,11
0,0,0,CC,1.0,and,0,0,1.154057726264,19.93279149564298,6.2095491118355035,3,2,189,0,0,0,12
2,1,2,RB,0.0,also,0,1,11.332302069291472,17.098693889788326,10.2982876731973,4,2,190,0,0,0,13
0,0,0,VBD,2.0,took,0,0,5.199262989801355,15.242026333292165,12.976892749533745,4,2,191,0,0,0,14
3,0,1,RB,0.0,ever,0,0,15.831315543386154,15.16313009690529,13.09071595851389,4,2,192,0,0,0,15
0,1,1,RB,1.0,so,0,1,3.3069116689730436,17.102955196419583,10.292139907252675,2,2,193,0,0,0,16
0,1,1,JJ,1.0,many,2,1,7.825161781394854,16.22722338174218,11.555553853436455,4,2,194,0,0,0,17
0,0,0,JJ,0.0,other,0,1,6.857365384232253,17.02036838824095,10.41128748585484,5,2,195,0,0,0,18
0,1,0,NNS,3.0,"drops,",4,4,14.3731022241991,20.760116217117226,21.860463970779964,6,2,196,1,0,0,19
1,0,1,RB,0.0,so,0,1,5.811661784769967,17.102955196419583,10.292139907252675,2,2,197,0,0,0,20
0,0,0,IN,1.0,that,0,1,1.6969845006242394,19.024464301341364,7.519988250559035,4,2,198,0,0,0,21
2,1,2,NNP,0.0,Aqua,0,1,4.652424722909927,17.65430252354422,27.24400834271535,4,2,199,0,0,0,22
1,0,1,MD,0.0,might,0,0,5.4733327105641365,15.797195241662305,12.1759533185724,5,2,200,0,0,0,23
0,0,0,RB,0.0,not,1,1,3.78626499325037,18.05588478508421,8.917353115369856,3,2,201,0,0,0,24
1,0,1,VB,0.0,be,0,0,2.5435084976488724,18.381669296901407,8.447345415772759,2,2,202,0,0,0,25
1,0,1,JJ,6.0,lonesome,1,1,17.95021002215799,16.236947892588,41.87494194482068,8,2,203,0,0,0,26
1,0,1,IN,0.0,on,0,1,2.5072942004189827,18.53086189167023,8.232105999162414,2,2,204,0,0,0,27
1,0,1,DT,0.0,the,0,1,0.5555612789466977,20.651930178991396,5.17205129965733,3,2,205,0,0,0,28
0,11,0,NN,3.0,way.,15,6,10.580497580522206,20.853959811906044,16.265275437721005,4,2,206,1,0,1,29
3,1,2,PRP,0.0,It,0,0,5.035825613886118,16.818509266914305,10.702508639150992,2,2,207,0,1,0,0
1,0,1,VBD,0.0,was,0,0,0.7017204649746418,18.521451560034553,8.24568223794633,3,2,208,0,0,0,1
1,1,1,RB,0.0,only,0,1,4.373961962061003,16.873419471860046,10.623289958781577,4,2,209,0,0,0,2
2,0,1,DT,0.0,the,0,0,5.242322680249345,20.651930178991396,5.17205129965733,3,2,210,0,0,0,3
0,1,1,NN,4.0,sun,3,2,6.016131881682668,13.92097266846117,14.882770320533606,3,2,211,0,0,0,4
2,1,2,WDT,0.0,that,0,1,1.1040124827995896,19.024464301341364,7.519988250559035,4,2,212,0,0,0,5
2,0,1,VBD,2.0,knew,0,1,7.382512054406107,14.793058934782852,13.624615788883943,4,2,213,0,0,0,6
1,6,2,DT,1.0,"this,",4,3,7.844566464133095,20.82643050750004,13.89300130536703,5,2,214,1,0,0,7
1,1,1,RB,1.0,"however,",3,2,8.017415367357899,20.76392499100888,17.965647821932627,8,2,215,1,0,0,8
1,0,1,IN,0.0,for,0,1,4.693369977176189,18.90419907432743,7.693494297163422,3,2,216,0,0,0,9
2,0,1,PDT,0.0,all,0,0,6.429794860538095,17.469149055179013,9.763833843216451,3,2,217,0,0,0,10
0,0,0,DT,0.0,the,0,1,1.6743283885298297,20.651930178991396,5.17205129965733,3,2,218,0,0,0,11
0,0,0,JJ,0.0,other,0,1,3.9577905983896926,17.02036838824095,10.41128748585484,5,2,219,0,0,0,12
0,1,1,NNS,3.0,drops,3,1,1.8580756788142023,12.561485793739392,16.84409529284835,5,2,220,0,0,0,13
1,0,1,VBD,0.0,had,0,1,3.9645479675382376,17.432489551576744,9.816722327264898,3,2,221,0,0,0,14
1,0,1,VBN,0.0,been,0,1,3.137190929381177,17.198255400550867,10.154650775356767,4,2,222,0,0,0,15
1,0,1,VBN,5.0,changed,0,1,8.634890916990116,14.368836319380351,14.236639652358075,7,2,223,0,0,0,16
1,0,1,IN,0.0,into,0,1,2.845466636121273,16.972256606338846,10.48069811501334,4,2,224,0,0,0,17
1,0,1,JJ,0.0,fine,0,0,10.536851651966572,14.49789907105502,14.05044146055355,4,2,225,0,0,0,18
0,0,0,NN,3.0,mist,1,1,7.302074581384659,12.385130549063533,17.098522129776974,4,2,226,0,0,0,19
0,0,0,CC,1.0,or,0,0,6.1857802625745535,18.052589408876212,8.922107338283002,2,2,227,0,0,0,20
0,6,0,NN,1.0,vapor,7,3,11.003192389383912,12.2322081191348,17.319142561075846,5,2,228,0,0,0,21
0,0,0,CC,1.0,and,0,0,3.1435912996530533,19.93279149564298,6.2095491118355035,3,2,229,0,0,0,22
2,1,2,NNP,0.0,Aqua,0,1,4.7422769367694855,17.65430252354422,27.24400834271535,4,2,230,0,0,0,23
1,0,1,MD,0.0,could,0,0,3.635873924475163,16.68628345113659,10.893270167851,5,2,231,0,0,0,24
0,0,0,RB,0.0,not,1,1,1.402863564901054,18.05588478508421,8.917353115369856,3,2,232,0,0,0,25
1,0,1,VB,4.0,see,0,0,3.621533914934844,16.358742639435995,11.365811672580191,3,2,233,0,0,0,26
1,7,2,PRP,1.0,them.,8,6,4.8157548774033785,20.86034685929956,15.609819837378044,5,2,234,1,0,1,27
1,0,1,VBP,0.0,Do,0,0,13.561627395451069,14.237041253967526,14.426779739642797,2,2,235,0,1,0,0
1,1,1,PRP,0.0,you,1,1,0.8356383666396141,18.198249039215252,8.711964911935151,3,2,236,0,0,0,1
1,0,1,VB,2.0,know,0,1,2.223700545728206,16.39038930165751,11.320155189932528,4,2,237,0,0,0,2
2,1,2,WP,0.0,what,0,1,1.7392377257347107,16.89144897198978,10.5972788883547,4,2,238,0,0,0,3
2,1,2,NN,0.0,vapor,0,1,10.173480212688446,12.2322081191348,17.319142561075846,5,2,239,0,0,0,4
1,5,1,VBZ,3.0,is?,5,2,2.651187427341938,19.319860803645717,17.073873219971127,3,2,240,1,0,1,5
2,0,1,IN,0.0,If,0,0,6.084261420648545,15.95957987461094,11.941681813900829,2,2,241,0,1,0,0
2,1,2,PRP,0.0,you,0,1,1.4031561207957566,18.198249039215252,8.711964911935151,3,2,242,0,0,0,1
1,0,1,VB,2.0,breathe,0,1,10.303918547928332,11.97044524421176,17.696786562616154,7,2,243,0,0,0,2
1,0,1,IN,0.0,into,0,1,5.904802557779476,16.972256606338846,10.48069811501334,4,2,244,0,0,0,3
1,0,1,DT,0.0,the,0,1,2.447736914153211,20.651930178991396,5.17205129965733,3,2,245,0,0,0,4
0,2,0,NN,3.0,"air,",6,2,4.918907364306506,20.762982561680992,18.3448416569684,4,2,246,1,0,0,5
2,1,2,WRB,0.0,when,0,1,7.25616163603263,17.09507037229838,10.303515303910618,4,2,247,0,0,0,6
2,1,2,PRP,0.0,it,0,1,2.7613609848776832,18.431334787537676,8.375693258728493,2,2,248,0,0,0,7
1,0,1,VBZ,0.0,is,0,1,1.8537729673553256,19.144004138058012,7.347528720939248,2,2,249,0,0,0,8
1,0,1,JJ,4.0,cold,0,1,6.1498810953926295,14.08696644502038,14.643291922273203,4,2,250,0,0,0,9
0,7,1,RB,1.0,"enough,",5,2,4.715920082235243,20.764112346046183,17.900799172576807,7,2,251,1,0,0,10
1,1,1,PRP,0.0,you,0,1,2.5221669348538853,18.198249039215252,8.711964911935151,3,2,252,0,0,0,11
1,0,1,MD,0.0,will,0,1,3.685332187917083,17.38540358388539,9.884653019348672,4,2,253,0,0,0,12
1,0,1,VB,3.0,see,0,1,4.03855532547459,16.358742639435995,11.365811672580191,3,2,254,0,0,0,13
2,1,2,PRP,0.0,it,1,1,3.604247421957552,18.431334787537676,8.375693258728493,2,2,255,0,0,0,14
1,0,1,VBG,2.0,coming,0,0,6.64906832575798,14.659874690606037,13.816760037482382,6,2,256,0,0,0,15
1,0,1,RB,1.0,out,0,1,2.340533196926117,17.1329401691801,10.24888073574989,3,2,257,0,0,0,16
1,0,1,IN,0.0,of,0,1,1.0516260568983853,20.087642241543257,5.986146708647226,2,2,258,0,0,0,17
1,0,1,PRP$,0.0,your,0,1,1.7819033374253197,17.160045837897364,10.209775521911514,4,2,259,0,0,0,18
0,3,0,NN,3.0,mouth,4,2,4.933889437263133,13.826971628263838,15.018385155064705,5,2,260,0,0,0,19
1,0,1,RB,1.0,thick,0,0,13.657581090927124,13.519411831309151,15.462100148908045,5,2,261,0,0,0,20
0,0,0,CC,1.0,and,0,0,0.7090358356945217,19.93279149564298,6.2095491118355035,3,2,262,0,0,0,21
0,1,0,RB,1.0,fast,2,3,9.417602099943906,14.384049841392718,14.214691179596382,4,2,263,0,0,0,22
1,0,1,RB,1.0,like,0,1,3.344271702808328,16.890367918306506,10.598838519142497,4,2,264,0,0,0,23
0,6,0,NN,1.0,steam.,9,2,10.015250986325556,20.84300815994518,21.746806089117552,6,2,265,1,0,1,24
3,1,2,WRB,0.0,When,0,0,4.528963185846806,15.320069616500676,12.864300091874131,4,2,266,0,1,0,0
2,0,1,DT,0.0,the,0,0,2.6333772015641443,20.651930178991396,5.17205129965733,3,2,267,0,0,0,1
0,1,1,NN,1.0,vapor,1,2,3.580395702563692,12.2322081191348,17.319142561075846,5,2,268,0,0,0,2
1,0,1,VBZ,0.0,is,0,1,1.819320776499808,19.144004138058012,7.347528720939248,2,2,269,0,0,0,3
1,0,1,RB,0.0,quite,0,1,8.136076174210757,14.79680745161507,13.619207822239414,5,2,270,0,0,0,4
1,0,1,IN,0.0,near,0,1,9.615480087231845,14.792142389113206,13.62593808477629,4,2,271,0,0,0,5
1,0,1,DT,0.0,the,0,1,2.4833131830673665,20.651930178991396,5.17205129965733,3,2,272,0,0,0,6
0,6,1,NN,6.0,"earth,",7,2,7.29503736825427,20.76074218342254,20.14821798975542,6,2,273,1,0,0,7
1,1,1,PRP,0.0,we,0,1,8.718680043995846,17.726018436166637,9.393249661109394,2,2,274,0,0,0,8
1,0,1,VBP,2.0,call,0,1,1.712453634943813,15.252915246734323,12.96118336811007,4,2,275,0,0,0,9
2,1,2,PRP,0.0,it,1,1,0.2303276523016393,18.431334787537676,8.375693258728493,2,2,276,0,0,0,10
1,4,1,``,2.0,'fog'.,6,4,21.7892087334767,17.694068275160692,49.65683632661585,6,2,277,1,0,1,11
2,0,1,IN,0.0,Into,0,0,15.279600916197523,11.043577620650549,19.033973886688457,4,2,278,0,1,0,0
1,2,2,NN,1.0,vapor,1,1,7.828183751786128,12.2322081191348,17.319142561075846,5,2,279,0,0,0,1
2,0,1,DT,0.0,the,0,0,3.612987139960751,20.651930178991396,5.17205129965733,3,2,280,0,0,0,2
0,0,0,NN,0.0,water,0,1,4.743667284259573,15.55179255272304,12.529994560925893,5,2,281,0,0,0,3
0,1,1,NNS,2.0,drops,2,1,5.667262781411409,12.561485793739392,16.84409529284835,5,2,282,0,0,0,4
2,1,2,WDT,0.0,that,0,1,7.488893767585978,19.024464301341364,7.519988250559035,4,2,283,0,0,0,5
2,0,1,VBD,2.0,danced,0,1,13.564450040692464,11.118251917940263,18.92624164830671,6,2,284,0,0,0,6
1,0,1,IN,0.0,in,0,1,3.2703401567414403,19.583721360186956,6.713150865180346,2,2,285,0,0,0,7
1,0,1,DT,0.0,the,0,1,0.7266276734299026,20.651930178991396,5.17205129965733,3,2,286,0,0,0,8
0,6,1,NN,3.0,ocean,5,2,4.358574935758952,12.8324842264756,16.453127197851142,5,2,287,0,0,0,9
1,0,1,VBD,0.0,had,0,1,6.816181195201352,17.432489551576744,9.816722327264898,3,2,288,0,0,0,10
1,0,1,VBN,0.0,been,0,1,3.671388609567657,17.198255400550867,10.154650775356767,4,2,289,0,0,0,11
1,3,1,VBN,4.0,"changed,",1,2,7.334970551833976,20.761516316113344,19.25300833028969,8,2,290,1,0,0,12
1,0,1,IN,0.0,because,0,1,6.439172302547377,16.447210891125962,11.23817896459096,7,2,291,0,0,0,13
2,0,1,IN,0.0,in,0,1,5.640367049258202,19.583721360186956,6.713150865180346,2,2,292,0,0,0,14
1,0,1,PRP$,0.0,their,0,1,5.089320812723599,17.287357438148756,10.026103707581193,5,2,293,0,0,0,15
0,0,0,JJ,0.0,own,0,1,6.951639331993647,15.855125703101672,12.092377329137417,3,2,294,0,0,0,16
0,2,1,NN,3.0,shape,3,1,10.99164129421115,14.122048486136023,14.5926792355314,5,2,295,0,0,0,17
1,1,1,PRP,0.0,they,0,1,1.092216628137976,17.366789695455783,9.911507183877728,4,2,296,0,0,0,18
1,0,1,VBD,0.0,were,0,1,2.148074231110513,17.723648827567594,9.39666828368408,4,2,297,0,0,0,19
1,0,1,RB,0.0,too,0,0,6.6993445788975805,15.837218638143002,12.118211762950164,3,2,298,0,0,0,20
0,0,0,JJ,6.0,heavy,1,2,5.75047333794646,14.050869595501348,14.695368668066024,5,2,299,0,0,0,21
1,0,1,IN,0.0,for,0,1,1.9337933332426471,18.90419907432743,7.693494297163422,3,2,300,0,0,0,22
3,0,1,DT,0.0,the,0,0,2.0625346275628544,20.651930178991396,5.17205129965733,3,2,301,0,0,0,23
0,1,1,NNS,1.0,sunbeams,1,2,19.74183518631617,15.367397108776322,43.81195018199199,8,2,302,0,0,0,24
2,1,2,WDT,0.0,that,0,1,5.037640132475644,19.024464301341364,7.519988250559035,4,2,303,0,0,0,25
2,0,1,DT,0.0,the,0,0,6.440521804033779,20.651930178991396,5.17205129965733,3,2,304,0,0,0,26
0,1,1,NN,1.0,sun,1,2,3.1741235201479867,13.92097266846117,14.882770320533606,3,2,305,0,0,0,27
1,0,1,VBD,3.0,let,0,1,9.683520445600152,15.35930192229225,12.807699838865982,3,2,306,0,0,0,28
1,5,2,RB,1.0,out,5,1,3.11820431612432,17.1329401691801,10.24888073574989,3,2,307,0,0,0,29
1,0,1,TO,0.0,to,0,1,2.8360238261520863,19.88357245739644,6.280557174231113,2,2,308,0,0,0,30
1,9,1,VB,4.0,carry.,13,2,13.321549655869603,20.843676215446205,19.878605121921545,6,2,309,1,0,1,31
3,0,1,RBR,0.0,Higher,0,0,15.188396910205483,11.908360439041036,17.786356003150516,6,2,310,0,1,0,0
0,0,0,CC,1.0,and,0,0,3.6679870090447366,19.93279149564298,6.2095491118355035,3,2,311,0,0,0,1
0,1,1,RBR,1.0,higher,2,2,0.9353365697897972,15.32640510949247,12.85515990755328,6,2,312,0,0,0,2
1,1,1,PRP,0.0,they,0,1,2.5609694342128932,17.366789695455783,9.911507183877728,4,2,313,0,0,0,3
1,2,2,VBD,2.0,"sailed,",3,2,11.003455015365034,20.75992375259159,23.596119020829818,7,2,314,1,0,0,4
0,0,0,CC,1.0,and,0,0,1.6228684484958649,19.93279149564298,6.2095491118355035,3,2,315,0,0,0,5
2,0,1,IN,0.0,though,0,0,7.436534134438261,15.33441482476998,12.843604331043483,6,2,316,0,0,0,6
2,1,2,PRP,0.0,it,0,1,4.721547649241984,18.431334787537676,8.375693258728493,2,2,317,0,0,0,7
1,0,1,VBD,0.0,was,0,1,0.854278058046475,18.521451560034553,8.24568223794633,3,2,318,0,0,0,8
1,4,2,JJ,4.0,"grand,",4,2,17.185769518255256,20.760574204462586,20.44599915540866,6,2,319,1,0,0,9
1,0,1,NNP,1.0,Aqua,0,0,5.710355328046717,17.65430252354422,27.24400834271535,4,2,320,0,0,0,10
0,0,0,CC,1.0,and,0,0,6.814889854402281,19.93279149564298,6.2095491118355035,3,2,321,0,0,0,11
1,0,1,PRP$,0.0,his,0,1,1.2732540236902423,17.63767918161909,9.520696265560964,3,2,322,0,0,0,12
0,1,0,NNS,2.0,friends,3,3,2.59099210385466,14.548202437649916,13.977869043027074,7,2,323,0,0,0,13
1,0,1,VBD,0.0,were,0,1,2.81187551910989,17.723648827567594,9.39666828368408,4,2,324,0,0,0,14
1,0,1,IN,0.0,like,0,1,8.752420447068289,16.890367918306506,10.598838519142497,4,2,325,0,0,0,15
2,1,2,NN,3.0,fish,0,1,8.992537401616573,13.743956552428786,15.138150593290952,4,2,326,0,0,0,16
1,0,1,RB,0.0,out,0,1,5.77288283733651,17.1329401691801,10.24888073574989,3,2,327,0,0,0,17
0,0,0,IN,0.0,of,0,1,0.6212403509998694,20.087642241543257,5.986146708647226,2,2,328,0,0,0,18
1,5,1,NN,3.0,"water,",8,3,2.504541923990473,20.76529857246389,17.546363238857506,6,2,329,1,0,0,19
0,0,0,IN,1.0,so,0,1,4.770014338311739,17.102955196419583,10.292139907252675,2,2,330,0,0,0,20
2,1,2,PRP,0.0,they,0,1,2.1490505104884505,17.366789695455783,9.911507183877728,4,2,331,0,0,0,21
1,0,1,VBD,2.0,grew,0,1,8.997631751000881,13.391782696345498,15.646230068993056,4,2,332,0,0,0,22
1,0,1,RB,0.0,quite,0,1,8.252519870526157,14.79680745161507,13.619207822239414,5,2,333,0,0,0,23
0,6,0,JJ,2.0,dizzy.,8,3,12.39810554741416,20.843682652712513,38.52101450795759,6,2,334,1,0,1,24
3,1,2,PRP,0.0,They,0,0,3.59736648760736,15.747655108709292,12.247424622708692,4,2,335,0,1,0,0
1,0,1,VBD,1.0,enjoyed,0,1,10.544195037102329,13.0270125967758,16.17248208270683,7,2,336,0,0,0,1
2,0,1,VBG,1.0,looking,0,0,8.754163443576545,14.985183179447544,13.347439093871657,7,2,337,0,0,0,2
1,0,1,RB,1.0,down,1,1,3.6000162239652127,16.107036220281262,11.728947275254644,4,2,338,0,0,0,3
1,0,1,IN,0.0,on,0,1,1.7065130907576531,18.53086189167023,8.232105999162414,2,2,339,0,0,0,4
1,0,1,DT,0.0,the,0,0,0.8351030900375918,20.651930178991396,5.17205129965733,3,2,340,0,0,0,5
0,0,0,NN,3.0,world,1,2,5.909863380831666,15.72527748210927,12.279708713631408,5,2,341,0,0,0,6
1,4,1,JJ,1.0,"below,",4,3,8.91950780886691,20.76309413471354,18.294410119366965,6,2,342,1,0,0,7
1,0,1,IN,0.0,while,0,1,7.299024527077563,16.10244024205133,11.735577870255009,5,2,343,0,0,0,8
2,0,1,DT,0.0,the,0,0,2.55439093435416,20.651930178991396,5.17205129965733,3,2,344,0,0,0,9
0,1,1,NN,1.0,wind,1,2,5.458361869619694,13.903971883270607,14.907297269019246,4,2,345,0,0,0,10
1,0,1,VBN,3.0,scattered,0,0,11.307675106450915,12.372683939868478,17.11647879113856,9,2,346,0,0,0,11
1,1,1,PRP,1.0,them,1,2,1.632753537967801,16.811187279975307,10.71307203339734,4,2,347,0,0,0,12
1,0,1,IN,0.0,across,0,1,4.618857629597187,15.1713016384633,13.078926916031726,6,2,348,0,0,0,13
2,0,1,DT,0.0,the,0,0,0.1485015111393295,20.651930178991396,5.17205129965733,3,2,349,0,0,0,14
0,0,0,CD,0.0,four,0,1,12.482018448936287,15.442345461372334,12.68789333685728,4,2,350,0,0,0,15
0,1,1,NNS,4.0,corners,2,2,1.989893812686205,12.26499699918015,17.271838206438115,7,2,351,0,0,0,16
1,0,1,IN,0.0,of,0,1,0.1326583173358813,20.087642241543257,5.986146708647226,2,2,352,0,0,0,17
1,0,1,DT,0.0,the,0,1,0.1710329711204394,20.651930178991396,5.17205129965733,3,2,353,0,0,0,18
0,11,2,NN,3.0,"earth,",11,2,6.039130335033406,20.76074218342254,20.14821798975542,6,2,354,1,0,0,19
0,0,0,CC,1.0,but,0,0,4.891947488009464,17.553098244319884,9.64272076435627,3,2,355,0,0,0,20
2,0,1,IN,0.0,after,0,1,7.543370797066018,16.646807242872875,10.950222297746166,5,2,356,0,0,0,21
1,0,1,DT,0.0,a,0,1,1.3668041931523476,19.69218547190043,6.556670229096891,1,2,357,0,0,0,22
0,2,1,NN,2.0,while,2,1,0.886153995845234,16.10244024205133,11.735577870255009,5,2,358,0,0,0,23
1,1,1,PRP,0.0,it,0,1,4.588878252310678,18.431334787537676,8.375693258728493,2,2,359,0,0,0,24
1,0,1,VBD,3.0,grew,0,1,5.54072013264522,13.391782696345498,15.646230068993056,4,2,360,0,0,0,25
1,1,1,RB,1.0,nearly,0,0,10.736399624263868,14.25424085975976,14.401965953661094,6,2,361,0,0,0,26
1,1,1,NN,1.0,time,1,2,13.724519273266196,17.075857868787498,10.33123308744883,4,2,362,0,0,0,27
1,0,1,IN,0.0,for,0,1,2.885054940066766,18.90419907432743,7.693494297163422,3,2,363,0,0,0,28
2,0,1,DT,0.0,the,0,1,3.07778781442903,20.651930178991396,5.17205129965733,3,2,364,0,0,0,29
0,1,1,NN,1.0,sun,2,1,2.5243371804826893,13.92097266846117,14.882770320533606,3,2,365,0,0,0,30
1,0,1,TO,0.0,to,0,1,0.2371184302610345,19.88357245739644,6.280557174231113,2,2,366,0,0,0,31
1,0,1,VB,4.0,go,0,1,5.364992372866254,16.02670389409771,11.844842323862729,2,2,367,0,0,0,32
1,0,1,TO,0.0,to,0,1,4.302252279128879,19.88357245739644,6.280557174231113,2,2,368,0,0,0,33
1,9,1,NN,2.0,bed.,11,3,5.822546748910099,20.84412368186131,19.306582499573228,4,2,369,1,0,1,34
2,1,2,PRP,0.0,He,0,0,5.778094448149204,16.547839497404837,11.093002573340865,2,2,370,0,1,0,0
2,0,1,VBD,1.0,became,0,0,8.710879808291793,14.720031496767294,13.729972111557815,6,2,371,0,0,0,1
1,0,1,RB,0.0,very,0,1,3.268264348618686,16.298183548324726,11.453179973007163,4,2,372,0,0,0,2
0,0,0,JJ,2.0,red,0,1,12.476756519638002,14.790330541428592,13.628552028445725,3,2,373,0,0,0,3
1,0,1,IN,0.0,in,0,1,2.7820808148826472,19.583721360186956,6.713150865180346,2,2,374,0,0,0,4
1,0,1,DT,0.0,the,0,1,1.5961129979696125,20.651930178991396,5.17205129965733,3,2,375,0,0,0,5
0,4,1,NN,3.0,"face,",6,2,3.597552934079431,20.763477622286903,18.13335782647024,5,2,376,1,0,0,6
0,0,0,CC,1.0,and,0,0,0.9810700697707944,19.93279149564298,6.2095491118355035,3,2,377,0,0,0,7
1,0,1,VBD,1.0,began,0,1,7.001376314437948,14.709740939803238,13.744818247057848,5,2,378,0,0,0,8
2,0,1,TO,0.0,to,0,1,0.4312326157814823,19.88357245739644,6.280557174231113,2,2,379,0,0,0,9
1,0,1,VB,2.0,sink,0,1,8.901840351696592,12.473102930251082,16.971604811702502,4,2,380,0,0,0,10
1,0,1,JJR,1.0,lower,0,1,9.551949724555016,15.14792380549478,13.11265399972214,5,2,381,0,0,0,11
0,0,0,CC,1.0,and,0,0,0.3393517298973165,19.93279149564298,6.2095491118355035,3,2,382,0,0,0,12
0,1,0,JJR,1.0,"lower,",8,5,2.277956881618593,20.763488546011004,18.12902267765375,6,2,383,1,0,0,13
1,0,1,IN,0.0,until,0,1,3.4124819836579263,15.481263584316432,12.631746353885124,5,2,384,0,0,0,14
2,1,2,RB,0.0,suddenly,0,1,6.4957834258675575,13.46857375829518,15.535443984733654,8,2,385,0,0,0,15
1,1,1,PRP,0.0,he,0,1,0.8284189933910966,17.694798179754258,9.438290970210817,2,2,386,0,0,0,16
1,0,1,VBD,4.0,went,0,1,7.1450183959677815,15.185966907303502,13.057769405402668,4,2,387,0,0,0,17
1,1,1,RB,1.0,clear,0,1,10.939587840810418,15.005661985597682,13.317894421795526,5,2,388,0,0,0,18
1,0,1,RP,0.0,out,0,1,5.429061517119408,17.1329401691801,10.24888073574989,3,2,389,0,0,0,19
0,0,0,IN,0.0,of,0,1,0.8997789964196272,20.087642241543257,5.986146708647226,2,2,390,0,0,0,20
1,11,2,NN,3.0,sight!,10,2,12.31843601464061,16.535395517889913,26.665552252078022,6,2,391,1,0,1,21
4,0,1,NNP,0.0,Poor,0,0,11.478079576045277,11.518111991657529,18.34936550290532,4,2,392,0,1,0,0
0,1,1,JJ,1.0,little,0,1,1.696039299480617,15.70386302020348,12.310603251626194,6,2,393,0,0,0,1
0,1,1,NN,1.0,"Aqua,",3,2,2.2011393033899367,20.803666993907783,32.26037702064696,5,2,394,1,0,0,2
1,0,1,VBN,1.0,frightened,0,0,12.832066199276596,11.734531835427086,18.037137667549015,10,2,395,0,0,0,3
1,0,1,IN,0.0,by,0,1,2.0532397145871073,18.29067397824052,8.57862391074893,2,2,396,0,0,0,4
1,0,1,DT,0.0,the,0,0,1.5855261778924614,20.651930178991396,5.17205129965733,3,2,397,0,0,0,5
0,0,0,JJ,0.0,impending,0,1,11.04644111962989,11.052697893967329,19.02081611360278,9,2,398,0,0,0,6
1,0,1,NN,4.0,cold,2,1,11.288049009628594,14.08696644502038,14.643291922273203,4,2,399,0,0,0,7
0,0,0,CC,1.0,and,0,0,1.6539963595569134,19.93279149564298,6.2095491118355035,3,2,400,0,0,0,8
0,5,1,NNS,1.0,"darkness,",6,5,6.723907031817362,20.76016972409903,21.603990891441672,9,2,401,1,0,0,9
1,0,1,VBD,1.0,wished,0,1,9.2605830358807,12.467505707332242,16.97967989745026,6,2,402,0,0,0,10
3,1,2,PRP,0.0,he,0,1,1.884804084897041,17.694798179754258,9.438290970210817,2,2,403,0,0,0,11
1,0,1,MD,0.0,could,0,1,0.7818501305300742,16.68628345113659,10.893270167851,5,2,404,0,0,0,12
1,0,1,VB,3.0,sleep,0,1,6.215867789229378,14.043334339892771,14.706239743964346,5,2,405,0,0,0,13
1,0,1,RB,1.0,not,0,1,9.847895115613936,18.05588478508421,8.917353115369856,3,2,406,0,0,0,14
1,0,1,IN,0.0,in,0,0,2.8230863702483475,19.583721360186956,6.713150865180346,2,2,407,0,0,0,15
1,0,1,DT,0.0,the,0,1,0.8321808322798461,20.651930178991396,5.17205129965733,3,2,408,0,0,0,16
0,2,0,NN,3.0,"sky,",3,2,7.417717653908767,20.760503470673743,20.59244053503568,4,2,409,1,0,0,17
0,0,0,CC,1.0,but,0,0,1.1773105232277885,17.553098244319884,9.64272076435627,3,2,410,0,0,0,18
1,0,1,NN,1.0,somewhere,0,1,10.127391843590884,13.337148897483209,15.725049979676603,9,2,411,0,0,0,19
1,0,1,RBR,1.0,closer,0,1,10.67541279643774,13.549576930894483,15.41858110932836,6,2,412,0,0,0,20
1,0,1,TO,0.0,to,0,1,0.8413631089497358,19.88357245739644,6.280557174231113,2,2,413,0,0,0,21
1,11,2,NN,2.0,earth.,12,4,8.824237846536562,20.84358538892359,20.028597115804512,6,2,414,1,0,1,22
1,0,1,RB,0.0,Then,0,0,5.804143205285072,15.050992203716426,13.252496740913198,4,2,415,0,1,0,0
1,1,1,NNP,0.0,Aqua,0,1,5.596223138272762,17.65430252354422,27.24400834271535,4,2,416,0,0,0,1
2,0,1,VBD,2.0,heard,0,0,5.85196490213275,14.599815673314778,13.903406883889144,5,2,417,0,0,0,2
2,0,1,DT,0.0,the,0,1,1.5665975726442412,20.651930178991396,5.17205129965733,3,2,418,0,0,0,3
0,1,1,NN,1.0,wind,2,1,4.383193065295927,13.903971883270607,14.907297269019246,4,2,419,0,0,0,4
1,3,2,VB,2.0,blow,1,1,6.312000334262848,13.100015513740422,16.067161136431544,4,2,420,0,0,0,5
0,0,0,CC,1.0,and,0,0,2.5905119702219963,19.93279149564298,6.2095491118355035,3,2,421,0,0,0,6
1,0,1,VBD,1.0,conjectured,0,1,16.9673374844715,13.868410361225134,34.27436874227461,11,2,422,0,0,0,7
1,0,1,IN,0.0,that,0,1,1.123163778334856,19.024464301341364,7.519988250559035,4,2,423,0,0,0,8
2,0,1,RB,0.0,maybe,0,1,6.699134081602097,14.200266027565924,14.479835176399956,5,2,424,0,0,0,9
0,0,0,DT,0.0,the,0,0,2.1916545493877493,20.651930178991396,5.17205129965733,3,2,425,0,0,0,10
0,1,1,NN,2.0,wind,1,2,1.941049801709596,13.903971883270607,14.907297269019246,4,2,426,0,0,0,11
1,0,1,MD,0.0,could,0,1,4.878545751329511,16.68628345113659,10.893270167851,5,2,427,0,0,0,12
1,0,1,VB,4.0,take,0,0,6.359056407236494,15.951533854192489,11.95328976765742,4,2,428,0,0,0,13
1,1,1,PRP,1.0,him,1,2,1.2738551356596872,16.695335111358073,10.880211382537656,3,2,429,0,0,0,14
1,0,1,RB,0.0,back,0,1,4.443214878439903,16.337436220093977,11.396550338104024,4,2,430,0,0,0,15
0,1,0,RB,2.0,down,0,1,4.8312829583883286,16.107036220281262,11.728947275254644,4,2,431,0,0,0,16
1,0,1,TO,0.0,to,0,1,1.0387763637118042,19.88357245739644,6.280557174231113,2,2,432,0,0,0,17
1,0,1,DT,0.0,the,0,1,1.025638434337452,20.651930178991396,5.17205129965733,3,2,433,0,0,0,18
0,9,0,NN,3.0,ocean.,15,4,4.365391121478751,20.84308800016833,21.349875001831847,6,2,434,1,0,1,19
2,1,2,RB,0.0,"Indeed,",1,1,11.278138536727056,20.760546181301155,20.502252395665863,7,2,435,1,1,0,0
1,0,1,DT,0.0,the,0,0,3.183079467213247,20.651930178991396,5.17205129965733,3,2,436,0,0,0,1
0,1,0,NN,1.0,wind,1,2,1.5325018681469371,13.903971883270607,14.907297269019246,4,2,437,0,0,0,2
2,0,1,VBD,2.0,took,0,0,6.161485289921984,15.242026333292165,12.976892749533745,4,2,438,0,0,0,3
1,1,1,NN,1.0,pity,1,1,11.236643083626404,11.745765849663302,18.02093041092115,4,2,439,0,0,0,4
1,0,1,IN,0.0,on,0,1,0.1585343557526357,18.53086189167023,8.232105999162414,2,2,440,0,0,0,5
1,3,2,PRP,2.0,him,2,1,1.6839615532080645,16.695335111358073,10.880211382537656,3,2,441,0,0,0,6
0,0,0,CC,1.0,and,0,0,0.6901126820594072,19.93279149564298,6.2095491118355035,3,2,442,0,0,0,7
1,0,1,VBD,1.0,fanned,0,0,13.136821222375149,16.02256136604432,29.297348852577027,6,2,443,0,0,0,8
2,1,2,PRP,1.0,"him,",2,2,7.279169263027143,20.776866855139865,15.896580060469269,4,2,444,1,0,0,9
1,1,1,RB,0.0,together,0,0,15.187681870011149,15.218024910908849,13.011519482580432,8,2,445,0,0,0,10
1,0,1,IN,0.0,with,0,1,0.1499412708217278,18.681580760008114,8.014664635242958,4,2,446,0,0,0,11
2,1,2,DT,3.0,all,0,1,4.717912583029829,17.469149055179013,9.763833843216451,3,2,447,0,0,0,12
1,0,1,IN,0.0,of,0,1,4.682724896178115,20.087642241543257,5.986146708647226,2,2,448,0,0,0,13
1,0,1,PRP$,0.0,his,0,0,1.360033788601868,17.63767918161909,9.520696265560964,3,2,449,0,0,0,14
0,0,0,NNS,3.0,brothers,1,1,9.415199113835117,12.806912632804934,16.49001920922744,8,2,450,0,0,0,15
0,0,0,CC,1.0,and,0,0,0.3616822113108355,19.93279149564298,6.2095491118355035,3,2,451,0,0,0,16
0,5,0,NNS,1.0,"sisters,",8,5,1.058018338138936,20.760045221519142,22.291222747315704,8,2,452,1,0,0,17
1,0,1,IN,0.0,into,0,1,5.728668384777848,16.972256606338846,10.48069811501334,4,2,453,0,0,0,18
1,0,1,DT,0.0,a,0,1,3.2932006796472706,19.69218547190043,6.556670229096891,1,2,454,0,0,0,19
0,0,0,JJ,0.0,heavy,0,1,12.890696001588369,14.050869595501348,14.695368668066024,5,2,455,0,0,0,20
0,0,0,JJ,0.0,gray,0,1,8.07396000623703,12.958259663386915,16.271671598753546,4,2,456,0,0,0,21
0,4,0,NN,5.0,"cloud,",6,3,4.54344855772797,20.76047093838775,20.665126660732575,6,2,457,1,0,0,22
2,0,1,IN,0.0,after,0,0,10.032563571352512,16.646807242872875,10.950222297746166,5,2,458,0,0,0,23
1,2,2,WDT,1.0,which,1,2,0.4139890390215441,17.599930483545194,9.57515612507219,5,2,459,0,0,0,24
2,1,2,PRP,0.0,he,0,1,0.9968106937594712,17.694798179754258,9.438290970210817,2,2,460,0,0,0,25
2,0,1,VBD,3.0,blew,0,0,13.002209901344033,11.872569995319472,17.83799069881883,4,2,461,0,0,0,26
1,1,1,PRP,1.0,them,1,1,8.035236805677414,16.811187279975307,10.71307203339734,4,2,462,0,0,0,27
1,2,2,RB,1.0,apart,1,1,9.142005249857904,13.504082091782491,15.484216288101276,5,2,463,0,0,0,28
0,0,0,CC,1.0,and,0,0,1.8426176151260736,19.93279149564298,6.2095491118355035,3,2,464,0,0,0,29
1,0,1,VBD,1.0,told,0,1,8.520039921975695,15.319959885565703,12.864458400149848,4,2,465,0,0,0,30
1,1,1,PRP,1.0,them,1,1,0.7601909177610651,16.811187279975307,10.71307203339734,4,2,466,0,0,0,31
2,0,1,TO,0.0,to,0,1,1.7574359402060509,19.88357245739644,6.280557174231113,2,2,467,0,0,0,32
2,0,1,VB,2.0,hurry,0,0,7.779440466314554,11.89271030625144,17.80893437211532,5,2,468,0,0,0,33
1,2,2,RB,1.0,"down,",2,2,10.078406223794444,20.769330799696807,16.745315953186257,5,2,469,1,0,0,34
1,0,1,RB,1.0,fast,0,1,13.391389629105106,14.384049841392718,14.214691179596382,4,2,470,0,0,0,35
0,0,0,CC,1.0,and,0,0,1.42977039469406,19.93279149564298,6.2095491118355035,3,2,471,0,0,0,36
0,1,0,RB,1.0,furious,3,2,10.346258357632903,11.42238787820404,18.487466206678157,7,2,472,0,0,0,37
1,0,1,TO,0.0,to,0,1,3.321416329126805,19.88357245739644,6.280557174231113,2,2,473,0,0,0,38
1,0,1,DT,0.0,the,0,1,1.5293363141827283,20.651930178991396,5.17205129965733,3,2,474,0,0,0,39
0,2,0,NN,3.0,"earth,",4,3,9.80505380674731,20.76074218342254,20.14821798975542,6,2,475,1,0,0,40
1,0,1,IN,0.0,so,0,1,3.3857482926687226,17.102955196419583,10.292139907252675,2,2,476,0,0,0,41
2,1,2,PRP,0.0,they,0,1,2.849193957867101,17.366789695455783,9.911507183877728,4,2,477,0,0,0,42
1,0,1,MD,0.0,could,0,1,1.0323060357477516,16.68628345113659,10.893270167851,5,2,478,0,0,0,43
1,0,1,VB,4.0,have,0,1,5.590737610356882,17.990997945585363,9.010965036933804,4,2,479,0,0,0,44
2,0,1,DT,0.0,a,0,0,2.1536886617541313,19.69218547190043,6.556670229096891,1,2,480,0,0,0,45
0,0,0,VBG,0.0,fighting,0,1,12.14613859821111,13.44019873555152,15.576380489331044,8,2,481,0,0,0,46
0,1,1,NN,3.0,chance,2,2,0.846897370647639,14.248988938027525,14.40954287509933,6,2,482,0,0,0,47
1,0,1,IN,0.0,of,0,1,1.09074059658451,20.087642241543257,5.986146708647226,2,2,483,0,0,0,48
2,0,1,VBG,2.0,reaching,0,1,6.113507276226301,13.08365789149869,16.090760196920424,8,2,484,0,0,0,49
1,0,1,DT,0.0,the,0,1,0.5979508942691609,20.651930178991396,5.17205129965733,3,2,485,0,0,0,50
0,17,2,NN,2.0,ocean.,21,6,3.78443111164961,20.84308800016833,21.349875001831847,6,2,486,1,0,1,51
3,1,2,RB,0.0,Down,0,0,12.657349731773138,12.699963685229251,16.64431392552317,4,2,487,0,1,0,0
1,1,1,PRP,0.0,they,0,1,3.735441525001079,17.366789695455783,9.911507183877728,4,2,488,0,0,0,1
1,1,1,VBD,2.0,"went,",1,2,2.0114430784014985,20.763629709905008,18.07413808333428,5,2,489,1,0,0,2
2,0,1,VBG,1.0,rolling,0,0,12.72797455789987,12.667338208832623,16.691382538527225,7,2,490,0,0,0,3
1,0,1,IN,0.0,over,0,1,4.066174181178212,16.743434436833045,10.810818724204807,4,2,491,0,0,0,4
1,0,1,DT,0.0,each,0,1,6.877705251681618,16.39220140585557,11.317540876192414,4,2,492,0,0,0,5
0,2,0,JJ,3.0,other,3,1,0.5134063308360055,17.02036838824095,10.41128748585484,5,2,493,0,0,0,6
1,0,1,IN,0.0,until,0,1,6.331497913226485,15.481263584316432,12.631746353885124,5,2,494,0,0,0,7
2,0,1,IN,0.0,with,0,1,10.581068502971902,18.681580760008114,8.014664635242958,4,2,495,0,0,0,8
1,0,1,DT,0.0,a,0,0,2.629037413862534,19.69218547190043,6.556670229096891,1,2,496,0,0,0,9
0,0,0,NN,2.0,patter,1,1,15.373240988352336,8.990316947998217,21.99620287677631,6,2,497,0,0,0,10
0,0,0,CC,1.0,and,0,0,3.880556321935728,19.93279149564298,6.2095491118355035,3,2,498,0,0,0,11
0,0,0,NN,1.0,clatter,0,0,8.08786475728266,14.66574567182446,30.333548388644296,7,2,499,0,0,0,12
0,0,0,CC,1.0,and,0,0,4.9830022868700325,19.93279149564298,6.2095491118355035,3,2,500,0,0,0,13
0,2,1,NN,1.0,spatter,5,5,15.118752616923302,14.90546884185205,29.91860322469362,7,2,501,0,0,0,14
1,1,1,PRP,0.0,they,0,1,2.3919787246268243,17.366789695455783,9.911507183877728,4,2,502,0,0,0,15
1,0,1,VBD,4.0,touched,0,1,9.522389800520614,12.672140414429318,16.684454420327548,7,2,503,0,0,0,16
1,0,1,DT,0.0,the,0,1,0.7976814201101661,20.651930178991396,5.17205129965733,3,2,504,0,0,0,17
0,7,2,NN,2.0,"ground,",10,3,4.796282523078844,20.762258841483742,18.72314671961828,7,2,505,1,0,0,18
0,0,0,CC,1.0,and,0,0,1.495613495120779,19.93279149564298,6.2095491118355035,3,2,506,0,0,0,19
3,0,1,PDT,0.0,all,0,0,5.263172682374716,17.469149055179013,9.763833843216451,3,2,507,0,0,0,20
0,0,0,DT,0.0,the,0,1,2.414407931501046,20.651930178991396,5.17205129965733,3,2,508,0,0,0,21
0,1,1,NNS,2.0,people,2,1,6.181305249920115,16.493453036195575,11.171465651218966,6,2,509,0,0,0,22
2,1,2,WPD,0.0,that,0,1,6.616582049522549,19.024464301341364,7.519988250559035,4,2,510,0,0,0,23
2,0,1,DT,0.0,the,0,0,9.392574841389433,20.651930178991396,5.17205129965733,3,2,511,0,0,0,24
0,1,1,NNS,1.0,raindrops,1,2,10.004746273858473,14.946601330671903,47.508378615456145,9,2,512,0,0,0,25
1,0,1,VBD,3.0,fell,0,1,4.930147964973003,13.824855755266013,15.02143771454582,4,2,513,0,0,0,26
1,5,2,RP,1.0,on,4,2,1.3207792472094295,18.53086189167023,8.232105999162414,2,2,514,0,0,0,27
2,0,1,VBD,2.0,"cried,",1,1,12.20266554504633,20.760164745257217,21.6260227324309,6,2,515,1,0,0,28
3,1,3,``,0.0,'It's,1,3,10.59651310602203,18.459483600585,31.24040587137987,5,2,516,1,0,0,29
1,4,2,VBG,3.0,"raining',",5,3,13.661797294858845,16.046583967067985,42.46764215099667,9,2,517,1,0,0,30
0,0,0,CC,1.0,and,0,0,1.1400326462462544,19.93279149564298,6.2095491118355035,3,2,518,0,0,0,31
1,0,1,VBD,1.0,took,0,1,8.757217871840112,15.242026333292165,12.976892749533745,4,2,519,0,0,0,32
1,1,1,RP,1.0,out,1,1,6.153170608566143,17.1329401691801,10.24888073574989,3,2,520,0,0,0,33
1,0,1,PRP$,0.0,their,0,1,0.610188752412796,17.287357438148756,10.026103707581193,5,2,521,0,0,0,34
0,5,0,NNS,2.0,umbrellas.,8,5,11.898580549401233,20.855691778284747,50.85731808294689,10,2,522,1,0,1,35
4,1,2,DT,0.0,Some,0,0,7.365654056891799,14.445272685220107,14.126365286417489,4,2,523,0,1,0,0
1,0,1,IN,0.0,of,0,1,1.17958854167955,20.087642241543257,5.986146708647226,2,2,524,0,0,0,1
2,0,1,DT,0.0,the,0,0,1.3719596230075697,20.651930178991396,5.17205129965733,3,2,525,0,0,0,2
0,1,1,NNS,3.0,drops,1,2,8.353738614940085,12.561485793739392,16.84409529284835,5,2,526,0,0,0,3
2,1,2,WDT,0.0,that,0,1,4.3944036236498505,19.024464301341364,7.519988250559035,4,2,527,0,0,0,4
2,0,1,VBD,0.0,were,0,1,2.7460856123361737,17.723648827567594,9.39666828368408,4,2,528,0,0,0,5
2,0,1,DT,0.0,the,0,1,8.521546532167122,20.651930178991396,5.17205129965733,3,2,529,0,0,0,6
1,0,1,RBS,0.0,most,0,1,4.135926814284176,16.424816014558168,11.270487941956638,4,2,530,0,0,0,7
0,2,1,JJ,5.0,"fortunate,",8,2,11.482894605956972,20.75995319868075,23.156234267899368,10,2,531,1,0,0,8
1,0,1,VBG,0.0,including,0,1,6.533477971097454,15.664589900219264,12.367262387067662,9,2,532,0,0,0,9
1,9,3,NNP,2.0,"Aqua,",3,2,3.1227700075833127,20.803666993907783,32.26037702064696,5,2,533,1,0,0,10
1,0,1,VBD,1.0,fell,0,1,5.409006793634035,13.824855755266013,15.02143771454582,4,2,534,0,0,0,11
1,0,1,IN,0.0,on,0,1,1.710940977325663,18.53086189167023,8.232105999162414,2,2,535,0,0,0,12
1,0,1,DT,0.0,a,0,1,6.206345362472348,19.69218547190043,6.556670229096891,1,2,536,0,0,0,13
0,4,1,NN,3.0,"mountainside,",5,2,16.189108897582628,20.762766054303984,35.322685729492996,13,2,537,1,0,0,14
0,0,0,CC,1.0,and,0,0,1.5921452816110104,19.93279149564298,6.2095491118355035,3,2,538,0,0,0,15
2,0,1,IN,0.0,down,0,1,10.896509210579095,16.107036220281262,11.728947275254644,4,2,539,0,0,0,16
1,0,1,DT,0.0,the,0,1,3.560310287226457,20.651930178991396,5.17205129965733,3,2,540,0,0,0,17
0,0,0,JJ,0.0,rocky,0,1,9.79426581057487,11.354550876989748,18.585334311918796,5,2,541,0,0,0,18
0,2,1,NN,3.0,cliff,3,1,5.2402442917227745,11.60212611042853,18.22815875038974,5,2,542,0,0,0,19
1,1,1,PRP,0.0,they,0,1,2.7125190078513697,17.366789695455783,9.911507183877728,4,2,543,0,0,0,20
1,3,1,VBD,3.0,ran.,5,3,9.820847065071575,20.84370612830297,19.8324318417615,4,2,544,1,0,1,21
2,1,2,RB,0.0,Together,0,0,11.31115037575364,12.157176475742345,17.42739034090789,8,2,545,0,1,0,0
1,1,1,PRP,0.0,they,0,1,0.69076357036829,17.366789695455783,9.911507183877728,4,2,546,0,0,0,1
1,0,1,VBD,2.0,plunged,0,1,8.428613685071468,11.009141655993284,19.083654482127713,7,2,547,0,0,0,2
1,0,1,IN,0.0,into,0,1,2.8144362419261597,16.972256606338846,10.48069811501334,4,2,548,0,0,0,3
2,0,1,DT,0.0,a,0,0,3.1198653119499795,19.69218547190043,6.556670229096891,1,2,549,0,0,0,4
0,0,0,NN,0.0,mountain,0,1,7.999680289416574,13.059585438864616,16.125489404957637,8,2,550,0,0,0,5
0,1,1,NN,4.0,"brook,",3,3,12.864884773036463,20.76241976517732,35.23239273611399,6,2,551,1,0,0,6
2,1,2,WDT,0.0,which,0,1,4.159066384891048,17.599930483545194,9.57515612507219,5,2,552,0,0,0,7
2,0,1,VBD,2.0,came,0,1,8.201642664615065,15.304613280765835,12.886598870789095,4,2,553,0,0,0,8
3,0,1,VBG,1.0,foaming,0,0,15.859904406126589,13.524184520997508,32.98987515849507,7,2,554,0,0,0,9
0,0,0,CC,1.0,and,0,0,3.477141674607992,19.93279149564298,6.2095491118355035,3,2,555,0,0,0,10
0,0,0,VBG,1.0,dashing,0,1,11.65588203817606,16.252827660054354,28.102385004603335,7,2,556,0,0,0,11
1,2,2,RB,1.0,"along,",3,2,8.062275738455355,20.76396465044019,17.951676335569758,6,2,557,1,0,0,12
1,0,1,VBG,1.0,leaping,0,0,13.398907984606922,15.190342981328724,30.676709708678413,7,2,558,0,0,0,13
1,0,1,IN,0.0,over,0,1,3.3062011878937483,16.743434436833045,10.810818724204807,4,2,559,0,0,0,14
1,3,1,NNS,2.0,rocks,2,1,4.957110522314906,12.470672869913592,16.97511064770046,5,2,560,0,0,0,15
0,0,0,CC,1.0,and,0,0,0.7728092954494059,19.93279149564298,6.2095491118355035,3,2,561,0,0,0,16
1,0,1,VBG,1.0,rushing,0,1,9.583553283941,11.72752058231448,18.04725276764499,7,2,562,0,0,0,17
1,0,1,IN,0.0,down,0,1,1.7998536173254251,16.107036220281262,11.728947275254644,4,2,563,0,0,0,18
1,0,1,DT,0.0,the,0,1,2.478370539552998,20.651930178991396,5.17205129965733,3,2,564,0,0,0,19
0,5,1,NN,3.0,"hillside,",8,6,10.0632479537162,20.760841549751294,37.150480246562495,9,2,565,1,0,0,20
1,0,1,IN,0.0,until,0,1,4.796160477329977,15.481263584316432,12.631746353885124,5,2,566,0,0,0,21
2,0,1,IN,0.0,in,0,1,7.923582950374112,19.583721360186956,6.713150865180346,2,2,567,0,0,0,22
2,0,1,DT,0.0,the,0,0,1.0680028456263244,20.651930178991396,5.17205129965733,3,2,568,0,0,0,23
0,1,1,NN,2.0,valley,1,2,9.235642100451514,12.361070109591587,17.13323400648476,6,2,569,0,0,0,24
0,2,1,IN,1.0,below,2,1,3.2282484993338585,15.033285966571247,13.278041441435352,5,2,570,0,0,0,25
1,1,1,PRP,0.0,they,0,1,0.5914671462960541,17.366789695455783,9.911507183877728,4,2,571,0,0,0,26
1,0,1,VBD,4.0,heard,0,1,7.2815044592134655,14.599815673314778,13.903406883889144,5,2,572,0,0,0,27
1,0,1,DT,0.0,the,0,1,1.4235169355524704,20.651930178991396,5.17205129965733,3,2,573,0,0,0,28
0,0,0,JJ,0.0,strangest,0,1,16.473830607836135,15.454679296677886,31.295148355631675,9,2,574,0,0,0,29
0,0,0,NN,0.0,clattering,0,1,11.392786249518394,14.5447553105146,31.688575381245233,10,2,575,0,0,0,30
0,11,1,NN,4.0,noise.,16,2,7.35684840939939,20.843744662360873,19.7750472445246,6,2,576,1,0,1,31
2,0,1,DT,0.0,The,0,0,2.79272606538143,18.12053694573349,8.824079763818386,3,2,577,0,1,0,0
0,0,0,JJ,0.0,little,0,1,6.632301140227355,15.70386302020348,12.310603251626194,6,2,578,0,0,0,1
0,0,0,NN,0.0,water,0,1,5.417135606519878,15.55179255272304,12.529994560925893,5,2,579,0,0,0,2
0,1,1,NNS,3.0,drops,3,1,2.3576342165470123,12.561485793739392,16.84409529284835,5,2,580,0,0,0,3
1,0,1,VBD,0.0,were,0,0,3.016035328619182,17.723648827567594,9.39666828368408,4,2,581,0,0,0,4
0,0,0,RB,0.0,then,1,1,9.037952990271153,16.720629155852837,10.843719789981035,4,2,582,0,0,0,5
1,0,1,JJ,3.0,able,0,0,8.107670105062425,15.368554188064982,12.794351640918675,4,2,583,0,0,0,6
2,0,1,TO,0.0,to,0,1,0.0100297020981088,19.88357245739644,6.280557174231113,2,2,584,0,0,0,7
1,0,1,VB,2.0,make,0,1,4.776416862208862,16.32052950931665,11.420941565900218,4,2,585,0,0,0,8
1,1,1,RP,1.0,out,1,1,3.117681524308864,17.1329401691801,10.24888073574989,3,2,586,0,0,0,9
2,0,1,DT,0.0,a,0,0,3.535941145615652,19.69218547190043,6.556670229096891,1,2,587,0,0,0,10
0,0,0,NN,0.0,flour,0,1,18.76371156494133,12.757218377892746,16.561712864349925,5,2,588,0,0,0,11
0,1,1,NN,3.0,mill,2,2,4.374265611171722,12.819970969899764,16.471180011058475,4,2,589,0,0,0,12
2,1,2,WDT,0.0,that,0,1,3.747898424975574,19.024464301341364,7.519988250559035,4,2,590,0,0,0,13
2,0,1,VBD,0.0,was,0,1,1.7220197063870728,18.521451560034553,8.24568223794633,3,2,591,0,0,0,14
1,0,1,VBG,3.0,standing,0,1,5.936570313293487,13.875120076502371,14.94892162756447,8,2,592,0,0,0,15
1,0,1,IN,0.0,on,0,1,1.8991263420321047,18.53086189167023,8.232105999162414,2,2,593,0,0,0,16
1,0,1,DT,0.0,the,0,1,1.2269778577028774,20.651930178991396,5.17205129965733,3,2,594,0,0,0,17
0,13,2,NN,3.0,bank.,12,4,9.355312860163394,20.843683986084073,19.866467744217672,5,2,595,1,0,1,18
2,0,1,IN,0.0,Inside,0,0,7.4928471483290195,11.79973465657234,17.943069880830784,6,2,596,0,1,0,0
1,0,1,DT,0.0,the,0,1,1.731689273728989,20.651930178991396,5.17205129965733,3,2,597,0,0,0,1
0,2,1,NN,2.0,"mill,",3,2,4.207971016061492,20.760197338584067,21.48754868899009,5,2,598,1,0,0,2
1,0,1,DT,0.0,the,0,0,3.4434867800446227,20.651930178991396,5.17205129965733,3,2,599,0,0,0,3
0,0,0,NN,0.0,water,0,1,3.184776859707199,15.55179255272304,12.529994560925893,5,2,600,0,0,0,4
0,1,0,NNS,2.0,drops,2,2,3.1409547738730907,12.561485793739392,16.84409529284835,5,2,601,0,0,0,5
1,0,1,VBD,2.0,saw,0,1,8.555906230583787,14.882462918571155,13.49563310483684,3,2,602,0,0,0,6
2,0,1,CD,0.0,two,0,0,6.91516696754843,16.868943842570165,10.629746926962948,3,2,603,0,0,0,7
0,0,0,JJ,0.0,great,0,1,7.8038871036842465,15.578243813100537,12.49183345875402,5,2,604,0,0,0,8
0,1,1,NNS,3.0,"stones,",3,3,8.833515902748331,20.760067969999035,22.13873383062511,7,2,605,1,0,0,9
2,1,2,WDT,0.0,which,0,1,3.4081168996635824,17.599930483545194,9.57515612507219,5,2,606,0,0,0,10
2,0,1,DT,0.0,the,0,0,5.283875610039104,20.651930178991396,5.17205129965733,3,2,607,0,0,0,11
0,0,0,JJ,0.0,big,0,1,8.590760371356737,15.053278808336888,13.249197867766782,3,2,608,0,0,0,12
0,1,1,NN,2.0,wheel,2,2,12.2971473634243,13.161924417255294,15.977845468343766,5,2,609,0,0,0,13
1,0,1,VBD,2.0,kept,0,1,8.593259923160076,14.22024139656255,14.451016810608596,4,2,610,0,0,0,14
2,0,1,VBG,2.0,whizzing,0,1,14.369553958065808,15.002843179191911,46.61096266322457,8,2,611,0,0,0,15
2,1,2,IN,1.0,round,0,0,5.999386481940746,14.236762397304275,14.427182044767989,5,2,612,0,0,0,16
0,0,0,CC,1.0,and,0,0,2.582741813152097,19.93279149564298,6.2095491118355035,3,2,613,0,0,0,17
1,10,2,IN,1.0,round.,11,4,2.52127254253719,20.844107346255864,19.323929848748698,6,2,614,1,0,1,18
3,0,1,DT,0.0,The,0,0,2.3432913231663406,18.12053694573349,8.824079763818386,3,2,615,0,1,0,0
0,1,1,NNS,1.0,"stones,",2,2,10.493828464183023,20.760067969999035,22.13873383062511,7,2,616,1,0,0,1
1,0,1,VBN,0.0,smoothed,0,0,16.805787232355215,10.960652651290063,19.15360932875069,8,2,617,0,0,0,2
1,0,1,IN,0.0,by,0,1,3.9668114534579217,18.29067397824052,8.57862391074893,2,2,618,0,0,0,3
1,0,1,DT,0.0,the,0,1,1.1511131291044876,20.651930178991396,5.17205129965733,3,2,619,0,0,0,4
0,4,1,NN,4.0,"spinning,",5,3,14.538431432913058,20.759980983981173,22.836626677415783,9,2,620,1,0,0,5
1,0,1,VBD,0.0,were,0,1,2.6352799956221133,17.723648827567594,9.39666828368408,4,2,621,0,0,0,6
1,0,1,JJ,2.0,busy,0,1,14.051360392477363,13.22016499644934,15.89382207356201,4,2,622,0,0,0,7
2,0,1,VBG,1.0,grinding,0,0,5.669565804302692,11.46169532648304,18.430757545976046,8,2,623,0,0,0,8
1,0,1,DT,0.0,the,0,1,2.5482713285600767,20.651930178991396,5.17205129965733,3,2,624,0,0,0,9
0,1,0,NN,2.0,wheat,2,1,6.149176083155908,12.353444687934184,17.14423516449458,5,2,625,0,0,0,10
1,0,1,IN,0.0,into,0,1,4.23068607551977,16.972256606338846,10.48069811501334,4,2,626,0,0,0,11
1,2,1,NN,2.0,flour,2,1,3.334412329364568,12.757218377892746,16.561712864349925,5,2,627,0,0,0,12
0,0,0,CC,1.0,and,0,0,1.7409164076671004,19.93279149564298,6.2095491118355035,3,2,628,0,0,0,13
1,0,1,DT,0.0,the,0,0,4.5600145746720955,20.651930178991396,5.17205129965733,3,2,629,0,0,0,14
0,1,0,NN,2.0,corn,1,1,8.689707810175605,12.696757804939471,16.64893903311892,4,2,630,0,0,0,15
1,0,1,IN,0.0,into,0,1,0.5532009318703786,16.972256606338846,10.48069811501334,4,2,631,0,0,0,16
1,0,1,JJ,0.0,golden,0,0,13.07823444751557,12.690663117603844,16.6577318083138,6,2,632,0,0,0,17
0,7,1,NN,3.0,meal.,9,6,9.785480267368255,20.843138744187993,21.144629903873508,5,2,633,1,0,1,18
1,0,1,CC,0.0,But,0,0,6.34441649261862,15.989110480018432,11.89907815592499,3,2,634,0,1,0,0
1,0,1,WDT,0.0,what,0,1,6.470348477363586,16.89144897198978,10.5972788883547,4,2,635,0,0,0,1
1,2,1,NN,1.0,giant,1,1,15.107039220631124,13.08529889790751,16.088392725112353,5,2,636,0,0,0,2
1,0,1,VBP,0.0,do,0,0,10.661138579249382,17.017821743590243,10.414961517463322,2,2,637,0,0,0,3
1,1,1,PRP,0.0,you,1,1,1.33823603449855,18.198249039215252,8.711964911935151,3,2,638,0,0,0,4
1,0,1,VB,4.0,suppose,0,0,5.087849731906317,13.32209581465806,15.74676698761854,7,2,639,0,0,0,5
3,1,2,PRP,0.0,it,0,0,4.336769374087453,18.431334787537676,8.375693258728493,2,2,640,0,0,0,6
1,0,1,VBD,2.0,was,2,2,1.5355378333479166,18.521451560034553,8.24568223794633,3,2,641,0,0,0,7
2,1,2,WP,0.0,who,0,0,7.183161010965705,16.99990971408453,10.440803113603463,3,2,642,0,0,0,8
2,0,1,MD,0.0,could,0,1,7.372704314999282,16.68628345113659,10.893270167851,5,2,643,0,0,0,9
1,0,1,VB,3.0,turn,0,0,6.891757373698056,14.849109190413794,13.543752363044629,4,2,644,0,0,0,10
0,0,0,CC,1.0,and,0,0,4.65382270864211,19.93279149564298,6.2095491118355035,3,2,645,0,0,0,11
0,0,0,VB,1.0,swing,2,3,8.641726084286347,12.38208685274946,17.102913255355258,5,2,646,0,0,0,12
1,0,1,DT,0.0,that,0,1,4.430621223524213,19.024464301341364,7.519988250559035,4,2,647,0,0,0,13
0,0,0,JJ,0.0,tremendous,0,1,9.959550557658076,12.175618592671356,17.400783990270913,10,2,648,0,0,0,14
0,11,2,NN,3.0,wheel?,10,5,3.8132219538092618,17.50817464132558,25.704189967375644,6,2,649,1,0,1,15
2,0,1,DT,0.0,No,0,0,6.5528501104563475,15.64518090853136,12.395263643124457,2,2,650,0,1,0,0
0,1,1,NN,1.0,giant,1,1,12.050090163946152,13.08529889790751,16.088392725112353,5,2,651,0,0,0,1
1,0,1,IN,0.0,at,0,1,5.533685994218104,18.150223836201175,8.781250634161243,2,2,652,0,0,0,2
0,2,0,DT,2.0,all.,3,2,2.0240504258545116,20.87644784175948,14.66058164719716,4,2,653,1,0,1,3
2,1,2,PRP,0.0,It,0,0,3.659487459808588,16.818509266914305,10.702508639150992,2,2,654,0,1,0,0
1,0,1,VBD,0.0,was,0,1,0.8127182126045227,18.521451560034553,8.24568223794633,3,2,655,0,0,0,1
1,1,1,RB,0.0,just,0,1,4.6052356152795255,16.69359693645768,10.882719038846648,4,2,656,0,0,0,2
2,0,1,PRP$,0.0,our,0,1,10.707828397396952,16.813289236203154,10.71003955157126,3,2,657,0,0,0,3
0,0,0,JJ,0.0,tiny,0,1,6.3341159811243415,13.205676423993037,15.914724665194283,4,2,658,0,0,0,4
0,0,0,JJ,0.0,little,0,1,2.0199768068268895,15.70386302020348,12.310603251626194,6,2,659,0,0,0,5
0,0,0,NN,0.0,water,0,1,7.857595014385879,15.55179255272304,12.529994560925893,5,2,660,0,0,0,6
0,1,1,NNS,7.0,"drops,",7,2,3.2083932352252305,20.760116217117226,21.860463970779964,6,2,661,1,0,0,7
2,1,2,WP,0.0,who,0,1,3.703720863442868,16.99990971408453,10.440803113603463,3,2,662,0,0,0,8
3,0,1,VBD,2.0,sprang,0,0,11.80357288569212,11.098893768195936,18.954169554943636,6,2,663,0,0,0,9
1,0,1,IN,0.0,on,0,1,5.233389940112829,18.53086189167023,8.232105999162414,2,2,664,0,0,0,10
1,2,1,PRP,2.0,it,2,1,5.33290983363986,18.431334787537676,8.375693258728493,2,2,665,0,0,0,11
1,0,1,IN,0.0,by,0,1,7.441418156260624,18.29067397824052,8.57862391074893,2,2,666,0,0,0,12
1,0,1,NNS,2.0,hundreds,0,0,13.671030342346056,13.48179292393935,15.516372760014118,8,2,667,0,0,0,13
0,0,0,CC,1.0,and,0,0,2.3396006412804127,19.93279149564298,6.2095491118355035,3,2,668,0,0,0,14
0,3,1,NNS,1.0,"thousands,",5,4,3.921096188481897,20.76075322183074,20.130643212127595,10,2,669,1,0,0,15
0,0,0,CC,1.0,and,0,0,1.3660578285343945,19.93279149564298,6.2095491118355035,3,2,670,0,0,0,16
1,0,1,VBD,1.0,whirled,0,0,6.8821542505174875,13.434081749559311,34.9691705375964,7,2,671,0,0,0,17
1,1,1,PRP,1.0,it,1,2,1.8801817186176777,18.431334787537676,8.375693258728493,2,2,672,0,0,0,18
1,0,1,RP,1.0,over,0,1,6.2499252408742905,16.743434436833045,10.810818724204807,4,2,673,0,0,0,19
0,0,0,CC,1.0,and,0,0,1.7197398807038553,19.93279149564298,6.2095491118355035,3,2,674,0,0,0,20
0,8,1,RP,1.0,over.,9,5,4.681875183887314,20.859203931638756,15.707566528185511,5,2,675,1,0,1,21
2,1,2,PRP,0.0,It,0,0,3.6674483940005302,16.818509266914305,10.702508639150992,2,2,676,0,1,0,0
1,0,1,VBD,0.0,was,0,1,0.9202066902071238,18.521451560034553,8.24568223794633,3,2,677,0,0,0,1
1,1,1,JJ,2.0,lucky,1,1,11.343260617926717,12.780605194753877,16.527972819642194,5,2,678,0,0,0,2
1,0,1,IN,0.0,for,0,1,2.4584344185423106,18.90419907432743,7.693494297163422,3,2,679,0,0,0,3
1,0,1,DT,0.0,the,0,1,2.9367764508351684,20.651930178991396,5.17205129965733,3,2,680,0,0,0,4
0,0,0,NN,0.0,water,0,1,2.9995801525656134,15.55179255272304,12.529994560925893,5,2,681,0,0,0,5
0,2,0,NNS,4.0,drops,4,1,1.0850037783384323,12.561485793739392,16.84409529284835,5,2,682,0,0,0,6
1,0,1,IN,0.0,that,0,1,0.9104172438383102,19.024464301341364,7.519988250559035,4,2,683,0,0,0,7
3,0,1,DT,0.0,the,0,0,2.674273682292551,20.651930178991396,5.17205129965733,3,2,684,0,0,0,8
0,1,1,NN,1.0,brook,1,1,13.9873895929195,14.800628227559134,30.216024058182377,5,2,685,0,0,0,9
2,1,2,WRB,0.0,where,0,1,8.406155606266111,16.599322624688853,11.018728120918755,5,2,686,0,0,0,10
2,1,2,PRP,0.0,they,0,1,1.0087750791572034,17.366789695455783,9.911507183877728,4,2,687,0,0,0,11
1,0,1,VBD,0.0,were,0,1,2.0520281987264752,17.723648827567594,9.39666828368408,4,2,688,0,0,0,12
1,0,1,VBG,4.0,swimming,0,1,7.968542445451021,12.4155269248542,17.054669429162782,8,2,689,0,0,0,13
1,6,2,RB,1.0,next,5,2,10.693650767207146,15.62799739018732,12.42005421982443,4,2,690,0,0,0,14
1,0,1,VBN,3.0,emptied,0,1,15.732567556202412,14.403586070034924,32.2209029004585,7,2,691,0,0,0,15
1,0,1,IN,0.0,into,0,1,4.13007016456686,16.972256606338846,10.48069811501334,4,2,692,0,0,0,16
2,0,1,DT,0.0,a,0,0,2.686253914842382,19.69218547190043,6.556670229096891,1,2,693,0,0,0,17
0,0,0,JJ,0.0,beautiful,0,1,9.46308577619493,13.98748038668931,14.786819965265028,9,2,694,0,0,0,18
0,1,1,NN,4.0,pond,2,2,7.22932194173336,11.853147804016457,17.86601099789489,4,2,695,0,0,0,19
2,1,2,WRB,0.0,where,0,1,3.999033531174064,16.599322624688853,11.018728120918755,5,2,696,0,0,0,20
2,0,1,NNS,0.0,ducks,0,0,13.514557564631104,10.818076837770526,19.35930274786604,5,2,697,0,0,0,21
0,0,0,CC,1.0,and,0,0,1.5802779162768277,19.93279149564298,6.2095491118355035,3,2,698,0,0,0,22
0,1,1,NNS,1.0,geese,2,3,3.5242342280689627,14.253572567061402,30.855010496705283,5,2,699,0,0,0,23
1,0,1,VBD,0.0,were,0,1,3.395081013441086,17.723648827567594,9.39666828368408,4,2,700,0,0,0,24
1,0,1,VBG,4.0,living,0,1,9.053431041538715,14.569115287561246,13.947698178169144,6,2,701,0,0,0,25
1,12,1,RB,1.0,peacefully.,12,2,7.936284329742193,20.84453617865429,34.98997767999562,11,2,702,1,0,1,26
3,1,2,NNP,0.0,Aqua,0,0,6.499156538397074,17.65430252354422,27.24400834271535,4,2,703,0,1,0,0
1,0,1,VBD,1.0,liked,0,1,9.356214477331378,13.16800573528303,15.96907198098308,5,2,704,0,0,0,1
2,0,1,TO,0.0,to,0,1,1.4180135966744274,19.88357245739644,6.280557174231113,2,2,705,0,0,0,2
1,0,1,VB,2.0,play,0,0,4.594156030216254,15.16126309364622,13.093409474857072,4,2,706,0,0,0,3
1,1,1,NN,1.0,hide-and-seek,1,2,16.897795690689236,20.371406721127208,59.1712383921524,13,2,707,0,0,0,4
1,0,1,IN,0.0,in,0,1,2.494841863401234,19.583721360186956,6.713150865180346,2,2,708,0,0,0,5
1,0,1,DT,0.0,this,0,1,3.4721072702668607,18.084110076486997,8.876632627435416,4,2,709,0,0,0,6
0,7,2,NN,3.0,"pond,",7,2,2.843228367273696,20.75997661920297,22.882379675826503,5,2,710,1,0,0,7
0,0,0,CC,1.0,and,0,0,1.7342888585990297,19.93279149564298,6.2095491118355035,3,2,711,0,0,0,8
2,1,2,PRP,0.0,it,0,1,5.702614878304303,18.431334787537676,8.375693258728493,2,2,712,0,0,0,9
1,0,1,VBD,0.0,was,0,1,0.8439423283562064,18.521451560034553,8.24568223794633,3,2,713,0,0,0,10
2,0,1,PRP$,0.0,his,0,1,4.97581143991556,17.63767918161909,9.520696265560964,3,2,714,0,0,0,11
0,0,0,NN,0.0,brother,0,1,7.629940013051964,13.936756036884177,14.859999733181215,7,2,715,0,0,0,12
0,0,0,NN,0.0,water,0,1,13.873209744691849,15.55179255272304,12.529994560925893,5,2,716,0,0,0,13
0,1,1,NN,6.0,drop,4,1,3.610318660736084,13.888069330728063,14.930239802709853,4,2,717,0,0,0,14
2,1,2,WP,0.0,who,0,1,1.726278488524258,16.99990971408453,10.440803113603463,3,2,718,0,0,0,15
2,1,2,PRP,0.0,he,0,1,8.929016314446926,17.694798179754258,9.438290970210817,2,2,719,0,0,0,16
1,0,1,VBN,3.0,fooled,0,0,11.554384383372962,16.729085147190865,27.724651675821523,6,2,720,0,0,0,17
1,0,1,IN,0.0,by,0,0,2.251234062947333,18.29067397824052,8.57862391074893,2,2,721,0,0,0,18
3,0,1,VBG,2.0,swimming,0,0,6.951640519313514,12.4155269248542,17.054669429162782,8,2,722,0,0,0,19
1,0,1,TO,0.0,to,0,1,5.389918391825631,19.88357245739644,6.280557174231113,2,2,723,0,0,0,20
2,0,1,DT,0.0,a,0,0,3.919372146599926,19.69218547190043,6.556670229096891,1,2,724,0,0,0,21
0,0,0,JJ,0.0,big,0,1,6.070439928327687,15.053278808336888,13.249197867766782,3,2,725,0,0,0,22
0,1,1,NN,4.0,pool,2,2,6.212998792529106,13.44660541481787,15.567137604924913,4,2,726,0,0,0,23
1,0,1,IN,0.0,of,0,1,4.593948449473828,20.087642241543257,5.986146708647226,2,2,727,0,0,0,24
1,5,2,NN,2.0,water,4,1,2.155548904556781,15.55179255272304,12.529994560925893,5,2,728,0,0,0,25
0,0,0,CC,1.0,and,0,0,2.7120231175795197,19.93279149564298,6.2095491118355035,3,2,729,0,0,0,26
1,0,1,VBG,1.0,pretending,0,1,9.511366168037055,11.33459991350162,18.614117468004075,10,2,730,0,0,0,27
2,0,1,TO,0.0,to,0,1,0.5699102712678723,19.88357245739644,6.280557174231113,2,2,731,0,0,0,28
1,0,1,VB,2.0,hide,0,1,9.149347959843,13.12170916345304,16.035863815572366,4,2,732,0,0,0,29
1,5,2,RB,1.0,"there,",6,3,7.64268619613722,20.78496359944723,15.329456415218498,6,2,733,1,0,0,30
0,0,0,CC,1.0,but,0,0,3.0317939412780106,17.553098244319884,9.64272076435627,3,2,734,0,0,0,31
0,0,0,RB,0.0,then,4,5,5.076824503950775,16.720629155852837,10.843719789981035,4,2,735,0,0,0,32
2,0,1,VBG,2.0,sneaking,0,0,12.477994977496564,13.553766501128262,33.25488198421978,8,2,736,0,0,0,33
1,0,1,IN,0.0,under,0,1,7.262391143478453,16.31977962379061,11.42202342202987,5,2,737,0,0,0,34
1,0,1,DT,0.0,a,0,1,2.9809091073693708,19.69218547190043,6.556670229096891,1,2,738,0,0,0,35
0,2,0,NN,3.0,rock,3,2,3.852389717358165,13.689793128088317,15.216291896984512,4,2,739,0,0,0,36
1,0,1,IN,0.0,into,0,1,7.882632405613549,16.972256606338846,10.48069811501334,4,2,740,0,0,0,37
1,0,1,DT,0.0,an,0,1,5.938668787654024,17.966326533280526,9.046558361117718,2,2,741,0,0,0,38
0,0,0,JJ,0.0,obscured,0,1,14.520289784937631,10.872958796881008,19.280124817623076,8,2,742,0,0,0,39
0,0,0,JJ,0.0,little,0,1,7.202558782417327,15.70386302020348,12.310603251626194,6,2,743,0,0,0,40
0,14,2,NN,5.0,puddle.,13,3,11.855700088199228,20.854825075026945,34.98853787613429,7,2,744,1,0,1,41
3,0,1,PRP$,0.0,His,0,0,6.858970901463181,14.818833666607562,13.587430711100192,3,2,745,0,1,0,0
0,1,1,NN,1.0,brother,1,1,1.4842897872440517,13.936756036884177,14.859999733181215,7,2,746,0,0,0,1
1,0,1,VBD,0.0,had,0,1,4.0696375905536115,17.432489551576744,9.816722327264898,3,2,747,0,0,0,2
3,1,2,RB,0.0,blatantly,0,1,19.35851234290749,13.179824412116629,35.122092309958425,9,2,748,0,0,0,3
0,1,1,VBN,3.0,peeked,0,0,12.025236643385142,16.717793100006265,29.660199767424594,6,2,749,0,0,0,4
0,0,0,CC,1.0,and,0,0,7.132115017622709,19.93279149564298,6.2095491118355035,3,2,750,0,0,0,5
2,1,2,RB,0.0,even,0,1,8.917891966179013,16.307134926601453,11.440265863958214,4,2,751,0,0,0,6
1,0,1,VBN,2.0,followed,3,2,9.26812540460378,14.658039350116272,13.819407874105307,8,2,752,0,0,0,7
1,1,1,NNP,1.0,Aqua,1,2,4.3600893914699554,17.65430252354422,27.24400834271535,4,2,753,0,0,0,8
1,0,1,IN,0.0,as,0,1,4.845876422943547,18.455643172698917,8.340623672004352,2,2,754,0,0,0,9
2,1,2,PRP,0.0,he,0,1,0.7218603540677577,17.694798179754258,9.438290970210817,2,2,755,0,0,0,10
1,0,1,VBD,3.0,entered,0,1,8.32340739434585,13.95247031701885,14.837328819159776,7,2,756,0,0,0,11
2,0,1,DT,0.0,the,0,0,0.4944806676940061,20.651930178991396,5.17205129965733,3,2,757,0,0,0,12
0,0,0,JJ,0.0,big,0,1,6.0697927418514155,15.053278808336888,13.249197867766782,3,2,758,0,0,0,13
0,1,1,NN,3.0,pool,2,2,3.56036489456892,13.44660541481787,15.567137604924913,4,2,759,0,0,0,14
1,0,1,IN,0.0,of,0,1,2.8966945455758832,20.087642241543257,5.986146708647226,2,2,760,0,0,0,15
1,11,2,NN,2.0,"water,",10,2,1.4506594893173317,20.76529857246389,17.546363238857506,6,2,761,1,0,0,16
0,0,0,IN,1.0,so,0,1,4.5096453577280045,17.102955196419583,10.292139907252675,2,2,762,0,0,0,17
3,1,2,WRB,0.0,when,0,1,4.965009815990925,17.09507037229838,10.303515303910618,4,2,763,0,0,0,18
2,1,2,PRP,0.0,he,0,1,1.2060004875529555,17.694798179754258,9.438290970210817,2,2,764,0,0,0,19
2,0,1,VBD,2.0,searched,0,1,12.41387186362408,12.503536717836573,16.92769813727745,8,2,765,0,0,0,20
1,2,2,RB,1.0,there,1,1,7.251253210008144,17.088435267092525,10.313087737286883,5,2,766,0,0,0,21
0,0,0,CC,1.0,and,0,0,4.882842612918466,19.93279149564298,6.2095491118355035,3,2,767,0,0,0,22
1,0,1,MD,0.0,could,0,0,8.869633638765663,16.68628345113659,10.893270167851,5,2,768,0,0,0,23
0,0,0,RB,0.0,not,1,1,1.7342123312409967,18.05588478508421,8.917353115369856,3,2,769,0,0,0,24
1,0,1,VB,3.0,find,0,0,0.7437285026535392,15.844254285817549,12.108061468940654,4,2,770,0,0,0,25
1,6,2,PRP,1.0,"him,",7,5,2.3216145784244873,20.776866855139865,15.896580060469269,4,2,771,1,0,0,26
1,1,1,PRP,0.0,he,0,1,0.5170008323038928,17.694798179754258,9.438290970210817,2,2,772,0,0,0,27
2,0,1,VBD,0.0,was,0,0,5.233664627769031,18.521451560034553,8.24568223794633,3,2,773,0,0,0,28
1,0,1,RB,0.0,extremely,0,1,10.17077790107578,13.787906034874654,15.074744892916662,9,2,774,0,0,0,29
0,2,1,JJ,5.0,surprised,2,1,3.922639890457503,13.241175216993746,15.863510732574618,9,2,775,0,0,0,30
0,0,0,CC,1.0,and,0,0,3.0722818672657013,19.93279149564298,6.2095491118355035,3,2,776,0,0,0,31
1,0,1,VBD,1.0,gave,0,1,8.00732756278012,14.669764170917484,13.802492533280088,4,2,777,0,0,0,32
1,5,1,RP,1.0,up.,8,4,3.42960508109536,20.86482865676792,15.27914154097078,3,2,778,1,0,1,33
3,1,2,NNP,0.0,Aqua,0,0,5.464057782664895,17.65430252354422,27.24400834271535,4,2,779,0,1,0,0
1,0,1,VBD,1.0,liked,0,1,8.396999325836077,13.16800573528303,15.96907198098308,5,2,780,0,0,0,1
2,0,1,DT,0.0,this,0,0,5.28000608435832,18.084110076486997,8.876632627435416,4,2,781,0,0,0,2
0,1,1,NN,2.0,pond,1,2,6.842268258333206,11.853147804016457,17.86601099789489,4,2,782,0,0,0,3
2,1,2,WRB,0.0,where,0,1,6.895459051243961,16.599322624688853,11.018728120918755,5,2,783,0,0,0,4
2,1,2,PRP,0.0,he,0,1,1.3992618853226304,17.694798179754258,9.438290970210817,2,2,784,0,0,0,5
1,0,1,MD,0.0,could,0,1,1.407555479556322,16.68628345113659,10.893270167851,5,2,785,0,0,0,6
1,0,1,VB,4.0,play,0,1,3.8508760407567024,15.16126309364622,13.093409474857072,4,2,786,0,0,0,7
1,0,1,DT,0.0,all,0,1,6.416516094934195,17.469149055179013,9.763833843216451,3,2,787,0,0,0,8
0,8,1,NN,2.0,"day,",9,2,3.0265310250106268,20.767717064386662,17.01538908338552,4,2,788,1,0,0,9
0,0,0,IN,1.0,so,0,1,4.909537078172434,17.102955196419583,10.292139907252675,2,2,789,0,0,0,10
2,1,2,PRP,0.0,he,0,1,0.7683666446246207,17.694798179754258,9.438290970210817,2,2,790,0,0,0,11
1,0,1,VBD,2.0,stayed,0,0,7.92338791070506,12.97029785545692,16.25430415875288,6,2,791,0,0,0,12
1,0,1,DT,0.0,a,0,1,5.926477716770023,19.69218547190043,6.556670229096891,1,2,792,0,0,0,13
0,0,0,JJ,0.0,good,0,1,6.030953648034483,16.11631406487589,11.715562174867838,4,2,793,0,0,0,14
0,1,0,NN,3.0,"while,",4,3,4.280486483708955,20.769287490419508,16.75194654818662,6,2,794,1,0,0,15
3,0,1,VBG,1.0,sailing,0,0,11.38017341995146,11.468137282180097,18.42146376843828,7,2,795,0,0,0,16
1,0,1,RB,1.0,up,0,1,3.675113711506128,17.040396008802368,10.382393736990077,2,2,796,0,0,0,17
0,0,0,CC,1.0,and,0,0,1.1988629403640516,19.93279149564298,6.2095491118355035,3,2,797,0,0,0,18
0,2,1,RB,1.0,"down,",3,2,2.9119819959742017,20.769330799696807,16.745315953186257,5,2,798,1,0,0,19
1,0,1,VBG,1.0,taking,0,0,7.190482962992974,14.811299110626528,13.598300777649332,6,2,799,0,0,0,20
3,0,1,DT,0.0,the,0,0,3.8227410799008794,20.651930178991396,5.17205129965733,3,2,800,0,0,0,21
0,1,1,NNS,2.0,ducks',2,3,16.719859485456254,17.303296682874556,29.364613967807397,6,2,801,0,0,0,22
0,1,1,NNS,2.0,backs,2,1,9.157514809630811,11.98560675607755,17.674913124635,5,2,802,0,0,0,23
1,0,1,IN,0.0,for,0,1,5.466662831604481,18.90419907432743,7.693494297163422,3,2,803,0,0,0,24
1,3,1,NNS,2.0,ships,2,1,13.361982338130474,12.956211976109005,16.27462578703468,5,2,804,0,0,0,25
0,0,0,CC,1.0,and,0,0,0.7670882255770266,19.93279149564298,6.2095491118355035,3,2,805,0,0,0,26
2,0,1,DT,0.0,the,0,0,4.66464056877885,20.651930178991396,5.17205129965733,3,2,806,0,0,0,27
0,1,1,NNS,2.0,frogs,1,1,11.173160717706196,13.641654666095816,33.1642300933283,5,2,807,0,0,0,28
1,0,1,IN,0.0,for,0,1,1.021204128395766,18.90419907432743,7.693494297163422,3,2,808,0,0,0,29
1,8,2,NNS,2.0,"horses,",11,7,10.55592311237706,20.760230048421334,21.3607732299266,7,2,809,1,0,0,30
0,0,0,CC,1.0,but,0,0,4.1682326177251525,17.553098244319884,9.64272076435627,3,2,810,0,0,0,31
2,0,1,IN,0.0,after,0,0,6.1639068282675,16.646807242872875,10.950222297746166,5,2,811,0,0,0,32
1,0,1,DT,0.0,a,0,1,1.2983777259651106,19.69218547190043,6.556670229096891,1,2,812,0,0,0,33
0,2,1,NN,2.0,time,2,1,5.458036778058158,17.075857868787498,10.33123308744883,4,2,813,0,0,0,34
1,1,1,PRP,0.0,he,0,1,0.7347074619028717,17.694798179754258,9.438290970210817,2,2,814,0,0,0,35
1,0,1,VBN,3.0,tired,0,1,9.687996325781569,12.95675969494463,16.27383559578672,5,2,815,0,0,0,36
1,0,1,IN,0.0,of,0,1,1.357917713932693,20.087642241543257,5.986146708647226,2,2,816,0,0,0,37
1,0,1,DT,0.0,the,0,1,3.650333290686831,20.651930178991396,5.17205129965733,3,2,817,0,0,0,38
0,0,0,JJ,0.0,dull,0,1,11.285610004561022,11.988277267209066,17.671060391468924,4,2,818,0,0,0,39
0,4,0,NN,4.0,"life,",7,2,8.46432613331126,20.767125321459567,17.12849901159054,5,2,819,1,0,0,40
0,0,0,CC,1.0,and,0,0,0.7924324280465953,19.93279149564298,6.2095491118355035,3,2,820,0,0,0,41
3,0,1,PRP,1.0,he,0,0,4.512488275300711,17.694798179754258,9.438290970210817,2,2,821,0,0,0,42
0,0,0,CC,1.0,and,0,0,8.731028953567147,19.93279149564298,6.2095491118355035,3,2,822,0,0,0,43
1,0,1,PRP$,0.0,his,0,1,0.2866739474993665,17.63767918161909,9.520696265560964,3,2,823,0,0,0,44
0,2,1,NNS,2.0,brothers,3,3,2.074517996254144,12.806912632804934,16.49001920922744,8,2,824,0,0,0,45
1,0,1,VBD,1.0,floated,0,0,9.266883378848432,11.094876511351249,18.95996523147145,7,2,825,0,0,0,46
1,0,1,IN,0.0,under,0,1,7.912127581890672,16.31977962379061,11.42202342202987,5,2,826,0,0,0,47
1,0,1,DT,0.0,a,0,1,2.164821673301049,19.69218547190043,6.556670229096891,1,2,827,0,0,0,48
0,2,0,NN,3.0,bridge,3,1,7.474629454663955,13.263876828470467,15.83075923027696,6,2,828,0,0,0,49
1,0,1,IN,0.0,for,0,1,5.658339151646942,18.90419907432743,7.693494297163422,3,2,829,0,0,0,50
1,0,1,DT,0.0,a,0,1,1.414513662457466,19.69218547190043,6.556670229096891,1,2,830,0,0,0,51
0,0,0,JJ,0.0,long,0,1,3.5167523813433945,16.0285797220134,11.842136076231204,4,2,831,0,0,0,52
0,2,0,NN,4.0,"distance,",5,3,7.518984994734637,20.761646618609824,19.14484517905178,9,2,832,1,0,0,53
1,0,1,IN,0.0,until,0,1,5.06295697868336,15.481263584316432,12.631746353885124,5,2,833,0,0,0,54
2,1,2,PRP,0.0,they,0,1,1.4301070485962557,17.366789695455783,9.911507183877728,4,2,834,0,0,0,55
1,0,1,VBD,3.0,saw,0,1,4.807014729012735,14.882462918571155,13.49563310483684,3,2,835,0,0,0,56
2,0,1,DT,0.0,another,0,0,7.120509131811559,15.813822436865516,12.151965346508836,7,2,836,0,0,0,57
0,1,1,NN,2.0,brook,1,2,8.92703011422418,14.800628227559134,30.216024058182377,5,2,837,0,0,0,58
1,0,1,VBG,1.0,tumbling,0,0,13.493386447429655,13.066315640651812,34.23308236272109,8,2,838,0,0,0,59
1,0,1,IN,0.0,down,0,1,2.4669547379016876,16.107036220281262,11.728947275254644,4,2,839,0,0,0,60
1,0,1,DT,0.0,a,0,1,4.281397995422594,19.69218547190043,6.556670229096891,1,2,840,0,0,0,61
0,11,1,NN,3.0,hillside.,14,6,6.5066287379013374,20.843676855539822,37.03085937261159,9,2,841,1,0,1,62
3,1,3,``,0.0,"'Come,",1,2,15.665842073503882,20.78002313523916,31.188055635085895,6,2,842,1,1,0,0
3,1,3,VB,1.0,let's,1,2,4.59537926921621,18.176057675648018,21.640639972347113,5,2,843,0,0,0,1
1,0,1,VB,2.0,join,0,1,9.16264230851084,13.801566793960571,15.05503658352863,4,2,844,0,0,0,2
1,6,1,NNS,1.0,hands!',6,3,4.702146436087787,14.770883531866565,30.194735672855465,7,2,845,1,0,1,3
4,0,1,VBD,0.0,cried,0,0,2.8034239953849465,12.723988077108029,16.609654054499288,5,2,846,0,1,0,0
1,4,4,NNP,1.0,Aqua,1,1,4.084670091746375,17.65430252354422,27.24400834271535,4,2,847,0,0,0,1
0,0,0,CC,1.0,and,0,0,3.7103335270658135,19.93279149564298,6.2095491118355035,3,2,848,0,0,0,2
2,0,1,IN,0.0,because,0,1,12.879859141539782,16.447210891125962,11.23817896459096,7,2,849,0,0,0,3
2,0,1,DT,0.0,the,0,0,3.722005925606936,20.651930178991396,5.17205129965733,3,2,850,0,0,0,4
0,0,0,NN,0.0,water,0,1,3.3616349026560783,15.55179255272304,12.529994560925893,5,2,851,0,0,0,5
0,1,1,NNS,2.0,drops,2,2,3.255747752264142,12.561485793739392,16.84409529284835,5,2,852,0,0,0,6
1,0,1,VBD,0.0,were,0,1,1.3325831604888665,17.723648827567594,9.39666828368408,4,2,853,0,0,0,7
0,0,0,RB,0.0,all,0,1,4.76940582471434,17.469149055179013,9.763833843216451,3,2,854,0,0,0,8
1,4,2,RB,4.0,"together,",5,2,9.550497751391958,20.76375289026012,18.027888160512045,9,2,855,1,0,0,9
2,0,1,VBG,0.0,overcoming,0,0,20.90959462156752,11.050794762742996,19.023561751582285,10,2,856,0,0,0,10
1,0,1,DT,0.0,the,0,1,1.328876812243834,20.651930178991396,5.17205129965733,3,2,857,0,0,0,11
0,3,1,NN,2.0,brook,2,2,6.86702876817435,14.800628227559134,30.216024058182377,5,2,858,0,0,0,12
1,0,1,VBD,0.0,was,0,1,7.60547493211925,18.521451560034553,8.24568223794633,3,2,859,0,0,0,13
2,1,2,NN,1.0,child's,1,2,17.267179190181196,18.154632314274796,22.27209486725181,7,2,860,0,0,0,14
0,4,0,NN,5.0,play.,7,3,1.850504177622497,20.8461586912148,17.990157278837778,5,2,861,1,0,1,15
2,1,2,PRP,0.0,It,0,0,4.598333656787872,16.818509266914305,10.702508639150992,2,2,862,0,1,0,0
1,0,1,VBD,0.0,was,0,1,0.534762917086482,18.521451560034553,8.24568223794633,3,2,863,0,0,0,1
1,0,1,IN,0.0,by,0,1,8.885888211429119,18.29067397824052,8.57862391074893,2,2,864,0,0,0,2
2,0,1,DT,0.0,the,0,0,3.5508381879189983,20.651930178991396,5.17205129965733,3,2,865,0,0,0,3
0,1,1,NN,4.0,help,1,2,7.099883623770438,15.690273578009746,12.330208672487544,4,2,866,0,0,0,4
1,0,1,IN,0.0,of,0,1,0.0466488344827666,20.087642241543257,5.986146708647226,2,2,867,0,0,0,5
2,1,2,NNP,2.0,Aqua,0,0,6.2216120272642,17.65430252354422,27.24400834271535,4,2,868,0,0,0,6
0,0,0,CC,1.0,and,0,0,2.066148965386674,19.93279149564298,6.2095491118355035,3,2,869,0,0,0,7
1,0,1,PRP$,0.0,his,0,1,0.3521322201704606,17.63767918161909,9.520696265560964,3,2,870,0,0,0,8
0,5,0,NNS,2.0,brothers,7,3,1.573002275894396,12.806912632804934,16.49001920922744,8,2,871,0,0,0,9
1,0,1,IN,0.0,that,0,1,0.2851548437029123,19.024464301341364,7.519988250559035,4,2,872,0,0,0,10
2,0,1,DT,0.0,the,0,0,1.624104198475834,20.651930178991396,5.17205129965733,3,2,873,0,0,0,11
0,0,0,VBG,0.0,bewitching,0,1,19.69974657014245,12.249587012361133,36.58818418851391,10,2,874,0,0,0,12
0,1,1,NN,2.0,river,2,2,6.531484100036323,13.498300802786732,15.492556925065404,5,2,875,0,0,0,13
1,0,1,VBD,0.0,was,0,0,3.649735883343965,18.521451560034553,8.24568223794633,3,2,876,0,0,0,14
1,0,1,JJ,4.0,able,0,1,3.9801611537113786,15.368554188064982,12.794351640918675,4,2,877,0,0,0,15
2,0,1,TO,0.0,to,0,1,0.0077854210394434,19.88357245739644,6.280557174231113,2,2,878,0,0,0,16
1,0,1,VB,2.0,float,0,1,6.988311236083973,13.186057166856532,15.943029270171046,5,2,879,0,0,0,17
1,0,1,JJ,0.0,heavy,0,0,14.951440632343292,14.050869595501348,14.695368668066024,5,2,880,0,0,0,18
0,4,1,NNS,2.0,"ships,",6,4,12.981773911858909,20.760249316665927,21.290994464966293,6,2,881,1,0,0,19
1,0,1,IN,0.0,though,0,1,8.053825589944609,15.33441482476998,12.843604331043483,6,2,882,0,0,0,20
2,0,1,RB,0.0,not,0,0,4.869032522663474,18.05588478508421,8.917353115369856,3,2,883,0,0,0,21
1,0,1,RB,0.0,so,0,1,3.865828885231167,17.102955196419583,10.292139907252675,2,2,884,0,0,0,22
0,0,0,RB,0.0,long,2,2,6.925311842467636,16.0285797220134,11.842136076231204,4,2,885,0,0,0,23
0,2,1,RB,3.0,ago,1,1,2.4077557772397995,14.641747908824486,13.8429114556659,3,2,886,0,0,0,24
1,1,1,PRP,0.0,it,0,1,2.570556655526161,18.431334787537676,8.375693258728493,2,2,887,0,0,0,25
1,0,1,VBD,0.0,was,0,1,1.593555900733918,18.521451560034553,8.24568223794633,3,2,888,0,0,0,26
1,0,1,RB,0.0,only,0,1,4.012825938174501,16.873419471860046,10.623289958781577,4,2,889,0,0,0,27
0,0,0,DT,0.0,a,0,1,2.1674540179083124,19.69218547190043,6.556670229096891,1,2,890,0,0,0,28
0,0,0,JJ,0.0,little,0,1,4.340625935816206,15.70386302020348,12.310603251626194,6,2,891,0,0,0,29
0,10,0,NN,8.0,stream.,13,2,7.476884441450238,20.843636225627407,19.942733752701297,7,2,892,1,0,1,30
2,0,1,IN,0.0,As,0,0,5.395176475169137,15.831493928052089,12.126470773808853,2,2,893,0,1,0,0
3,0,1,DT,0.0,the,0,0,2.149009716405999,20.651930178991396,5.17205129965733,3,2,894,0,0,0,1
0,1,1,NN,1.0,river,1,2,4.09358139714459,13.498300802786732,15.492556925065404,5,2,895,0,0,0,2
1,0,1,VBD,2.0,grew,0,1,5.817897940054536,13.391782696345498,15.646230068993056,4,2,896,0,0,0,3
1,3,2,JJR,1.0,wider,2,1,8.359695568680763,12.69440416321832,16.652334620358054,5,2,897,0,0,0,4
0,0,0,CC,1.0,and,0,0,0.842255906900391,19.93279149564298,6.2095491118355035,3,2,898,0,0,0,5
2,1,2,PRP,0.0,he,0,1,9.82252468005754,17.694798179754258,9.438290970210817,2,2,899,0,0,0,6
1,0,1,MD,0.0,could,0,0,3.6912760795094073,16.68628345113659,10.893270167851,5,2,900,0,0,0,7
1,1,1,RB,0.0,almost,1,1,8.668172364879865,15.0034237949964,13.32112344827656,6,2,901,0,0,0,8
1,0,1,VB,4.0,see,0,0,0.7293417655746453,16.358742639435995,11.365811672580191,3,2,902,0,0,0,9
1,0,1,DT,0.0,the,0,1,1.515669006621465,20.651930178991396,5.17205129965733,3,2,903,0,0,0,10
0,6,1,NN,2.0,"ocean,",8,5,8.745456310804002,20.76020182286623,21.469495875782755,6,2,904,1,0,0,11
1,1,1,NNP,0.0,Aqua,0,1,2.9169870683690533,17.65430252354422,27.24400834271535,4,2,905,0,0,0,12
1,0,1,VBD,2.0,realized,0,1,7.446591643616557,13.516909085263215,15.46571084821712,8,2,906,0,0,0,13
4,0,1,PRP$,0.0,his,0,0,5.4748039979022,17.63767918161909,9.520696265560964,3,2,907,0,0,0,14
0,1,1,NN,1.0,journey,1,1,10.568358308868484,13.302963453299943,15.774369150470388,7,2,908,0,0,0,15
1,0,1,VBD,0.0,was,0,0,0.7906968438765034,18.521451560034553,8.24568223794633,3,2,909,0,0,0,16
1,0,1,RB,0.0,almost,1,1,6.113012221758254,15.0034237949964,13.32112344827656,6,2,910,0,0,0,17
0,3,1,JJ,4.0,over,2,2,3.609923719894141,16.743434436833045,10.810818724204807,4,2,911,0,0,0,18
0,0,0,CC,1.0,and,0,0,1.0981764616444707,19.93279149564298,6.2095491118355035,3,2,912,0,0,0,19
2,1,2,PRP,0.0,he,0,1,3.030197536572814,17.694798179754258,9.438290970210817,2,2,913,0,0,0,20
1,0,1,VBD,0.0,had,0,1,4.920511055039242,17.432489551576744,9.816722327264898,3,2,914,0,0,0,21
1,0,1,VBN,3.0,come,0,1,6.088741497835144,15.64928219317746,12.389346740104251,4,2,915,0,0,0,22
1,0,1,JJ,0.0,full,0,1,6.577015463262796,15.347576376791752,12.824616225211267,4,2,916,0,0,0,23
0,8,1,NN,2.0,circle.,10,4,1.5188681222498417,20.84331735808732,20.59193520066395,7,2,917,1,0,1,24
2,0,1,RB,0.0,Back,0,0,9.299755655229092,13.072811723375072,16.106407909885014,4,2,918,0,1,0,0
1,0,1,IN,0.0,in,0,1,2.165067423135042,19.583721360186956,6.713150865180346,2,2,919,0,0,0,1
1,0,1,DT,0.0,the,0,1,0.8100609419634566,20.651930178991396,5.17205129965733,3,2,920,0,0,0,2
0,3,1,NN,3.0,"ocean,",4,2,8.148603615933098,20.76020182286623,21.469495875782755,6,2,921,1,0,0,3
1,1,1,PRP,0.0,he,0,1,1.6965921996161342,17.694798179754258,9.438290970210817,2,2,922,0,0,0,4
1,0,1,VBD,2.0,felt,0,1,6.453594685532153,14.66533194586157,13.808886882388355,4,2,923,0,0,0,5
1,0,1,RB,1.0,right,0,1,10.943381861783564,16.228856578108523,11.553197649137935,5,2,924,0,0,0,6
0,0,0,IN,1.0,at,0,1,0.5310540137452335,18.150223836201175,8.781250634161243,2,2,925,0,0,0,7
0,3,0,NN,1.0,home.,6,2,2.534564603714898,20.84787705320513,17.399149588945328,5,2,926,1,0,1,8
2,0,1,IN,0.0,For,0,0,7.3442442044615746,16.00406857783531,11.877498182383452,3,2,927,0,1,0,0
1,2,2,PRP,1.0,"him,",2,2,8.528125458629802,20.776866855139865,15.896580060469269,4,2,928,1,0,0,1
1,1,1,DT,0.0,this,0,1,4.385231120977551,18.084110076486997,8.876632627435416,4,2,929,0,0,0,2
1,0,1,VBD,0.0,was,0,1,1.3873882461339235,18.521451560034553,8.24568223794633,3,2,930,0,0,0,3
2,0,1,DT,0.0,the,0,0,1.9393416073871776,20.651930178991396,5.17205129965733,3,2,931,0,0,0,4
1,0,1,JJS,0.0,"safest,",1,2,16.02078341541346,20.764799118282212,36.23579825227331,7,2,932,1,0,0,5
0,1,0,JJS,1.0,sweetest,0,1,9.938282064162197,15.578306264546272,28.120537004028353,8,2,933,0,0,0,6
0,1,1,NN,5.0,place,3,2,1.9493382424116137,15.639852247822317,12.402951275503977,5,2,934,0,0,0,7
1,0,1,IN,0.0,in,0,1,2.490082258795155,19.583721360186956,6.713150865180346,2,2,935,0,0,0,8
1,0,1,DT,0.0,the,0,1,0.3569058161519933,20.651930178991396,5.17205129965733,3,2,936,0,0,0,9
0,0,0,JJ,0.0,whole,0,1,5.029877721797675,15.072791021482022,13.221047694625527,5,2,937,0,0,0,10
0,0,0,JJ,0.0,wide,0,1,11.363695776090026,14.291416732862624,14.348332505894875,4,2,938,0,0,0,11
0,5,0,NN,5.0,world.,9,2,1.4222298208624125,20.84872925569548,17.176456517612113,6,2,939,1,0,1,12
3,0,1,IN,0.0,During,0,0,10.83297784795286,13.793667730875136,15.066432522669658,6,2,940,0,1,0,0
1,0,1,DT,0.0,the,0,1,1.2012594114930837,20.651930178991396,5.17205129965733,3,2,941,0,0,0,1
0,0,0,JJ,0.0,warm,0,1,9.240803791763028,13.603428106509478,15.340890285322573,4,2,942,0,0,0,2
0,0,0,NN,0.0,summer,0,1,2.870444640517235,13.991970804122106,14.780341662303211,6,2,943,0,0,0,3
0,2,1,NNS,4.0,"evenings,",5,2,8.524709705146961,20.7599058710872,23.94807975832978,9,2,944,1,0,0,4
1,0,1,IN,0.0,if,0,0,7.393761236104183,17.14973730774824,10.224647587236507,2,2,945,0,0,0,5
2,1,2,PRP,0.0,you,0,1,4.2920808049384505,18.198249039215252,8.711964911935151,3,2,946,0,0,0,6
1,0,1,VBP,2.0,take,0,1,7.421232139109634,15.951533854192489,11.95328976765742,4,2,947,0,0,0,7
2,0,1,DT,0.0,a,0,0,1.3241447566542774,19.69218547190043,6.556670229096891,1,2,948,0,0,0,8
0,1,1,NN,2.0,walk,1,2,5.23096319695469,14.10901340678005,14.61148487987586,4,2,949,0,0,0,9
1,0,1,IN,0.0,on,0,1,3.479657093994319,18.53086189167023,8.232105999162414,2,2,950,0,0,0,10
1,0,1,DT,0.0,the,0,1,0.6665951853792649,20.651930178991396,5.17205129965733,3,2,951,0,0,0,11
0,0,0,NN,0.0,sea,0,1,7.071057225373806,13.911962812625491,14.895768794866864,3,2,952,0,0,0,12
0,6,0,NN,4.0,"beach,",8,2,9.2091769867111,20.760259787125296,21.254445081317815,6,2,953,1,0,0,13
1,1,1,PRP,0.0,you,0,1,1.672417015535757,18.198249039215252,8.711964911935151,3,2,954,0,0,0,14
1,0,1,MD,0.0,will,0,1,1.5792186717735603,17.38540358388539,9.884653019348672,4,2,955,0,0,0,15
1,0,1,VB,4.0,hear,0,1,4.592393726925366,14.396789426353092,14.196311843551069,4,2,956,0,0,0,16
2,0,1,DT,0.0,the,0,0,1.8519662355538455,20.651930178991396,5.17205129965733,3,2,957,0,0,0,17
0,0,0,JJ,0.0,gentle,0,1,7.002840595552698,12.351211411196411,17.147457101769096,6,2,958,0,0,0,18
0,0,0,JJ,0.0,rippling,0,1,11.446344880387189,14.764313396682551,32.17115235624007,8,2,959,0,0,0,19
0,1,1,NN,4.0,swash,3,2,27.23438160121441,14.816177731767004,29.275038425014007,5,2,960,0,0,0,20
1,0,1,IN,0.0,of,0,1,0.2842218907317146,20.087642241543257,5.986146708647226,2,2,961,0,0,0,21
1,0,1,DT,0.0,the,0,1,2.4132014657952823,20.651930178991396,5.17205129965733,3,2,962,0,0,0,22
0,6,1,NNS,3.0,waves,7,1,3.2699901285232045,13.188738960110538,15.9391602603428,5,2,963,0,0,0,23
0,0,0,CC,1.0,and,0,0,1.795201346743852,19.93279149564298,6.2095491118355035,3,2,964,0,0,0,24
2,1,2,DT,0.0,some,0,1,10.152854399289936,16.817709477619566,10.70366249120027,4,2,965,0,0,0,25
1,0,1,VBP,2.0,say,0,1,10.675784526392816,15.759564986234368,12.230242301465667,3,2,966,0,0,0,26
1,0,1,IN,0.0,that,0,1,1.5762801244854927,19.024464301341364,7.519988250559035,4,2,967,0,0,0,27
2,1,2,PRP,0.0,it,0,1,3.2357727959752083,18.431334787537676,8.375693258728493,2,2,968,0,0,0,28
1,0,1,MD,0.0,must,0,1,7.352555949240923,15.962264075884518,11.937809330034693,4,2,969,0,0,0,29
1,0,1,VB,0.0,be,0,1,0.7658431655727327,18.381669296901407,8.447345415772759,2,2,970,0,0,0,30
2,0,1,DT,0.0,the,0,0,1.5625397226540372,20.651930178991396,5.17205129965733,3,2,971,0,0,0,31
0,0,0,VBG,0.0,gurgling,0,1,15.907183124334551,16.24838741414557,41.82887607672636,8,2,972,0,0,0,32
0,1,1,NNS,7.0,voices,2,2,9.778645109385252,12.574306526810734,16.825598884825766,6,2,973,0,0,0,33
1,0,1,IN,0.0,of,0,1,0.3556190993986092,20.087642241543257,5.986146708647226,2,2,974,0,0,0,34
3,1,2,NNP,2.0,Aqua,0,0,11.051692138949877,17.65430252354422,27.24400834271535,4,2,975,0,0,0,35
0,0,0,CC,1.0,and,0,0,1.5277108987793326,19.93279149564298,6.2095491118355035,3,2,976,0,0,0,36
1,0,1,PRP$,0.0,his,0,1,0.5943299158243462,17.63767918161909,9.520696265560964,3,2,977,0,0,0,37
0,0,0,NN,0.0,brother,0,1,5.071183317457326,13.936756036884177,14.859999733181215,7,2,978,0,0,0,38
0,0,0,NN,3.0,water,0,1,4.685106419026852,15.55179255272304,12.529994560925893,5,2,979,0,0,0,39
0,2,1,NP,1.0,drops,5,3,2.536610223352909,12.561485793739392,16.84409529284835,5,2,980,0,0,0,40
2,0,1,VBG,1.0,telling,0,1,9.602703310316429,13.59411422936708,15.354327369687358,7,2,981,0,0,0,41
1,0,1,DT,0.0,each,0,1,5.37682985747233,16.39220140585557,11.317540876192414,4,2,982,0,0,0,42
0,1,0,JJ,2.0,other,2,1,0.1319227048661559,17.02036838824095,10.41128748585484,5,2,983,0,0,0,43
1,0,1,IN,0.0,about,0,1,4.935617118142545,17.10157168565105,10.294135891377458,5,2,984,0,0,0,44
2,0,1,PRP$,0.0,their,0,0,2.217181378044188,17.287357438148756,10.026103707581193,5,2,985,0,0,0,45
0,0,0,JJ,0.0,wonderful,0,1,6.856327032670379,13.30726493646167,15.768163422044498,9,2,986,0,0,0,46
0,1,1,NN,4.0,journey,2,2,4.935109907761216,13.302963453299943,15.774369150470388,7,2,987,0,0,0,47
1,0,1,IN,0.0,around,0,1,6.331333763897419,15.859577351277904,12.08595495838978,6,2,988,0,0,0,48
1,0,1,DT,0.0,the,0,1,0.2808096535736695,20.651930178991396,5.17205129965733,3,2,989,0,0,0,49
0,16,1,NN,3.0,world.,18,4,1.3152855321532115,20.84872925569548,17.176456517612113,6,2,990,1,0,1,50
3,1,2,PRP,0.0,It,0,0,7.540972292423248,16.110334410297863,11.724188992873788,2,3,1,0,1,0,0
1,0,1,VBD,0.0,was,0,0,2.3573456117883325,18.521451560034553,8.24568223794633,3,3,2,0,0,0,1
2,1,2,JJ,2.0,cold,0,0,11.860779165290296,14.08696644502038,14.643291922273203,4,3,3,0,0,0,2
0,0,0,CC,1.0,and,0,0,1.8375738873146472,19.93279149564298,6.2095491118355035,3,3,4,0,0,0,3
1,0,1,RB,0.0,nearly,0,1,10.785483279265463,14.25424085975976,14.401965953661094,6,3,5,0,0,0,4
0,2,0,JJ,2.0,dark,4,4,4.19952001189813,14.384930131362148,14.213421189622942,4,3,6,0,0,0,5
1,0,1,IN,0.0,on,0,1,4.709868760895915,18.53086189167023,8.232105999162414,2,3,7,0,0,0,6
2,0,1,DT,0.0,the,0,0,1.4643620036367793,20.651930178991396,5.17205129965733,3,3,8,0,0,0,7
0,0,0,JJ,0.0,last,0,1,8.319054298888659,15.887953038257791,12.045017495502083,4,3,9,0,0,0,8
0,1,1,NN,4.0,evening,2,2,6.327951606595889,13.674970663062505,15.237676193771,7,3,10,0,0,0,9
1,0,1,IN,0.0,of,0,1,0.7206125174416229,20.087642241543257,5.986146708647226,2,3,11,0,0,0,10
1,0,1,DT,0.0,the,0,1,2.6953172988723963,20.651930178991396,5.17205129965733,3,3,12,0,0,0,11
0,0,0,JJ,0.0,old,0,1,10.8993207331514,15.379287495206372,12.778866751933457,3,3,13,0,0,0,12
0,6,1,NN,4.0,"year,",8,2,5.327122093876824,20.767449014755936,17.065538514333902,5,3,14,1,0,0,13
0,0,0,CC,1.0,and,0,0,1.43697094428353,19.93279149564298,6.2095491118355035,3,3,15,0,0,0,14
2,0,1,DT,0.0,the,0,0,2.5764897102490067,20.651930178991396,5.17205129965733,3,3,16,0,0,0,15
0,1,1,NN,1.0,snow,1,2,5.891904404852539,13.43534178260981,15.583387591253882,4,3,17,0,0,0,16
1,0,1,VBD,0.0,was,0,1,1.6033114744350314,18.521451560034553,8.24568223794633,3,3,18,0,0,0,17
1,0,1,VBG,3.0,falling,0,1,2.902071942575276,13.106177083285871,16.05827187060423,7,3,19,0,0,0,18
1,0,1,JJ,1.0,fast,0,0,6.190425992012024,14.384049841392718,14.214691179596382,4,3,20,0,0,0,19
0,0,0,CC,1.0,and,0,0,1.9844750979100352,19.93279149564298,6.2095491118355035,3,3,21,0,0,0,20
0,5,0,JJ,1.0,furious.,8,5,6.5384632727946155,20.84283707370665,23.384214010658862,8,3,22,1,0,1,21
3,0,1,DT,0.0,A,0,0,4.219521151855588,17.13359437447058,10.24793691702159,1,3,23,0,1,0,0
0,0,0,JJ,0.0,little,0,1,6.255793709307909,15.70386302020348,12.310603251626194,6,3,24,0,0,0,1
0,1,1,NN,2.0,girl,2,1,3.514530995860696,14.247424134619102,14.411800409216628,4,3,25,0,0,0,2
3,0,1,DT,0.0,no,0,0,13.85863894969225,17.036769620663787,10.387625509173944,2,3,26,0,0,0,3
0,1,1,NN,1.0,one,1,1,6.278129299171269,17.417661831348372,9.838114205706065,3,3,27,0,0,0,4
1,0,1,VBD,2.0,sheltered,0,0,18.61635114531964,13.356720619612076,34.70662641674989,9,3,28,0,0,0,5
1,0,1,IN,0.0,from,0,1,1.8972172057256105,18.126283629319108,8.815789051907856,4,3,29,0,0,0,6
1,0,1,DT,0.0,the,0,1,0.7018031401676126,20.651930178991396,5.17205129965733,3,3,30,0,0,0,7
0,0,0,JJ,0.0,gelid,0,1,26.81397850922076,16.218406940702664,27.67685193513113,5,3,31,0,0,0,8
0,6,2,NN,4.0,air,6,3,7.78091225028038,14.998329488471509,13.328472979036787,3,3,32,0,0,0,9
1,0,1,VBD,1.0,roamed,0,0,15.302912475541234,14.269440062899736,30.95638659249077,6,3,33,0,0,0,10
1,0,1,IN,0.0,through,0,1,4.908054715022445,16.375970236499086,11.340957503730838,7,3,34,0,0,0,11
1,0,1,DT,0.0,the,0,1,0.2490860063116997,20.651930178991396,5.17205129965733,3,3,35,0,0,0,12
0,2,0,NNS,3.0,streets,3,1,5.368868061574176,13.185571013306904,15.9437306414862,7,3,36,0,0,0,13
1,0,1,IN,0.0,with,0,1,5.04525967646623,18.681580760008114,8.014664635242958,4,3,37,0,0,0,14
2,0,1,DT,0.0,a,0,0,1.9313664372893984,19.69218547190043,6.556670229096891,1,3,38,0,0,0,15
0,0,0,JJ,0.0,bare,0,1,9.13122685183771,12.790481389453456,16.513724482526257,4,3,39,0,0,0,16
0,1,1,NN,4.0,head,2,1,3.4837200343608856,15.404039391209997,12.743157314316427,4,3,40,0,0,0,17
0,0,0,CC,1.0,and,0,0,1.2055524084717035,19.93279149564298,6.2095491118355035,3,3,41,0,0,0,18
1,0,1,JJ,0.0,naked,0,0,9.963464042171836,12.437541445590371,17.022909189269157,5,3,42,0,0,0,19
0,3,0,NNS,2.0,"feet,",6,6,6.041684598661959,20.761396360866996,19.36028879544172,5,3,43,1,0,0,20
2,0,1,VBG,1.0,looking,0,1,6.546674067154527,14.985183179447544,13.347439093871657,7,3,44,0,0,0,21
1,0,1,RB,0.0,as,0,1,5.513217439875007,18.455643172698917,8.340623672004352,2,3,45,0,0,0,22
0,1,0,JJ,2.0,poor,0,1,12.01187469344586,14.297293908064864,14.339853534376171,4,3,46,0,0,0,23
1,0,1,IN,0.0,as,0,1,0.3290571740362793,18.455643172698917,8.340623672004352,2,3,47,0,0,0,24
1,0,1,DT,0.0,a,0,1,1.9724442409351468,19.69218547190043,6.556670229096891,1,3,48,0,0,0,25
0,0,0,NN,0.0,church,0,1,13.255239789141342,13.886481471834854,14.93253059886072,6,3,49,0,0,0,26
0,6,1,NN,4.0,mouse.,9,2,10.402340158820152,20.843642930013576,19.931781765740265,6,3,50,1,0,1,27
5,1,3,PRP,0.0,It's,0,1,13.289747730595993,18.356286329764224,19.53544877263212,4,3,51,0,1,0,0
1,0,1,JJ,2.0,true,1,1,7.319964825408533,15.398799753202052,12.75071651408654,4,3,52,0,0,0,1
3,1,2,PRP,0.0,she,0,1,2.927822083234787,16.84690510554553,10.66154210357584,3,3,53,0,0,0,2
1,0,1,VBD,2.0,had,0,1,2.8940629509743303,17.432489551576744,9.816722327264898,3,3,54,0,0,0,3
1,1,1,RP,1.0,on,1,1,11.81623378326185,18.53086189167023,8.232105999162414,2,3,55,0,0,0,4
2,0,1,DT,0.0,a,0,0,1.5687175571219996,19.69218547190043,6.556670229096891,1,3,56,0,0,0,5
0,1,1,NN,2.0,pair,1,1,4.913780208211392,14.112505877186129,14.60644631014056,4,3,57,0,0,0,6
1,0,1,IN,0.0,of,0,1,0.0027649570256471,20.087642241543257,5.986146708647226,2,3,58,0,0,0,7
1,3,1,NNS,2.0,slippers,2,1,7.730408720206469,12.616565095352364,35.978072689691,8,3,59,0,0,0,8
3,0,1,PRP$,0.0,her,0,0,6.794866096926853,17.210354868203652,10.137194933376698,3,3,60,0,0,0,9
0,1,1,NN,1.0,mother,2,3,4.061752758221701,14.724418101054578,13.72364357930621,6,3,61,0,0,0,10
1,0,1,VBD,0.0,had,0,0,1.7388320243917406,17.432489551576744,9.816722327264898,3,3,62,0,0,0,11
1,1,1,RB,0.0,once,1,1,8.148471970576793,15.20417635500597,13.031498725504989,4,3,63,0,0,0,12
1,0,1,VBN,4.0,given,0,0,4.3854820020496845,15.677245149446344,12.349004721766544,5,3,64,0,0,0,13
1,6,2,PRP,1.0,her,1,1,1.3110976722091436,17.210354868203652,10.137194933376698,3,3,65,0,0,0,14
2,1,2,WRB,0.0,when,0,1,3.6211493965238337,17.09507037229838,10.303515303910618,4,3,66,0,0,0,15
2,1,2,PRP,0.0,she,0,1,0.3267078977078199,16.84690510554553,10.66154210357584,3,3,67,0,0,0,16
1,0,1,VBD,3.0,left,0,1,7.736389596015215,15.67767241595403,12.348388306494764,4,3,68,0,0,0,17
1,10,4,NN,1.0,"home,",11,4,4.597416034899652,20.765403662341388,17.518770462896235,5,3,69,1,0,0,18
0,0,0,CC,1.0,but,0,0,0.6720695737749338,17.553098244319884,9.64272076435627,3,3,70,0,0,0,19
2,1,2,PRP,0.0,they,0,1,5.51312845479697,17.366789695455783,9.911507183877728,4,3,71,0,0,0,20
1,0,1,VBD,0.0,were,0,1,1.0925483752507716,17.723648827567594,9.39666828368408,4,3,72,0,0,0,21
1,0,1,IN,0.0,as,0,0,7.924674881389365,18.455643172698917,8.340623672004352,2,3,73,0,0,0,22
2,0,1,JJ,0.0,much,0,1,5.549550227820873,16.153554875498138,11.661835042064435,4,3,74,0,0,0,23
0,1,1,NN,5.0,use,2,1,11.9918814310804,16.606920053089894,11.007767348641067,3,3,75,0,0,0,24
1,0,1,TO,0.0,to,0,1,1.4404724912601523,19.88357245739644,6.280557174231113,2,3,76,0,0,0,25
1,4,1,PRP,2.0,her,2,2,0.3286401031655259,17.210354868203652,10.137194933376698,3,3,77,0,0,0,26
1,0,1,IN,0.0,as,0,1,0.4701426040846854,18.455643172698917,8.340623672004352,2,3,78,0,0,0,27
1,0,1,DT,0.0,a,0,1,2.943070160690695,19.69218547190043,6.556670229096891,1,3,79,0,0,0,28
0,0,0,NN,0.0,chocolate,0,1,13.504044603789223,12.615260814438464,16.7665143371621,9,3,80,0,0,0,29
0,5,0,NN,4.0,teapot.,9,3,14.59514102502726,20.85132360583732,45.32644056016113,7,3,81,1,0,1,30
3,0,1,DT,0.0,The,0,0,2.928925419226289,18.12053694573349,8.824079763818386,3,3,82,0,1,0,0
0,1,1,NNS,1.0,slippers,1,1,8.128755440935493,12.616565095352364,35.978072689691,8,3,83,0,0,0,1
1,0,1,VBN,1.0,owned,0,0,15.135111814364793,13.28069274292229,15.806498993889305,5,3,84,0,0,0,2
1,0,1,IN,0.0,by,0,1,2.4212811706820503,18.29067397824052,8.57862391074893,2,3,85,0,0,0,3
1,0,1,PRP$,0.0,her,0,1,1.6815644953167066,17.210354868203652,10.137194933376698,3,3,86,0,0,0,4
0,4,1,NN,3.0,mother,4,2,0.9305496336892248,14.724418101054578,13.72364357930621,6,3,87,0,0,0,5
1,0,1,VBD,0.0,were,0,1,1.2993795461952686,17.723648827567594,9.39666828368408,4,3,88,0,0,0,6
1,0,1,RB,0.0,so,0,0,5.375049419235438,17.102955196419583,10.292139907252675,2,3,89,0,0,0,7
0,1,0,JJ,3.0,large,1,1,6.302526314277202,15.588818506740086,12.476577400681318,5,3,90,0,0,0,8
1,0,1,IN,0.0,that,0,1,0.8857192229479551,19.024464301341364,7.519988250559035,4,3,91,0,0,0,9
2,0,1,DT,0.0,the,0,0,3.8007810917915776,20.651930178991396,5.17205129965733,3,3,92,0,0,0,10
0,0,0,JJ,0.0,emaciated,0,1,13.739150392706506,15.856470982921948,42.75270380901033,9,3,93,0,0,0,11
0,0,0,JJ,0.0,little,0,1,3.415169621584937,15.70386302020348,12.310603251626194,6,3,94,0,0,0,12
0,1,1,NN,3.0,creature,3,2,6.762902123155072,12.51323376351944,16.913708257559502,8,3,95,0,0,0,13
1,0,1,VBD,0.0,had,0,1,3.129525923053734,17.432489551576744,9.816722327264898,3,3,96,0,0,0,14
1,0,1,VBN,4.0,lost,0,1,7.243248762446456,14.62525295789496,13.866708639571634,4,3,97,0,0,0,15
1,1,1,PRP,1.0,them,5,1,4.848048706771806,16.811187279975307,10.71307203339734,4,3,98,0,0,0,16
1,0,1,IN,0.0,while,0,0,7.476310371654108,16.10244024205133,11.735577870255009,5,3,99,0,0,0,17
2,0,1,VBG,2.0,running,0,0,6.911404699785635,14.6925143664933,13.769670938943602,7,3,100,0,0,0,18
1,0,1,IN,0.0,across,0,1,5.524989887606353,15.1713016384633,13.078926916031726,6,3,101,0,0,0,19
1,0,1,DT,0.0,the,0,1,0.4043273026763927,20.651930178991396,5.17205129965733,3,3,102,0,0,0,20
0,0,0,NN,3.0,street,4,2,2.606157855159836,13.837830602141224,15.002718967302656,6,3,103,0,0,0,21
2,0,1,TO,0.0,to,0,0,3.3224276886321604,19.88357245739644,6.280557174231113,2,3,104,0,0,0,22
1,0,1,VB,2.0,avoid,0,1,7.765666127670556,14.228660726867016,14.43887028453074,5,3,105,0,0,0,23
2,0,1,CD,0.0,two,0,0,10.844480914063752,16.868943842570165,10.629746926962948,3,3,106,0,0,0,24
0,1,1,NNS,2.0,carriages,1,2,9.874521929770708,15.05092388812453,32.55207474318509,9,3,107,0,0,0,25
2,1,2,WDT,0.0,that,0,1,2.9974696217104793,19.024464301341364,7.519988250559035,4,3,108,0,0,0,26
2,0,1,VBD,0.0,were,0,1,1.4667737847194076,17.723648827567594,9.39666828368408,4,3,109,0,0,0,27
1,0,1,VBG,3.0,rolling,0,0,8.975957753136754,12.667338208832623,16.691382538527225,7,3,110,0,0,0,28
1,1,1,RP,1.0,along,1,2,4.182715568691492,15.270850922492924,12.935307657638145,5,3,111,0,0,0,29
1,0,1,IN,0.0,at,0,1,5.741275222972035,18.150223836201175,8.781250634161243,2,3,112,0,0,0,30
1,0,1,DT,0.0,a,0,1,1.659548530558823,19.69218547190043,6.556670229096891,1,3,113,0,0,0,31
0,0,0,JJ,0.0,terrible,0,1,8.218547177762957,13.008363426849211,16.199387147676617,8,3,114,0,0,0,32
0,21,3,NN,4.0,rate.,14,5,3.4488901854492724,20.84653452066282,17.838739859337338,5,3,115,1,0,1,33
4,1,2,CD,0.0,One,0,0,6.499984180554748,15.049604918777236,13.254498170015268,3,3,116,0,1,0,0
1,0,1,IN,0.0,of,0,1,1.2328669211565284,20.087642241543257,5.986146708647226,2,3,117,0,0,0,1
1,0,1,DT,0.0,the,0,1,0.8194087871379452,20.651930178991396,5.17205129965733,3,3,118,0,0,0,2
0,3,1,NNS,3.0,slippers,3,1,5.214718434610404,12.616565095352364,35.978072689691,8,3,119,0,0,0,3
1,1,1,PRP,0.0,she,1,1,5.366959437727928,16.84690510554553,10.66154210357584,3,3,120,0,0,0,4
1,0,1,MD,0.0,could,0,0,7.2553097512573,16.68628345113659,10.893270167851,5,3,121,0,0,0,5
0,0,0,RB,0.0,not,1,1,2.0561227588914335,18.05588478508421,8.917353115369856,3,3,122,0,0,0,6
1,3,2,VB,4.0,"find,",3,3,8.767418899689801,20.767145819212473,17.124430146872267,5,3,123,1,0,0,7
0,0,0,CC,1.0,and,0,0,2.8602204200578853,19.93279149564298,6.2095491118355035,3,3,124,0,0,0,8
3,0,1,DT,0.0,a,0,0,5.7761132552986965,19.69218547190043,6.556670229096891,1,3,125,0,0,0,9
0,1,1,NN,2.0,boy,1,2,8.15470277343411,14.020178888588209,14.739645998730987,3,3,126,0,0,0,10
2,0,1,VBD,1.0,seized,0,0,14.492977971211076,12.365274830707602,17.127167876182362,6,3,127,0,0,0,11
1,2,2,RP,1.0,upon,0,1,7.228545786812901,15.296309092334278,12.898579282257913,4,3,128,0,0,0,12
1,0,1,DT,0.0,the,0,1,2.914330768981017,20.651930178991396,5.17205129965733,3,3,129,0,0,0,13
0,2,0,JJ,2.0,"other,",4,2,6.130231314105913,20.78332975006569,15.427656163786452,6,3,130,1,0,0,14
2,0,1,VBG,1.0,saying,0,0,9.668867043801583,14.504334908543514,14.041156509724932,6,3,131,0,0,0,15
1,0,1,IN,0.0,that,0,1,2.1801588805392385,19.024464301341364,7.519988250559035,4,3,132,0,0,0,16
2,1,2,PRP,0.0,he,0,1,1.6222694935277104,17.694798179754258,9.438290970210817,2,3,133,0,0,0,17
1,0,1,MD,0.0,could,0,1,3.7280647442676127,16.68628345113659,10.893270167851,5,3,134,0,0,0,18
1,0,1,VB,4.0,use,0,1,7.262934523052536,16.606920053089894,11.007767348641067,3,3,135,0,0,0,19
1,1,1,PRP,1.0,it,1,1,2.2758521783398464,18.431334787537676,8.375693258728493,2,3,136,0,0,0,20
1,0,1,IN,0.0,as,0,1,4.453016145154834,18.455643172698917,8.340623672004352,2,3,137,0,0,0,21
2,0,1,DT,0.0,a,0,0,0.6594920139759779,19.69218547190043,6.556670229096891,1,3,138,0,0,0,22
0,1,1,NN,3.0,home,1,2,10.63381515815854,15.570918407584418,12.502401784964622,4,3,139,0,0,0,23
1,0,1,IN,0.0,for,0,1,1.5436233814107254,18.90419907432743,7.693494297163422,3,3,140,0,0,0,24
1,0,1,PRP$,0.0,his,0,1,1.1890467260964217,17.63767918161909,9.520696265560964,3,3,141,0,0,0,25
0,0,0,JJ,0.0,little,0,1,3.603190478985198,15.70386302020348,12.310603251626194,6,3,142,0,0,0,26
0,0,0,JJ,0.0,pet,0,1,10.521341943414882,13.339524268240815,15.72162304406433,3,3,143,0,0,0,27
0,13,2,NN,5.0,mouse.,16,5,9.363798379898071,20.843642930013576,19.931781765740265,6,3,144,1,0,1,28
2,0,1,IN,0.0,So,0,0,7.208359211683273,15.306440121766116,12.883963296337498,2,3,145,0,1,0,0
1,0,1,IN,0.0,with,0,1,7.428479498252273,18.681580760008114,8.014664635242958,4,3,146,0,0,0,1
2,0,1,PRP$,0.0,her,0,0,3.810279795899987,17.210354868203652,10.137194933376698,3,3,147,0,0,0,2
0,0,0,JJ,0.0,naked,0,1,9.527489148080347,12.437541445590371,17.022909189269157,5,3,148,0,0,0,3
0,1,1,NNS,4.0,"feet,",3,3,3.905372093548067,20.761396360866996,19.36028879544172,5,3,149,1,0,0,4
2,1,2,WDT,0.0,which,0,1,8.474967057700269,17.599930483545194,9.57515612507219,5,3,150,0,0,0,5
2,0,1,VBD,0.0,were,0,1,1.9769695103168488,17.723648827567594,9.39666828368408,4,3,151,0,0,0,6
1,0,1,RB,0.0,quite,0,1,7.918027104227804,14.79680745161507,13.619207822239414,5,3,152,0,0,0,7
0,0,0,JJ,4.0,red,0,0,11.296665683970788,14.790330541428592,13.628552028445725,3,3,153,0,0,0,8
0,0,0,CC,1.0,and,0,0,1.2542704516090453,19.93279149564298,6.2095491118355035,3,3,154,0,0,0,9
0,1,0,JJ,1.0,blue,2,3,7.928708714898676,14.264644165450992,14.386957156131505,4,3,155,0,0,0,10
1,0,1,IN,0.0,with,0,1,4.382562203449197,18.681580760008114,8.014664635242958,4,3,156,0,0,0,11
1,0,1,DT,0.0,the,0,1,3.0566165532218292,20.651930178991396,5.17205129965733,3,3,157,0,0,0,12
0,8,2,NN,3.0,"cold,",9,2,6.720288469805382,20.761105107886095,19.659660600204816,5,3,158,1,0,0,13
1,0,1,DT,0.0,the,0,0,2.1842397405707743,20.651930178991396,5.17205129965733,3,3,159,0,0,0,14
0,0,0,JJ,0.0,little,0,1,1.05584831329179,15.70386302020348,12.310603251626194,6,3,160,0,0,0,15
0,1,0,NN,2.0,girl,2,2,1.6545136091299355,14.247424134619102,14.411800409216628,4,3,161,0,0,0,16
1,0,1,VBD,2.0,went,0,0,5.361986361443996,15.185966907303502,13.057769405402668,4,3,162,0,0,0,17
1,1,1,RP,1.0,"on,",2,3,9.620855279732496,20.862071190632115,13.248474677094029,3,3,163,1,0,0,18
2,0,1,VBG,1.0,wondering,0,1,7.947890961077064,12.917921357206255,16.32986747303824,9,3,164,0,0,0,19
2,1,2,WRB,0.0,how,0,1,2.759671509731561,16.442215191928913,11.245386235048318,3,3,165,0,0,0,20
2,1,2,PRP,0.0,she,0,1,1.8073013587854805,16.84690510554553,10.66154210357584,3,3,166,0,0,0,21
1,0,1,MD,0.0,would,0,1,3.5968912574462593,17.12711793173308,10.257280448841584,5,3,167,0,0,0,22
1,0,1,VB,4.0,get,0,1,3.1817935935687274,16.65007205168175,10.94551217426815,3,3,168,0,0,0,23
1,0,1,IN,0.0,through,0,1,6.640922460472211,16.375970236499086,11.340957503730838,7,3,169,0,0,0,24
1,0,1,DT,0.0,this,0,1,3.4255811646580696,18.084110076486997,8.876632627435416,4,3,170,0,0,0,25
0,0,0,JJ,0.0,dreadful,0,1,8.218933836556971,11.172854761626729,18.847466396501815,8,3,171,0,0,0,26
0,10,1,NN,4.0,night.,13,2,5.5383794298395514,20.8460071236904,18.05600487528257,6,3,172,1,0,1,27
2,1,2,PRP,0.0,She,0,0,2.7588686645030975,15.75878094018462,12.23137344081347,3,3,173,0,1,0,0
2,0,1,VBD,1.0,approached,0,1,10.511412092950197,12.73766219909888,16.589926466514576,10,3,174,0,0,0,1
1,0,1,DT,0.0,an,0,0,6.172024902713019,17.966326533280526,9.046558361117718,2,3,175,0,0,0,2
0,0,0,JJ,0.0,old,0,1,1.330096052668523,15.379287495206372,12.778866751933457,3,3,176,0,0,0,3
0,1,0,NN,3.0,hovel,2,2,13.87499973922968,14.093444521614629,31.26892175407145,5,3,177,0,0,0,4
3,1,2,PRP,0.0,she,3,1,5.391021758317947,16.84690510554553,10.66154210357584,3,3,178,0,0,0,5
1,0,1,VBD,0.0,had,0,0,0.5482398592866957,17.432489551576744,9.816722327264898,3,3,179,0,0,0,6
1,0,1,VBN,3.0,used,0,0,6.513543409761041,16.57386279565365,11.055458890009728,4,3,180,0,0,0,7
1,0,1,IN,0.0,as,0,1,2.2782265866699163,18.455643172698917,8.340623672004352,2,3,181,0,0,0,8
2,0,1,DT,0.0,a,0,1,0.4077972281666007,19.69218547190043,6.556670229096891,1,3,182,0,0,0,9
0,1,1,NN,3.0,shelter,3,2,2.160340638598427,12.341486016122692,17.161487881012636,7,3,183,0,0,0,10
2,0,1,DT,0.0,a,0,0,6.537748459726572,19.69218547190043,6.556670229096891,1,3,184,0,0,0,11
0,0,0,JJ,0.0,few,0,1,1.224040877976222,15.640373671735874,12.402199019809682,3,3,185,0,0,0,12
0,1,1,NNS,2.0,times,2,2,3.922736122302013,15.374907444227162,12.785185829760003,5,3,186,0,0,0,13
0,8,2,RB,2.0,"before,",4,2,1.8916352764354087,20.77112889148249,16.49368656050132,7,3,187,1,0,0,14
0,0,0,CC,1.0,and,0,0,0.7934779375209473,19.93279149564298,6.2095491118355035,3,3,188,0,0,0,15
1,0,1,VBD,1.0,found,0,1,3.4705191454850137,16.135319564070347,11.688143035430375,5,3,189,0,0,0,16
3,0,1,DT,0.0,the,0,0,3.499564226367511,20.651930178991396,5.17205129965733,3,3,190,0,0,0,17
0,1,1,NN,1.0,entrance,1,2,8.107744059409015,12.810506091821322,16.48483494372486,8,3,191,0,0,0,18
1,0,1,VBD,0.0,was,0,1,4.007113664178178,18.521451560034553,8.24568223794633,3,3,192,0,0,0,19
1,7,2,VBN,3.0,locked.,7,4,5.017628313275054,20.84310682556422,21.27028666085235,7,3,193,1,0,1,20
3,0,1,JJ,0.0,Tough,0,0,16.089077323675156,16.695457330710074,26.80520282801069,5,3,194,0,1,0,0
0,1,1,NN,1.0,luck,1,1,9.403162479400637,13.102935879738231,16.062947938888925,4,3,195,0,0,0,1
1,0,1,IN,0.0,for,0,1,2.8435932873981073,18.90419907432743,7.693494297163422,3,3,196,0,0,0,2
1,0,1,DT,0.0,the,0,1,2.128241267404519,20.651930178991396,5.17205129965733,3,3,197,0,0,0,3
0,4,1,NN,3.0,girl!,4,2,9.728499241638929,16.5872151394668,25.59415637849231,5,3,198,1,0,1,4
2,0,1,DT,0.0,This,0,0,7.7744185496121645,16.684097291579818,10.896424129402147,4,3,199,0,1,0,0
0,1,1,NN,1.0,day,1,1,9.022989874705672,15.919835791538643,11.999020405453908,3,3,200,0,0,0,1
1,0,1,VBD,0.0,was,0,1,1.8110676291398704,18.521451560034553,8.24568223794633,3,3,201,0,0,0,2
1,0,1,RB,0.0,even,0,0,7.544033267069608,16.307134926601453,11.440265863958214,4,3,202,0,0,0,3
0,1,0,JJR,3.0,worse,1,2,2.2360347397625446,13.692786837199073,15.21197288769656,5,3,203,0,0,0,4
1,0,1,IN,0.0,than,0,1,1.1894161116797477,16.958709278696364,10.500242777420445,4,3,204,0,0,0,5
1,0,1,DT,0.0,the,0,1,1.9949567744042724,20.651930178991396,5.17205129965733,3,3,205,0,0,0,6
0,4,0,NNS,3.0,others.,6,2,9.271555141545832,20.845942518274025,18.08500920123242,7,3,206,1,0,1,7
2,0,1,DT,0.0,No,0,0,7.010937213897705,15.64518090853136,12.395263643124457,2,3,207,0,1,0,0
0,0,0,NNP,0.0,Good,0,1,18.483334705233577,13.634344733054862,15.296287021524527,4,3,208,0,0,0,1
0,1,1,NNP,2.0,Samaritan,2,1,6.9269460663199425,16.2438413888768,44.00939190764393,9,3,209,0,0,0,2
1,0,1,VBD,0.0,had,0,1,3.0958494445076212,17.432489551576744,9.816722327264898,3,3,210,0,0,0,3
1,0,1,VBN,2.0,given,0,1,8.142565002199262,15.677245149446344,12.349004721766544,5,3,211,0,0,0,4
1,1,1,PRP,1.0,her,1,1,0.2414768201997503,17.210354868203652,10.137194933376698,3,3,212,0,0,0,5
1,0,1,RB,0.0,even,0,1,9.509980401955543,16.307134926601453,11.440265863958214,4,3,213,0,0,0,6
0,0,0,DT,0.0,a,0,1,1.0840212901239283,19.69218547190043,6.556670229096891,1,3,214,0,0,0,7
0,4,0,NN,3.0,penny.,6,2,11.777254022134002,20.84282061591604,23.71166479881671,6,3,215,1,0,1,8
1,0,1,CC,0.0,And,0,0,5.55586651712656,15.859392147720534,12.086222150643554,3,3,216,0,1,0,0
1,1,1,PRP,0.0,she,0,1,3.6821291148662567,16.84690510554553,10.66154210357584,3,3,217,0,0,0,1
1,0,1,VBD,2.0,had,0,1,2.813621565233916,17.432489551576744,9.816722327264898,3,3,218,0,0,0,2
2,0,1,DT,0.0,no,0,1,2.961711511714384,17.036769620663787,10.387625509173944,2,3,219,0,0,0,3
0,1,1,NN,2.0,luck,2,1,8.542634226148948,13.102935879738231,16.062947938888925,4,3,220,0,0,0,4
2,0,1,VBG,1.0,selling,0,1,10.11583816818893,13.19764152178226,15.9263165787678,7,3,221,0,0,0,5
2,0,1,DT,0.0,any,0,0,4.344162212684751,16.78593097223423,10.749509183326555,3,3,222,0,0,0,6
0,1,1,NNS,2.0,matches,1,2,17.1451508551836,13.173067898498896,15.96176882321538,7,3,223,0,0,0,7
2,1,2,WDT,0.0,that,0,1,4.847007900010794,19.024464301341364,7.519988250559035,4,3,224,0,0,0,8
2,1,2,PRP,0.0,she,0,1,1.302191770169884,16.84690510554553,10.66154210357584,3,3,225,0,0,0,9
1,0,1,VBD,3.0,carried,0,1,7.559741044417024,14.245448417096654,14.41465076708846,7,3,226,0,0,0,10
1,0,1,IN,0.0,in,0,1,2.9360845959745347,19.583721360186956,6.713150865180346,2,3,227,0,0,0,11
2,0,1,DT,0.0,the,0,0,4.233275439066347,20.651930178991396,5.17205129965733,3,3,228,0,0,0,12
0,0,0,JJ,0.0,old,0,1,6.8309989115805365,15.379287495206372,12.778866751933457,3,3,229,0,0,0,13
0,1,1,NN,4.0,apron,2,2,13.32290356606245,14.83463473514195,29.228963376849677,5,3,230,0,0,0,14
3,0,1,PRP$,0.0,her,0,0,7.442088497045916,17.210354868203652,10.137194933376698,3,3,231,0,0,0,15
0,1,1,NN,1.0,grandmother,1,1,5.748838630330283,12.146115613326195,17.443347792263623,11,3,232,0,0,0,16
1,0,1,VBD,0.0,had,0,0,0.9901521769352256,17.432489551576744,9.816722327264898,3,3,233,0,0,0,17
1,0,1,VBN,3.0,given,1,1,1.842825208324939,15.677245149446344,12.349004721766544,5,3,234,0,0,0,18
1,16,3,PRP,1.0,her.,13,4,1.6389880226925015,20.86886479250561,15.033942737357403,4,3,235,1,0,1,19
2,0,1,NNP,0.0,Poor,0,0,8.880808908492327,11.518111991657529,18.34936550290532,4,3,236,0,1,0,0
0,0,0,JJ,0.0,little,0,0,1.2657051456626505,15.70386302020348,12.310603251626194,6,3,237,0,0,0,1
0,1,1,NN,2.0,"child,",3,3,8.59567995800171,20.762750906500617,18.45552341170229,6,3,238,1,0,0,2
2,1,2,PRP,0.0,she,0,1,2.1280923472950235,16.84690510554553,10.66154210357584,3,3,239,0,0,0,3
1,0,1,VBD,2.0,looked,0,1,6.739234845153987,14.806781852602777,13.60481780339861,6,3,240,0,0,0,4
2,0,1,DT,0.0,the,0,0,7.91946803056635,20.651930178991396,5.17205129965733,3,3,241,0,0,0,5
0,1,1,NN,2.0,picture,1,2,10.754591298988087,14.07283135628005,14.663684544701404,7,3,242,0,0,0,6
1,0,1,IN,0.0,of,0,1,0.7144000590778887,20.087642241543257,5.986146708647226,2,3,243,0,0,0,7
1,6,1,NN,2.0,misery.,6,2,9.577463591005651,20.842838012470455,23.367599899635824,7,3,244,1,0,1,8
3,0,1,IN,0.0,On,0,0,7.671051666140556,15.211089681961443,13.02152490299028,2,3,245,0,1,0,0
2,0,1,PRP$,0.0,her,0,0,2.76898894587066,17.210354868203652,10.137194933376698,3,3,246,0,0,0,1
0,0,0,JJ,0.0,"long,",1,2,10.863166337832808,20.76861786511306,16.858504754162816,5,3,247,1,0,0,2
0,0,0,JJ,0.0,fair,0,1,11.289573446498252,13.822076951934044,15.02544668033245,4,3,248,0,0,0,3
0,1,1,NN,4.0,"hair,",4,3,4.056468325085007,20.761321798963447,19.43122312356763,5,3,249,1,0,0,4
2,1,2,WDT,0.0,which,0,1,6.502701546647586,17.599930483545194,9.57515612507219,5,3,250,0,0,0,5
2,0,1,VBN,2.0,hung,0,0,5.465935976244509,12.624542819973207,16.75312323380762,4,3,251,0,0,0,6
1,0,1,IN,0.0,in,0,1,3.5169150007423013,19.583721360186956,6.713150865180346,2,3,252,0,0,0,7
2,1,2,NNS,2.0,curls,2,2,7.233007245929912,14.399196604589305,30.38963244156726,5,3,253,0,0,0,8
1,0,1,IN,0.0,on,0,1,5.190124027605634,18.53086189167023,8.232105999162414,2,3,254,0,0,0,9
1,0,1,PRP$,0.0,her,0,1,1.0830519240698775,17.210354868203652,10.137194933376698,3,3,255,0,0,0,10
0,9,2,NNS,3.0,"shoulders,",7,2,3.8546132411574945,20.760179680744535,21.560915696515067,10,3,256,1,0,0,11
1,0,1,DT,0.0,the,0,0,3.612500683753751,20.651930178991396,5.17205129965733,3,3,257,0,0,0,12
0,1,0,NNS,1.0,snowflakes,1,2,14.757818849640898,14.761320479644926,46.05949684330329,10,3,258,0,0,0,13
1,0,1,VBD,2.0,kept,0,1,7.785049977945164,14.22024139656255,14.451016810608596,4,3,259,0,0,0,14
1,3,2,VBG,1.0,"landing,",4,2,15.406672231853008,20.76012177641744,21.831592889567283,8,3,260,1,0,0,15
0,0,0,CC,1.0,but,0,0,4.760202827630565,17.553098244319884,9.64272076435627,3,3,261,0,0,0,16
2,1,2,PRP,0.0,she,0,1,2.283430465962738,16.84690510554553,10.66154210357584,3,3,262,0,0,0,17
1,0,1,VBD,0.0,did,0,0,4.424602140759816,16.320603258264402,11.420835168659025,3,3,263,0,0,0,18
0,0,0,RB,0.0,not,1,1,0.0491917793697211,18.05588478508421,8.917353115369856,3,3,264,0,0,0,19
1,0,1,VB,4.0,notice,0,0,6.084903361741453,14.279485425692508,14.365545743580526,6,3,265,0,0,0,20
1,1,1,PRP,1.0,them,1,1,2.7533195316791534,16.811187279975307,10.71307203339734,4,3,266,0,0,0,21
1,0,1,IN,0.0,as,0,1,3.914227397646755,18.455643172698917,8.340623672004352,2,3,267,0,0,0,22
2,1,2,PRP,0.0,she,0,1,1.8080124561674893,16.84690510554553,10.66154210357584,3,3,268,0,0,0,23
1,0,1,VBD,3.0,shivered,0,1,11.763386664912105,14.624736211126985,32.27231287335043,8,3,269,0,0,0,24
1,8,1,RP,1.0,along.,9,5,11.838232792913914,20.846552034834684,17.83205546161885,6,3,270,1,0,1,25
2,1,2,PRP,0.0,She,0,0,2.442800048738718,15.75878094018462,12.23137344081347,3,3,271,0,1,0,0
1,0,1,VBD,0.0,was,0,1,3.2931759865023196,18.521451560034553,8.24568223794633,3,3,272,0,0,0,1
2,0,1,VBG,2.0,losing,0,0,10.74165772786364,13.181407456703596,15.949737383950255,6,3,273,0,0,0,2
1,2,2,NN,1.0,strength,1,1,7.165218029171228,14.137730279738724,14.57005518966854,8,3,274,0,0,0,3
0,0,0,CC,1.0,and,0,0,1.731741518713534,19.93279149564298,6.2095491118355035,3,3,275,0,0,0,4
1,0,1,VBG,1.0,beginning,0,1,11.439993745443644,14.175652584619597,14.515344868477827,9,3,276,0,0,0,5
2,0,1,TO,0.0,to,0,1,0.0255781733139883,19.88357245739644,6.280557174231113,2,3,277,0,0,0,6
1,0,1,VB,2.0,doubt,0,1,7.092172194039449,13.891898286640068,14.924715787003825,5,3,278,0,0,0,7
3,1,2,PRP,0.0,she,0,1,7.647968123666942,16.84690510554553,10.66154210357584,3,3,279,0,0,0,8
1,0,1,MD,0.0,could,0,1,1.3280499768443406,16.68628345113659,10.893270167851,5,3,280,0,0,0,9
1,0,1,VB,3.0,weather,0,1,14.106922207865864,13.445780769151742,15.568327317137928,7,3,281,0,0,0,10
1,0,1,DT,0.0,this,0,1,3.270268712192774,18.084110076486997,8.876632627435416,4,3,282,0,0,0,11
0,12,2,NN,2.0,storm.,12,4,4.900458920747042,20.843176345703945,21.00939990050238,6,3,283,1,0,1,12
3,1,2,PRP,0.0,It,0,0,4.8103231973946095,16.818509266914305,10.702508639150992,2,3,284,0,1,0,0
1,0,1,VBD,0.0,was,0,1,0.8040319541469216,18.521451560034553,8.24568223794633,3,3,285,0,0,0,1
1,0,1,NNP,0.0,New,0,0,14.532878717407584,15.639348629415965,12.40367784328132,3,3,286,0,0,0,2
0,3,1,NNP,4.0,"Year's,",5,4,7.254960434627719,20.82885890976073,29.885770417438163,7,3,287,1,0,0,3
0,0,0,CC,1.0,and,0,0,0.7431221863953397,19.93279149564298,6.2095491118355035,3,3,288,0,0,0,4
2,0,1,DT,0.0,the,0,0,2.19083235663129,20.651930178991396,5.17205129965733,3,3,289,0,0,0,5
0,1,1,NN,1.0,girl,1,2,5.931599941395689,14.247424134619102,14.411800409216628,4,3,290,0,0,0,6
1,0,1,VBD,2.0,asked,0,1,9.321034900844095,15.126720046841973,13.143244557178754,5,3,291,0,0,0,7
1,1,1,PRP,1.0,herself,1,1,5.930181823670864,13.943887941472797,14.849710569799118,7,3,292,0,0,0,8
2,1,2,WRB,0.0,"why,",1,2,9.249115692975463,20.76433239355892,17.82816549490483,4,3,293,1,0,0,9
2,0,1,IN,0.0,as,0,1,4.839663265564013,18.455643172698917,8.340623672004352,2,3,294,0,0,0,10
3,1,2,NNS,0.0,lights,0,1,15.435239235055631,13.117917509161831,16.041334016415057,6,3,295,0,0,0,11
1,0,1,VBP,2.0,shone,0,1,5.46429727692157,10.99958000240877,19.09744903233679,5,3,296,0,0,0,12
1,0,1,IN,0.0,from,0,1,3.949757576338015,18.126283629319108,8.815789051907856,4,3,297,0,0,0,13
1,0,1,DT,0.0,every,0,1,7.047624355531298,15.73197777235085,12.270042238127363,5,3,298,0,0,0,14
0,4,1,NN,3.0,"window,",5,2,2.774742559180595,20.76140544572459,19.35187917420244,7,3,299,1,0,0,15
0,0,0,CC,1.0,and,0,0,5.6000318474834785,19.93279149564298,6.2095491118355035,3,3,300,0,0,0,16
3,0,1,DT,0.0,the,0,0,2.0291255965130404,20.651930178991396,5.17205129965733,3,3,301,0,0,0,17
0,0,0,JJ,0.0,savory,0,1,19.836373164434917,14.21110376547687,31.497407640472225,6,3,302,0,0,0,18
0,1,1,NN,2.0,smell,2,1,2.7419506881851703,12.76441333515888,16.551332735182665,5,3,303,0,0,0,19
1,0,1,IN,0.0,of,0,1,0.2529611740028485,20.087642241543257,5.986146708647226,2,3,304,0,0,0,20
1,0,1,NN,0.0,roast,0,0,10.254360223538242,11.1681932081156,18.854191596635157,5,3,305,0,0,0,21
0,3,1,NN,3.0,goose,3,3,8.891341347247362,10.973340219532814,19.13530503696594,5,3,306,0,0,0,22
1,0,1,VBD,2.0,crept,0,1,12.689757581800222,10.959505443571818,19.15526439963668,5,3,307,0,0,0,23
1,1,1,RB,1.0,out,0,1,4.630712483078241,17.1329401691801,10.24888073574989,3,3,308,0,0,0,24
1,0,1,IN,0.0,on,0,1,5.789410350495018,18.53086189167023,8.232105999162414,2,3,309,0,0,0,25
1,0,1,DT,0.0,the,0,1,0.5766564829973504,20.651930178991396,5.17205129965733,3,3,310,0,0,0,26
0,6,1,NNS,3.0,"streets,",9,3,4.234487904817797,20.7603545125759,20.960099319417814,8,3,311,1,0,0,27
1,1,1,PRP,0.0,she,0,1,1.3582661155378446,16.84690510554553,10.66154210357584,3,3,312,0,0,0,28
1,0,1,VBD,4.0,was,0,0,3.128246894455515,18.521451560034553,8.24568223794633,3,3,313,0,0,0,29
2,1,2,RB,1.0,outside,1,1,9.33823752880562,14.742859125993014,13.697038804078616,7,3,314,0,0,0,30
1,0,1,RB,0.0,all,0,0,4.8084939495893195,17.469149055179013,9.763833843216451,3,3,315,0,0,0,31
0,8,0,RB,2.0,alone.,10,5,3.461685728165321,20.844625185520968,18.855537666304176,6,3,316,1,0,1,32
3,2,3,JJ,0.0,"Exhausted,",1,1,15.398555410531117,20.778674716632494,49.287916058095405,10,3,317,1,1,0,0
1,1,1,PRP,0.0,she,0,1,0.5783256178547163,16.84690510554553,10.66154210357584,3,3,318,0,0,0,1
1,1,1,RB,0.0,finally,0,1,8.36389337561559,14.261109423812083,14.39205671036478,7,3,319,0,0,0,2
1,0,1,VBD,3.0,sat,0,0,7.572028235415928,14.028922106589988,14.727032201478412,3,3,320,0,0,0,3
1,1,1,RP,1.0,down,1,2,1.5286593968048692,16.107036220281262,11.728947275254644,4,3,321,0,0,0,4
1,0,1,IN,0.0,in,0,1,3.4719968147401232,19.583721360186956,6.713150865180346,2,3,322,0,0,0,5
2,0,1,DT,0.0,a,0,0,2.773417863092618,19.69218547190043,6.556670229096891,1,3,323,0,0,0,6
0,1,1,NN,3.0,corner,1,2,3.4602965975063853,13.695902357707858,15.207478141708748,6,3,324,0,0,0,7
1,0,1,IN,0.0,behind,0,1,9.323333071137313,14.808511558793102,13.602322364855636,6,3,325,0,0,0,8
1,0,1,DT,0.0,the,0,1,1.393787077453453,20.651930178991396,5.17205129965733,3,3,326,0,0,0,9
0,0,0,JJ,0.0,little,0,1,5.63006861100439,15.70386302020348,12.310603251626194,6,3,327,0,0,0,10
0,6,0,NN,4.0,bakery.,10,2,13.24955129623413,20.84356831569452,38.84786482303862,7,3,328,1,0,1,11
3,1,2,PRP,0.0,She,0,0,2.3798402179963887,15.75878094018462,12.23137344081347,3,3,329,0,1,0,0
1,0,1,VBD,1.0,put,0,0,7.222780766023789,15.425693592725771,12.711916905175212,3,3,330,0,0,0,1
2,0,1,DT,0.0,a,0,0,4.441008794296067,19.69218547190043,6.556670229096891,1,3,331,0,0,0,2
0,1,1,NN,2.0,rag,1,2,7.607657924527302,11.583141587979876,18.255547626780057,3,3,332,0,0,0,3
3,1,2,PRP,0.0,she,0,0,8.814256822690368,16.84690510554553,10.66154210357584,3,3,333,0,0,0,4
1,0,1,VBD,0.0,had,0,0,0.4433646099641919,17.432489551576744,9.816722327264898,3,3,334,0,0,0,5
1,5,2,VBN,3.0,found,4,3,5.3216094402596354,16.135319564070347,11.688143035430375,5,3,335,0,0,0,6
1,0,1,IN,0.0,over,0,1,7.37384838052094,16.743434436833045,10.810818724204807,4,3,336,0,0,0,7
1,0,1,PRP$,0.0,her,0,1,1.464089802466333,17.210354868203652,10.137194933376698,3,3,337,0,0,0,8
0,2,0,NNS,3.0,legs,3,1,11.30987363215536,13.34128040955652,15.719089467697067,4,3,338,0,0,0,9
2,0,1,TO,0.0,to,0,0,2.8364662951789796,19.88357245739644,6.280557174231113,2,3,339,0,0,0,10
1,0,1,VB,2.0,cover,0,1,4.189167973585427,14.286723455749994,14.355103473510784,5,3,340,0,0,0,11
1,6,3,PRP,1.0,"herself,",5,4,6.4203505627810955,20.7609366968127,19.86607924773073,8,3,341,1,0,0,12
0,0,0,CC,1.0,but,0,0,4.264020366128534,17.553098244319884,9.64272076435627,3,3,342,0,0,0,13
2,1,2,PRP,0.0,she,0,1,3.64046807680279,16.84690510554553,10.66154210357584,3,3,343,0,0,0,14
1,0,1,MD,0.0,could,0,0,2.491718651377596,16.68628345113659,10.893270167851,5,3,344,0,0,0,15
0,0,0,RB,0.0,not,1,1,0.3338506271829828,18.05588478508421,8.917353115369856,3,3,345,0,0,0,16
1,0,1,VB,4.0,keep,0,0,5.391715951031074,15.16300405778076,13.090897794533806,4,3,346,0,0,0,17
1,1,1,RP,1.0,off,1,1,9.111731939250603,15.932315680740835,11.981015731191064,3,3,347,0,0,0,18
1,0,1,DT,0.0,the,0,1,1.7953066811314784,20.651930178991396,5.17205129965733,3,3,348,0,0,0,19
0,5,0,NN,2.0,cold.,7,5,6.444241625780705,20.843919464065426,19.54003972625391,5,3,349,1,0,1,20
3,0,1,DT,0.0,The,0,0,2.905346223618835,18.12053694573349,8.824079763818386,3,3,350,0,1,0,0
0,1,1,NN,1.0,"girl,",2,2,9.29723083745921,20.761324934339115,19.42816908714824,5,3,351,1,0,0,1
2,1,2,WP,0.0,who,0,1,2.615882971265819,16.99990971408453,10.440803113603463,3,3,352,0,0,0,2
2,0,1,DT,0.0,the,0,0,11.048327035852708,20.651930178991396,5.17205129965733,3,3,353,0,0,0,3
0,0,0,NN,0.0,night,0,1,8.271247752592899,15.11562101782386,13.159257071301866,5,3,354,0,0,0,4
0,1,1,NN,2.0,air,2,2,12.046289243502542,14.998329488471509,13.328472979036787,3,3,355,0,0,0,5
1,0,1,VBD,0.0,had,0,1,2.1189899714663625,17.432489551576744,9.816722327264898,3,3,356,0,0,0,6
1,1,1,RB,0.0,completely,0,1,8.635394857730716,14.398403043663624,14.193983885859268,10,3,357,0,0,0,7
1,5,2,VBN,5.0,"enveloped,",6,2,9.00796363223344,20.77723706476736,34.97934863369917,10,3,358,1,0,0,8
1,0,1,VBD,1.0,dared,0,0,11.62580285849981,11.30783055263325,18.65273749217664,5,3,359,0,0,0,9
0,0,0,RB,1.0,not,1,1,0.7879654518328607,18.05588478508421,8.917353115369856,3,3,360,0,0,0,10
2,0,1,VB,1.0,go,0,0,4.634707342833281,16.02670389409771,11.844842323862729,2,3,361,0,0,0,11
1,3,2,NN,1.0,"home,",3,4,9.433694042440038,20.765403662341388,17.518770462896235,5,3,362,1,0,0,12
1,0,1,IN,0.0,for,0,1,3.663007479917724,18.90419907432743,7.693494297163422,3,3,363,0,0,0,13
2,1,2,PRP,0.0,she,0,1,1.4195359237492085,16.84690510554553,10.66154210357584,3,3,364,0,0,0,14
1,0,1,VBD,0.0,had,0,1,2.512762510916218,17.432489551576744,9.816722327264898,3,3,365,0,0,0,15
1,0,1,VBN,4.0,sold,0,1,11.201720421435311,13.797714136889931,15.060594792778687,4,3,366,0,0,0,16
1,0,1,DT,0.0,no,0,1,7.951734136790037,17.036769620663787,10.387625509173944,2,3,367,0,0,0,17
0,7,0,NNS,2.0,matches.,8,2,4.537353686988354,20.843222675291887,20.858516627196085,8,3,368,1,0,1,18
2,0,1,PRP$,0.0,Her,0,0,4.711827821214683,14.27501172896256,14.371999923667264,3,3,369,0,1,0,0
0,1,1,NN,1.0,father,1,1,5.25222225941252,14.67626278676369,13.793117012426125,6,3,370,0,0,0,1
1,0,1,VBD,0.0,had,0,1,1.3570488262921572,17.432489551576744,9.816722327264898,3,3,371,0,0,0,2
1,0,1,VBN,0.0,been,0,0,4.001299139577895,17.198255400550867,10.154650775356767,4,3,372,0,0,0,3
1,0,1,NN,3.0,mean,0,0,13.916841031517832,15.42824383471617,12.708237683702595,4,3,373,0,0,0,4
0,0,0,CC,1.0,and,0,0,3.324239019770175,19.93279149564298,6.2095491118355035,3,3,374,0,0,0,5
0,1,0,NN,1.0,moody,3,4,15.429985746275634,16.930112920562408,26.92252988228012,5,3,375,0,0,0,6
2,1,2,RB,1.0,ever,0,1,8.193224715490942,15.16313009690529,13.09071595851389,4,3,376,0,0,0,7
1,0,1,IN,0.0,since,0,1,0.093464040706749,15.75044079061078,12.243405733243922,5,3,377,0,0,0,8
2,0,1,PRP$,0.0,his,0,0,4.308578667812981,17.63767918161909,9.520696265560964,3,3,378,0,0,0,9
0,1,1,NN,1.0,wife,1,2,3.912288660532795,14.349759305934302,14.264161965051668,4,3,379,0,0,0,10
1,0,1,VBD,0.0,had,0,1,1.7841591563774273,17.432489551576744,9.816722327264898,3,3,380,0,0,0,11
1,0,1,VBN,4.0,gone,0,1,5.935003002290614,14.261898775480413,14.39091791662737,4,3,381,0,0,0,12
2,0,1,TO,0.0,to,0,1,2.030543086118996,19.88357245739644,6.280557174231113,2,3,382,0,0,0,13
1,0,1,VB,2.0,meet,0,1,8.626182984327897,14.379644694201165,14.221046463604022,4,3,383,0,0,0,14
1,0,1,PRP$,0.0,her,0,1,2.4201392375398427,17.210354868203652,10.137194933376698,3,3,384,0,0,0,15
0,12,1,NN,2.0,Maker.,12,2,12.469468604773285,20.842797771720132,24.341298592457697,6,3,385,1,0,1,16
2,1,2,PRP,0.0,He,0,0,2.733384348452091,16.547839497404837,11.093002573340865,2,3,386,0,1,0,0
1,0,1,MD,0.0,would,0,0,5.357178888749331,17.12711793173308,10.257280448841584,5,3,387,0,0,0,1
1,1,1,RB,0.0,certainly,1,1,8.913944073952734,14.028738713815068,14.727296781325322,9,3,388,0,0,0,2
1,0,1,VB,3.0,beat,0,0,7.984966665506363,13.458102488211615,15.550550834155018,4,3,389,0,0,0,3
1,1,1,PRP,1.0,"her,",2,2,4.4829437281005085,20.78817531833222,15.15356361130831,4,3,390,1,0,0,4
1,0,1,IN,0.0,as,0,1,5.940541930263862,18.455643172698917,8.340623672004352,2,3,391,0,0,0,5
2,1,2,PRP,0.0,he,0,1,1.7742462495807558,17.694798179754258,9.438290970210817,2,3,392,0,0,0,6
1,0,1,VBZ,0.0,has,0,1,9.233821284025908,17.47535718373814,9.754877406931,3,3,393,0,0,0,7
1,0,1,VBN,4.0,done,0,0,1.6562855280935764,15.296164419863626,12.898788000513877,4,3,394,0,0,0,8
2,0,1,JJ,1.0,several,0,1,8.044385804969352,15.389540750537888,12.76407443131371,7,3,395,0,0,0,9
1,0,1,NNS,1.0,times,2,2,0.4060631327447481,15.374907444227162,12.785185829760003,5,3,396,0,0,0,10
1,0,1,IN,0.0,in,0,1,2.447526887699496,19.583721360186956,6.713150865180346,2,3,397,0,0,0,11
1,0,1,DT,0.0,the,0,0,1.3881372310424922,20.651930178991396,5.17205129965733,3,3,398,0,0,0,12
0,0,0,NNS,3.0,weeks,1,2,8.924945162041695,14.639309175554894,13.84642980405999,5,3,399,0,0,0,13
0,9,1,JJ,1.0,"past,",8,2,7.378519943216816,20.763222365859328,18.238539501712623,5,3,400,1,0,0,14
1,0,1,IN,0.0,because,0,1,7.416070730658248,16.447210891125962,11.23817896459096,7,3,401,0,0,0,15
2,1,2,PRP,0.0,she,0,1,2.681832288391888,16.84690510554553,10.66154210357584,3,3,402,0,0,0,16
1,0,1,VBD,0.0,had,0,0,1.7813754412345588,17.432489551576744,9.816722327264898,3,3,403,0,0,0,17
0,0,0,RB,0.0,not,1,1,3.726975666824728,18.05588478508421,8.917353115369856,3,3,404,0,0,0,18
1,0,1,VBN,5.0,earned,0,0,8.824349041096866,12.888393937047722,16.372466535671204,6,3,405,0,0,0,19
1,0,1,DT,0.0,any,0,1,3.221740050241351,16.78593097223423,10.749509183326555,3,3,406,0,0,0,20
0,2,0,NN,2.0,money,2,1,2.4531525894999504,15.09841606952575,13.1840785648903,5,3,407,0,0,0,21
1,7,1,NN,1.0,today.,8,6,10.921280782669784,20.845283922328782,18.419515756997463,6,3,408,1,0,1,22
2,1,2,RB,0.0,"Besides,",1,1,9.004406838444993,20.7601223306109,21.828746208461627,8,3,409,1,1,0,0
1,1,1,PRP,0.0,it,0,1,4.599520027404651,18.431334787537676,8.375693258728493,2,3,410,0,0,0,1
1,0,1,VBD,0.0,was,0,0,0.6316677392460406,18.521451560034553,8.24568223794633,3,3,411,0,0,0,2
2,0,1,RB,0.0,almost,0,1,6.9422376591246575,15.0034237949964,13.32112344827656,6,3,412,0,0,0,3
0,0,0,IN,0.0,as,0,1,3.476136902550934,18.455643172698917,8.340623672004352,2,3,413,0,0,0,4
0,1,1,NN,5.0,cold,3,1,6.6021197755180765,14.08696644502038,14.643291922273203,4,3,414,0,0,0,5
1,0,1,IN,0.0,at,0,1,6.95998926932225,18.150223836201175,8.781250634161243,2,3,415,0,0,0,6
0,1,0,NN,2.0,home,2,1,3.416736005747225,15.570918407584418,12.502401784964622,4,3,416,0,0,0,7
1,0,1,RB,0.0,as,0,1,0.4301340461242944,18.455643172698917,8.340623672004352,2,3,417,0,0,0,8
1,3,1,RB,2.0,"outside,",3,3,8.740877976582851,20.76227519795871,18.71340748201023,8,3,418,1,0,0,9
1,0,1,IN,0.0,for,0,1,6.165211214043666,18.90419907432743,7.693494297163422,3,3,419,0,0,0,10
2,1,2,PRP,0.0,they,0,1,5.8769990568980575,17.366789695455783,9.911507183877728,4,3,420,0,0,0,11
1,0,1,VBD,3.0,had,0,1,2.08294191560708,17.432489551576744,9.816722327264898,3,3,421,0,0,0,12
1,0,1,RB,0.0,only,0,1,5.549417935544625,16.873419471860046,10.623289958781577,4,3,422,0,0,0,13
0,0,0,DT,0.0,a,0,1,4.155784650705755,19.69218547190043,6.556670229096891,1,3,423,0,0,0,14
0,0,0,JJ,0.0,patchy,0,1,16.53419083217159,16.930939412955347,26.85695034677993,6,3,424,0,0,0,15
0,1,0,NN,4.0,roof,4,1,5.079035460948944,13.021534799209382,16.180384874090898,4,3,425,0,0,0,16
2,0,1,TO,0.0,to,0,1,4.428811218123883,19.88357245739644,6.280557174231113,2,3,426,0,0,0,17
1,0,1,VB,2.0,cover,0,1,2.198803637642414,14.286723455749994,14.355103473510784,5,3,427,0,0,0,18
1,9,2,PRP,1.0,them.,9,2,6.385526051744819,20.86034685929956,15.609819837378044,5,3,428,1,0,1,19
3,0,1,DT,0.0,The,0,0,2.8134510423988104,18.12053694573349,8.824079763818386,3,3,429,0,1,0,0
0,1,1,NN,2.0,girl's,2,2,6.573565379134379,18.13510119298574,23.24474054269776,6,3,430,0,0,0,1
0,0,0,JJ,0.0,little,0,1,6.885895104263909,15.70386302020348,12.310603251626194,6,3,431,0,0,0,2
0,1,1,NNS,2.0,hands,2,1,7.409859473351389,14.594247188387795,13.911440509478568,5,3,432,0,0,0,3
1,0,1,VBD,0.0,were,0,0,1.5296098007820549,17.723648827567594,9.39666828368408,4,3,433,0,0,0,4
1,0,1,RB,0.0,almost,1,1,8.234352914849296,15.0034237949964,13.32112344827656,6,3,434,0,0,0,5
0,0,0,VBN,3.0,frozen,0,0,8.716376789147034,12.747172349645902,16.576206219482277,6,3,435,0,0,0,6
0,1,0,RB,1.0,solid,3,3,10.295076668262482,14.178868818704387,14.51070482351336,5,3,436,0,0,0,7
1,0,1,IN,0.0,so,0,1,7.584958574268967,17.102955196419583,10.292139907252675,2,3,437,0,0,0,8
2,1,2,PRP,0.0,she,0,1,2.3346118715126067,16.84690510554553,10.66154210357584,3,3,438,0,0,0,9
1,0,1,VBD,3.0,decided,0,1,9.590523074613884,14.322054026375904,14.30413223447701,7,3,439,0,0,0,10
1,0,1,IN,0.0,that,0,1,3.746166408993304,19.024464301341364,7.519988250559035,4,3,440,0,0,0,11
2,0,1,DT,0.0,a,0,0,6.204678549082018,19.69218547190043,6.556670229096891,1,3,441,0,0,0,12
0,0,0,JJ,0.0,burning,0,1,12.175558642833494,12.81994661394561,16.471215149272744,7,3,442,0,0,0,13
0,1,1,NN,2.0,match,2,2,6.092444393783808,14.309785979560646,14.321831284778774,5,3,443,0,0,0,14
1,0,1,MD,0.0,might,0,1,4.325863510835916,15.797195241662305,12.1759533185724,5,3,444,0,0,0,15
1,0,1,VB,0.0,be,0,1,1.0661527287447825,18.381669296901407,8.447345415772759,2,3,445,0,0,0,16
1,0,1,IN,0.0,of,0,1,7.160110077180434,20.087642241543257,5.986146708647226,2,3,446,0,0,0,17
1,0,1,DT,0.0,some,0,1,2.6238220442537568,16.817709477619566,10.70366249120027,4,3,447,0,0,0,18
0,11,0,NN,7.0,good.,11,2,13.495296277025773,20.851574951432656,16.612309978848543,5,3,448,1,0,1,19
2,2,2,``,0.0,'Scratch!',3,3,33.83571349992417,17.54735754328764,69.26461225929958,10,3,449,1,1,1,0
2,1,2,VBD,0.0,sounded,0,0,14.985208058962598,12.423701016156274,17.042876708177506,7,3,450,0,1,0,0
1,0,1,DT,0.0,the,0,1,0.7283835430862382,20.651930178991396,5.17205129965733,3,3,451,0,0,0,1
0,1,0,NN,2.0,match,2,1,12.796420402708463,14.309785979560646,14.321831284778774,5,3,452,0,0,0,2
1,0,1,IN,0.0,as,0,1,5.037197485158686,18.455643172698917,8.340623672004352,2,3,453,0,0,0,3
2,1,2,PRP,0.0,she,0,1,1.4005709052435122,16.84690510554553,10.66154210357584,3,3,454,0,0,0,4
1,0,1,VBD,3.0,drew,0,0,7.33265739120543,12.901257748115684,16.353907979236524,4,3,455,0,0,0,5
1,1,1,PRP,1.0,it,1,2,2.9906795620918274,18.431334787537676,8.375693258728493,2,3,456,0,0,0,6
1,5,1,RP,1.0,out.,5,2,4.057301219552755,20.86694317025165,15.145628539730597,4,3,457,1,0,1,7
3,1,2,RB,0.0,How,0,0,9.97862894833088,14.549804000464112,13.975558476297362,3,3,458,0,1,0,0
2,1,2,PRP,0.0,it,0,1,5.7084684716537595,18.431334787537676,8.375693258728493,2,3,459,0,0,0,1
1,0,1,VBD,2.0,sputtered,0,1,15.937527521513402,14.76869391047076,32.84352559831119,9,3,460,0,0,0,2
1,0,1,IN,0.0,as,0,1,6.207455208525062,18.455643172698917,8.340623672004352,2,3,461,0,0,0,3
2,1,2,PRP,0.0,it,0,1,0.8230837180744857,18.431334787537676,8.375693258728493,2,3,462,0,0,0,4
1,7,2,VBN,3.0,burnt!,6,2,18.96613381919451,16.492552466154056,29.592772611408492,6,3,463,1,0,1,5
2,1,2,PRP,0.0,It,0,0,4.1423909068107605,16.818509266914305,10.702508639150992,2,3,464,0,1,0,0
1,0,1,VBD,1.0,gave,0,1,8.672592321643606,14.669764170917484,13.802492533280088,4,3,465,0,0,0,1
1,0,1,DT,0.0,a,0,0,2.492322626989335,19.69218547190043,6.556670229096891,1,3,466,0,0,0,2
0,0,0,JJ,0.0,"warm,",1,2,9.458937815856189,20.760620692199748,20.357258963254186,5,3,467,1,0,0,3
0,0,0,JJ,0.0,candle-like,0,1,16.504954269854352,19.667840101504886,38.77173730183577,11,3,468,0,0,0,4
0,0,0,JJ,0.0,bright,0,1,11.709707580506802,13.433863533816304,15.585520253457467,6,3,469,0,0,0,5
0,0,0,NN,5.0,light,4,2,3.1936662197113037,15.434437308641591,12.69930238958451,5,3,470,0,0,0,6
2,1,2,WDT,0.0,that,0,1,2.6595486542209983,19.024464301341364,7.519988250559035,4,3,471,0,0,0,7
2,0,1,DT,0.0,the,0,0,5.259960800991394,20.651930178991396,5.17205129965733,3,3,472,0,0,0,8
0,1,1,NN,1.0,girl,1,2,1.2066811308031902,14.247424134619102,14.411800409216628,4,3,473,0,0,0,9
1,0,1,VBD,3.0,hid,0,0,13.314811365678906,11.617537700736474,18.205924525480256,3,3,474,0,0,0,10
1,0,1,IN,0.0,from,0,1,3.091674540191889,18.126283629319108,8.815789051907856,4,3,475,0,0,0,11
1,0,1,DT,0.0,the,0,1,1.0190851531224323,20.651930178991396,5.17205129965733,3,3,476,0,0,0,12
0,2,0,NN,3.0,world,3,1,6.586201471160166,15.72527748210927,12.279708713631408,5,3,477,0,0,0,13
1,0,1,IN,0.0,as,0,0,3.9127064193598926,18.455643172698917,8.340623672004352,2,3,478,0,0,0,14
2,1,2,PRP,0.0,she,0,1,1.7018674896098671,16.84690510554553,10.66154210357584,3,3,479,0,0,0,15
1,0,1,VBD,3.0,held,0,1,7.978720359504223,14.93110909334876,13.425451509726976,4,3,480,0,0,0,16
1,0,1,PRP$,0.0,her,0,1,3.882827195804566,17.210354868203652,10.137194933376698,3,3,481,0,0,0,17
0,1,0,NN,2.0,hand,5,3,4.461388430092484,15.495418490364132,12.611325141125857,4,3,482,0,0,0,18
1,0,1,IN,0.0,over,0,1,5.599761049030349,16.743434436833045,10.810818724204807,4,3,483,0,0,0,19
1,11,1,PRP,2.0,it.,8,2,2.7965450801420957,20.92864719597236,13.272441062709198,3,3,484,1,0,1,20
2,1,2,WRB,0.0,Why,0,0,11.486113948747516,13.88640136057331,14.93264617498047,3,3,485,0,1,0,0
1,0,1,VBD,0.0,had,0,1,4.6454693170962855,17.432489551576744,9.816722327264898,3,3,486,0,0,0,1
1,0,1,DT,0.0,no,0,1,5.975710691069253,17.036769620663787,10.387625509173944,2,3,487,0,0,0,2
0,1,0,NN,1.0,one,2,1,1.136606138665229,17.417661831348372,9.838114205706065,3,3,488,0,0,0,3
1,0,1,VBN,3.0,wanted,0,1,10.460379180847667,14.866490911456715,13.518675840293888,6,3,489,0,0,0,4
2,0,1,TO,0.0,to,0,1,0.7347886277129874,19.88357245739644,6.280557174231113,2,3,490,0,0,0,5
1,0,1,VB,2.0,buy,0,1,5.675735732307658,14.13208397694888,14.578201082702808,3,3,491,0,0,0,6
1,0,1,RB,0.0,even,0,0,10.627169145969674,16.307134926601453,11.440265863958214,4,3,492,0,0,0,7
0,0,0,CD,0.0,one,1,1,2.9809512693900615,17.417661831348372,9.838114205706065,3,3,493,0,0,0,8
0,7,1,NN,3.0,match?,7,3,2.897369237616658,17.53566590723274,24.048175783810652,6,3,494,1,0,1,9
2,0,1,DT,0.0,A,0,0,5.384352988563478,17.13359437447058,10.24793691702159,1,3,495,0,1,0,0
0,0,0,JJ,0.0,wonderful,0,1,11.406673929654062,13.30726493646167,15.768163422044498,9,3,496,0,0,0,1
0,1,1,NN,2.0,"light,",3,2,10.650521028612276,20.764695732097632,17.715671067516123,6,3,497,1,0,0,2
1,1,1,PRP,0.0,it,0,1,4.2194812162197195,18.431334787537676,8.375693258728493,2,3,498,0,0,0,3
1,0,1,VBD,2.0,was,0,1,3.259196328697726,18.521451560034553,8.24568223794633,3,3,499,0,0,0,4
1,3,1,RB,1.0,really.,4,2,12.47251302935183,20.848548806544446,17.220841962735857,7,3,500,1,0,1,5
2,1,2,PRP,0.0,It,0,0,3.4631019034422934,16.818509266914305,10.702508639150992,2,3,501,0,1,0,0
1,0,1,VBD,1.0,seemed,0,1,5.230634659994394,14.353476527882435,14.258799147381207,6,3,502,0,0,0,1
1,0,1,TO,0.0,to,0,1,1.0449682978214696,19.88357245739644,6.280557174231113,2,3,503,0,0,0,2
1,0,1,DT,0.0,the,0,1,6.5664040967822075,20.651930178991396,5.17205129965733,3,3,504,0,0,0,3
0,2,0,NN,3.0,girl,3,1,0.516036716173403,14.247424134619102,14.411800409216628,4,3,505,0,0,0,4
1,0,1,IN,0.0,that,0,1,1.1092754639685154,19.024464301341364,7.519988250559035,4,3,506,0,0,0,5
2,1,2,PRP,0.0,she,0,1,2.3573762914165854,16.84690510554553,10.66154210357584,3,3,507,0,0,0,6
1,0,1,VBD,0.0,was,0,1,2.098084352910518,18.521451560034553,8.24568223794633,3,3,508,0,0,0,7
1,0,1,VBG,4.0,sitting,0,0,9.869492718018591,13.705741449838731,15.193283332284686,7,3,509,0,0,0,8
1,0,1,IN,0.0,by,0,1,6.608364771353081,18.29067397824052,8.57862391074893,2,3,510,0,0,0,9
2,0,1,DT,0.0,a,0,1,3.6473005625302903,19.69218547190043,6.556670229096891,1,3,511,0,0,0,10
0,0,0,JJ,0.0,large,0,1,8.673319945170078,15.588818506740086,12.476577400681318,5,3,512,0,0,0,11
0,0,0,NN,0.0,iron,0,1,7.944017320871353,13.563963674096232,15.397825426256656,4,3,513,0,0,0,12
0,1,1,NN,5.0,"stove,",6,3,5.911292399396189,20.75993042830982,23.483992446643157,6,3,514,1,0,0,13
1,0,1,IN,0.0,with,0,1,4.829438733926509,18.681580760008114,8.014664635242958,4,3,515,0,0,0,14
2,0,1,JJ,0.0,polished,0,0,13.244525847781915,11.57999515499533,18.26008697004335,8,3,516,0,0,0,15
0,0,0,NN,0.0,brass,0,1,4.669610504060984,11.71536005839474,18.06479669519861,5,3,517,0,0,0,16
0,1,1,NNS,4.0,feet,2,1,9.126324258744717,14.29447516743106,14.343920117510107,4,3,518,0,0,0,17
0,0,0,CC,1.0,and,0,0,1.3210697970353067,19.93279149564298,6.2095491118355035,3,3,519,0,0,0,18
1,0,1,DT,0.0,a,0,1,1.9454298263881356,19.69218547190043,6.556670229096891,1,3,520,0,0,0,19
0,0,0,NN,0.0,brass,0,1,7.4950001204852015,11.71536005839474,18.06479669519861,5,3,521,0,0,0,20
0,11,0,NN,3.0,ornament.,12,4,14.431713175028564,20.84282927430223,23.53018585817678,9,3,522,1,0,1,21
3,1,2,RB,0.0,How,0,0,7.970006559044123,14.549804000464112,13.975558476297362,3,3,523,0,1,0,0
2,0,1,DT,0.0,the,0,0,4.657496617175639,20.651930178991396,5.17205129965733,3,3,524,0,0,0,1
0,1,1,NN,1.0,fire,1,2,4.012536364607513,14.50535378648075,14.039686579577612,4,3,525,0,0,0,2
1,4,2,VBD,2.0,burned!,3,2,7.496616722550243,16.50512947504914,28.051691973732535,7,3,526,1,0,1,3
3,0,1,DT,0.0,The,0,0,2.8792345573892817,18.12053694573349,8.824079763818386,3,3,527,0,1,0,0
0,1,1,NN,1.0,girl,1,1,1.8215519870864227,14.247424134619102,14.411800409216628,4,3,528,0,0,0,1
1,0,1,VBD,0.0,was,0,1,3.838124698959291,18.521451560034553,8.24568223794633,3,3,529,0,0,0,2
1,3,2,JJ,2.0,pleased,2,1,9.637553342618048,12.741864015313912,16.58386452709842,7,3,530,0,0,0,3
0,0,0,CC,1.0,and,0,0,4.489670094568282,19.93279149564298,6.2095491118355035,3,3,531,0,0,0,4
2,0,1,DT,0.0,the,0,0,7.195858100807527,20.651930178991396,5.17205129965733,3,3,532,0,0,0,5
0,1,1,NN,1.0,fire,1,2,5.336516303097596,14.50535378648075,14.039686579577612,4,3,533,0,0,0,6
1,1,1,RB,0.0,actually,0,1,11.04485122160986,15.045516247046152,13.260396876445522,8,3,534,0,0,0,7
1,0,1,VBD,3.0,seemed,0,0,5.2591856273356825,14.353476527882435,14.258799147381207,6,3,535,0,0,0,8
1,0,1,RB,0.0,so,0,1,8.808589002350345,17.102955196419583,10.292139907252675,2,3,536,0,0,0,9
0,1,0,JJ,2.0,warm,1,1,5.983441290445626,13.603428106509478,15.340890285322573,4,3,537,0,0,0,10
1,0,1,IN,0.0,that,0,1,0.98721556738019,19.024464301341364,7.519988250559035,4,3,538,0,0,0,11
2,0,1,DT,0.0,the,0,0,2.2082208128413185,20.651930178991396,5.17205129965733,3,3,539,0,0,0,12
0,1,1,NN,1.0,child,1,2,9.06625650136266,14.921610742238284,13.439154733770678,5,3,540,0,0,0,13
1,0,1,VBN,3.0,stretched,0,0,14.101335564628243,12.187842481265724,17.38314864681544,9,3,541,0,0,0,14
1,1,1,RP,1.0,out,1,1,1.164927306585014,17.1329401691801,10.24888073574989,3,3,542,0,0,0,15
1,0,1,PRP$,0.0,her,0,1,0.9106716314272488,17.210354868203652,10.137194933376698,3,3,543,0,0,0,16
0,1,0,NNS,2.0,feet,2,2,7.345277406653622,14.29447516743106,14.343920117510107,4,3,544,0,0,0,17
1,0,1,IN,0.0,as,0,1,4.427683240559418,18.455643172698917,8.340623672004352,2,3,545,0,0,0,18
1,0,1,IN,0.0,if,1,1,1.0978683247813024,17.14973730774824,10.224647587236507,2,3,546,0,0,0,19
2,0,1,TO,0.0,to,0,1,1.5565684883040376,19.88357245739644,6.280557174231113,2,3,547,0,0,0,20
1,0,1,VB,4.0,warm,0,1,5.604050582565833,13.603428106509478,15.340890285322573,4,3,548,0,0,0,21
1,6,2,PRP,1.0,"them,",9,3,8.050855528970715,20.778938271488016,15.729440711328952,5,3,549,1,0,0,22
2,1,2,WRB,0.0,when,0,1,7.169513384869788,17.09507037229838,10.303515303910618,4,3,550,0,0,0,23
2,1,2,RB,0.0,suddenly,0,1,4.694403113797307,13.46857375829518,15.535443984733654,8,3,551,0,0,0,24
2,0,1,DT,0.0,the,0,0,1.6526414483669214,20.651930178991396,5.17205129965733,3,3,552,0,0,0,25
0,1,1,NN,1.0,flame,1,1,4.18030028679641,12.129904090294128,17.466736076147246,5,3,553,0,0,0,26
1,0,1,IN,0.0,of,0,1,5.019709411455551,20.087642241543257,5.986146708647226,2,3,554,0,0,0,27
1,0,1,DT,0.0,the,0,1,0.7207603240822209,20.651930178991396,5.17205129965733,3,3,555,0,0,0,28
0,3,0,NN,3.0,match,3,2,0.7004590011638356,14.309785979560646,14.321831284778774,5,3,556,0,0,0,29
1,0,1,VBD,4.0,went,0,1,5.206308724824339,15.185966907303502,13.057769405402668,4,3,557,0,0,0,30
1,10,1,RP,1.0,out.,10,3,2.1426499006338418,20.86694317025165,15.145628539730597,4,3,558,1,0,1,31
2,1,2,PRP,0.0,It,0,0,3.513176019769162,16.818509266914305,10.702508639150992,2,3,559,0,1,0,0
1,0,1,VBD,0.0,was,0,1,1.797270568087697,18.521451560034553,8.24568223794633,3,3,560,0,0,0,1
1,0,1,DT,0.0,a,0,0,2.814841881277971,19.69218547190043,6.556670229096891,1,3,561,0,0,0,2
0,0,0,JJ,0.0,"short,",1,2,11.716537587693892,20.76314813408935,18.2706190892617,6,3,562,1,0,0,3
0,0,0,JJ,0.0,stubby,0,1,11.113392538623884,14.948348734594251,31.644276632076295,6,3,563,0,0,0,4
0,0,0,NN,5.0,match,3,2,4.7203452587127686,14.309785979560646,14.321831284778774,5,3,564,0,0,0,5
2,1,2,WDT,0.0,that,0,1,1.764700485393405,19.024464301341364,7.519988250559035,4,3,565,0,0,0,6
2,0,1,DT,0.0,the,0,0,3.0671304448333103,20.651930178991396,5.17205129965733,3,3,566,0,0,0,7
0,0,0,JJ,0.0,little,0,1,4.566151268227259,15.70386302020348,12.310603251626194,6,3,567,0,0,0,8
0,1,1,NN,2.0,girl,2,2,0.1511365941842086,14.247424134619102,14.411800409216628,4,3,568,0,0,0,9
1,1,1,RB,0.0,next,0,1,13.088871365878733,15.62799739018732,12.42005421982443,4,3,569,0,0,0,10
1,0,1,VBD,4.0,rubbed,0,1,12.968230120372027,11.461021457819806,18.431729732954704,6,3,570,0,0,0,11
1,0,1,IN,0.0,on,0,1,3.0778841637074947,18.53086189167023,8.232105999162414,2,3,571,0,0,0,12
1,0,1,DT,0.0,the,0,1,1.8318666854756884,20.651930178991396,5.17205129965733,3,3,572,0,0,0,13
0,8,0,NN,3.0,wall.,10,2,12.853256206784865,20.844277928253277,19.152301314575737,5,3,573,1,0,1,14
3,1,2,PRP,0.0,It,0,0,2.607261510565877,16.818509266914305,10.702508639150992,2,3,574,0,1,0,0
1,0,1,VBP,1.0,burst,0,1,9.417096314951776,12.665185939757226,16.694487606448963,5,3,575,0,0,0,1
1,0,1,IN,0.0,into,0,1,2.0208620087068994,16.972256606338846,10.48069811501334,4,3,576,0,0,0,2
1,0,1,DT,0.0,a,0,1,3.1271592072153,19.69218547190043,6.556670229096891,1,3,577,0,0,0,3
0,4,1,NN,3.0,"flame,",5,2,6.111868309904821,20.76001980923297,22.48310475407886,6,3,578,1,0,0,4
0,0,0,CC,1.0,and,0,0,1.2342935944907367,19.93279149564298,6.2095491118355035,3,3,579,0,0,0,5
3,0,1,JJ,0.0,lo,0,1,14.072534474544227,14.083076654031178,14.64890370444342,2,3,580,0,0,0,6
0,0,0,CC,1.0,and,0,0,0.0663340414502045,19.93279149564298,6.2095491118355035,3,3,581,0,0,0,7
0,2,2,JJ,1.0,"behold,",3,3,1.2140900208215726,20.75991059575319,23.846426778256895,7,3,582,1,0,0,8
1,0,1,DT,0.0,the,0,0,1.4033906408003531,20.651930178991396,5.17205129965733,3,3,583,0,0,0,9
0,1,0,NN,1.0,girl,1,2,2.3440808498417027,14.247424134619102,14.411800409216628,4,3,584,0,0,0,10
1,0,1,VBD,0.0,was,0,1,2.372555782785639,18.521451560034553,8.24568223794633,3,3,585,0,0,0,11
1,0,1,VBN,4.0,transported,0,0,12.367903266334906,12.117159461250948,17.48512268926581,11,3,586,0,0,0,12
1,0,1,IN,0.0,from,0,1,4.653604075196199,18.126283629319108,8.815789051907856,4,3,587,0,0,0,13
1,0,1,PRP$,0.0,her,0,1,2.1456197384977713,17.210354868203652,10.137194933376698,3,3,588,0,0,0,14
0,0,0,JJ,0.0,dank,0,1,15.947882565204054,16.31062204416995,26.551250390060535,4,3,589,0,0,0,15
0,2,0,NN,4.0,city,4,2,9.958239778876305,14.950265108263665,13.397815222006043,4,3,590,0,0,0,16
1,0,1,TO,0.0,to,0,1,1.2874466549837962,19.88357245739644,6.280557174231113,2,3,591,0,0,0,17
1,0,1,DT,0.0,a,0,1,2.197217619395815,19.69218547190043,6.556670229096891,1,3,592,0,0,0,18
0,0,0,JJ,0.0,"beautiful,",1,2,9.115639503113924,20.760985482715384,19.80318864319664,10,3,593,1,0,0,19
0,0,0,JJ,0.0,sunny,0,1,7.408801130019128,11.412187581797845,18.502182123718978,5,3,594,0,0,0,20
0,6,0,NN,5.0,forest.,11,3,7.672828244045377,20.843276396938435,20.70127783937997,7,3,595,1,0,1,21
3,1,2,PRP,0.0,She,0,0,3.2128600070718676,15.75878094018462,12.23137344081347,3,3,596,0,1,0,0
1,0,1,VBD,1.0,heard,0,1,8.266990206437185,14.599815673314778,13.903406883889144,5,3,597,0,0,0,1
2,0,1,DT,0.0,the,0,1,1.3030584794469178,20.651930178991396,5.17205129965733,3,3,598,0,0,0,2
0,1,1,NNS,2.0,birds,2,1,9.13779134862125,13.024181478157963,16.176566523496952,5,3,599,0,0,0,3
1,4,2,VBG,1.0,chirping,2,1,5.8114833403378725,12.864863860839398,35.476493979676704,8,3,600,0,0,0,4
0,0,0,CC,1.0,and,0,0,1.6841029901988804,19.93279149564298,6.2095491118355035,3,3,601,0,0,0,5
2,1,2,PRP,0.0,she,0,1,6.22865162556991,16.84690510554553,10.66154210357584,3,3,602,0,0,0,6
1,0,1,VBD,0.0,was,0,1,4.522821350488812,18.521451560034553,8.24568223794633,3,3,603,0,0,0,7
1,0,1,VBN,3.0,surrounded,0,1,9.155983672942966,12.734533844347478,16.594439728400562,10,3,604,0,0,0,8
1,0,1,IN,0.0,by,0,1,0.1141475705662742,18.29067397824052,8.57862391074893,2,3,605,0,0,0,9
1,0,1,NNS,2.0,wildflowers,0,0,9.927556579117663,16.29448229762927,42.23772381402851,11,3,606,0,0,0,10
0,0,0,CC,1.0,and,0,0,1.116985648870468,19.93279149564298,6.2095491118355035,3,3,607,0,0,0,11
1,0,1,NNS,1.0,birches,2,3,12.553482368588448,16.154281282137262,43.94112189851787,7,3,608,0,0,0,12
1,0,1,IN,0.0,as,0,0,4.5837337714619935,18.455643172698917,8.340623672004352,2,3,609,0,0,0,13
2,1,2,JJ,2.0,white,1,1,9.107445017900318,14.820759703454794,13.584652027292124,5,3,610,0,0,0,14
1,0,1,IN,0.0,as,0,1,0.1292489622719586,18.455643172698917,8.340623672004352,2,3,611,0,0,0,15
1,11,1,NN,2.0,snow.,10,4,4.138812692370266,20.84336257437381,20.480135395234587,5,3,612,1,0,1,16
2,0,1,DT,0.0,A,0,0,4.574749538674951,17.13359437447058,10.24793691702159,1,3,613,0,1,0,0
0,0,0,JJ,0.0,little,0,1,4.327974235638976,15.70386302020348,12.310603251626194,6,3,614,0,0,0,1
0,1,1,NN,2.0,squirrel,2,1,9.353919111192226,13.998201213299648,33.74366544657715,8,3,615,0,0,0,2
2,0,1,VBP,1.0,hid,0,0,10.731876032426952,11.617537700736474,18.205924525480256,3,3,616,0,0,0,3
1,0,1,DT,0.0,some,0,1,9.782420944422483,16.817709477619566,10.70366249120027,4,3,617,0,0,0,4
0,1,0,NN,2.0,food,2,1,7.512506784871221,14.880389556661976,13.498624333781184,4,3,618,0,0,0,5
1,0,1,IN,0.0,in,0,1,1.5466670836904086,19.583721360186956,6.713150865180346,2,3,619,0,0,0,6
1,0,1,DT,0.0,the,0,1,1.6418797702062875,20.651930178991396,5.17205129965733,3,3,620,0,0,0,7
0,3,1,NN,3.0,ground,3,1,5.992872190836351,14.736108400904191,13.706778041686665,6,3,621,0,0,0,8
0,0,0,CC,1.0,and,0,0,2.4683959055691957,19.93279149564298,6.2095491118355035,3,3,622,0,0,0,9
1,0,1,VBD,1.0,scurried,0,0,12.22553397458978,15.74732424569124,43.48163634526547,8,3,623,0,0,0,10
1,1,1,RP,1.0,off,1,2,3.155088863102719,15.932315680740835,11.981015731191064,3,3,624,0,0,0,11
1,0,1,IN,0.0,into,0,1,3.834908377728425,16.972256606338846,10.48069811501334,4,3,625,0,0,0,12
1,0,1,DT,0.0,the,0,1,0.3464970536588225,20.651930178991396,5.17205129965733,3,3,626,0,0,0,13
0,5,0,NN,3.0,underbrush.,7,4,14.366997332515894,20.853624636716212,34.99263258445033,11,3,627,1,0,1,14
4,0,1,DT,0.0,The,0,0,2.037267772713676,18.12053694573349,8.824079763818386,3,3,628,0,1,0,0
0,1,1,NN,1.0,girl,1,1,2.16419462277554,14.247424134619102,14.411800409216628,4,3,629,0,0,0,1
1,0,1,VBD,0.0,was,0,1,3.2451867677737027,18.521451560034553,8.24568223794633,3,3,630,0,0,0,2
1,3,2,JJ,2.0,"curious,",3,2,11.52806680521462,20.760155324326288,21.66865460711901,8,3,631,1,0,0,3
0,0,0,IN,1.0,so,0,1,5.380377499968745,17.102955196419583,10.292139907252675,2,3,632,0,0,0,4
2,1,2,PRP,0.0,she,0,0,0.3234568312764168,16.84690510554553,10.66154210357584,3,3,633,0,0,0,5
1,0,1,VBD,2.0,dug,0,0,8.206394771346822,11.831160990465465,17.897731264769853,3,3,634,0,0,0,6
1,0,1,DT,0.0,some,0,1,5.174868252826855,16.817709477619566,10.70366249120027,4,3,635,0,0,0,7
0,0,0,NN,0.0,squirrel,0,1,10.926441211719066,13.998201213299648,33.74366544657715,8,3,636,0,0,0,8
0,1,0,NN,3.0,food,3,1,5.743907675147057,14.880389556661976,13.498624333781184,4,3,637,0,0,0,9
1,1,1,RP,1.0,up,1,1,5.902498841285706,17.040396008802368,10.382393736990077,2,3,638,0,0,0,10
2,0,1,TO,0.0,to,0,0,4.955185876227915,19.88357245739644,6.280557174231113,2,3,639,0,0,0,11
1,0,1,VB,2.0,see,0,1,4.403254860080779,16.358742639435995,11.365811672580191,3,3,640,0,0,0,12
2,1,2,WP,0.0,what,0,1,1.779292085906491,16.89144897198978,10.5972788883547,4,3,641,0,0,0,13
2,1,2,PRP,0.0,it,0,1,1.472541969269514,18.431334787537676,8.375693258728493,2,3,642,0,0,0,14
1,9,3,VBD,3.0,"was,",7,4,3.961554408131633,20.86116058676723,13.262050915877944,4,3,643,1,0,0,15
0,0,0,CC,1.0,but,0,0,2.375190954830032,17.553098244319884,9.64272076435627,3,3,644,0,0,0,16
2,1,2,RB,0.0,then,0,1,7.353105787187815,16.720629155852837,10.843719789981035,4,3,645,0,0,0,17
1,1,1,PRP,0.0,she,0,1,1.4705476600211114,16.84690510554553,10.66154210357584,3,3,646,0,0,0,18
1,0,1,VBD,3.0,forgot,0,1,7.7365569185931236,12.323175449881694,17.1879044441244,6,3,647,0,0,0,19
2,0,1,TO,0.0,to,0,1,2.1445234494749457,19.88357245739644,6.280557174231113,2,3,648,0,0,0,20
1,0,1,VB,2.0,put,0,1,3.658068058721255,15.425693592725771,12.711916905175212,3,3,649,0,0,0,21
1,1,1,PRP,1.0,it,1,1,1.1394324116990902,18.431334787537676,8.375693258728493,2,3,650,0,0,0,22
1,7,2,RB,1.0,back.,10,4,5.555534666404128,20.85374547081352,16.29329814208473,5,3,651,1,0,1,23
3,0,1,DT,0.0,The,0,0,2.3346891260007396,18.12053694573349,8.824079763818386,3,3,652,0,1,0,0
0,1,1,NN,1.0,squirrel,1,1,0.9780140587827192,13.998201213299648,33.74366544657715,8,3,653,0,0,0,1
2,0,1,VBD,1.0,came,0,0,5.478116801008582,15.304613280765835,12.886598870789095,4,3,654,0,0,0,2
1,2,2,RB,1.0,back,1,1,2.5087277982383966,16.337436220093977,11.396550338104024,4,3,655,0,0,0,3
0,0,0,CC,1.0,and,0,0,1.607443017885089,19.93279149564298,6.2095491118355035,3,3,656,0,0,0,4
1,0,1,VBD,1.0,looked,0,1,6.216791680082679,14.806781852602777,13.60481780339861,6,3,657,0,0,0,5
1,0,1,IN,0.0,in,0,1,6.111303608864546,19.583721360186956,6.713150865180346,2,3,658,0,0,0,6
1,0,1,PRP$,0.0,its,0,1,6.781400377396494,16.89741080294139,10.588677784406196,3,3,659,0,0,0,7
0,0,0,NN,0.0,hiding,0,1,9.101270500104874,12.397642967005275,17.08047052646289,6,3,660,0,0,0,8
0,5,1,NN,4.0,"place,",8,4,1.8658027377096005,20.76579945252724,17.41931995343559,6,3,661,1,0,0,9
0,0,0,CC,1.0,but,0,0,1.912866902712267,17.553098244319884,9.64272076435627,3,3,662,0,0,0,10
2,0,1,DT,0.0,the,0,0,2.273539143265225,20.651930178991396,5.17205129965733,3,3,663,0,0,0,11
0,1,1,NN,1.0,food,1,2,8.501928951009177,14.880389556661976,13.498624333781184,4,3,664,0,0,0,12
1,0,1,VBD,2.0,was,0,1,1.321715373545885,18.521451560034553,8.24568223794633,3,3,665,0,0,0,13
1,1,1,RB,1.0,nowhere,0,1,6.822921686805785,12.367030106570354,17.12463554839978,7,3,666,0,0,0,14
2,0,1,TO,0.0,to,0,1,0.1376333279658865,19.88357245739644,6.280557174231113,2,3,667,0,0,0,15
1,0,1,VB,0.0,be,0,1,0.0046245871017163,18.381669296901407,8.447345415772759,2,3,668,0,0,0,16
1,7,2,VBN,3.0,found.,8,3,0.4702681836643023,20.851743404357553,16.58489083941108,6,3,669,1,0,1,17
3,1,2,RB,0.0,Then,0,0,5.60377302672714,15.050992203716426,13.252496740913198,4,3,670,0,1,0,0
1,0,1,DT,0.0,the,0,0,1.3771476502297446,20.651930178991396,5.17205129965733,3,3,671,0,0,0,1
0,1,0,NN,1.0,match,1,2,9.621769107994623,14.309785979560646,14.321831284778774,5,3,672,0,0,0,2
1,0,1,VBD,2.0,went,0,1,3.5376671112608165,15.185966907303502,13.057769405402668,4,3,673,0,0,0,3
1,3,2,RP,1.0,"out,",4,2,3.1222008663753513,20.786092045726072,15.265249413681502,4,3,674,1,0,0,4
0,0,0,CC,1.0,and,0,0,0.7590916185581591,19.93279149564298,6.2095491118355035,3,3,675,0,0,0,5
2,1,2,PRP,0.0,it,0,1,4.454858858603984,18.431334787537676,8.375693258728493,2,3,676,0,0,0,6
1,0,1,VBD,0.0,wasn't,1,2,8.081290385802276,17.340735025747467,23.86596144889463,6,3,677,0,0,0,7
2,0,1,DT,0.0,the,0,0,4.867011763853952,20.651930178991396,5.17205129965733,3,3,678,0,0,0,8
0,1,1,NN,5.0,forest,1,1,11.086640947731212,13.2820575209483,15.804530035399264,6,3,679,0,0,0,9
2,1,2,WDT,0.0,that,0,1,2.13799135456793,19.024464301341364,7.519988250559035,4,3,680,0,0,0,10
2,0,1,VBD,2.0,remained,0,1,11.584529533283783,13.85468030828051,14.97840997981507,8,3,681,0,0,0,11
1,0,1,IN,0.0,before,0,1,9.575657069683077,16.28145242436684,11.477317882569707,6,3,682,0,0,0,12
1,0,1,PRP$,0.0,her,0,1,4.400140643119812,17.210354868203652,10.137194933376698,3,3,683,0,0,0,13
0,9,1,NNS,3.0,eyes.,10,4,2.258444359526038,20.845427660148736,18.33962702489338,5,3,684,1,0,1,14
2,1,2,PRP,0.0,It,0,0,2.2458139029331505,16.818509266914305,10.702508639150992,2,3,685,0,1,0,0
1,0,1,VBD,0.0,was,0,0,0.5922926929779351,18.521451560034553,8.24568223794633,3,3,686,0,0,0,1
1,1,1,RB,0.0,only,1,2,6.818458201945759,16.873419471860046,10.623289958781577,4,3,687,0,0,0,2
1,0,1,DT,0.0,the,0,1,1.5831901116180234,20.651930178991396,5.17205129965733,3,3,688,0,0,0,3
0,0,0,JJ,0.0,"thick,",1,2,11.536535067250952,20.760557896249644,20.478468826839656,6,3,689,1,0,0,4
0,0,0,JJ,0.0,"damp,",1,2,10.599690834817013,20.760012768785767,22.54111259303092,5,3,690,1,0,0,5
0,0,0,JJ,0.0,cold,0,1,4.788819692679681,14.08696644502038,14.643291922273203,4,3,691,0,0,0,6
0,3,0,NN,7.0,wall.,7,2,14.55435377266258,20.844277928253277,19.152301314575737,5,3,692,1,0,1,7
3,0,1,DT,0.0,The,0,0,1.807040398591198,18.12053694573349,8.824079763818386,3,3,693,0,1,0,0
0,1,1,NN,1.0,girl,1,1,1.611684131785296,14.247424134619102,14.411800409216628,4,3,694,0,0,0,1
1,0,1,VBD,1.0,looked,0,0,4.334792652633041,14.806781852602777,13.60481780339861,6,3,695,0,0,0,2
1,1,1,RB,1.0,despondently,1,2,21.77302579197567,14.457788564711135,48.50852695208496,12,3,696,0,0,0,3
1,0,1,IN,0.0,into,0,1,4.173676720805815,16.972256606338846,10.48069811501334,4,3,697,0,0,0,4
2,0,1,DT,0.0,the,0,0,0.2445422688178951,20.651930178991396,5.17205129965733,3,3,698,0,0,0,5
0,1,1,NN,3.0,sky,1,2,7.6019494489301,13.44041266310948,15.576071857104065,3,3,699,0,0,0,6
2,1,2,WDT,0.0,that,0,1,8.355688656680286,19.024464301341364,7.519988250559035,4,3,700,0,0,0,7
2,0,1,VBD,0.0,was,0,0,3.914338283706456,18.521451560034553,8.24568223794633,3,3,701,0,0,0,8
1,1,1,RB,0.0,now,1,1,4.529821360018104,16.358672986859247,11.365912160007252,3,3,702,0,0,0,9
1,0,1,RB,0.0,fully,0,0,10.537171868607402,14.2754095569533,14.371425979197896,5,3,703,0,0,0,10
0,8,2,JJ,5.0,darkened,7,3,8.162207354791462,10.799983657082104,19.385405689919132,8,3,704,0,0,0,11
0,0,0,CC,1.0,and,0,0,2.41981094237417,19.93279149564298,6.2095491118355035,3,3,705,0,0,0,12
2,1,2,RB,0.0,suddenly,0,1,8.283924208022654,13.46857375829518,15.535443984733654,8,3,706,0,0,0,13
1,1,1,PRP,0.0,she,0,1,3.0690334185492247,16.84690510554553,10.66154210357584,3,3,707,0,0,0,14
1,0,1,VBD,3.0,saw,0,1,1.7516129093710333,14.882462918571155,13.49563310483684,3,3,708,0,0,0,15
3,0,1,DT,0.0,a,0,1,1.8997056952212008,19.69218547190043,6.556670229096891,1,3,709,0,0,0,16
0,1,1,NN,1.0,star,2,1,7.793457143707201,14.12202346214243,14.592715337522865,4,3,710,0,0,0,17
1,1,1,VB,2.0,"fall,",1,2,13.924461689544842,20.761459545025858,19.302789644901413,5,3,711,1,0,0,18
2,0,1,VBG,1.0,leaving,0,0,8.407205762108788,13.915065352993793,14.89129277526336,7,3,712,0,0,0,19
1,0,1,IN,0.0,behind,0,1,3.3000714853405952,14.808511558793102,13.602322364855636,6,3,713,0,0,0,20
1,2,1,PRP,2.0,it,2,1,7.190618481952697,18.431334787537676,8.375693258728493,2,3,714,0,0,0,21
2,0,1,DT,0.0,a,0,0,1.1246730517596006,19.69218547190043,6.556670229096891,1,3,715,0,0,0,22
0,0,0,JJ,0.0,bright,0,1,5.187791748903692,13.433863533816304,15.585520253457467,6,3,716,0,0,0,23
0,1,1,NN,3.0,streak,2,1,8.610157757997513,11.579555547267992,18.26072118993152,6,3,717,0,0,0,24
1,0,1,IN,0.0,of,0,1,0.3644322134787217,20.087642241543257,5.986146708647226,2,3,718,0,0,0,25
1,10,3,NN,2.0,fire.,10,5,6.935692327446304,20.844523349610835,18.93643438355832,5,3,719,1,0,1,26
3,1,3,``,0.0,'Someone,0,1,17.922490760684013,16.837349419583738,28.86640891683049,8,3,720,1,1,0,0
1,0,1,VBZ,0.0,is,0,1,3.6752164978533983,19.144004138058012,7.347528720939248,2,3,721,0,0,0,1
1,3,1,VBG,2.0,"dying,'",5,3,10.240620612807106,14.544993042886452,30.833724883416973,7,3,722,1,0,0,2
1,1,1,VBD,1.0,thought,0,1,4.364853997074533,15.353262762193182,12.816412505192044,7,3,723,0,0,0,3
1,0,1,DT,0.0,the,0,1,0.1546481696714181,20.651930178991396,5.17205129965733,3,3,724,0,0,0,4
0,0,0,JJ,0.0,little,0,1,2.9546748246939387,15.70386302020348,12.310603251626194,6,3,725,0,0,0,5
0,2,0,NN,3.0,girl.,5,2,1.9038401214638725,20.84412182092374,19.308548213197337,5,3,726,1,0,1,6
2,1,2,PRP,0.0,It,0,0,3.7359273321926594,16.818509266914305,10.702508639150992,2,3,727,0,1,0,0
1,0,1,VBD,0.0,was,0,1,0.9405963635072112,18.521451560034553,8.24568223794633,3,3,728,0,0,0,1
2,0,1,PRP$,0.0,her,0,0,5.387306815944612,17.210354868203652,10.137194933376698,3,3,729,0,0,0,2
0,0,0,JJ,0.0,old,0,1,6.377573164179921,15.379287495206372,12.778866751933457,3,3,730,0,0,0,3
0,1,1,NN,4.0,"grandmother,",2,1,8.105222575017251,20.760022728921957,22.459716470195236,12,3,731,1,0,0,4
3,0,1,DT,0.0,the,0,0,3.383968249661848,20.651930178991396,5.17205129965733,3,3,732,0,0,0,5
0,1,1,NN,2.0,one,1,1,2.735462155775167,17.417661831348372,9.838114205706065,3,3,733,0,0,0,6
2,1,2,WP,0.0,who,0,1,0.4634429635480046,16.99990971408453,10.440803113603463,3,3,734,0,0,0,7
2,0,1,VBD,0.0,had,0,1,0.9946323942858726,17.432489551576744,9.816722327264898,3,3,735,0,0,0,8
1,0,1,VBN,3.0,loved,0,0,9.728650172939524,13.616272724353992,15.322359418856175,5,3,736,0,0,0,9
1,1,1,PRP$,1.0,her,1,2,0.6369431102648377,17.210354868203652,10.137194933376698,3,3,737,0,0,0,10
1,0,1,DT,0.0,the,0,1,4.813992439274443,20.651930178991396,5.17205129965733,3,3,738,0,0,0,11
0,6,2,JJS,2.0,"most,",6,2,3.175190531212138,20.772857611169208,16.28685661988825,5,3,739,1,0,0,12
0,0,0,CC,1.0,and,0,0,1.3832053490914404,19.93279149564298,6.2095491118355035,3,3,740,0,0,0,13
2,0,1,DT,0.0,the,0,0,3.516715148172807,20.651930178991396,5.17205129965733,3,3,741,0,0,0,14
0,1,1,NN,2.0,one,1,2,1.3307451995206063,17.417661831348372,9.838114205706065,3,3,742,0,0,0,15
2,1,2,WP,0.0,who,0,1,0.3826642027124762,16.99990971408453,10.440803113603463,3,3,743,0,0,0,16
2,0,1,DT,0.0,the,0,0,9.350088841107208,20.651930178991396,5.17205129965733,3,3,744,0,0,0,17
0,1,1,NN,1.0,girl,1,2,1.8286172721418552,14.247424134619102,14.411800409216628,4,3,745,0,0,0,18
1,0,1,VBD,3.0,used,0,1,10.230947079136968,16.57386279565365,11.055458890009728,4,3,746,0,0,0,19
2,0,1,TO,0.0,to,0,1,0.5732760728569701,19.88357245739644,6.280557174231113,2,3,747,0,0,0,20
1,0,1,VB,2.0,visit,0,1,6.345975218224339,14.225941980160831,14.442792606921184,5,3,748,0,0,0,21
1,0,1,DT,0.0,every,0,0,2.654587582917884,15.73197777235085,12.270042238127363,5,3,749,0,0,0,22
0,9,1,NNP,2.0,"Sunday,",13,7,9.756488504470326,20.76071202560045,20.197353677416025,7,3,750,1,0,0,23
2,1,2,WP,0.0,who,0,1,7.056774411466904,16.99990971408453,10.440803113603463,3,3,751,0,0,0,24
2,0,1,VBD,0.0,had,0,1,1.4388033440336585,17.432489551576744,9.816722327264898,3,3,752,0,0,0,25
1,0,1,VBN,3.0,told,0,1,6.110232553211972,15.319959885565703,12.864458400149848,4,3,753,0,0,0,26
1,1,1,PRP,1.0,her,1,1,0.1871269254479557,17.210354868203652,10.137194933376698,3,3,754,0,0,0,27
1,0,1,IN,0.0,that,0,1,2.9388672867789865,19.024464301341364,7.519988250559035,4,3,755,0,0,0,28
3,1,2,WRB,0.0,when,0,1,6.063243217300624,17.09507037229838,10.303515303910618,4,3,756,0,0,0,29
2,0,1,DT,0.0,a,0,0,5.069443564629182,19.69218547190043,6.556670229096891,1,3,757,0,0,0,30
0,1,1,NN,1.0,star,1,2,6.653665128862485,14.12202346214243,14.592715337522865,4,3,758,0,0,0,31
1,3,2,VBZ,2.0,"falls,",3,2,5.843515625456348,20.760268132576293,21.225962165696004,6,3,759,1,0,0,32
1,0,1,DT,0.0,a,0,0,5.383274469524622,19.69218547190043,6.556670229096891,1,3,760,0,0,0,33
0,1,0,NN,1.0,soul,1,2,7.837992628803477,13.3687702276437,15.679430043467754,4,3,761,0,0,0,34
1,0,1,VBZ,4.0,leaves,0,1,8.504680503159761,13.81048294065021,15.04217330291565,6,3,762,0,0,0,35
1,0,1,DT,0.0,this,0,1,7.8328081568470225,18.084110076486997,8.876632627435416,4,3,763,0,0,0,36
0,11,1,NN,2.0,earth.,11,2,5.476267278776504,20.84358538892359,20.028597115804512,6,3,764,1,0,1,37
3,1,2,PRP,0.0,It,0,0,3.8452857192605734,16.818509266914305,10.702508639150992,2,3,765,0,1,0,0
1,0,1,VBD,0.0,was,0,1,1.2570356377400458,18.521451560034553,8.24568223794633,3,3,766,0,0,0,1
1,0,1,PRP$,0.0,her,0,0,3.3898955821059644,17.210354868203652,10.137194933376698,3,3,767,0,0,0,2
0,0,0,JJ,0.0,last,0,1,7.478307362645864,15.887953038257791,12.045017495502083,4,3,768,0,0,0,3
0,0,0,NN,4.0,match,2,2,9.306621376425028,14.309785979560646,14.321831284778774,5,3,769,0,0,0,4
2,1,2,WDT,0.0,that,0,1,3.7638629395514727,19.024464301341364,7.519988250559035,4,3,770,0,0,0,5
2,0,1,DT,0.0,the,0,0,3.1460544316796586,20.651930178991396,5.17205129965733,3,3,771,0,0,0,6
0,0,0,JJ,0.0,little,0,1,2.3013808119576424,15.70386302020348,12.310603251626194,6,3,772,0,0,0,7
0,1,1,NN,2.0,girl,2,2,0.0909111624350771,14.247424134619102,14.411800409216628,4,3,773,0,0,0,8
1,1,1,RB,0.0,now,0,1,10.224369728937743,16.358672986859247,11.365912160007252,3,3,774,0,0,0,9
1,0,1,VBD,4.0,rubbed,0,1,13.651232272386553,11.461021457819806,18.431729732954704,6,3,775,0,0,0,10
1,0,1,IN,0.0,on,0,1,0.5100810304284096,18.53086189167023,8.232105999162414,2,3,776,0,0,0,11
1,0,1,DT,0.0,the,0,1,0.3468391485221218,20.651930178991396,5.17205129965733,3,3,777,0,0,0,12
0,8,1,NN,3.0,wall,9,1,2.814627897023456,14.355726231869896,14.255553510595032,4,3,778,0,0,0,13
0,0,0,CC,1.0,and,0,0,2.041522005572915,19.93279149564298,6.2095491118355035,3,3,779,0,0,0,14
2,0,1,DT,0.0,the,0,0,3.841099038079846,20.651930178991396,5.17205129965733,3,3,780,0,0,0,15
0,1,1,NN,1.0,light,1,2,6.7470678693498485,15.434437308641591,12.69930238958451,5,3,781,0,0,0,16
1,1,1,RB,0.0,again,0,1,10.073815127834678,15.602953223186589,12.45618531535958,5,3,782,0,0,0,17
1,0,1,VBP,3.0,shone,0,1,4.162954315543175,10.99958000240877,19.09744903233679,5,3,783,0,0,0,18
1,0,1,IN,0.0,round,0,1,9.13064057379961,14.236762397304275,14.427182044767989,5,3,784,0,0,0,19
1,5,1,PRP,2.0,her.,7,3,1.8975247777998447,20.86886479250561,15.033942737357403,4,3,785,1,0,1,20
2,0,1,PRP$,0.0,Her,0,0,6.02026831114199,14.27501172896256,14.371999923667264,3,3,786,0,1,0,0
0,0,0,JJ,0.0,old,0,1,4.851688607246615,15.379287495206372,12.778866751933457,3,3,787,0,0,0,1
0,1,1,NN,2.0,grandmother,2,1,1.530501365661621,12.146115613326195,17.443347792263623,11,3,788,0,0,0,2
2,0,1,IN,0.0,in,0,1,8.691019142512232,19.583721360186956,6.713150865180346,2,3,789,0,0,0,3
1,0,1,DT,0.0,the,0,1,2.6450565269915387,20.651930178991396,5.17205129965733,3,3,790,0,0,0,4
0,2,1,NNS,2.0,brightness,3,1,15.222499193274416,12.124016245070877,17.475230441252354,10,3,791,0,0,0,5
1,1,1,VBD,2.0,"stood,",1,2,13.621888356166892,20.76088345910491,19.937985558991176,6,3,792,1,0,0,6
2,0,1,VBG,1.0,loving,0,0,12.88717296172399,12.30439646158587,17.21499679741169,6,3,793,0,0,0,7
1,0,1,IN,0.0,in,0,1,8.356245714356191,19.583721360186956,6.713150865180346,2,3,794,0,0,0,8
1,0,1,PRP$,0.0,her,0,1,2.8765666362596676,17.210354868203652,10.137194933376698,3,3,795,0,0,0,9
0,6,1,NN,3.0,appearance.,6,3,15.827736271545293,20.843529264995745,20.12972610832118,11,3,796,1,0,1,10
3,0,1,DT,0.0,The,0,0,2.5009131575352512,18.12053694573349,8.824079763818386,3,3,797,0,1,0,0
0,1,1,NN,1.0,girl,1,1,1.8561136951320805,14.247424134619102,14.411800409216628,4,3,798,0,0,0,1
1,0,1,VBD,1.0,understood,0,1,9.76185429096222,13.684020508950846,15.224620025987084,10,3,799,0,0,0,2
3,0,1,PRP$,0.0,her,0,0,3.952692985534668,17.210354868203652,10.137194933376698,3,3,800,0,0,0,3
0,1,1,NN,1.0,grandmother,1,2,4.752317935228348,12.146115613326195,17.443347792263623,11,3,801,0,0,0,4
1,0,1,MD,0.0,would,0,0,7.508184266509488,17.12711793173308,10.257280448841584,5,3,802,0,0,0,5
1,1,1,RB,0.0,soon,1,1,6.242786476621404,14.581093742288887,13.930416920936056,4,3,803,0,0,0,6
1,6,3,VB,4.0,"disappear,",5,3,8.599355046346318,20.76002334775227,22.454807622982248,10,3,804,1,0,0,7
0,0,0,CC,1.0,but,0,0,2.0047215165686794,17.553098244319884,9.64272076435627,3,3,805,0,0,0,8
2,1,2,PRP,0.0,she,0,1,1.4730398645624518,16.84690510554553,10.66154210357584,3,3,806,0,0,0,9
1,0,1,VBD,2.0,tried,0,1,8.823482151143253,14.666162216648887,13.8076890548409,5,3,807,0,0,0,10
2,0,1,TO,0.0,to,0,1,0.6411265715723857,19.88357245739644,6.280557174231113,2,3,808,0,0,0,11
1,0,1,VB,2.0,play,0,1,8.523444288992323,15.16126309364622,13.093409474857072,4,3,809,0,0,0,12
1,0,1,IN,0.0,for,0,1,6.875888677896,18.90419907432743,7.693494297163422,3,3,810,0,0,0,13
1,8,2,NN,2.0,time.,8,3,5.190650634816848,20.86561639812891,15.227980891429535,5,3,811,1,0,1,14
4,2,3,``,0.0,"'Grandmother,'",2,3,17.78796220611548,16.92515728273092,60.882379676078166,14,3,812,1,1,0,0
1,1,1,VBD,1.0,cried,0,0,4.959703702072147,12.723988077108029,16.609654054499288,5,3,813,0,0,0,1
1,0,1,DT,0.0,the,0,1,0.250366834574379,20.651930178991396,5.17205129965733,3,3,814,0,0,0,2
0,0,0,JJ,0.0,little,0,1,0.9019575786078348,15.70386302020348,12.310603251626194,6,3,815,0,0,0,3
0,1,0,NN,3.0,"one,",3,1,8.908180031226948,20.79459016141679,14.854482883637676,4,3,816,1,0,0,4
2,1,2,``,0.0,'O,1,2,12.997584097553045,17.230080460905736,22.39805016395572,2,3,817,1,0,0,5
1,0,1,VB,2.0,take,0,0,13.416039959527552,15.951533854192489,11.95328976765742,4,3,818,0,0,0,6
1,1,1,PRP,1.0,me,1,2,4.625905624590814,16.93966537743082,10.527717319335425,2,3,819,0,0,0,7
1,0,1,IN,0.0,with,0,1,5.639494365896098,18.681580760008114,8.014664635242958,4,3,820,0,0,0,8
1,6,2,PRP,2.0,you!,8,4,4.26297505304683,18.36413818043767,19.894320881210835,4,3,821,1,0,1,9
2,1,2,PRP,0.0,I,0,0,2.536830849945545,18.456613480707578,8.339223813452126,1,3,822,0,1,0,0
1,0,1,VBP,1.0,know,0,1,5.618537748232484,16.39038930165751,11.320155189932528,4,3,823,0,0,0,1
3,1,2,PRP,0.0,you,0,1,1.9180625434964895,18.198249039215252,8.711964911935151,3,3,824,0,0,0,2
1,0,1,MD,0.0,will,0,1,2.6038621682673693,17.38540358388539,9.884653019348672,4,3,825,0,0,0,3
1,0,1,VB,3.0,go,0,0,5.475174097344279,16.02670389409771,11.844842323862729,2,3,826,0,0,0,4
1,1,1,RP,1.0,away,1,2,4.181957870721817,15.450008430142663,12.676838009813835,4,3,827,0,0,0,5
2,1,2,WRB,0.0,when,0,1,5.177381310146302,17.09507037229838,10.303515303910618,4,3,828,0,0,0,6
2,0,1,DT,0.0,the,0,0,3.086602508206852,20.651930178991396,5.17205129965733,3,3,829,0,0,0,7
0,1,1,NN,1.0,match,1,2,7.031621844857,14.309785979560646,14.321831284778774,5,3,830,0,0,0,8
1,0,1,VBZ,3.0,burns,0,1,7.431957479566336,11.508636279551798,18.363036065769148,5,3,831,0,0,0,9
1,10,2,RP,1.0,out!',10,3,5.097423387691379,17.148081643799554,26.532175899126788,5,3,832,1,0,1,10
2,0,1,DT,0.0,The,0,0,2.2379189502680674,18.12053694573349,8.824079763818386,3,3,833,0,1,0,0
0,1,1,NN,1.0,girl,1,1,1.9923323713010177,14.247424134619102,14.411800409216628,4,3,834,0,0,0,1
1,0,1,VBD,1.0,decided,0,1,7.939377300441265,14.322054026375904,14.30413223447701,7,3,835,0,0,0,2
2,0,1,TO,0.0,to,0,1,1.2238887596176935,19.88357245739644,6.280557174231113,2,3,836,0,0,0,3
1,0,1,VB,2.0,light,0,0,13.02426363050472,15.434437308641591,12.69930238958451,5,3,837,0,0,0,4
2,0,1,DT,0.0,the,0,0,1.5046712509938516,20.651930178991396,5.17205129965733,3,3,838,0,0,0,5
0,0,0,JJ,0.0,whole,0,1,9.49709318060195,15.072791021482022,13.221047694625527,5,3,839,0,0,0,6
0,1,1,NN,3.0,bundle,2,2,12.412614658474922,12.79763550496006,16.503403275562935,6,3,840,0,0,0,7
1,0,1,IN,0.0,of,0,1,1.4802937797503546,20.087642241543257,5.986146708647226,2,3,841,0,0,0,8
1,6,2,NNS,2.0,"matches,",4,3,3.6925416238373145,20.76034813551242,20.978137501146993,8,3,842,1,0,0,9
1,0,1,IN,0.0,in,0,1,7.521773794898763,19.583721360186956,6.713150865180346,2,3,843,0,0,0,10
0,0,0,NN,1.0,order,1,1,1.932012016652152,15.96097085282248,11.939675056533057,5,3,844,0,0,0,11
2,0,1,TO,0.0,to,0,1,0.268712030723691,19.88357245739644,6.280557174231113,2,3,845,0,0,0,12
1,0,1,VB,3.0,keep,0,1,4.602604094543494,15.16300405778076,13.090897794533806,4,3,846,0,0,0,13
1,0,1,PRP$,0.0,her,0,1,2.7779205249389634,17.210354868203652,10.137194933376698,3,3,847,0,0,0,14
0,1,0,NN,2.0,grandmother,2,1,3.962957561481744,12.146115613326195,17.443347792263623,11,3,848,0,0,0,15
1,7,2,RB,1.0,there.,8,2,8.982793556991965,20.86590241489911,15.20983554126759,6,3,849,1,0,1,16
3,0,1,DT,0.0,The,0,0,2.9093146548839286,18.12053694573349,8.824079763818386,3,3,850,0,1,0,0
0,1,1,NN,1.0,girl,1,1,2.76258998864796,14.247424134619102,14.411800409216628,4,3,851,0,0,0,1
1,0,1,VBD,1.0,saw,0,1,7.337398956529796,14.882462918571155,13.49563310483684,3,3,852,0,0,0,2
3,0,1,DT,0.0,the,0,0,1.986785837507341,20.651930178991396,5.17205129965733,3,3,853,0,0,0,3
0,1,1,NNS,1.0,matches,1,2,7.619014549942221,13.173067898498896,15.96176882321538,7,3,854,0,0,0,4
1,0,1,VBD,2.0,glowed,0,1,16.276176244020462,16.723616247145557,28.365682688432106,6,3,855,0,0,0,5
1,0,1,IN,0.0,with,0,1,4.401213726727292,18.681580760008114,8.014664635242958,4,3,856,0,0,0,6
2,0,1,DT,0.0,a,0,0,1.9815438800724223,19.69218547190043,6.556670229096891,1,3,857,0,0,0,7
0,1,1,NN,3.0,light,1,2,4.293550473754294,15.434437308641591,12.69930238958451,5,3,858,0,0,0,8
2,1,2,WDT,0.0,that,0,1,1.7052201945334673,19.024464301341364,7.519988250559035,4,3,859,0,0,0,9
2,0,1,VBD,0.0,was,0,1,3.432396464049816,18.521451560034553,8.24568223794633,3,3,860,0,0,0,10
1,0,1,JJ,3.0,brighter,0,1,6.541993778198957,11.402675236349328,18.515905537324773,8,3,861,0,0,0,11
1,0,1,IN,0.0,than,0,1,0.1222702177474275,16.958709278696364,10.500242777420445,4,3,862,0,0,0,12
1,0,1,DT,0.0,the,0,1,1.0327729781274684,20.651930178991396,5.17205129965733,3,3,863,0,0,0,13
0,13,3,NN,3.0,"day,",12,2,11.594423834438205,20.767717064386662,17.01538908338552,4,3,864,1,0,0,14
0,0,0,CC,1.0,and,0,0,0.8589632267539855,19.93279149564298,6.2095491118355035,3,3,865,0,0,0,15
2,0,1,PRP$,0.0,her,0,0,5.1678647202206776,17.210354868203652,10.137194933376698,3,3,866,0,0,0,16
0,1,1,NN,1.0,grandmother,1,2,1.5389430309878662,12.146115613326195,17.443347792263623,11,3,867,0,0,0,17
1,0,1,VBD,0.0,had,0,0,5.457451229682192,17.432489551576744,9.816722327264898,3,3,868,0,0,0,18
1,1,1,RB,0.0,never,1,1,5.930495351785794,15.696014914672944,12.321925674555477,5,3,869,0,0,0,19
1,0,1,VBN,4.0,appeared,0,0,11.108601039275529,14.08936775570261,14.63982756326032,8,3,870,0,0,0,20
2,0,1,RB,0.0,so,0,0,2.1239703092724085,17.102955196419583,10.292139907252675,2,3,871,0,0,0,21
0,1,1,JJ,2.0,large,1,1,9.344687366858125,15.588818506740086,12.476577400681318,5,3,872,0,0,0,22
0,0,0,CC,1.0,or,0,0,3.991328326344956,18.052589408876212,8.922107338283002,2,3,873,0,0,0,23
1,0,1,RB,0.0,so,0,1,1.1090008043101989,17.102955196419583,10.292139907252675,2,3,874,0,0,0,24
0,2,0,JJ,2.0,beautiful,4,3,3.924348920816555,13.98748038668931,14.786819965265028,9,3,875,0,0,0,25
1,0,1,IN,0.0,as,0,1,1.8668510580901057,18.455643172698917,8.340623672004352,2,3,876,0,0,0,26
2,1,2,PRP,0.0,she,0,1,2.3827898397576064,16.84690510554553,10.66154210357584,3,3,877,0,0,0,27
1,0,1,VBD,3.0,did,0,1,2.327356799505651,16.320603258264402,11.420835168659025,3,3,878,0,0,0,28
1,0,1,IN,0.0,in,0,1,2.765325402317103,19.583721360186956,6.713150865180346,2,3,879,0,0,0,29
2,0,1,DT,0.0,the,0,0,1.181475677411072,20.651930178991396,5.17205129965733,3,3,880,0,0,0,30
0,1,1,NN,3.0,light,1,2,7.44363762595458,15.434437308641591,12.69930238958451,5,3,881,0,0,0,31
1,0,1,IN,0.0,of,0,1,0.4910862018587068,20.087642241543257,5.986146708647226,2,3,882,0,0,0,32
1,0,1,DT,0.0,the,0,1,0.9639248776584282,20.651930178991396,5.17205129965733,3,3,883,0,0,0,33
0,0,0,JJ,0.0,little,0,1,9.816215186765476,15.70386302020348,12.310603251626194,6,3,884,0,0,0,34
0,11,0,NNS,4.0,matches.,14,5,4.443796984036453,20.843222675291887,20.858516627196085,8,3,885,1,0,1,35
3,0,1,DT,0.0,The,0,0,1.9768159039667808,18.12053694573349,8.824079763818386,3,3,886,0,1,0,0
0,1,1,NN,1.0,grandmother,1,1,9.560403537529057,12.146115613326195,17.443347792263623,11,3,887,0,0,0,1
1,1,1,RB,0.0,then,0,1,7.342642000410706,16.720629155852837,10.843719789981035,4,3,888,0,0,0,2
1,0,1,VBD,2.0,took,0,0,4.494444310083054,15.242026333292165,12.976892749533745,4,3,889,0,0,0,3
1,0,1,DT,0.0,the,0,1,1.3289366395911202,20.651930178991396,5.17205129965733,3,3,890,0,0,0,4
0,0,0,JJ,0.0,little,0,1,2.144714726833626,15.70386302020348,12.310603251626194,6,3,891,0,0,0,5
0,1,0,NN,3.0,girl,3,2,0.3850573748350143,14.247424134619102,14.411800409216628,4,3,892,0,0,0,6
1,0,1,IN,0.0,in,0,1,5.2003881521523,19.583721360186956,6.713150865180346,2,3,893,0,0,0,7
1,0,1,PRP$,0.0,her,0,1,0.3124440237152157,17.210354868203652,10.137194933376698,3,3,894,0,0,0,8
0,4,1,NNS,3.0,"arms,",6,2,2.2370741084596375,20.76089846957477,19.917346429483747,5,3,895,1,0,0,9
0,0,0,CC,1.0,and,0,0,1.4589087529457174,19.93279149564298,6.2095491118355035,3,3,896,0,0,0,10
3,1,2,PRP,0.0,they,0,0,4.42881469335407,17.366789695455783,9.911507183877728,4,3,897,0,0,0,11
1,1,1,DT,0.0,both,1,1,6.84090069681406,16.265379148427403,11.500506718058377,4,3,898,0,0,0,12
1,0,1,VBD,3.0,flew,0,0,9.041828779503703,12.279490379524336,17.250928678489842,4,3,899,0,0,0,13
1,1,1,RB,1.0,upwards,1,1,10.84483314678073,11.448472273525308,18.449834378903574,7,3,900,0,0,0,14
1,0,1,IN,0.0,in,0,1,3.4994760476402007,19.583721360186956,6.713150865180346,2,3,901,0,0,0,15
1,0,1,NNS,2.0,brightness,0,0,15.36313381564105,12.124016245070877,17.475230441252354,10,3,902,0,0,0,16
0,0,0,CC,1.0,and,0,0,2.0200808150693774,19.93279149564298,6.2095491118355035,3,3,903,0,0,0,17
0,3,0,NN,1.0,joy,4,4,7.828846563585103,13.078791772835322,16.097780522184443,3,3,904,0,0,0,18
1,0,1,RB,1.0,far,0,1,12.117707079276444,15.316502533052056,12.86944630547589,3,3,905,0,0,0,19
1,0,1,IN,0.0,above,0,1,3.199229257181287,15.5513183555343,12.530678682858492,5,3,906,0,0,0,20
1,0,1,DT,0.0,the,0,0,0.5526650141691789,20.651930178991396,5.17205129965733,3,3,907,0,0,0,21
0,2,0,NN,3.0,"earth,",2,3,6.985041648033075,20.76074218342254,20.14821798975542,6,3,908,1,0,0,22
2,1,2,WRB,0.0,where,0,1,4.795796934282407,16.599322624688853,11.018728120918755,5,3,909,0,0,0,23
2,1,2,EX,0.0,there,0,1,4.645741971442476,17.088435267092525,10.313087737286883,5,3,910,0,0,0,24
1,0,1,VBD,3.0,was,0,1,0.7712524307426065,18.521451560034553,8.24568223794633,3,3,911,0,0,0,25
1,0,1,CC,0.0,neither,0,1,8.136270951479673,13.769776519083,15.100900255443,7,3,912,0,0,0,26
0,0,0,NN,2.0,cold,0,0,8.046646421775222,14.08696644502038,14.643291922273203,4,3,913,0,0,0,27
0,0,0,CC,1.0,nor,0,0,0.0537001634365879,14.319156872049229,14.308311944656792,3,3,914,0,0,0,28
0,6,1,NN,1.0,"hunger,",12,4,11.091642272367608,20.759981871779353,22.827495446037744,7,3,915,1,0,0,29
0,0,0,CC,1.0,and,0,0,2.1246194675331935,19.93279149564298,6.2095491118355035,3,3,916,0,0,0,30
2,0,1,DT,0.0,the,0,0,2.739346649555955,20.651930178991396,5.17205129965733,3,3,917,0,0,0,31
0,0,0,JJ,0.0,little,0,1,2.7254328299313784,15.70386302020348,12.310603251626194,6,3,918,0,0,0,32
0,1,1,NN,2.0,girl,2,2,0.1903000431484542,14.247424134619102,14.411800409216628,4,3,919,0,0,0,33
1,0,1,VBD,2.0,felt,0,1,4.76685334276408,14.66533194586157,13.808886882388355,4,3,920,0,0,0,34
1,0,1,JJ,1.0,safe,0,0,7.631008339114487,14.160240746506764,14.537579450894196,4,3,921,0,0,0,35
0,0,0,CC,1.0,and,0,0,1.3588758775731549,19.93279149564298,6.2095491118355035,3,3,922,0,0,0,36
0,5,0,JJ,1.0,peaceful.,9,7,8.167201519594528,20.842925728872316,22.318030530228437,9,3,923,1,0,1,37
2,0,1,IN,0.0,In,0,0,6.019804135663435,17.05486160741379,10.361524289609886,2,3,924,0,1,0,0
2,0,1,DT,0.0,the,0,0,1.332952570694033,20.651930178991396,5.17205129965733,3,3,925,0,0,0,1
0,1,1,NN,2.0,dawn,1,2,10.430020744621288,12.1271647104253,17.470688165899112,4,3,926,0,0,0,2
1,0,1,IN,0.0,of,0,1,1.9921571646118537,20.087642241543257,5.986146708647226,2,3,927,0,0,0,3
1,0,1,DT,0.0,the,0,1,0.6319639045977965,20.651930178991396,5.17205129965733,3,3,928,0,0,0,4
0,4,1,NN,3.0,morning,4,1,4.675030202372,14.457211274512064,14.109141542850772,7,3,929,0,0,0,5
1,1,1,RB,0.0,there,0,1,4.888570951297879,17.088435267092525,10.313087737286883,5,3,930,0,0,0,6
1,1,1,VBD,2.0,lay,0,0,7.467061678413302,13.655386405755827,15.265930304666838,3,3,931,0,0,0,7
2,0,1,DT,0.0,the,0,1,2.62337375379866,20.651930178991396,5.17205129965733,3,3,932,0,0,0,8
0,0,0,JJ,0.0,poor,0,1,9.570505214913284,14.297293908064864,14.339853534376171,4,3,933,0,0,0,9
0,0,0,JJ,0.0,little,0,1,1.397764436842408,15.70386302020348,12.310603251626194,6,3,934,0,0,0,10
0,1,1,NN,4.0,"one,",5,3,10.324703821272124,20.79459016141679,14.854482883637676,4,3,935,1,0,0,11
4,0,1,RB,0.0,not,0,0,7.974203298334032,18.05588478508421,8.917353115369856,3,3,936,0,0,0,12
0,1,1,VBG,2.0,"frowning,",2,2,20.550265448051505,20.768425310508995,36.39413822306886,9,3,937,1,0,0,13
0,0,0,CC,1.0,but,0,0,1.0459169630194085,17.553098244319884,9.64272076435627,3,3,938,0,0,0,14
1,3,3,VBG,1.0,smiling,2,2,4.216304760426283,12.260721802706058,17.278006011190115,7,3,939,0,0,0,15
0,0,0,CC,1.0,and,0,0,1.7617541565559804,19.93279149564298,6.2095491118355035,3,3,940,0,0,0,16
1,0,1,IN,0.0,with,0,1,7.830577698070556,18.681580760008114,8.014664635242958,4,3,941,0,0,0,17
1,0,1,DT,0.0,a,0,0,1.467210866161622,19.69218547190043,6.556670229096891,1,3,942,0,0,0,18
0,0,0,JJ,0.0,pale,0,1,9.074682528502308,12.65816685423234,16.704614006327287,4,3,943,0,0,0,19
0,4,0,NN,4.0,face,2,2,2.937149405479431,15.14491890931533,13.116989148538623,4,3,944,0,0,0,20
2,0,1,VBG,1.0,leaning,0,0,13.176929015666246,11.791496154553547,17.95495552683765,7,3,945,0,0,0,21
1,0,1,IN,0.0,against,0,1,2.873062781582121,15.917417844359774,12.002508765857996,7,3,946,0,0,0,22
1,0,1,DT,0.0,the,0,1,0.4547850164817646,20.651930178991396,5.17205129965733,3,3,947,0,0,0,23
0,3,1,NN,3.0,"wall,",3,1,4.837816361163277,20.76149451588874,19.271922188526645,5,3,948,1,0,0,24
1,0,1,VBN,0.0,frozen,0,0,14.071316767018288,12.747172349645902,16.576206219482277,6,3,949,0,0,0,25
0,0,0,CC,0.0,and,0,0,3.766165646724403,19.93279149564298,6.2095491118355035,3,3,950,0,0,0,26
0,0,0,RB,0.0,stone,0,1,13.808749672956765,13.365063251174368,15.68477808003675,5,3,951,0,0,0,27
0,3,0,JJ,4.0,dead.,13,8,9.275100456550716,20.844233667754573,19.194912265855205,5,3,952,1,0,1,28
3,1,3,``,0.0,'She,0,1,10.308901412412524,16.96364489769711,24.19395398191194,4,3,953,1,1,0,0
1,0,1,VBD,1.0,tried,0,1,10.894353732466698,14.666162216648887,13.8076890548409,5,3,954,0,0,0,1
2,0,1,TO,0.0,to,0,1,0.6609454308636487,19.88357245739644,6.280557174231113,2,3,955,0,0,0,2
1,0,1,VB,2.0,warm,0,1,8.76737696211785,13.603428106509478,15.340890285322573,4,3,956,0,0,0,3
1,6,2,PRP,1.0,"herself,'",7,3,5.342658963869326,14.870330472677692,29.09013067600339,9,3,957,1,0,0,4
1,1,1,VBD,1.0,said,0,1,1.189463779272046,16.904210086999463,10.57886849101402,4,3,958,0,0,0,5
1,2,1,DT,1.0,some.,3,2,19.84700393275125,20.86046095218545,15.600410295180977,5,3,959,1,0,1,6
3,1,2,NNP,0.0,Children,0,0,12.185068149119616,12.830081408297533,16.456593731720798,8,3,960,0,1,0,0
2,1,2,WP,0.0,who,0,1,5.165406501851976,16.99990971408453,10.440803113603463,3,3,961,0,0,0,1
2,0,1,VBD,2.0,saw,0,1,7.36781250545755,14.882462918571155,13.49563310483684,3,3,962,0,0,0,2
1,5,3,PRP,1.0,her,3,1,6.038087664637715,17.210354868203652,10.137194933376698,3,3,963,0,0,0,3
1,0,1,VBD,0.0,were,0,1,4.680609908886254,17.723648827567594,9.39666828368408,4,3,964,0,0,0,4
1,0,1,VBG,2.0,asking,0,0,13.027152589522302,13.726158990317792,15.163827047888397,6,3,965,0,0,0,5
1,0,1,PRP$,0.0,their,0,1,6.413378894882044,17.287357438148756,10.026103707581193,5,3,966,0,0,0,6
0,1,0,NNS,2.0,parents,2,2,2.9394393110706005,14.295489270232087,14.34245707642812,7,3,967,0,0,0,7
2,1,2,WRB,0.0,why,0,1,4.473839495331049,15.356462113468409,12.811796816973215,3,3,968,0,0,0,8
2,0,1,DT,0.0,no,0,0,8.820532198995352,17.036769620663787,10.387625509173944,2,3,969,0,0,0,9
0,1,1,NN,1.0,one,1,2,0.398559832945466,17.417661831348372,9.838114205706065,3,3,970,0,0,0,10
1,0,1,VBD,3.0,helped,0,1,9.20434263907373,13.822549724795358,15.024764613269966,6,3,971,0,0,0,11
2,0,1,DT,0.0,the,0,0,5.220195466608857,20.651930178991396,5.17205129965733,3,3,972,0,0,0,12
0,1,1,NN,2.0,girl,1,2,3.778872853188659,14.247424134619102,14.411800409216628,4,3,973,0,0,0,13
2,1,2,WP,0.0,who,0,1,4.86895740032196,16.99990971408453,10.440803113603463,3,3,974,0,0,0,14
2,1,2,PRP,0.0,they,0,1,7.412450443487614,17.366789695455783,9.911507183877728,4,3,975,0,0,0,15
1,0,1,VBD,3.0,knew,0,1,2.9885710370726883,14.793058934782852,13.624615788883943,4,3,976,0,0,0,16
2,0,1,VBD,1.0,looked,0,1,9.044422489590945,14.806781852602777,13.60481780339861,6,3,977,0,0,0,17
2,0,1,RB,0.0,dirt,0,0,22.64707018714398,12.372171658873274,17.117217856389885,4,3,978,0,0,0,18
0,1,1,JJ,2.0,poor,1,1,2.439200639724731,14.297293908064864,14.339853534376171,4,3,979,0,0,0,19
0,0,0,CC,1.0,and,0,0,0.9182210490107536,19.93279149564298,6.2095491118355035,3,3,980,0,0,0,20
0,13,1,JJ,1.0,helpless.,14,4,8.049090143293142,20.84286244752563,22.99127097687813,9,3,981,1,0,1,21
4,1,2,NN,0.0,Passersby,0,0,22.79129533097148,16.417514749251957,41.53541254493098,9,3,982,0,1,0,0
2,1,2,WP,0.0,who,0,1,5.97755746752955,16.99990971408453,10.440803113603463,3,3,983,0,0,0,1
2,0,1,VBD,2.0,saw,0,1,1.676321982522495,14.882462918571155,13.49563310483684,3,3,984,0,0,0,2
2,1,2,PRP,0.0,her,1,1,0.9682774791726844,17.210354868203652,10.137194933376698,3,3,985,0,0,0,3
1,0,1,VBG,2.0,sitting,0,1,10.303949551656842,13.705741449838731,15.193283332284686,7,3,986,0,0,0,4
1,7,3,JJ,1.0,motionless,4,1,10.929498022422194,15.384795626946598,27.564011577124948,10,3,987,0,0,0,5
1,0,1,VBD,1.0,wished,0,1,13.39506784453988,12.467505707332242,16.97967989745026,6,3,988,0,0,0,6
3,1,2,PRP,0.0,they,0,1,2.755981406196952,17.366789695455783,9.911507183877728,4,3,989,0,0,0,7
1,0,1,MD,0.0,could,0,1,1.2779902608599514,16.68628345113659,10.893270167851,5,3,990,0,0,0,8
1,0,1,VB,0.0,have,0,1,3.661662394879386,17.990997945585363,9.010965036933804,4,3,991,0,0,0,9
1,0,1,VBN,4.0,helped,0,1,3.828578279819339,13.822549724795358,15.024764613269966,6,3,992,0,0,0,10
1,0,1,DT,0.0,the,0,1,3.877734549532761,20.651930178991396,5.17205129965733,3,3,993,0,0,0,11
0,8,2,NN,2.0,"girl,",8,2,4.049645728766336,20.761324934339115,19.42816908714824,5,3,994,1,0,0,12
0,0,0,CC,1.0,but,0,0,1.0535775436437689,17.553098244319884,9.64272076435627,3,3,995,0,0,0,13
2,0,1,PRP$,0.0,their,0,0,5.1920762283261865,17.287357438148756,10.026103707581193,5,3,996,0,0,0,14
0,0,0,JJ,0.0,good,0,1,8.563727743225172,16.11631406487589,11.715562174867838,4,3,997,0,0,0,15
0,1,1,NNS,2.0,intentions,2,2,3.090909557417035,12.070304467450924,17.55272015646199,10,3,998,0,0,0,16
1,0,1,VBD,2.0,were,0,1,1.2506612881552428,17.723648827567594,9.39666828368408,4,3,999,0,0,0,17
3,0,1,DT,0.0,a,0,0,8.265577999176458,19.69218547190043,6.556670229096891,1,3,1000,0,0,0,18
0,1,1,NN,1.0,day,1,1,11.051257152110338,15.919835791538643,11.999020405453908,3,3,1001,0,0,0,19
0,1,1,RB,1.0,late,1,1,4.886236444115639,14.633189064276708,13.85525925825072,4,3,1002,0,0,0,20
0,0,0,CC,2.0,and,0,0,1.0447706719860437,19.93279149564298,6.2095491118355035,3,3,1003,0,0,0,21
2,0,1,DT,0.0,a,0,0,6.239701973507181,19.69218547190043,6.556670229096891,1,3,1004,0,0,0,22
0,1,1,NN,1.0,dollar,1,2,13.08631086233072,12.61843392032618,16.761936513033675,6,3,1005,0,0,0,23
0,5,0,RB,2.0,short.,8,5,4.138307513669133,20.84580026727261,18.150998215310793,6,3,1006,1,0,1,24
3,0,1,JJ,0.0,Other,0,0,10.793588421307504,13.743143070288324,15.139324199940848,5,3,1007,0,1,0,0
0,1,1,NNS,1.0,people,1,1,2.368132076226175,16.493453036195575,11.171465651218966,6,3,1008,0,0,0,1
1,0,1,VBD,1.0,suspected,0,1,11.46018536388874,12.795435844826397,16.506576714329412,9,3,1009,0,0,0,2
3,0,1,DT,0.0,the,0,0,2.2659431101055816,20.651930178991396,5.17205129965733,3,3,1010,0,0,0,3
0,1,1,NN,1.0,girl,1,2,1.6380992232589051,14.247424134619102,14.411800409216628,4,3,1011,0,0,0,4
1,0,1,VBD,0.0,had,0,1,3.9746105544036254,17.432489551576744,9.816722327264898,3,3,1012,0,0,0,5
2,0,1,VBN,3.0,fallen,0,1,6.3869013987714425,12.776348554790712,16.534113853007902,6,3,1013,0,0,0,6
1,2,2,JJ,1.0,asleep,0,0,3.789320074021816,12.37628788232908,17.111279401223,6,3,1014,0,0,0,7
0,0,0,CC,1.0,and,0,0,2.3501753648743033,19.93279149564298,6.2095491118355035,3,3,1015,0,0,0,8
1,7,3,VBN,1.0,"frozen,",8,4,17.87818094267277,20.76017233398143,21.59257489741389,7,3,1016,1,0,0,9
0,0,0,CC,1.0,but,0,0,1.2925124357570894,17.553098244319884,9.64272076435627,3,3,1017,0,0,0,10
2,0,1,DT,0.0,no,0,0,4.505775047000498,17.036769620663787,10.387625509173944,2,3,1018,0,0,0,11
0,1,1,NN,1.0,one,1,2,0.0945408232510089,17.417661831348372,9.838114205706065,3,3,1019,0,0,0,12
1,0,1,VBD,2.0,imagined,0,1,12.640841863583772,12.258935457580238,17.280583162444454,8,3,1020,0,0,0,13
2,0,1,WDT,0.0,what,0,1,5.213755315169692,16.89144897198978,10.5972788883547,4,3,1021,0,0,0,14
0,0,0,JJ,0.0,beautiful,0,0,12.123817986343056,13.98748038668931,14.786819965265028,9,3,1022,0,0,0,15
0,1,1,NNS,2.0,things,2,2,2.8836735016666353,15.551883806795406,12.52986290912823,6,3,1023,0,0,0,16
2,1,2,PRP,0.0,she,0,1,2.1240363917313516,16.84690510554553,10.66154210357584,3,3,1024,0,0,0,17
1,0,1,VBD,0.0,had,0,1,2.1596838077530265,17.432489551576744,9.816722327264898,3,3,1025,0,0,0,18
1,4,1,VBN,4.0,"seen,",2,2,6.0483535579405725,20.76386583114642,17.986742731739728,5,3,1026,1,0,0,19
0,0,0,CC,1.0,nor,0,1,5.233030641917139,14.319156872049229,14.308311944656792,3,3,1027,0,0,0,20
2,0,1,IN,0.0,into,0,0,14.557178359711545,16.972256606338846,10.48069811501334,4,3,1028,0,0,0,21
1,0,1,WDT,0.0,what,1,1,1.8737458896357568,16.89144897198978,10.5972788883547,4,3,1029,0,0,0,22
0,2,1,NN,2.0,glory,1,2,11.62813586788252,12.224217035966154,17.330671257134583,5,3,1030,0,0,0,23
2,1,2,PRP,0.0,she,0,1,0.8371815346181393,16.84690510554553,10.66154210357584,3,3,1031,0,0,0,24
1,0,1,VBD,0.0,had,0,1,0.9198105419054629,17.432489551576744,9.816722327264898,3,3,1032,0,0,0,25
1,0,1,VBN,4.0,entered,0,0,9.467505092732608,13.95247031701885,14.837328819159776,7,3,1033,0,0,0,26
1,0,1,IN,0.0,with,0,1,6.693884268403053,18.681580760008114,8.014664635242958,4,3,1034,0,0,0,27
1,0,1,PRP$,0.0,her,0,1,1.8634543120861051,17.210354868203652,10.137194933376698,3,3,1035,0,0,0,28
0,2,0,NN,3.0,"grandmother,",4,3,7.776890918845311,20.760022728921957,22.459716470195236,12,3,1036,1,0,0,29
1,0,1,IN,0.0,on,0,1,9.319572241278363,18.53086189167023,8.232105999162414,2,3,1037,0,0,0,30
2,0,1,NNP,0.0,New,0,0,11.77375209191814,15.639348629415965,12.40367784328132,3,3,1038,0,0,0,31
0,1,1,NNP,2.0,Year's,2,3,0.2662631254643202,18.121157089225026,24.86940173950655,6,3,1039,0,0,0,32
0,9,0,NN,3.0,day.,15,3,3.4540945142507553,20.85000751189239,16.895768209434614,4,3,1040,1,0,1,33
2,0,1,RB,0.0,Once,0,0,10.974115885794165,13.17138589552987,15.964195440557551,4,4,1,0,1,0,0
1,0,1,IN,0.0,upon,0,1,3.374063745919557,15.296309092334278,12.898579282257913,4,4,2,0,0,0,1
1,0,1,DT,0.0,a,0,1,0.0025042840934474,19.69218547190043,6.556670229096891,1,4,3,0,0,0,2
0,3,1,NN,3.0,time,3,1,1.7197015013953203,17.075857868787498,10.33123308744883,4,4,4,0,0,0,3
1,0,1,DT,0.0,the,0,0,3.1579379722243175,20.651930178991396,5.17205129965733,3,4,5,0,0,0,4
0,1,0,NNS,1.0,birds,1,2,12.297822644584812,13.024181478157963,16.176566523496952,5,4,6,0,0,0,5
1,0,1,VBD,2.0,took,0,1,8.395689001190476,15.242026333292165,12.976892749533745,4,4,7,0,0,0,6
1,1,1,PRP,1.0,it,1,1,7.52752073679585,18.431334787537676,8.375693258728493,2,4,8,0,0,0,7
1,0,1,IN,0.0,into,0,1,7.697214794170577,16.972256606338846,10.48069811501334,4,4,9,0,0,0,8
1,0,1,PRP$,0.0,their,0,1,0.0850285472697578,17.287357438148756,10.026103707581193,5,4,10,0,0,0,9
0,2,0,NNS,3.0,heads,3,1,3.3376436268445104,13.23675221483714,15.86989177585179,5,4,11,0,0,0,10
2,0,1,IN,0.0,that,0,0,1.546089829877019,19.024464301341364,7.519988250559035,4,4,12,0,0,0,11
2,1,2,PRP,0.0,they,0,1,3.376773271709681,17.366789695455783,9.911507183877728,4,4,13,0,0,0,12
1,0,1,MD,0.0,would,0,1,3.232262129895389,17.12711793173308,10.257280448841584,5,4,14,0,0,0,13
1,0,1,VB,4.0,like,0,1,6.714354341151193,16.890367918306506,10.598838519142497,4,4,15,0,0,0,14
1,0,1,DT,0.0,a,0,1,4.39173727389425,19.69218547190043,6.556670229096891,1,4,16,0,0,0,15
0,5,1,NN,2.0,"master,",6,2,15.910091583849862,20.760762339502552,20.116286123226516,7,4,17,1,0,0,16
0,0,0,CC,1.0,and,0,0,2.140717548783869,19.93279149564298,6.2095491118355035,3,4,18,0,0,0,17
1,0,1,IN,0.0,that,0,1,3.84024266153574,19.024464301341364,7.519988250559035,4,4,19,0,0,0,18
3,1,2,CD,0.0,one,0,0,6.309833673760295,17.417661831348372,9.838114205706065,3,4,20,0,0,0,19
1,0,1,IN,0.0,of,0,1,2.8735393772949465,20.087642241543257,5.986146708647226,2,4,21,0,0,0,20
1,0,1,PRP$,0.0,their,0,1,3.700091424921993,17.287357438148756,10.026103707581193,5,4,22,0,0,0,21
0,3,1,NN,3.0,number,3,2,9.979891767841764,16.176550579515272,11.628659253917167,6,4,23,0,0,0,22
1,0,1,MD,0.0,must,0,1,6.039658412337303,15.962264075884518,11.937809330034693,4,4,24,0,0,0,23
1,0,1,VB,0.0,be,0,1,1.3690308537334204,18.381669296901407,8.447345415772759,2,4,25,0,0,0,24
1,0,1,VBN,5.0,chosen,0,1,5.990151504054666,13.762498946009051,15.111399574026487,6,4,26,0,0,0,25
1,9,1,NN,1.0,king.,11,4,12.684102967381476,20.843383462658817,20.431273621914073,5,4,27,1,0,1,26
4,0,1,DT,0.0,A,0,0,6.392669914290309,17.13359437447058,10.24793691702159,1,4,28,0,1,0,0
0,1,1,NN,1.0,meeting,1,1,10.84953528828919,14.247934327120731,14.411064357024625,7,4,29,0,0,0,1
1,0,1,IN,0.0,of,0,1,1.764750387403183,20.087642241543257,5.986146708647226,2,4,30,0,0,0,2
1,0,1,PDT,0.0,all,0,1,4.13573438685853,17.469149055179013,9.763833843216451,3,4,31,0,0,0,3
0,0,0,DT,0.0,the,0,1,1.851174291805364,20.651930178991396,5.17205129965733,3,4,32,0,0,0,4
0,3,1,NNS,4.0,birds,4,1,4.058565660729073,13.024181478157963,16.176566523496952,5,4,33,0,0,0,5
1,0,1,VBD,0.0,was,0,1,2.0197165571153164,18.521451560034553,8.24568223794633,3,4,34,0,0,0,6
1,3,2,VBN,2.0,called,2,1,3.486340168863535,15.490025096731372,12.6191061633734,6,4,35,0,0,0,7
0,0,0,CC,1.0,and,0,0,5.092599151656032,19.93279149564298,6.2095491118355035,3,4,36,0,0,0,8
2,0,1,IN,0.0,though,0,1,11.861760711763054,15.33441482476998,12.843604331043483,6,4,37,0,0,0,9
2,1,2,PRP,0.0,they,0,1,2.6088528661057353,17.366789695455783,9.911507183877728,4,4,38,0,0,0,10
1,0,1,VBD,2.0,understood,0,1,11.198129628319291,13.684020508950846,15.224620025987084,10,4,39,0,0,0,11
4,0,1,DT,0.0,the,0,0,2.6491111925570294,20.651930178991396,5.17205129965733,3,4,40,0,0,0,12
0,1,1,NNS,1.0,birds,1,1,11.079237319645472,13.024181478157963,16.176566523496952,5,4,41,0,0,0,13
2,1,2,WP,0.0,who,0,1,9.697068318957465,16.99990971408453,10.440803113603463,3,4,42,0,0,0,14
2,0,1,VBD,0.0,were,0,1,1.887480404460803,17.723648827567594,9.39666828368408,4,4,43,0,0,0,15
1,0,1,IN,0.0,from,0,1,10.755204773508012,18.126283629319108,8.815789051907856,4,4,44,0,0,0,16
1,0,1,DT,0.0,the,0,1,1.6670641369419172,20.651930178991396,5.17205129965733,3,4,45,0,0,0,17
0,0,0,JJS,0.0,most,0,1,9.597511365194803,16.424816014558168,11.270487941956638,4,4,46,0,0,0,18
0,0,0,JJ,0.0,distant,1,1,3.4853101728949696,12.790355958633269,16.51390544094852,7,4,47,0,0,0,19
0,6,2,NNS,7.0,lands,6,2,3.5557086020708084,12.79964807869191,16.50049974542057,5,4,48,0,0,0,20
1,0,1,MD,0.0,would,0,1,6.320370470639318,17.12711793173308,10.257280448841584,5,4,49,0,0,0,21
1,0,1,VB,0.0,be,0,1,2.945050857961178,18.381669296901407,8.447345415772759,2,4,50,0,0,0,22
1,0,1,JJ,4.0,unable,0,1,8.43223230773583,13.61423734769319,15.325295846671054,6,4,51,0,0,0,23
2,0,1,TO,0.0,to,0,1,0.0349226710386574,19.88357245739644,6.280557174231113,2,4,52,0,0,0,24
1,11,4,VB,2.0,"come,",9,2,7.478657168336213,20.76585573532331,17.405715418035864,5,4,53,1,0,0,25
1,0,1,JJ,0.0,many,0,0,7.60474867047742,16.22722338174218,11.555553853436455,4,4,54,0,0,0,26
0,1,0,NNS,1.0,birds,1,2,7.649083198979497,13.024181478157963,16.176566523496952,5,4,55,0,0,0,27
1,0,1,VBD,3.0,came,0,1,4.043507978320122,15.304613280765835,12.886598870789095,4,4,56,0,0,0,28
1,0,1,IN,0.0,from,0,1,4.405413381522521,18.126283629319108,8.815789051907856,4,4,57,0,0,0,29
1,0,1,JJ,0.0,faraway,0,0,9.708360160002483,15.402121506402882,29.222616597402332,7,4,58,0,0,0,30
0,0,0,NNS,3.0,meadows,1,1,15.380160180851815,16.943362428027477,29.132176455500993,7,4,59,0,0,0,31
0,0,0,CC,1.0,and,0,0,0.9340149560011924,19.93279149564298,6.2095491118355035,3,4,60,0,0,0,32
0,5,0,NNS,1.0,woods.,9,5,9.501064804848284,20.84295497483517,22.08862944031523,6,4,61,1,0,1,33
3,0,1,DT,0.0,The,0,0,3.327460749889724,18.12053694573349,8.824079763818386,3,4,62,0,1,0,0
0,1,1,NN,1.0,"eagle,",2,2,13.855977926170452,20.759896417832113,24.175879737987113,6,4,63,1,0,0,1
2,1,2,WP,0.0,who,0,1,3.952978928922675,16.99990971408453,10.440803113603463,3,4,64,0,0,0,2
2,1,2,RB,0.0,already,0,1,11.221563354833052,15.331490394390448,12.84782339224946,7,4,65,0,0,0,3
1,0,1,VBD,3.0,thought,0,1,8.882440850371495,15.353262762193182,12.816412505192044,7,4,66,0,0,0,4
2,1,2,PRP,0.0,himself,1,1,4.060359808849171,14.894114678214075,13.478823168982371,7,4,67,0,0,0,5
1,0,1,DT,0.0,the,0,1,3.883118616067805,20.651930178991396,5.17205129965733,3,4,68,0,0,0,6
1,0,1,FW,0.0,de,0,1,15.542842889321037,16.723527497718262,10.839538366544986,2,4,69,0,0,0,7
0,1,0,FW,1.0,facto,0,1,0.6033126041293144,11.406875823030532,18.509845371750977,5,4,70,0,0,0,8
0,6,1,NN,4.0,"king,",8,2,1.8991202551405877,20.76052281457874,20.55089449586498,5,4,71,1,0,0,9
1,0,1,VBD,1.0,arrived,0,1,8.202725717099383,13.66460859533607,15.252625497493284,7,4,72,0,0,0,10
1,0,1,RB,0.0,fashionably,0,1,22.024164780974388,14.368505044815702,30.586600135711755,11,4,73,0,0,0,11
0,3,0,JJ,2.0,late.,4,2,5.849588960409164,20.844764110994237,18.752007062231424,5,4,74,1,0,1,12
2,1,2,PRP,0.0,It,0,0,4.838399541564286,16.818509266914305,10.702508639150992,2,4,75,0,1,0,0
1,0,1,VBD,0.0,was,0,1,0.8406346063129604,18.521451560034553,8.24568223794633,3,4,76,0,0,0,1
2,0,1,DT,0.0,a,0,1,3.256082470412366,19.69218547190043,6.556670229096891,1,4,77,0,0,0,2
0,1,1,NN,3.0,hawk,2,1,11.416724235401489,14.33544179947811,32.63209322110495,4,4,78,0,0,0,3
2,1,2,WP,0.0,who,0,1,3.049143463373184,16.99990971408453,10.440803113603463,3,4,79,0,0,0,4
2,0,1,VBD,0.0,was,0,0,3.088754466036334,18.521451560034553,8.24568223794633,3,4,80,0,0,0,5
1,0,1,RBS,0.0,most,0,1,7.926954137627035,16.424816014558168,11.270487941956638,4,4,81,0,0,0,6
0,0,0,JJ,4.0,excited,0,1,7.409332595067099,13.374035297333036,15.671834153537011,7,4,82,0,0,0,7
1,0,1,IN,0.0,about,0,1,2.356481733499095,17.10157168565105,10.294135891377458,5,4,83,0,0,0,8
1,0,1,DT,0.0,the,0,1,1.6991348998562898,20.651930178991396,5.17205129965733,3,4,84,0,0,0,9
0,3,0,NN,3.0,"meeting,",6,3,5.830746306251967,20.76132569098648,19.42743303495624,8,4,85,1,0,0,10
1,0,1,IN,0.0,because,0,1,6.1149511695839465,16.447210891125962,11.23817896459096,7,4,86,0,0,0,11
2,1,2,PRP,0.0,he,0,1,1.2542564291507006,17.694798179754258,9.438290970210817,2,4,87,0,0,0,12
1,0,1,VBD,0.0,was,0,1,2.4435269059613347,18.521451560034553,8.24568223794633,3,4,88,0,0,0,13
2,0,1,DT,0.0,the,0,0,4.076763534802012,20.651930178991396,5.17205129965733,3,4,89,0,0,0,14
0,0,0,JJ,0.0,dark,0,1,15.56278248236049,14.384930131362148,14.213421189622942,4,4,90,0,0,0,15
0,1,1,NN,6.0,horse,2,2,5.416888266801834,13.430731510339664,15.590038808195164,5,4,91,0,0,0,16
1,0,1,IN,0.0,for,0,1,5.262298803310841,18.90419907432743,7.693494297163422,3,4,92,0,0,0,17
1,12,2,NN,2.0,king.,10,2,8.051983554381877,20.843383462658817,20.431273621914073,5,4,93,1,0,1,18
3,0,1,DT,0.0,The,0,0,2.614318926585838,18.12053694573349,8.824079763818386,3,4,94,0,1,0,0
0,0,0,JJ,0.0,small,0,1,10.077627691673117,15.662894719185696,12.3697080163382,5,4,95,0,0,0,1
0,1,1,NN,2.0,fry,2,1,11.379757143557072,11.10280453532587,18.948527510599213,3,4,96,0,0,0,2
1,0,1,VBD,1.0,came,0,0,5.523845594376326,15.304613280765835,12.886598870789095,4,4,97,0,0,0,3
1,3,2,RB,1.0,"too,",3,3,9.943526250717696,20.76709479178668,17.134580440881777,4,4,98,1,0,0,4
0,0,0,CC,1.0,and,0,0,2.014288398961071,19.93279149564298,6.2095491118355035,3,4,99,0,0,0,5
4,0,1,DT,0.0,the,0,0,2.4716017767204903,20.651930178991396,5.17205129965733,3,4,100,0,0,0,6
0,1,1,NN,1.0,"robin,",1,1,13.421986888803076,20.7619669324295,34.80312212610721,6,4,101,1,0,0,7
1,0,1,DT,0.0,the,0,1,3.131684022140689,20.651930178991396,5.17205129965733,3,4,102,0,0,0,8
0,1,0,NN,2.0,"bluebird,",3,2,12.558778809499929,20.76150872410672,37.044851585295504,9,4,103,1,0,0,9
1,0,1,DT,0.0,the,0,0,1.1086160051636398,20.651930178991396,5.17205129965733,3,4,104,0,0,0,10
0,1,0,NN,2.0,"owl,",1,1,8.241994277923368,20.775368316954953,34.6121204929636,4,4,105,1,0,0,11
1,0,1,DT,0.0,the,0,0,0.8275737266521901,20.651930178991396,5.17205129965733,3,4,106,0,0,0,12
0,1,0,NN,2.0,"lark,",2,2,12.011330597451888,20.76972389052533,31.72299277829297,5,4,107,1,0,0,13
0,0,0,CC,1.0,and,0,0,1.9864315405720845,19.93279149564298,6.2095491118355035,3,4,108,0,0,0,14
1,0,1,DT,0.0,the,0,1,0.6671084921108559,20.651930178991396,5.17205129965733,3,4,109,0,0,0,15
0,2,1,NN,2.0,"sparrow,",8,7,10.395664435520304,20.762723630647724,34.87045811320168,8,4,110,1,0,0,16
2,1,2,WP,0.0,who,0,1,3.3378592540393583,16.99990971408453,10.440803113603463,3,4,111,0,0,0,17
2,0,1,VBD,2.0,had,0,1,2.766366933938116,17.432489551576744,9.816722327264898,3,4,112,0,0,0,18
1,1,1,RB,1.0,only,0,0,6.693800375680439,16.873419471860046,10.623289958781577,4,4,113,0,0,0,19
2,0,1,DT,0.0,a,0,1,3.1687768111005425,19.69218547190043,6.556670229096891,1,4,114,0,0,0,20
0,1,1,NN,2.0,chance,2,2,8.017065369174816,14.248988938027525,14.40954287509933,6,4,115,0,0,0,21
1,0,1,IN,0.0,in,0,1,5.146339613827877,19.583721360186956,6.713150865180346,2,4,116,0,0,0,22
2,0,1,DT,0.0,a,0,1,4.026232713600621,19.69218547190043,6.556670229096891,1,4,117,0,0,0,23
0,3,1,CD,3.0,million,6,2,10.249272587127052,14.879368517652372,13.500097381696891,7,4,118,0,0,0,24
2,0,1,TO,0.0,to,0,0,2.4842933437321335,19.88357245739644,6.280557174231113,2,4,119,0,0,0,25
1,0,1,VB,0.0,be,0,1,3.574996314244345,18.381669296901407,8.447345415772759,2,4,120,0,0,0,26
1,9,4,NN,3.0,"king,",2,1,2.193963360390626,20.76052281457874,20.55089449586498,5,4,121,1,0,0,27
1,0,1,VBD,0.0,were,0,0,2.3653877519536763,17.723648827567594,9.39666828368408,4,4,122,0,0,0,28
0,0,0,RB,0.0,all,1,1,1.1867738108849153,17.469149055179013,9.763833843216451,3,4,123,0,0,0,29
1,0,1,JJ,4.0,present,0,0,7.348957693669945,15.678877566343534,12.3466496420043,7,4,124,0,0,0,30
1,0,1,IN,0.0,at,0,1,2.310424910567235,18.150223836201175,8.781250634161243,2,4,125,0,0,0,31
1,0,1,DT,0.0,the,0,1,0.4019366010033991,20.651930178991396,5.17205129965733,3,4,126,0,0,0,32
0,6,0,NN,3.0,meeting.,10,7,2.3975244194443803,20.84412251744649,19.30781216100533,8,4,127,1,0,1,33
3,0,1,DT,0.0,The,0,0,2.1766077939537354,18.12053694573349,8.824079763818386,3,4,128,0,1,0,0
0,1,1,NN,1.0,"cuckoo,",2,2,13.909676710900383,20.770745155666564,47.3228523390397,7,4,129,1,0,0,1
2,1,2,WP,0.0,who,0,1,2.1896192556014284,16.99990971408453,10.440803113603463,3,4,130,0,0,0,2
2,0,1,VBD,0.0,was,0,1,1.5298055969178677,18.521451560034553,8.24568223794633,3,4,131,0,0,0,3
1,0,1,RB,0.0,almost,0,1,7.091112555703148,15.0034237949964,13.32112344827656,6,4,132,0,0,0,4
0,1,0,RB,1.0,not,2,1,9.408193508395923,18.05588478508421,8.917353115369856,3,4,133,0,0,0,5
1,0,1,VBN,4.0,invited,0,0,8.75411928165704,12.895126459685336,16.362753558649246,7,4,134,0,0,0,6
1,0,1,IN,0.0,because,0,1,5.684934351127595,16.447210891125962,11.23817896459096,7,4,135,0,0,0,7
2,0,1,PRP$,0.0,his,0,0,4.600627642998006,17.63767918161909,9.520696265560964,3,4,136,0,0,0,8
0,1,1,NN,1.0,call,1,2,11.098274707386736,15.252915246734323,12.96118336811007,4,4,137,0,0,0,9
1,1,1,RB,0.0,so,0,1,10.25442135706544,17.102955196419583,10.292139907252675,2,4,138,0,0,0,10
1,0,1,VBD,4.0,annoyed,0,1,8.156558129005134,11.304818298482132,18.657083256302357,7,4,139,0,0,0,11
1,0,1,DT,0.0,the,0,1,0.8033688827708829,20.651930178991396,5.17205129965733,3,4,140,0,0,0,12
0,0,0,JJ,0.0,other,0,1,5.601603524264647,17.02036838824095,10.41128748585484,5,4,141,0,0,0,13
0,9,2,NNS,3.0,"birds,",11,3,0.6613843728555366,20.76027801789454,21.192935201428565,6,4,142,1,0,0,14
1,0,1,VBD,1.0,came,0,1,2.7347399435238913,15.304613280765835,12.886598870789095,4,4,143,0,0,0,15
1,3,1,RB,1.0,too.,3,2,5.975482754409313,20.84943441016832,17.01495956693087,4,4,144,1,0,1,16
2,1,2,PRP,0.0,It,0,0,4.047504678368568,16.818509266914305,10.702508639150992,2,4,145,0,1,0,0
1,0,1,VBD,0.0,was,0,0,0.3672841913066804,18.521451560034553,8.24568223794633,3,4,146,0,0,0,1
2,0,1,DT,0.0,the,0,0,2.5779442655621096,20.651930178991396,5.17205129965733,3,4,147,0,0,0,2
1,0,1,RB,0.0,very,0,1,7.680536593892612,16.298183548324726,11.453179973007163,4,4,148,0,0,0,3
0,1,0,JJ,1.0,little,1,1,7.315186253748834,15.70386302020348,12.310603251626194,6,4,149,0,0,0,4
0,1,1,NN,4.0,bird,2,2,2.3829504530876875,12.874565900251406,16.392416175782483,4,4,150,0,0,0,5
2,1,2,WP,0.0,who,0,1,1.827153753489256,16.99990971408453,10.440803113603463,3,4,151,0,0,0,6
2,0,1,VBD,2.0,had,0,1,2.6964719984680414,17.432489551576744,9.816722327264898,3,4,152,0,0,0,7
1,0,1,DT,0.0,no,0,0,7.00538756599417,17.036769620663787,10.387625509173944,2,4,153,0,0,0,8
0,1,0,NN,2.0,name,1,2,7.356415319314692,15.87550446433082,12.062976991372665,4,4,154,0,0,0,9
1,0,1,IN,0.0,at,0,1,4.781726761255413,18.150223836201175,8.781250634161243,2,4,155,0,0,0,10
0,1,0,DT,2.0,"all,",7,2,1.6475868573179469,20.79639299182752,14.780202521148066,4,4,156,1,0,0,11
1,4,2,RB,1.0,"however,",2,3,10.992796078848189,20.76392499100888,17.965647821932627,8,4,157,1,0,0,12
2,1,2,WDT,0.0,that,0,1,2.9436903144815005,19.024464301341364,7.519988250559035,4,4,158,0,0,0,13
2,0,1,MD,0.0,would,0,1,5.993456452153623,17.12711793173308,10.257280448841584,5,4,159,0,0,0,14
1,0,1,VB,3.0,end,0,0,9.079810050316157,15.912313022915548,12.009873466440204,3,4,160,0,0,0,15
1,1,1,RP,1.0,up,1,1,2.594131183810532,17.040396008802368,10.382393736990077,2,4,161,0,0,0,16
2,0,1,VBG,1.0,overturning,0,0,17.831741648958996,16.933085084061677,29.90725130356126,11,4,162,0,0,0,17
2,0,1,DT,0.0,the,0,0,0.7843034283723682,20.651930178991396,5.17205129965733,3,4,163,0,0,0,18
0,1,1,NN,2.0,balance,1,1,7.970789501909167,13.77932882243724,15.087119194764767,7,4,164,0,0,0,19
1,0,1,IN,0.0,of,0,1,0.4314971647254424,20.087642241543257,5.986146708647226,2,4,165,0,0,0,20
1,3,1,NN,2.0,power,2,2,1.7748227336414857,15.576786077133484,12.493936527204609,5,4,166,0,0,0,21
1,0,1,IN,0.0,among,0,1,5.073786641383776,15.251109236768308,12.963788889731834,5,4,167,0,0,0,22
1,0,1,DT,0.0,the,0,1,0.7553964534017723,20.651930178991396,5.17205129965733,3,4,168,0,0,0,23
0,11,2,NNS,3.0,birds.,10,4,2.0024638989707455,20.843158134544986,21.073314327477657,6,4,169,1,0,1,24
2,0,1,IN,0.0,That,0,0,7.127315716817975,15.36211920764605,12.803635355257288,4,4,170,0,1,0,0
2,1,2,EX,0.0,there,0,1,10.300707071088254,17.088435267092525,10.313087737286883,5,4,171,0,0,0,1
1,0,1,MD,0.0,would,0,1,3.442050162469968,17.12711793173308,10.257280448841584,5,4,172,0,0,0,2
1,0,1,VB,0.0,be,0,0,0.3087290426483378,18.381669296901407,8.447345415772759,2,4,173,0,0,0,3
1,0,1,JJ,0.0,great,0,0,8.921391554526053,15.578243813100537,12.49183345875402,5,4,174,0,0,0,4
0,0,0,NN,5.0,confusion,1,1,5.003574264701456,12.75048777228972,16.571423075675593,9,4,175,0,0,0,5
0,0,0,CC,1.0,and,0,0,2.9810302746482193,19.93279149564298,6.2095491118355035,3,4,176,0,0,0,6
0,1,0,NN,1.0,noise,2,3,11.544276754837483,13.92407164632066,14.878299440543897,5,4,177,0,0,0,7
1,0,1,IN,0.0,among,0,1,4.372319025278557,15.251109236768308,12.963788889731834,5,4,178,0,0,0,8
2,0,1,DT,0.0,the,0,1,0.5883020343026146,20.651930178991396,5.17205129965733,3,4,179,0,0,0,9
0,1,1,NNS,3.0,birds,4,2,1.1957740628276952,13.024181478157963,16.176566523496952,5,4,180,0,0,0,10
1,0,1,IN,0.0,at,0,1,5.324645631597377,18.150223836201175,8.781250634161243,2,4,181,0,0,0,11
1,0,1,DT,0.0,the,0,1,1.0408519310876727,20.651930178991396,5.17205129965733,3,4,182,0,0,0,12
0,8,1,NN,3.0,meeting,6,1,1.4708594646072015,14.247934327120731,14.411064357024625,7,4,183,0,0,0,13
1,0,1,VBD,1.0,was,0,1,1.3663617027923465,18.521451560034553,8.24568223794633,3,4,184,0,0,0,14
2,0,1,TO,0.0,to,0,1,7.062412101542577,19.88357245739644,6.280557174231113,2,4,185,0,0,0,15
1,0,1,VB,0.0,be,0,1,0.5668893873516936,18.381669296901407,8.447345415772759,2,4,186,0,0,0,16
1,0,1,VBN,3.0,"expected,",1,2,2.241829558246536,20.76235324890779,18.66781549597055,9,4,187,1,0,0,17
1,0,1,VBN,0.0,given,0,1,8.338890245649964,15.677245149446344,12.349004721766544,5,4,188,0,0,0,18
2,0,1,DT,0.0,the,0,0,1.4178965500323102,20.651930178991396,5.17205129965733,3,4,189,0,0,0,19
0,0,0,JJ,0.0,sheer,0,1,9.965583456796594,11.918763836740178,17.771347072881568,5,4,190,0,0,0,20
0,1,1,NNS,4.0,numbers,2,2,5.2996132569387555,14.532636925955664,14.00032532955727,7,4,191,0,0,0,21
1,0,1,IN,0.0,of,0,1,0.7367749615805224,20.087642241543257,5.986146708647226,2,4,192,0,0,0,22
2,1,2,NNS,2.0,birds,0,1,3.0730812893016264,13.024181478157963,16.176566523496952,5,4,193,0,0,0,23
2,1,2,WDT,0.0,that,0,1,3.5015891001094133,19.024464301341364,7.519988250559035,4,4,194,0,0,0,24
2,0,1,VBP,0.0,have,0,1,9.045506656868383,17.990997945585363,9.010965036933804,4,4,195,0,0,0,25
1,14,3,VBN,3.0,gathered.,12,2,9.122758004814386,20.84308218003147,21.37539632383099,9,4,196,1,0,1,26
3,1,2,EX,0.0,There,0,0,5.46729588881135,15.59947186709071,12.46120785053467,5,4,197,0,1,0,0
1,0,1,VBD,1.0,was,0,1,1.7167169526219368,18.521451560034553,8.24568223794633,3,4,198,0,0,0,1
2,1,2,VBG,1.0,"piping,",0,0,23.62592809065245,20.781497281161077,33.18236644265147,7,4,199,1,0,0,2
1,1,1,VBG,1.0,"hissing,",1,1,12.40725843270775,20.803187856722072,31.58961810931991,8,4,200,1,0,0,3
0,0,0,CC,1.0,and,0,0,1.1345214111497626,19.93279149564298,6.2095491118355035,3,4,201,0,0,0,4
1,4,2,VBG,1.0,"clacking,",7,6,13.38130399340298,20.762002571462464,35.706280600476816,9,4,202,1,0,0,5
0,0,0,CC,1.0,but,0,0,4.165130933863111,17.553098244319884,9.64272076435627,3,4,203,0,0,0,6
2,1,2,RB,0.0,finally,0,1,11.637417838908732,14.261109423812083,14.39205671036478,7,4,204,0,0,0,7
1,1,1,PRP,0.0,it,0,1,4.125558207393624,18.431334787537676,8.375693258728493,2,4,205,0,0,0,8
1,0,1,VBD,0.0,was,0,1,0.7139786415500566,18.521451560034553,8.24568223794633,3,4,206,0,0,0,9
1,0,1,VBN,4.0,decided,0,1,7.495774694252759,14.322054026375904,14.30413223447701,7,4,207,0,0,0,10
1,0,1,IN,0.0,that,0,1,0.8445132402703166,19.024464301341364,7.519988250559035,4,4,208,0,0,0,11
3,0,1,DT,0.0,the,0,0,1.523390793649014,20.651930178991396,5.17205129965733,3,4,209,0,0,0,12
0,1,1,NN,1.0,bird,1,1,4.355182639847044,12.874565900251406,16.392416175782483,4,4,210,0,0,0,13
2,1,2,WDT,0.0,that,0,1,4.480391760356724,19.024464301341364,7.519988250559035,4,4,211,0,0,0,14
2,0,1,MD,0.0,could,0,1,6.363434190861881,16.68628345113659,10.893270167851,5,4,212,0,0,0,15
1,0,1,VB,3.0,fly,0,1,8.176042139530182,13.394134031975216,15.642837808740598,3,4,213,0,0,0,16
1,0,1,DT,0.0,the,0,1,6.0956886184285395,20.651930178991396,5.17205129965733,3,4,214,0,0,0,17
0,6,2,JJS,2.0,highest,5,2,8.495701767795254,14.319090998663292,14.30840697986401,7,4,215,0,0,0,18
1,0,1,MD,0.0,should,0,1,4.679302911972627,16.41027185963468,11.291470722138676,6,4,216,0,0,0,19
1,0,1,VB,0.0,be,0,1,1.3829110199585557,18.381669296901407,8.447345415772759,2,4,217,0,0,0,20
1,9,1,NN,5.0,king.,11,3,4.316409061895683,20.843383462658817,20.431273621914073,5,4,218,1,0,1,21
3,0,1,DT,0.0,The,0,0,1.9456315727438775,18.12053694573349,8.824079763818386,3,4,219,0,1,0,0
0,0,0,JJ,0.0,little,0,1,6.154790464090183,15.70386302020348,12.310603251626194,6,4,220,0,0,0,1
0,1,1,NN,2.0,bird,2,1,1.3633629409596324,12.874565900251406,16.392416175782483,4,4,221,0,0,0,2
1,0,1,VBD,1.0,lay,0,0,9.832535481080413,13.655386405755827,15.265930304666838,3,4,222,0,0,0,3
1,1,1,RB,1.0,low,1,1,5.751405352726579,15.495846725488526,12.610707328435556,3,4,223,0,0,0,4
1,0,1,IN,0.0,near,0,1,8.9511804189533,14.792142389113206,13.62593808477629,4,4,224,0,0,0,5
1,0,1,DT,0.0,the,0,1,0.4732470260933041,20.651930178991396,5.17205129965733,3,4,225,0,0,0,6
0,2,0,NN,3.0,eagle,3,2,8.42541799414903,10.956561882875716,19.1595110600555,5,4,226,0,0,0,7
1,0,1,IN,0.0,at,0,1,5.5718533204635605,18.150223836201175,8.781250634161243,2,4,227,0,0,0,8
1,4,2,JJ,2.0,"first,",4,2,4.862610725336708,20.77834769351069,15.775187787089155,6,4,228,1,0,0,9
0,0,0,CC,1.0,but,0,0,1.2226847019046545,17.553098244319884,9.64272076435627,3,4,229,0,0,0,10
2,0,1,DT,0.0,the,0,0,3.026052556815557,20.651930178991396,5.17205129965733,3,4,230,0,0,0,11
0,1,1,NN,1.0,eagle,1,2,3.8121115799294785,10.956561882875716,19.1595110600555,5,4,231,0,0,0,12
1,0,1,VBD,0.0,did,0,0,5.856218862812966,16.320603258264402,11.420835168659025,3,4,232,0,0,0,13
0,0,0,RB,0.0,not,1,1,0.27041892753914,18.05588478508421,8.917353115369856,3,4,233,0,0,0,14
1,0,1,VB,4.0,notice,0,0,6.782094489783049,14.279485425692508,14.365545743580526,6,4,234,0,0,0,15
2,0,1,DT,0.0,the,0,1,2.566728497215081,20.651930178991396,5.17205129965733,3,4,235,0,0,0,16
0,1,1,NN,1.0,bird,2,1,4.854186629585456,12.874565900251406,16.392416175782483,4,4,236,0,0,0,17
1,0,1,VBG,2.0,hopping,0,1,14.405152335762978,11.192968103966658,18.818448977252295,7,4,237,0,0,0,18
1,0,1,IN,0.0,onto,0,1,8.141328828409314,14.23775083943414,14.425756024209026,4,4,238,0,0,0,19
1,0,1,PRP$,0.0,his,0,1,2.7989641366293654,17.63767918161909,9.520696265560964,3,4,239,0,0,0,20
0,2,0,NN,3.0,back,4,1,2.1721499307313934,16.337436220093977,11.396550338104024,4,4,240,0,0,0,21
1,0,1,RB,0.0,right,0,1,11.198958538472652,16.228856578108523,11.553197649137935,5,4,241,0,0,0,22
0,0,0,IN,0.0,as,0,1,4.674924822058529,18.455643172698917,8.340623672004352,2,4,242,0,0,0,23
2,0,1,DT,0.0,the,0,0,2.900347317685373,20.651930178991396,5.17205129965733,3,4,243,0,0,0,24
0,1,1,NN,1.0,competition,1,2,14.215442111133598,13.537440805451029,15.436089837321244,11,4,244,0,0,0,25
1,0,1,VBD,4.0,was,0,1,2.4488226413959637,18.521451560034553,8.24568223794633,3,4,245,0,0,0,26
2,1,2,RB,0.0,about,0,1,2.9832825305638835,17.10157168565105,10.294135891377458,5,4,246,0,0,0,27
1,0,1,TO,0.0,to,0,1,0.0050552211760077,19.88357245739644,6.280557174231113,2,4,247,0,0,0,28
1,12,1,VB,3.0,commence.,12,5,3.566068674525013,20.84281322543876,23.88696312949948,9,4,248,1,0,1,29
2,0,1,IN,0.0,Into,0,0,15.399600495584307,11.043577620650549,19.033973886688457,4,4,249,0,1,0,0
1,0,1,DT,0.0,the,0,1,0.6665971475886181,20.651930178991396,5.17205129965733,3,4,250,0,0,0,1
0,2,1,NN,2.0,air,2,1,6.261749790864997,14.998329488471509,13.328472979036787,3,4,251,0,0,0,2
1,0,1,IN,0.0,in,0,1,6.807858849409968,19.583721360186956,6.713150865180346,2,4,252,0,0,0,3
1,0,1,DT,0.0,a,0,1,2.176928836503066,19.69218547190043,6.556670229096891,1,4,253,0,0,0,4
0,0,0,JJ,0.0,great,0,1,6.357070520403795,15.578243813100537,12.49183345875402,5,4,254,0,0,0,5
0,2,0,NN,3.0,flock,3,1,7.197497682645917,11.526325285033243,18.337516225282805,5,4,255,0,0,0,6
1,0,1,PDT,0.0,all,0,0,7.54871204122901,17.469149055179013,9.763833843216451,3,4,256,0,0,0,7
0,0,0,DT,0.0,the,0,1,1.4017116717877798,20.651930178991396,5.17205129965733,3,4,257,0,0,0,8
0,1,0,NNS,2.0,birds,2,2,0.6530121982214041,13.024181478157963,16.176566523496952,5,4,258,0,0,0,9
1,0,1,VBD,3.0,flew,0,1,5.440432168543339,12.279490379524336,17.250928678489842,4,4,259,0,0,0,10
2,1,2,WRB,0.0,when,0,1,9.974081490654498,17.09507037229838,10.303515303910618,4,4,260,0,0,0,11
2,0,1,DT,0.0,the,0,0,0.950209338334389,20.651930178991396,5.17205129965733,3,4,261,0,0,0,12
0,1,1,NN,1.0,signal,1,2,11.636227164766751,14.795480817146416,13.621121751208412,6,4,262,0,0,0,13
1,0,1,VBD,0.0,was,0,1,1.4584955354221163,18.521451560034553,8.24568223794633,3,4,263,0,0,0,14
1,6,1,VBN,4.0,given.,8,2,1.9621655293740332,20.848449924681073,17.24575252574725,6,4,264,1,0,1,15
3,0,1,DT,0.0,The,0,0,1.6580862579867244,18.12053694573349,8.824079763818386,3,4,265,0,1,0,0
0,1,1,NN,1.0,air,1,1,10.049830173142254,14.998329488471509,13.328472979036787,3,4,266,0,0,0,1
1,0,1,VBD,0.0,was,0,1,1.246409047394991,18.521451560034553,8.24568223794633,3,4,267,0,0,0,2
1,0,1,JJ,2.0,full,0,1,3.760076232254505,15.347576376791752,12.824616225211267,4,4,268,0,0,0,3
1,0,1,IN,0.0,of,0,1,0.1949019157327711,20.087642241543257,5.986146708647226,2,4,269,0,0,0,4
1,5,2,NN,2.0,"dust,",5,2,9.41321148944553,20.76042951855254,20.76330344757892,5,4,270,1,0,0,5
0,0,0,CC,1.0,and,0,0,1.318456105538644,19.93279149564298,6.2095491118355035,3,4,271,0,0,0,6
2,1,2,PRP,0.0,it,0,1,4.7853601617971435,18.431334787537676,8.375693258728493,2,4,272,0,0,0,7
1,0,1,VBD,2.0,seemed,0,1,3.95689067884814,14.353476527882435,14.258799147381207,6,4,273,0,0,0,8
1,0,1,RB,0.0,as,0,1,2.1439640191965736,18.455643172698917,8.340623672004352,2,4,274,0,0,0,9
0,0,0,IN,1.0,if,0,1,0.8006919551989995,17.14973730774824,10.224647587236507,2,4,275,0,0,0,10
2,0,1,DT,0.0,a,0,0,3.9485464547760785,19.69218547190043,6.556670229096891,1,4,276,0,0,0,11
0,0,0,JJ,0.0,black,0,1,7.717206536326557,14.961398213281496,13.38175354660713,5,4,277,0,0,0,12
0,1,1,NN,2.0,cloud,2,2,1.657661635428667,13.390030480016849,15.648757982800962,5,4,278,0,0,0,13
1,0,1,VBD,0.0,were,0,1,5.054837820818648,17.723648827567594,9.39666828368408,4,4,279,0,0,0,14
1,0,1,VBG,4.0,floating,0,1,7.530755734303966,12.580239706453456,16.81703911597851,8,4,280,0,0,0,15
1,0,1,IN,0.0,over,0,1,2.1545737385749817,16.743434436833045,10.810818724204807,4,4,281,0,0,0,16
1,0,1,DT,0.0,the,0,1,0.6869183347735088,20.651930178991396,5.17205129965733,3,4,282,0,0,0,17
0,9,0,NN,3.0,field.,12,3,7.088984074332984,20.84713211875117,17.626477029328314,6,4,283,1,0,1,18
2,1,2,PRP,0.0,You,0,0,10.75901803560555,15.817160273501669,12.147149866146563,3,4,284,0,1,0,0
1,0,1,MD,0.0,could,0,1,0.918713201303035,16.68628345113659,10.893270167851,5,4,285,0,0,0,1
1,0,1,VB,2.0,hear,0,1,1.8831871123984456,14.396789426353092,14.196311843551069,4,4,286,0,0,0,2
2,0,1,DT,0.0,the,0,1,0.9617463725153356,20.651930178991396,5.17205129965733,3,4,287,0,0,0,3
0,1,1,NNS,1.0,birds,2,1,2.8259297537151724,13.024181478157963,16.176566523496952,5,4,288,0,0,0,4
2,1,2,VBG,2.0,chirping,0,0,7.587962508201599,12.864863860839398,35.476493979676704,8,4,289,0,0,0,5
0,0,0,CC,1.0,and,0,0,1.9486734080128372,19.93279149564298,6.2095491118355035,3,4,290,0,0,0,6
1,5,1,VBG,1.0,flapping,2,3,7.017993394751102,14.570047244212978,30.752035251432886,8,4,291,0,0,0,7
1,0,1,IN,0.0,from,0,1,6.809942000429146,18.126283629319108,8.815789051907856,4,4,292,0,0,0,8
2,1,2,NNS,2.0,fields,0,1,13.576799883623607,14.197750709281545,14.483464013615093,6,4,293,0,0,0,9
2,1,2,WDT,0.0,that,0,1,4.282772556878626,19.024464301341364,7.519988250559035,4,4,294,0,0,0,10
2,0,1,VBD,0.0,were,0,1,1.1172358724288642,17.723648827567594,9.39666828368408,4,4,295,0,0,0,11
1,1,1,NNS,3.0,miles,0,1,8.156333352904767,13.789729052745448,15.072114834075016,5,4,296,0,0,0,12
1,7,2,RB,1.0,away.,10,2,1.961394688114524,20.84729515942767,17.57358581379454,5,4,297,1,0,1,13
3,0,1,DT,0.0,The,0,0,1.920258552301675,18.12053694573349,8.824079763818386,3,4,298,0,1,0,0
0,0,0,JJ,0.0,little,0,1,4.404812553664669,15.70386302020348,12.310603251626194,6,4,299,0,0,0,1
0,1,1,NNS,2.0,birds,2,1,5.103477462893352,13.024181478157963,16.176566523496952,5,4,300,0,0,0,2
2,1,2,WDT,0.0,that,0,1,7.132160811917856,19.024464301341364,7.519988250559035,4,4,301,0,0,0,3
2,1,2,RB,0.0,soon,0,1,11.44645750487689,14.581093742288887,13.930416920936056,4,4,302,0,0,0,4
1,0,1,VBD,3.0,grew,0,1,7.43000799336005,13.391782696345498,15.646230068993056,4,4,303,0,0,0,5
1,5,2,JJ,1.0,tired,4,1,4.256661573424935,12.95675969494463,16.27383559578672,5,4,304,0,0,0,6
1,0,1,VBD,1.0,fell,0,0,9.609594205394387,13.824855755266013,15.02143771454582,4,4,305,0,0,0,7
1,0,1,RB,0.0,back,1,1,3.639517685398459,16.337436220093977,11.396550338104024,4,4,306,0,0,0,8
0,1,0,RB,2.0,quickly,1,2,9.019617587327955,14.320192749434794,14.30681748948967,7,4,307,0,0,0,9
1,0,1,TO,0.0,to,0,1,1.89893994666636,19.88357245739644,6.280557174231113,2,4,308,0,0,0,10
1,4,1,NN,2.0,earth.,4,2,9.621971247717738,20.84358538892359,20.028597115804512,6,4,309,1,0,1,11
3,0,1,DT,0.0,The,0,0,1.8670482877641916,18.12053694573349,8.824079763818386,3,4,310,0,1,0,0
0,1,1,NN,1.0,fact,0,1,10.9068067711778,15.532767002656716,12.557442627656766,4,4,311,0,0,0,1
1,0,1,IN,0.0,that,0,1,0.1481983214616775,19.024464301341364,7.519988250559035,4,4,312,0,0,0,2
3,0,1,DT,0.0,the,0,0,1.816269862581976,20.651930178991396,5.17205129965733,3,4,313,0,0,0,3
0,0,0,JJR,0.0,larger,0,1,11.413831146783195,14.476302921072673,14.08159811903538,6,4,314,0,0,0,4
0,1,1,NNS,2.0,ones,2,1,3.6546923648566008,14.318399368389471,14.309404791430175,4,4,315,0,0,0,5
2,0,1,VBD,3.0,held,0,0,10.073510341579096,14.93110909334876,13.425451509726976,4,4,316,0,0,0,6
1,1,1,RP,1.0,out,1,1,3.957359974971041,17.1329401691801,10.24888073574989,3,4,317,0,0,0,7
1,2,2,RBR,1.0,"longer,",2,2,11.442037274420729,20.7622732888996,18.714540829948344,7,4,318,1,0,0,8
0,0,0,CC,1.0,and,0,0,1.9161569412681272,19.93279149564298,6.2095491118355035,3,4,319,0,0,0,9
1,0,1,VBD,1.0,flew,0,1,7.68076695734635,12.279490379524336,17.250928678489842,4,4,320,0,0,0,10
2,0,1,JJR,1.0,higher,0,1,6.329686782322824,15.32640510949247,12.85515990755328,6,4,321,0,0,0,11
0,0,0,CC,1.0,and,0,0,2.6588468858390115,19.93279149564298,6.2095491118355035,3,4,322,0,0,0,12
0,5,2,JJR,1.0,"higher,",7,5,0.936072398617398,20.764199698169353,17.871528585484892,7,4,323,1,0,0,13
0,0,0,CC,1.0,but,0,0,7.207293286803179,17.553098244319884,9.64272076435627,3,4,324,0,0,0,14
2,0,1,DT,0.0,the,0,0,2.257516490673879,20.651930178991396,5.17205129965733,3,4,325,0,0,0,15
0,1,1,NN,1.0,eagle,1,2,6.502118036238244,10.956561882875716,19.1595110600555,5,4,326,0,0,0,16
1,0,1,VBD,2.0,flew,0,1,6.83434918243438,12.279490379524336,17.250928678489842,4,4,327,0,0,0,17
2,1,2,JJS,1.0,highest,0,1,15.272717262618244,14.319090998663292,14.30840697986401,7,4,328,0,0,0,18
1,0,1,IN,0.0,of,0,1,7.938909038348356,20.087642241543257,5.986146708647226,2,4,329,0,0,0,19
1,8,2,DT,2.0,"any,",10,4,14.825491157214856,20.77846639627274,15.765877861258168,4,4,330,1,0,0,20
1,0,1,VBD,1.0,surprised,0,1,9.241346814436838,13.241175216993746,15.863510732574618,9,4,331,0,0,0,21
1,0,1,DT,0.0,no,0,1,4.685254562646151,17.036769620663787,10.387625509173944,2,4,332,0,0,0,22
0,3,0,NN,2.0,one.,4,2,1.2882078951224685,20.87478382628328,14.734862009686768,4,4,333,1,0,1,23
1,0,1,MD,0.0,Could,0,0,12.869838751852512,12.434804552855114,17.02685769084576,5,4,334,0,1,0,0
1,1,1,NN,0.0,anyone,1,1,6.403187535703182,14.606449835821676,13.893835810539994,6,4,335,0,0,0,1
1,0,1,VB,2.0,stop,0,1,8.358151325955987,14.669193277402565,13.803316158522936,4,4,336,0,0,0,2
2,0,1,DT,0.0,the,0,0,1.5037927076919004,20.651930178991396,5.17205129965733,3,4,337,0,0,0,3
0,1,1,NN,2.0,eagle,1,2,4.7896781648742035,10.956561882875716,19.1595110600555,5,4,338,0,0,0,4
2,1,2,WDT,0.0,that,0,1,5.478962041437626,19.024464301341364,7.519988250559035,4,4,339,0,0,0,5
2,0,1,VBD,2.0,seemed,0,1,6.391287626232952,14.353476527882435,14.258799147381207,6,4,340,0,0,0,6
2,0,1,TO,0.0,to,0,1,0.4004163461504504,19.88357245739644,6.280557174231113,2,4,341,0,0,0,7
1,0,1,VB,0.0,be,0,1,1.1416382426396012,18.381669296901407,8.447345415772759,2,4,342,0,0,0,8
1,0,1,VBG,3.0,flying,0,1,5.689978461363353,12.929077127465684,16.31377309860767,6,4,343,0,0,0,9
1,1,1,RB,1.0,straight,0,1,8.440644733607769,13.94036188760368,14.85479759023,8,4,344,0,0,0,10
1,0,1,IN,0.0,into,0,1,4.430449613719247,16.972256606338846,10.48069811501334,4,4,345,0,0,0,11
1,0,1,DT,0.0,the,0,1,0.392660148703726,20.651930178991396,5.17205129965733,3,4,346,0,0,0,12
0,12,2,NN,3.0,sun?,12,2,10.74447529236204,17.52278770684027,24.609114819565484,4,4,347,1,0,1,13
3,0,1,DT,0.0,The,0,0,2.147094070329331,18.12053694573349,8.824079763818386,3,4,348,0,1,0,0
0,0,0,JJ,0.0,other,0,1,6.949454754008912,17.02036838824095,10.41128748585484,5,4,349,0,0,0,1
0,1,1,NNS,2.0,birds,2,1,0.5119863201398402,13.024181478157963,16.176566523496952,5,4,350,0,0,0,2
1,0,1,VBD,1.0,gave,0,0,8.267026700545102,14.669764170917484,13.802492533280088,4,4,351,0,0,0,3
1,1,1,RP,1.0,out,1,2,5.786211013328284,17.1329401691801,10.24888073574989,3,4,352,0,0,0,4
2,1,2,CD,1.0,one,0,1,8.2514669559896,17.417661831348372,9.838114205706065,3,4,353,0,0,0,5
1,0,1,IN,0.0,by,0,1,6.2490798789986,18.29067397824052,8.57862391074893,2,4,354,0,0,0,6
1,5,2,CD,2.0,one,4,1,0.7931537555086834,17.417661831348372,9.838114205706065,3,4,355,0,0,0,7
0,0,0,CC,1.0,and,0,0,2.836510678753257,19.93279149564298,6.2095491118355035,3,4,356,0,0,0,8
3,1,2,WRB,0.0,when,0,1,8.963177198078483,17.09507037229838,10.303515303910618,4,4,357,0,0,0,9
2,0,1,DT,0.0,the,0,0,1.205278436129447,20.651930178991396,5.17205129965733,3,4,358,0,0,0,10
0,1,1,NN,1.0,eagle,1,2,3.137967491580639,10.956561882875716,19.1595110600555,5,4,359,0,0,0,11
1,0,1,VBD,2.0,saw,0,1,5.615102553740144,14.882462918571155,13.49563310483684,3,4,360,0,0,0,12
1,4,2,DT,1.0,this,3,1,7.013410793617368,18.084110076486997,8.876632627435416,4,4,361,0,0,0,13
1,1,1,PRP,0.0,he,0,1,2.6393520121928304,17.694798179754258,9.438290970210817,2,4,362,0,0,0,14
1,0,1,VBD,3.0,"thought,",1,2,10.966885021189228,20.76431807951755,17.832781183123657,8,4,363,1,0,0,15
2,1,2,``,0.0,'What,1,2,7.624480640515685,17.225648685112162,22.41760233825268,5,4,364,1,0,0,16
1,0,1,VBZ,0.0,is,0,1,2.849834420834668,19.144004138058012,7.347528720939248,2,4,365,0,0,0,17
2,0,1,DT,0.0,the,0,0,3.716533470666036,20.651930178991396,5.17205129965733,3,4,366,0,0,0,18
0,1,1,NN,4.0,use,1,2,7.991954381694086,16.606920053089894,11.007767348641067,3,4,367,0,0,0,19
1,0,1,IN,0.0,of,0,1,0.238728082680609,20.087642241543257,5.986146708647226,2,4,368,0,0,0,20
2,0,1,VBG,2.0,flying,0,1,3.535256312286947,12.929077127465684,16.31377309860767,6,4,369,0,0,0,21
1,0,1,DT,0.0,any,0,1,7.777305938303471,16.78593097223423,10.749509183326555,3,4,370,0,0,0,22
0,10,1,JJR,2.0,higher?,12,3,4.812971720471978,17.603381521103813,22.581504406585157,7,4,371,1,0,1,23
3,0,1,DT,0.0,This,0,0,5.007083288859576,16.684097291579818,10.896424129402147,4,4,372,0,1,0,0
0,1,1,NN,1.0,victory,1,1,15.288146483246235,13.195427948261337,15.92951009030908,7,4,373,0,0,0,1
1,0,1,VBZ,0.0,is,0,1,1.4855889689642936,19.144004138058012,7.347528720939248,2,4,374,0,0,0,2
1,0,1,IN,0.0,in,0,1,5.928495622007176,19.583721360186956,6.713150865180346,2,4,375,0,0,0,3
1,0,1,DT,0.0,the,0,1,2.964256465958897,20.651930178991396,5.17205129965733,3,4,376,0,0,0,4
0,4,1,NN,4.0,bag,4,1,10.839161272568164,13.592362006637565,15.356855292729762,3,4,377,0,0,0,5
0,0,0,CC,1.0,and,0,0,4.576745245605707,19.93279149564298,6.2095491118355035,3,4,378,0,0,0,6
2,1,2,PRP,0.0,I,0,1,3.057704221457243,18.456613480707578,8.339223813452126,1,4,379,0,0,0,7
1,0,1,VBP,0.0,am,0,1,2.401828861562535,15.867311981799867,12.07479624529264,2,4,380,0,0,0,8
1,4,1,NN,3.0,king!',6,4,9.97113706287928,13.936153500186526,31.817820981310263,6,4,381,1,0,1,9
1,0,1,RB,0.0,Then,0,0,5.066246673464775,15.050992203716426,13.252496740913198,4,4,382,0,1,0,0
1,0,1,DT,0.0,the,0,0,1.4035574594163336,20.651930178991396,5.17205129965733,3,4,383,0,0,0,1
0,1,0,NNS,1.0,birds,1,1,3.7360053541488014,13.024181478157963,16.176566523496952,5,4,384,0,0,0,2
1,1,1,RB,0.0,below,1,2,13.411378784105182,15.033285966571247,13.278041441435352,5,4,385,0,0,0,3
1,0,1,VBD,3.0,called,0,0,6.714359587058425,15.490025096731372,12.6191061633734,6,4,386,0,0,0,4
1,0,1,IN,0.0,with,0,1,8.833600177429616,18.681580760008114,8.014664635242958,4,4,387,0,0,0,5
1,0,1,CD,0.0,one,0,0,4.8178893737494946,17.417661831348372,9.838114205706065,3,4,388,0,0,0,6
0,2,0,NN,3.0,"accord,",4,3,7.971497619990259,20.760015003149928,22.5224493320696,7,4,389,1,0,0,7
3,0,1,``,1.0,'Come,1,1,6.9879361991770566,16.866984255791404,26.17168695715428,5,4,390,1,0,0,8
1,3,3,RB,2.0,"back,",1,1,7.786505722440779,20.771774982586216,16.412919016035637,5,4,391,0,0,0,9
2,0,1,VB,1.0,come,0,1,2.8229362722486258,15.64928219317746,12.389346740104251,4,4,392,0,0,0,10
1,6,2,RB,1.0,back!,7,5,4.089977092109621,17.107570336784267,22.578906307379707,5,4,393,1,0,1,11
2,1,2,PRP,0.0,It,0,0,5.963357189670205,16.818509266914305,10.702508639150992,2,4,394,0,1,0,0
1,0,1,VBZ,0.0,is,0,1,0.5351390279829502,19.144004138058012,7.347528720939248,2,4,395,0,0,0,1
2,1,2,PRP,2.0,you,1,1,5.901358243077993,18.198249039215252,8.711964911935151,3,4,396,0,0,0,2
2,1,2,WP,0.0,who,0,1,1.1909703817218542,16.99990971408453,10.440803113603463,3,4,397,0,0,0,3
2,0,1,MD,0.0,must,0,0,5.978428991977125,15.962264075884518,11.937809330034693,4,4,398,0,0,0,4
1,0,1,VB,0.0,be,0,1,2.602196182240732,18.381669296901407,8.447345415772759,2,4,399,0,0,0,5
1,0,1,PRP$,0.0,our,0,1,7.472327499650419,16.813289236203154,10.71003955157126,3,4,400,0,0,0,6
0,7,1,NN,5.0,king,3,2,4.418870699941181,13.469210183024082,15.534525817933368,4,4,401,0,0,0,7
1,0,1,IN,0.0,because,0,1,6.666134158149362,16.447210891125962,11.23817896459096,7,4,402,0,0,0,8
2,0,1,DT,0.0,no,0,0,6.7994173262268305,17.036769620663787,10.387625509173944,2,4,403,0,0,0,9
0,1,1,NN,1.0,one,1,2,0.6425615781918168,17.417661831348372,9.838114205706065,3,4,404,0,0,0,10
1,0,1,MD,0.0,can,0,1,1.980346547672525,17.65084217709616,9.501706077262956,3,4,405,0,0,0,11
1,0,1,VB,4.0,fly,0,1,4.934875623090193,13.394134031975216,15.642837808740598,3,4,406,0,0,0,12
1,0,1,RB,0.0,as,0,1,6.869222338194959,18.455643172698917,8.340623672004352,2,4,407,0,0,0,13
0,1,0,JJ,2.0,high,0,1,0.8247123855398968,16.09639059118449,11.7443056715597,4,4,408,0,0,0,14
1,0,1,IN,0.0,as,0,1,0.2030778817133978,18.455643172698917,8.340623672004352,2,4,409,0,0,0,15
1,7,1,PRP,2.0,you.',13,3,2.888901599566452,18.240141657613652,21.970765322976643,5,4,410,1,0,1,16
2,0,2,``,0.0,'Except,0,1,19.80122397840023,16.83643809824468,29.12791952353636,7,4,411,1,1,0,0
1,3,1,PRP,1.0,me!',4,3,8.771300154738128,16.95800581798738,26.81101248271232,4,4,412,1,0,1,1
3,1,2,VBN,0.0,cried,0,0,4.234439472784288,12.723988077108029,16.609654054499288,5,4,413,0,1,0,0
1,0,1,DT,0.0,a,0,1,5.268775577540509,19.69218547190043,6.556670229096891,1,4,414,0,0,0,1
0,0,0,JJ,0.0,"shrill,",1,2,19.82965587207582,20.76225400575566,36.10906686130626,7,4,415,1,0,0,2
0,0,0,JJ,0.0,shrill,0,1,8.400056419544853,14.7341038369411,31.092698183374644,6,4,416,0,0,0,3
0,2,1,NN,4.0,"voice,",5,2,3.3859363535884768,20.761569109187143,19.20820527659174,6,4,417,1,0,0,4
0,0,0,CC,1.0,and,0,0,1.9906565190758556,19.93279149564298,6.2095491118355035,3,4,418,0,0,0,5
2,0,1,IN,0.0,out,0,1,10.332105167210102,17.1329401691801,10.24888073574989,3,4,419,0,0,0,6
1,0,1,IN,0.0,of,0,1,0.9353972400713246,20.087642241543257,5.986146708647226,2,4,420,0,0,0,7
1,0,1,DT,0.0,the,0,1,0.9610480966221076,20.651930178991396,5.17205129965733,3,4,421,0,0,0,8
0,3,1,NN,3.0,blue,3,1,4.579451407364104,14.264644165450992,14.386957156131505,4,4,422,0,0,0,9
2,0,1,DT,0.0,the,0,0,2.0572885763831437,20.651930178991396,5.17205129965733,3,4,423,0,0,0,10
0,0,0,JJ,0.0,little,0,1,4.629757684189826,15.70386302020348,12.310603251626194,6,4,424,0,0,0,11
0,1,1,NN,2.0,bird,2,1,0.721858142875135,12.874565900251406,16.392416175782483,4,4,425,0,0,0,12
1,0,1,IN,0.0,without,0,1,12.56093752779998,16.050891072379166,11.80994760170298,7,4,426,0,0,0,13
1,0,1,DT,0.0,a,0,1,1.882932681008242,19.69218547190043,6.556670229096891,1,4,427,0,0,0,14
0,3,0,NN,3.0,name,3,2,1.5884117487585172,15.87550446433082,12.062976991372665,4,4,428,0,0,0,15
1,0,1,VBD,3.0,rose,0,1,5.786362983286381,13.30386459781438,15.773069073748283,4,4,429,0,0,0,16
1,0,1,IN,0.0,from,0,1,2.7880121676716954,18.126283629319108,8.815789051907856,4,4,430,0,0,0,17
3,0,1,DT,0.0,the,0,0,0.8693162207055138,20.651930178991396,5.17205129965733,3,4,431,0,0,0,18
0,1,1,NN,2.0,eagle's,2,2,12.242334345399286,18.115173842271748,27.99245119353663,7,4,432,0,0,0,19
0,1,1,NN,3.0,"back,",2,3,6.548286949167959,20.771774982586216,16.412919016035637,5,4,433,1,0,0,20
2,1,2,WRB,0.0,where,0,1,8.930691073066555,16.599322624688853,11.018728120918755,5,4,434,0,0,0,21
2,1,2,PRP,0.0,he,0,1,1.4773981873877349,17.694798179754258,9.438290970210817,2,4,435,0,0,0,22
1,0,1,VBD,0.0,had,0,1,1.4487695088610053,17.432489551576744,9.816722327264898,3,4,436,0,0,0,23
1,1,1,VBN,4.0,lain,0,1,10.994511530268936,16.222464224804497,25.930688212826833,4,4,437,0,0,0,24
2,0,1,VBN,1.0,hidden,0,1,8.172023132443428,13.392746176553024,15.644840060875666,6,4,438,0,0,0,25
1,0,1,IN,0.0,in,0,1,2.9186789095401764,19.583721360186956,6.713150865180346,2,4,439,0,0,0,26
1,0,1,DT,0.0,the,0,1,0.880218279606197,20.651930178991396,5.17205129965733,3,4,440,0,0,0,27
0,12,1,NNS,3.0,feathers.,15,3,11.901531501614954,20.842830566221433,23.504962911025935,9,4,441,1,0,1,28
3,0,1,PRP$,0.0,His,0,0,6.247672712663189,14.818833666607562,13.587430711100192,3,4,442,0,1,0,0
0,1,1,NN,1.0,guile,1,1,17.94658395438455,14.842061343135068,30.10537653285979,5,4,443,0,0,0,1
1,0,1,VBD,0.0,was,0,1,1.937385695753619,18.521451560034553,8.24568223794633,3,4,444,0,0,0,2
2,0,1,DT,0.0,the,0,0,6.373987271043006,20.651930178991396,5.17205129965733,3,4,445,0,0,0,3
0,1,1,NN,3.0,ace,1,2,14.494918434589636,11.55521837716048,18.295832304554896,3,4,446,0,0,0,4
1,0,1,IN,0.0,up,0,1,7.734347701072693,17.040396008802368,10.382393736990077,2,4,447,0,0,0,5
1,0,1,PRP$,0.0,his,0,1,1.8055469860555604,17.63767918161909,9.520696265560964,3,4,448,0,0,0,6
0,5,1,NN,3.0,"sleeve,",6,2,1.9673157106153667,20.759994537035897,22.703155977175008,7,4,449,1,0,0,7
0,0,0,CC,1.0,and,0,0,0.8648599501466379,19.93279149564298,6.2095491118355035,3,4,450,0,0,0,8
2,1,2,PRP,0.0,he,0,1,1.2684033536352215,17.694798179754258,9.438290970210817,2,4,451,0,0,0,9
1,0,1,VBD,2.0,laughed,0,1,9.259668878745288,12.83443594152007,16.45031146823526,7,4,452,0,0,0,10
1,0,1,TO,0.0,to,0,1,5.585334878996946,19.88357245739644,6.280557174231113,2,4,453,0,0,0,11
1,2,1,PRP,2.0,himself,2,1,1.1000374438008294,14.894114678214075,13.478823168982371,7,4,454,0,0,0,12
1,0,1,IN,0.0,at,0,1,4.422540889441734,18.150223836201175,8.781250634161243,2,4,455,0,0,0,13
2,0,1,WRB,0.0,how,0,1,4.474669090617681,16.442215191928913,11.245386235048318,3,4,456,0,0,0,14
1,2,2,JJ,1.0,easy,1,1,6.281486082356423,14.69242200411318,13.769804189691364,4,4,457,0,0,0,15
2,1,2,PRP,0.0,it,0,1,0.5579249060247093,18.431334787537676,8.375693258728493,2,4,458,0,0,0,16
1,0,1,VBD,0.0,had,0,1,4.319644381786929,17.432489551576744,9.816722327264898,3,4,459,0,0,0,17
1,0,1,VBN,5.0,been,0,1,0.4576987514446955,17.198255400550867,10.154650775356767,4,4,460,0,0,0,18
2,0,1,TO,0.0,to,0,1,1.0207767082029022,19.88357245739644,6.280557174231113,2,4,461,0,0,0,19
1,0,1,VB,2.0,outwit,0,1,14.671170779911336,17.700301041461472,33.58504777721204,6,4,462,0,0,0,20
1,0,1,DT,0.0,the,0,1,1.2904500598669983,20.651930178991396,5.17205129965733,3,4,463,0,0,0,21
0,0,0,JJ,0.0,other,0,1,3.2672867117798887,17.02036838824095,10.41128748585484,5,4,464,0,0,0,22
0,12,1,NNS,3.0,birds.,14,3,1.1110563981346786,20.843158134544986,21.073314327477657,6,4,465,1,0,1,23
3,0,1,JJR,0.0,Higher,0,0,15.287904057651758,11.908360439041036,17.786356003150516,6,4,466,0,1,0,0
0,0,0,CC,1.0,and,0,0,3.555059303122107,19.93279149564298,6.2095491118355035,3,4,467,0,0,0,1
0,1,1,JJR,1.0,higher,2,2,0.5822278814739548,15.32640510949247,12.85515990755328,6,4,468,0,0,0,2
1,1,1,PRP,0.0,he,0,1,3.047178235370666,17.694798179754258,9.438290970210817,2,4,469,0,0,0,3
1,0,1,VBD,2.0,"mounted,",1,2,13.755480073043143,20.760327224278985,21.038920228007257,8,4,470,1,0,0,4
1,0,1,IN,0.0,until,0,1,7.369395580026321,15.481263584316432,12.631746353885124,5,4,471,0,0,0,5
2,1,2,PRP,0.0,he,0,1,1.3622071114368737,17.694798179754258,9.438290970210817,2,4,472,0,0,0,6
1,0,1,VBD,0.0,was,0,1,2.122897294582799,18.521451560034553,8.24568223794633,3,4,473,0,0,0,7
1,0,1,VBN,4.0,lost,0,1,10.549229255178943,14.62525295789496,13.866708639571634,4,4,474,0,0,0,8
1,0,1,TO,0.0,to,0,1,4.275206956837792,19.88357245739644,6.280557174231113,2,4,475,0,0,0,9
1,8,2,NN,2.0,"sight,",9,2,7.986118077824358,20.760547495386092,20.499564960733956,6,4,476,1,0,0,10
0,0,0,CC,1.0,and,0,0,1.128491502837278,19.93279149564298,6.2095491118355035,3,4,477,0,0,0,11
2,1,2,RB,0.0,then,0,1,2.9293053410947323,16.720629155852837,10.843719789981035,4,4,478,0,0,0,12
1,0,1,VBG,0.0,folding,0,1,19.35717584192753,11.935365677284354,17.747395679858855,7,4,479,0,0,0,13
1,0,1,PRP$,0.0,his,0,0,0.8750468542129965,17.63767918161909,9.520696265560964,3,4,480,0,0,0,14
0,1,0,NNS,2.0,wings,1,2,2.787180452301982,12.5026859653895,16.928925513613866,5,4,481,0,0,0,15
1,2,1,RP,1.0,"together,",4,2,11.4244142282987,20.76375289026012,18.027888160512045,9,4,482,1,0,0,16
1,1,1,PRP,0.0,he,0,1,0.9245407847920432,17.694798179754258,9.438290970210817,2,4,483,0,0,0,17
1,0,1,VBD,4.0,sank,0,0,11.148325580870733,11.56613442330137,18.280083778921316,4,4,484,0,0,0,18
1,0,1,TO,0.0,to,0,1,2.9825742511311546,19.88357245739644,6.280557174231113,2,4,485,0,0,0,19
1,2,1,NN,2.0,earth,2,2,5.585257447673939,13.748324267911652,15.131849311823808,5,4,486,0,0,0,20
2,0,1,VBG,1.0,crying,0,0,12.28825831413269,12.338687368141088,17.165525476576896,6,4,487,0,0,0,21
1,2,2,RB,1.0,"shrilly,",2,2,19.172410583123565,20.760405387906285,38.737061960280414,8,4,488,1,0,0,22
2,1,2,``,0.0,'I,0,1,3.861746357753873,17.920771799156284,20.387553075182257,2,4,489,1,0,0,23
1,0,1,VBP,0.0,am,0,1,1.576247599441558,15.867311981799867,12.07479624529264,2,4,490,0,0,0,24
1,3,1,NN,4.0,"king,",2,1,3.4854949980508536,20.76052281457874,20.55089449586498,5,4,491,0,0,0,25
2,1,2,PRP,0.0,I,0,1,1.6109729844611138,18.456613480707578,8.339223813452126,1,4,492,0,0,0,26
1,0,1,VBP,0.0,am,0,1,0.1148837911896407,15.867311981799867,12.07479624529264,2,4,493,0,0,0,27
1,7,1,NN,3.0,king!',13,7,2.1999661293812096,13.936153500186526,31.817820981310263,6,4,494,1,0,1,28
3,0,1,DT,0.0,The,0,0,2.2439754529623315,18.12053694573349,8.824079763818386,3,4,495,0,1,0,0
0,1,1,NN,1.0,eagle,1,1,3.7861136199207976,10.956561882875716,19.1595110600555,5,4,496,0,0,0,1
1,0,1,VBN,1.0,tricked,0,0,17.10110103711486,16.735757033675448,27.198258954560288,7,4,497,0,0,0,2
1,0,1,IN,0.0,by,0,1,9.250600937579293,18.29067397824052,8.57862391074893,2,4,498,0,0,0,3
1,0,1,DT,0.0,the,0,1,1.666050563857425,20.651930178991396,5.17205129965733,3,4,499,0,0,0,4
0,0,0,JJ,0.0,little,0,1,4.63281080161687,15.70386302020348,12.310603251626194,6,4,500,0,0,0,5
0,4,1,NN,4.0,bird,5,2,0.7540871542878449,12.874565900251406,16.392416175782483,4,4,501,0,0,0,6
2,0,1,VBD,0.0,had,0,0,5.09735544025898,17.432489551576744,9.816722327264898,3,4,502,0,0,0,7
0,0,0,RB,0.0,not,1,1,4.866039448417723,18.05588478508421,8.917353115369856,3,4,503,0,0,0,8
1,0,1,VBN,3.0,sensed,0,0,11.632096474058926,11.426004992939529,18.482247813186945,6,4,504,0,0,0,9
2,0,1,DT,0.0,the,0,0,1.8020020596450197,20.651930178991396,5.17205129965733,3,4,505,0,0,0,10
0,1,1,NN,2.0,bird,1,2,6.188059359439649,12.874565900251406,16.392416175782483,4,4,506,0,0,0,11
1,0,1,IN,0.0,in,0,1,4.597421200480312,19.583721360186956,6.713150865180346,2,4,507,0,0,0,12
1,0,1,PRP$,0.0,his,0,1,2.467894936562516,17.63767918161909,9.520696265560964,3,4,508,0,0,0,13
0,5,1,NNS,3.0,feathers,5,2,6.813367310795002,11.338691118358891,18.60821510704523,8,4,509,0,0,0,14
0,0,0,CC,1.0,and,0,0,2.3917032591998577,19.93279149564298,6.2095491118355035,3,4,510,0,0,0,15
1,1,1,RB,1.0,so,0,1,5.951402634382248,17.102955196419583,10.292139907252675,2,4,511,0,0,0,16
1,0,1,VBD,0.0,had,0,0,4.345127708977088,17.432489551576744,9.816722327264898,3,4,512,0,0,0,17
0,0,0,RB,0.0,not,1,1,3.6382325920276344,18.05588478508421,8.917353115369856,3,4,513,0,0,0,18
1,0,1,IN,0.0,at,0,0,9.826538716210052,18.150223836201175,8.781250634161243,2,4,514,0,0,0,19
0,1,0,DT,1.0,all,2,2,1.6629850678145883,17.469149055179013,9.763833843216451,3,4,515,0,0,0,20
1,0,1,VBN,4.0,expected,0,0,3.964427298866213,14.774461082572545,13.65144681803894,8,4,516,0,0,0,21
2,0,1,DT,0.0,the,0,1,2.6897361857118085,20.651930178991396,5.17205129965733,3,4,517,0,0,0,22
0,1,1,NN,2.0,bird,2,1,3.0336088415933773,12.874565900251406,16.392416175782483,4,4,518,0,0,0,23
1,0,1,TO,0.0,to,0,1,0.2121330730151385,19.88357245739644,6.280557174231113,2,4,519,0,0,0,24
1,0,1,VB,2.0,come,0,1,4.183397508459166,15.64928219317746,12.389346740104251,4,4,520,0,0,0,25
2,0,1,VBG,1.0,flying,0,0,5.529927924275398,12.929077127465684,16.31377309860767,6,4,521,0,0,0,26
1,1,1,RP,1.0,out,1,2,5.535068362951279,17.1329401691801,10.24888073574989,3,4,522,0,0,0,27
1,0,1,IN,0.0,like,0,1,7.6494990807259455,16.890367918306506,10.598838519142497,4,4,523,0,0,0,28
1,11,2,DT,2.0,that.,11,6,3.354013519710861,20.9931592071978,12.41673605453974,5,4,524,1,0,1,29
2,0,1,DT,0.0,The,0,0,2.105782808852382,18.12053694573349,8.824079763818386,3,4,525,0,1,0,0
0,1,1,NNS,1.0,birds,1,1,4.295002784463577,13.024181478157963,16.176566523496952,5,4,526,0,0,0,1
1,0,1,RB,0.0,back,0,1,11.592751309275627,16.337436220093977,11.396550338104024,4,4,527,0,0,0,2
1,0,1,IN,0.0,on,0,1,3.63037449051626,18.53086189167023,8.232105999162414,2,4,528,0,0,0,3
1,3,1,NN,2.0,earth,3,1,1.405848056776449,13.748324267911652,15.131849311823808,5,4,529,0,0,0,4
1,0,1,VBD,0.0,were,0,0,2.943704895209521,17.723648827567594,9.39666828368408,4,4,530,0,0,0,5
1,0,1,DT,0.0,all,1,1,5.290271863574162,17.469149055179013,9.763833843216451,3,4,531,0,0,0,6
0,1,0,RB,1.0,up,0,0,8.071618780726567,17.040396008802368,10.382393736990077,2,4,532,0,0,0,7
1,0,1,IN,0.0,in,0,1,1.84673043777002,19.583721360186956,6.713150865180346,2,4,533,0,0,0,8
1,4,1,NNS,5.0,arms.,5,4,6.10760247457074,20.843729250511615,19.79772555553284,5,4,534,1,0,1,9
3,1,3,``,0.0,"'You,",1,1,15.909033237723634,20.787508381474726,27.61647567200395,5,4,535,1,1,0,0
0,0,0,CC,1.0,and,0,0,7.707619583467022,19.93279149564298,6.2095491118355035,3,4,536,0,0,0,1
1,0,1,RB,0.0,not,0,1,7.190310605801642,18.05588478508421,8.917353115369856,3,4,537,0,0,0,2
0,0,0,DT,0.0,the,0,1,2.963498576544225,20.651930178991396,5.17205129965733,3,4,538,0,0,0,3
0,2,0,NN,3.0,"eagle,",4,2,6.352804992347956,20.759896417832113,24.175879737987113,6,4,539,1,0,0,4
2,0,1,PRP$,0.0,our,0,1,10.372520350385456,16.813289236203154,10.71003955157126,3,4,540,0,0,0,5
0,3,1,NN,2.0,king?',6,5,8.167176350485533,14.454123408175482,30.322670475034915,6,4,541,1,0,1,6
2,0,1,DT,0.0,the,0,0,3.671615442086477,20.651930178991396,5.17205129965733,3,4,542,0,1,0,0
0,1,1,NNS,1.0,birds,1,1,6.027297384280246,13.024181478157963,16.176566523496952,5,4,543,0,0,0,1
1,0,1,VBD,1.0,"cried,",0,0,5.385980615857989,20.760164745257217,21.6260227324309,6,4,544,1,0,0,2
2,0,1,VBG,1.0,fuming,0,1,13.395537456031889,16.00691377959633,31.213016095090783,6,4,545,0,0,0,3
1,0,1,IN,0.0,with,0,1,4.713800943121896,18.681580760008114,8.014664635242958,4,4,546,0,0,0,4
1,6,2,NN,2.0,anger.,6,4,4.120802059173002,20.843093434394483,21.326446563580696,6,4,547,1,0,1,5
3,1,3,``,0.0,'You,0,1,4.00039098598063,17.186200139895845,22.600106994072338,4,4,548,1,1,0,0
1,0,1,VBP,0.0,have,0,1,3.033170116133988,17.990997945585363,9.010965036933804,4,4,549,0,0,0,1
1,0,1,VBN,2.0,done,0,0,4.937315849587321,15.296164419863626,12.898788000513877,4,4,550,0,0,0,2
1,1,1,DT,1.0,this,1,1,4.270226974971592,18.084110076486997,8.876632627435416,4,4,551,0,0,0,3
1,0,1,IN,0.0,by,0,1,5.9189132009632885,18.29067397824052,8.57862391074893,2,4,552,0,0,0,4
2,0,1,VBG,2.0,breaking,0,1,7.3646088326349854,13.194764035784123,15.930467913547536,8,4,553,0,0,0,5
2,0,1,DT,0.0,every,0,0,9.269810932222754,15.73197777235085,12.270042238127363,5,4,554,0,0,0,6
0,1,1,NN,2.0,rule,1,2,1.4982730634510515,14.44186387601521,14.13128315855273,4,4,555,0,0,0,7
1,0,1,IN,0.0,in,0,1,3.56424779020017,19.583721360186956,6.713150865180346,2,4,556,0,0,0,8
1,0,1,DT,0.0,the,0,1,1.051463972835336,20.651930178991396,5.17205129965733,3,4,557,0,0,0,9
0,9,1,NN,3.0,"book,",7,3,7.070549308788031,20.76314046317501,18.273975002557396,5,4,558,1,0,0,10
0,0,0,IN,1.0,so,0,1,6.733792645856738,17.102955196419583,10.292139907252675,2,4,559,0,0,0,11
2,1,2,PRP,0.0,we,0,1,3.801971551962197,17.726018436166637,9.393249661109394,2,4,560,0,0,0,12
1,0,1,MD,0.0,will,0,0,2.848454210907221,17.38540358388539,9.884653019348672,4,4,561,0,0,0,13
0,0,0,RB,0.0,not,1,1,1.9678542385809124,18.05588478508421,8.917353115369856,3,4,562,0,0,0,14
1,0,1,VB,4.0,have,0,0,4.743879556306638,17.990997945585363,9.010965036933804,4,4,563,0,0,0,15
3,1,2,PRP,1.0,"you,",1,2,10.427735996549018,20.834189298985898,13.728333589866764,4,4,564,1,0,0,16
2,1,2,WP,0.0,who,0,1,7.499471587827429,16.99990971408453,10.440803113603463,3,4,565,0,0,0,17
2,0,1,VBP,0.0,are,0,1,4.650118859251961,18.2277629932606,8.669385276796898,3,4,566,0,0,0,18
1,1,1,RB,0.0,simply,0,1,11.147469721036032,14.73977739596405,13.701484800708766,6,4,567,0,0,0,19
1,0,1,JJ,4.0,tricky,0,1,18.36119121965021,11.637926830133033,18.1765092296118,6,4,568,0,0,0,20
0,0,0,CC,1.0,and,0,0,3.314658274175599,19.93279149564298,6.2095491118355035,3,4,569,0,0,0,21
0,5,2,JJ,1.0,"cunning,",8,3,8.733953048242256,20.75988804132123,24.413001623274003,8,4,570,1,0,0,22
1,0,1,TO,0.0,to,0,1,4.3712169143836945,19.88357245739644,6.280557174231113,2,4,571,0,0,0,23
1,0,1,VB,2.0,reign,0,1,8.253278373973444,12.20546245940448,17.357728391734085,5,4,572,0,0,0,24
1,0,1,IN,0.0,over,0,1,2.5178295518271625,16.743434436833045,10.810818724204807,4,4,573,0,0,0,25
1,9,1,PRP,2.0,us.',13,5,3.507373108062893,16.477374611500966,24.847738700750345,4,4,574,1,0,1,26
3,0,1,DT,0.0,The,0,0,2.1864544317359105,18.12053694573349,8.824079763818386,3,4,575,0,1,0,0
0,1,1,NN,1.0,bird,1,1,3.539049409679137,12.874565900251406,16.392416175782483,4,4,576,0,0,0,1
1,0,1,IN,0.0,without,0,1,10.274296507472172,16.050891072379166,11.80994760170298,7,4,577,0,0,0,2
1,0,1,DT,0.0,a,0,1,0.5146183798206039,19.69218547190043,6.556670229096891,1,4,578,0,0,0,3
0,3,1,NN,3.0,name,3,1,0.2762394565506838,15.87550446433082,12.062976991372665,4,4,579,0,0,0,4
1,1,1,RB,0.0,then,0,1,6.038910564035177,16.720629155852837,10.843719789981035,4,4,580,0,0,0,5
2,0,1,VBD,2.0,decided,0,0,8.646972067654133,14.322054026375904,14.30413223447701,7,4,581,0,0,0,6
2,0,1,TO,0.0,to,0,1,1.1347279452020302,19.88357245739644,6.280557174231113,2,4,582,0,0,0,7
1,0,1,VB,2.0,clear,0,1,11.259188770200126,15.005661985597682,13.317894421795526,5,4,583,0,0,0,8
1,0,1,DT,0.0,the,0,1,2.206953110784525,20.651930178991396,5.17205129965733,3,4,584,0,0,0,9
0,5,2,NN,2.0,air,4,1,2.350349080603337,14.998329488471509,13.328472979036787,3,4,585,0,0,0,10
0,0,0,CC,1.0,and,0,0,1.510994709096849,19.93279149564298,6.2095491118355035,3,4,586,0,0,0,11
1,0,1,VBD,1.0,"said,",1,2,8.813509459607303,20.78078062588832,15.595237168945632,5,4,587,1,0,0,12
1,0,1,``,0.0,'Then,1,2,7.298689311370254,16.89181452233247,25.382576276471728,5,4,588,1,0,0,13
1,0,1,VB,2.0,let,0,1,3.695788823068142,15.35930192229225,12.807699838865982,3,4,589,0,0,0,14
2,1,2,NN,0.0,everyone,1,1,9.437905609607697,14.45700648534022,14.109436991173418,8,4,590,0,0,0,15
2,0,1,VB,2.0,start,0,0,9.168457001447678,15.232577305023382,12.990524815758334,5,4,591,0,0,0,16
1,0,1,IN,0.0,with,0,1,5.119250078918412,18.681580760008114,8.014664635242958,4,4,592,0,0,0,17
1,0,1,DT,0.0,a,0,1,4.922809415264055,19.69218547190043,6.556670229096891,1,4,593,0,0,0,18
0,0,0,JJ,0.0,clean,0,1,8.098293045535684,13.972841603633828,14.807939264983824,5,4,594,0,0,0,19
0,3,1,NN,4.0,slate,4,1,4.010529138147831,11.00551068432632,19.08889286694525,5,4,595,0,0,0,20
0,0,0,CC,1.0,and,0,0,0.8991290084086359,19.93279149564298,6.2095491118355035,3,4,596,0,0,0,21
1,0,1,VB,1.0,perform,0,1,12.081361490301788,14.051465294477676,14.694509256107017,7,4,597,0,0,0,22
1,0,1,DT,0.0,a,0,1,2.953255919041112,19.69218547190043,6.556670229096891,1,4,598,0,0,0,23
0,0,0,JJ,0.0,new,0,1,6.748030554736033,16.69136483421134,10.885939281688206,3,4,599,0,0,0,24
0,0,0,VBG,0.0,challenging,0,1,16.582911683246493,13.051943059028227,16.136515028448187,11,4,600,0,0,0,25
0,9,0,NN,4.0,task.,14,6,4.2575588882900774,20.844043600813485,19.393688932626656,5,4,601,1,0,1,26
1,0,1,RB,0.0,Then,0,0,5.643033312167972,15.050992203716426,13.252496740913198,4,4,602,0,1,0,0
1,1,1,PRP,0.0,we,0,1,2.393045112490654,17.726018436166637,9.393249661109394,2,4,603,0,0,0,1
1,0,1,MD,0.0,can,0,1,3.367988124722615,17.65084217709616,9.501706077262956,3,4,604,0,0,0,2
1,0,1,VB,3.0,decide,0,1,7.048316471045837,13.612540888552136,15.327743319860929,6,4,605,0,0,0,3
2,1,2,WP,0.0,who,0,1,2.5822538137435913,16.99990971408453,10.440803113603463,3,4,606,0,0,0,4
2,0,1,MD,0.0,should,0,1,3.937315155635588,16.41027185963468,11.291470722138676,6,4,607,0,0,0,5
1,0,1,VB,0.0,be,0,1,1.5928642047510948,18.381669296901407,8.447345415772759,2,4,608,0,0,0,6
1,0,1,DT,0.0,the,0,1,3.586070097546326,20.651930178991396,5.17205129965733,3,4,609,0,0,0,7
0,0,0,JJ,0.0,real,0,1,9.371592198731378,15.367587118320795,12.795746827642809,4,4,610,0,0,0,8
0,8,1,NN,6.0,king.',11,3,3.240968549391255,15.234353664463226,28.79332622897486,6,4,611,1,0,1,9
1,0,1,RB,0.0,Then,0,0,5.0730334632098675,15.050992203716426,13.252496740913198,4,4,612,0,1,0,0
1,0,1,DT,0.0,the,0,0,1.2399659565417096,20.651930178991396,5.17205129965733,3,4,613,0,0,0,1
0,1,0,NNS,1.0,birds,1,2,2.369877945748158,13.024181478157963,16.176566523496952,5,4,614,0,0,0,2
2,0,1,VBD,2.0,gathered,0,0,8.025343712419271,12.814794194087732,16.478648519850285,8,4,615,0,0,0,3
1,1,1,RB,1.0,together,1,1,3.5815289467573166,15.218024910908849,13.011519482580432,8,4,616,0,0,0,4
1,2,2,RB,1.0,again,1,1,4.668438255786896,15.602953223186589,12.45618531535958,5,4,617,0,0,0,5
0,0,0,CC,1.0,and,0,0,0.5010664574801922,19.93279149564298,6.2095491118355035,3,4,618,0,0,0,6
1,0,1,VBD,1.0,decided,0,1,5.913094397634268,14.322054026375904,14.30413223447701,7,4,619,0,0,0,7
3,0,1,DT,0.0,the,0,0,5.249269232735969,20.651930178991396,5.17205129965733,3,4,620,0,0,0,8
0,1,1,NN,1.0,case,1,2,10.409069246961735,16.213420285203632,11.57546751236153,4,4,621,0,0,0,9
1,0,1,MD,0.0,would,0,1,5.690677755163051,17.12711793173308,10.257280448841584,5,4,622,0,0,0,10
1,0,1,VB,0.0,be,0,1,0.4189339069416746,18.381669296901407,8.447345415772759,2,4,623,0,0,0,11
1,0,1,VBN,4.0,resolved,0,1,8.848987637087703,13.003176606973128,16.20687014698983,8,4,624,0,0,0,12
1,0,1,IN,0.0,by,0,1,2.00491909426637,18.29067397824052,8.57862391074893,2,4,625,0,0,0,13
2,0,1,VBG,2.0,making,0,1,7.741979296028148,15.192072714439746,13.048960587726585,6,4,626,0,0,0,14
2,0,1,DT,0.0,a,0,0,1.698747124610236,19.69218547190043,6.556670229096891,1,4,627,0,0,0,15
0,0,0,JJ,0.0,new,0,1,4.267713019595249,16.69136483421134,10.885939281688206,3,4,628,0,0,0,16
0,1,1,NN,3.0,"condition,",3,3,15.92841463140212,20.76228321596717,18.708657119229823,10,4,629,1,0,0,17
2,1,2,WDT,0.0,which,0,1,3.664012789959088,17.599930483545194,9.57515612507219,5,4,630,0,0,0,18
2,0,1,VBD,2.0,was,0,1,2.348404472693801,18.521451560034553,8.24568223794633,3,4,631,0,0,0,19
1,0,1,IN,0.0,that,0,1,3.4087304770946503,19.024464301341364,7.519988250559035,4,4,632,0,0,0,20
2,1,2,PRP,0.0,he,0,1,6.909625667147338,17.694798179754258,9.438290970210817,2,4,633,0,0,0,21
1,0,1,MD,0.0,should,0,1,1.006202141288668,16.41027185963468,11.291470722138676,6,4,634,0,0,0,22
1,0,1,VB,0.0,be,0,1,1.812183661852032,18.381669296901407,8.447345415772759,2,4,635,0,0,0,23
2,4,2,NN,5.0,king,0,1,3.985855083912611,13.469210183024082,15.534525817933368,4,4,636,0,0,0,24
2,1,2,WP,0.0,who,0,1,6.6106404680758715,16.99990971408453,10.440803113603463,3,4,637,0,0,0,25
2,0,1,MD,0.0,could,0,1,3.3147625401616096,16.68628345113659,10.893270167851,5,4,638,0,0,0,26
1,0,1,VB,3.0,go,0,0,6.709545884747058,16.02670389409771,11.844842323862729,2,4,639,0,0,0,27
1,0,1,DT,0.0,the,0,1,6.827274322859012,20.651930178991396,5.17205129965733,3,4,640,0,0,0,28
0,1,0,JJS,2.0,deepest,2,2,10.48933221504558,11.299224689982603,18.6651531275453,7,4,641,0,0,0,29
1,0,1,IN,0.0,into,0,1,3.4360911072581075,16.972256606338846,10.48069811501334,4,4,642,0,0,0,30
1,0,1,DT,0.0,the,0,1,0.3036694107868243,20.651930178991396,5.17205129965733,3,4,643,0,0,0,31
0,23,4,NN,3.0,earth.,25,4,5.656545974343317,20.84358538892359,20.028597115804512,6,4,644,1,0,1,32
1,0,1,IN,0.0,So,0,0,6.310821279883385,15.306440121766116,12.883963296337498,2,4,645,0,1,0,0
2,0,1,DT,0.0,the,0,0,1.7528299647383392,20.651930178991396,5.17205129965733,3,4,646,0,0,0,1
0,0,0,JJ,0.0,little,0,1,3.834548042621463,15.70386302020348,12.310603251626194,6,4,647,0,0,0,2
0,1,1,NN,2.0,bird,2,1,0.2586977211758494,12.874565900251406,16.392416175782483,4,4,648,0,0,0,3
2,1,2,WP,0.0,who,0,1,5.694069162476808,16.99990971408453,10.440803113603463,3,4,649,0,0,0,4
2,0,1,DT,0.0,the,0,0,9.61222270235885,20.651930178991396,5.17205129965733,3,4,650,0,0,0,5
0,0,0,JJ,0.0,other,0,1,4.490420179790817,17.02036838824095,10.41128748585484,5,4,651,0,0,0,6
0,1,1,NNS,2.0,birds,2,2,0.188325934112072,13.024181478157963,16.176566523496952,5,4,652,0,0,0,7
1,4,1,VBN,3.0,despised,3,2,10.441485848277807,14.312881877124992,32.476000966243795,8,4,653,0,0,0,8
1,0,1,VBD,0.0,was,0,0,2.9444582387804985,18.521451560034553,8.24568223794633,3,4,654,0,0,0,9
1,0,1,RB,0.0,now,1,1,6.618406081572175,16.358672986859247,11.365912160007252,3,4,655,0,0,0,10
0,1,0,RB,1.0,back,0,0,9.053958928212523,16.337436220093977,11.396550338104024,4,4,656,0,0,0,11
1,0,1,TO,0.0,to,0,1,3.2113493245560676,19.88357245739644,6.280557174231113,2,4,657,0,0,0,12
1,0,1,JJ,0.0,square,0,0,7.007970680017024,13.780756574105975,15.085059384512665,6,4,658,0,0,0,13
0,4,0,CD,6.0,one.,7,5,1.62015818268992,20.87478382628328,14.734862009686768,4,4,659,1,0,1,14
3,2,3,JJ,0.0,"Confident,",1,1,21.114604640344623,20.760765904291205,37.40591953270395,10,4,660,1,1,0,0
1,1,1,PRP,0.0,he,0,1,1.7153398494119756,17.694798179754258,9.438290970210817,2,4,661,0,0,0,1
1,0,1,VBD,2.0,"remained,",1,2,16.336500159173738,20.760843244843688,19.99477865774668,9,4,662,1,0,0,2
1,1,1,RB,1.0,"however,",2,2,8.443322269769851,20.76392499100888,17.965647821932627,8,4,663,1,0,0,3
1,0,1,IN,0.0,that,0,1,6.411071652080864,19.024464301341364,7.519988250559035,4,4,664,0,0,0,4
2,0,1,IN,0.0,if,0,1,4.869957498740405,17.14973730774824,10.224647587236507,2,4,665,0,0,0,5
2,1,2,PRP,0.0,he,0,1,1.096437398577109,17.694798179754258,9.438290970210817,2,4,666,0,0,0,6
1,0,1,VBD,2.0,played,0,0,10.120472909649834,14.335212272427697,14.285148898151292,6,4,667,0,0,0,7
1,0,1,PRP$,0.0,his,0,1,1.91434843884781,17.63767918161909,9.520696265560964,3,4,668,0,0,0,8
0,1,0,NNS,2.0,cards,2,2,1.5497148158028722,13.453474124033056,15.557228152202857,5,4,669,0,0,0,9
1,4,2,RB,1.0,"right,",4,2,1.9488226661342196,20.7705536321722,16.56956632706955,6,4,670,1,0,0,10
1,1,1,PRP,0.0,he,0,1,1.274343027092982,17.694798179754258,9.438290970210817,2,4,671,0,0,0,11
1,0,1,MD,0.0,could,0,1,1.709913691971451,16.68628345113659,10.893270167851,5,4,672,0,0,0,12
1,0,1,VB,0.0,be,0,1,4.479080965393223,18.381669296901407,8.447345415772759,2,4,673,0,0,0,13
1,7,1,NN,6.0,king.,9,2,2.525539451627992,20.843383462658817,20.431273621914073,5,4,674,1,0,1,14
2,1,2,RB,0.0,How,0,0,8.808265294879675,14.549804000464112,13.975558476297362,3,4,675,0,1,0,0
3,0,1,DT,0.0,the,0,0,5.4566522174282,20.651930178991396,5.17205129965733,3,4,676,0,0,0,1
0,1,1,NN,1.0,goose,1,1,10.543755169142967,10.973340219532814,19.13530503696594,5,4,677,0,0,0,2
1,0,1,VBD,2.0,wallowed,0,1,17.59369381517172,14.48896816483724,31.321806148859977,8,4,678,0,0,0,3
1,0,1,IN,0.0,in,0,1,1.1503621514420956,19.583721360186956,6.713150865180346,2,4,679,0,0,0,4
1,0,1,DT,0.0,the,0,1,2.624527722189669,20.651930178991396,5.17205129965733,3,4,680,0,0,0,5
0,4,1,NN,3.0,"sand,",5,2,10.190241218951996,20.76036548877715,20.92957032604681,5,4,681,1,0,0,6
0,0,0,CC,1.0,and,0,0,2.6560604660771787,19.93279149564298,6.2095491118355035,3,4,682,0,0,0,7
2,0,1,DT,0.0,the,0,0,1.933854281262029,20.651930178991396,5.17205129965733,3,4,683,0,0,0,8
0,1,1,NN,1.0,duck,1,2,7.853950146061834,11.667079001936262,18.134451535920135,4,4,684,0,0,0,9
1,0,1,VBD,2.0,strove,0,1,17.546871222555637,15.376820057223446,30.531980795516297,6,4,685,0,0,0,10
2,0,1,TO,0.0,to,0,1,0.4936078385799192,19.88357245739644,6.280557174231113,2,4,686,0,0,0,11
1,0,1,VB,2.0,dig,0,0,9.091142543649768,12.86161400829114,16.411101806083686,3,4,687,0,0,0,12
2,0,1,DT,0.0,a,0,1,4.142187628545798,19.69218547190043,6.556670229096891,1,4,688,0,0,0,13
0,1,1,NN,2.0,hole,2,2,0.7429977193241939,13.600155348623275,15.345611876895024,4,4,689,0,0,0,14
1,0,1,IN,0.0,for,0,1,4.057196762645617,18.90419907432743,7.693494297163422,3,4,690,0,0,0,15
1,0,1,DT,0.0,the,0,1,3.7012537436094135,20.651930178991396,5.17205129965733,3,4,691,0,0,0,16
0,0,0,JJ,0.0,new,0,1,8.190317743457854,16.69136483421134,10.885939281688206,3,4,692,0,0,0,17
0,10,1,NN,4.0,task!,11,4,22.289142177440223,16.5816783978882,25.679297097921634,5,4,693,1,0,1,18
2,0,1,PDT,0.0,All,0,0,5.830382210668176,15.290171731223063,12.907433622697203,3,4,694,0,1,0,0
0,0,0,DT,0.0,the,0,1,1.6502781673916616,20.651930178991396,5.17205129965733,3,4,695,0,0,0,1
0,0,0,JJ,0.0,other,0,1,5.485744770674501,17.02036838824095,10.41128748585484,5,4,696,0,0,0,2
0,1,1,NNS,3.0,birds,3,1,0.3250552461249754,13.024181478157963,16.176566523496952,5,4,697,0,0,0,3
1,0,1,VBD,1.0,tried,0,1,7.792150225490332,14.666162216648887,13.8076890548409,5,4,698,0,0,0,4
2,0,1,TO,0.0,to,0,1,0.6987300064938609,19.88357245739644,6.280557174231113,2,4,699,0,0,0,5
1,0,1,VB,2.0,hide,0,0,6.5161611403746065,13.12170916345304,16.035863815572366,4,4,700,0,0,0,6
1,1,1,PRP,1.0,themselves,1,1,3.101607233285904,14.59139742147286,13.915551854074431,10,4,701,0,0,0,7
1,0,1,IN,0.0,in,0,1,2.121760258683935,19.583721360186956,6.713150865180346,2,4,702,0,0,0,8
1,0,1,DT,0.0,the,0,1,0.8354406053840648,20.651930178991396,5.17205129965733,3,4,703,0,0,0,9
0,2,0,NN,3.0,"ground,",4,2,6.6600635643990245,20.762258841483742,18.72314671961828,7,4,704,1,0,0,10
1,1,1,RB,1.0,"too,",2,3,9.503647932986496,20.76709479178668,17.134580440881777,4,4,705,1,0,0,11
1,0,1,IN,0.0,until,0,1,5.8593230205297,15.481263584316432,12.631746353885124,5,4,706,0,0,0,12
2,1,2,PRP,0.0,they,0,1,2.099571053404361,17.366789695455783,9.911507183877728,4,4,707,0,0,0,13
1,0,1,VBD,0.0,were,0,1,2.158568418584764,17.723648827567594,9.39666828368408,4,4,708,0,0,0,14
1,0,1,RB,0.0,practically,0,1,11.363743870751932,12.315312626322536,17.199248100680578,11,4,709,0,0,0,15
0,0,0,JJ,5.0,blue,0,1,15.636353438952938,14.264644165450992,14.386957156131505,4,4,710,0,0,0,16
1,0,1,IN,0.0,in,0,1,2.5637847043108195,19.583721360186956,6.713150865180346,2,4,711,0,0,0,17
1,0,1,DT,0.0,the,0,1,1.3874933400657028,20.651930178991396,5.17205129965733,3,4,712,0,0,0,18
0,11,1,NN,3.0,face.,12,2,3.123096817638725,20.846103621584493,18.01373695251933,5,4,713,1,0,1,19
3,0,1,DT,0.0,The,0,0,2.018523163336795,18.12053694573349,8.824079763818386,3,4,714,0,1,0,0
0,0,0,JJ,0.0,nameless,0,1,14.839046944689471,13.311677098608737,34.40352209041763,8,4,715,0,0,0,1
0,0,0,JJ,0.0,little,0,1,2.7816056206356734,15.70386302020348,12.310603251626194,6,4,716,0,0,0,2
0,1,1,NN,3.0,bird,3,1,0.6006785400677472,12.874565900251406,16.392416175782483,4,4,717,0,0,0,3
2,1,2,WDT,0.0,that,0,1,4.267546287737787,19.024464301341364,7.519988250559035,4,4,718,0,0,0,4
2,0,1,VBD,0.0,was,0,1,2.4956667616497725,18.521451560034553,8.24568223794633,3,4,719,0,0,0,5
1,0,1,RB,0.0,as,0,1,8.83989988337271,18.455643172698917,8.340623672004352,2,4,720,0,0,0,6
0,0,0,JJ,4.0,bold,0,1,7.453582766931504,12.769028563301784,16.544674368428325,4,4,721,0,0,0,7
1,0,1,IN,0.0,as,0,1,0.3713143109343946,18.455643172698917,8.340623672004352,2,4,722,0,0,0,8
1,7,3,NN,2.0,brass,6,1,14.897521114442496,11.71536005839474,18.06479669519861,5,4,723,0,0,0,9
2,0,1,VBD,1.0,found,0,0,7.639667090261355,16.135319564070347,11.688143035430375,5,4,724,0,0,0,10
1,0,1,DT,0.0,a,0,0,3.7608373091206886,19.69218547190043,6.556670229096891,1,4,725,0,0,0,11
1,0,1,NN,0.0,pitch,0,1,14.23599372402532,12.846027360997962,16.43358858483764,5,4,726,0,0,0,12
0,1,0,JJ,1.0,dark,1,1,7.656986892223358,14.384930131362148,14.213421189622942,4,4,727,0,0,0,13
1,1,1,NN,1.0,mouse's,3,3,25.509654614375904,18.12788661383773,23.86797409524069,7,4,728,0,0,0,14
0,2,1,NN,4.0,"hole,",2,1,8.295663588563912,20.760618146104132,20.361980554826637,5,4,729,1,0,0,15
0,0,0,CC,1.0,and,0,0,0.9467676560161636,19.93279149564298,6.2095491118355035,3,4,730,0,0,0,16
2,0,1,VBG,1.0,creeping,0,0,14.463285764679313,10.716171785121514,19.5063206619643,8,4,731,0,0,0,17
1,3,2,RB,1.0,in,2,2,5.063184306025505,19.583721360186956,6.713150865180346,2,4,732,0,0,0,18
1,0,1,VBD,1.0,"cried,",1,1,15.511119449976832,20.760164745257217,21.6260227324309,6,4,733,1,0,0,19
3,1,2,``,0.0,'I,1,1,4.11681350087747,17.920771799156284,20.387553075182257,2,4,734,1,0,0,20
1,0,1,VBP,0.0,am,0,1,1.604485025862232,15.867311981799867,12.07479624529264,2,4,735,0,0,0,21
1,3,2,NN,4.0,"king,",2,1,1.6321925551164895,20.76052281457874,20.55089449586498,5,4,736,0,0,0,22
2,1,2,PRP,0.0,I,0,1,0.5004363781772554,18.456613480707578,8.339223813452126,1,4,737,0,0,0,23
1,0,1,VBP,0.0,am,0,1,0.0433509546564891,15.867311981799867,12.07479624529264,2,4,738,0,0,0,24
1,7,1,NN,3.0,king!',11,9,0.9226502979872748,13.936153500186526,31.817820981310263,6,4,739,1,0,1,25
1,0,1,CC,0.0,but,0,0,6.760444805026054,17.553098244319884,9.64272076435627,3,4,740,0,1,0,0
1,1,1,PRP,0.0,it,0,1,4.049473706865683,18.431334787537676,8.375693258728493,2,4,741,0,0,0,1
1,0,1,VBD,0.0,was,0,1,1.534496916574426,18.521451560034553,8.24568223794633,3,4,742,0,0,0,2
1,0,1,IN,0.0,of,0,1,8.742786931572482,20.087642241543257,5.986146708647226,2,4,743,0,0,0,3
1,0,1,DT,0.0,no,0,1,0.482879728955595,17.036769620663787,10.387625509173944,2,4,744,0,0,0,4
0,4,0,NN,5.0,avail.,6,2,3.4874343657247664,20.84285466429024,23.100841341391188,6,4,745,1,0,1,5
2,1,2,``,0.0,"'You,",0,0,13.357911665458232,20.787508381474726,27.61647567200395,5,4,746,1,1,0,0
2,0,1,PRP$,0.0,our,0,1,5.049958127667196,16.813289236203154,10.71003955157126,3,4,747,0,0,0,1
0,3,1,NN,2.0,king?',6,5,4.127427415805869,14.454123408175482,30.322670475034915,6,4,748,1,0,1,2
3,0,1,PDT,0.0,all,0,0,8.884695989545435,17.469149055179013,9.763833843216451,3,4,749,0,1,0,0
0,0,0,DT,0.0,the,0,1,0.6530920934746973,20.651930178991396,5.17205129965733,3,4,750,0,0,0,1
0,0,0,JJ,0.0,remaining,0,1,10.205853024672251,13.976085699529731,14.803259023922635,9,4,751,0,0,0,2
0,1,1,NNS,3.0,birds,3,1,0.3937515263678506,13.024181478157963,16.176566523496952,5,4,752,0,0,0,3
2,1,2,WP,0.0,who,0,1,6.855972718447447,16.99990971408453,10.440803113603463,3,4,753,0,0,0,4
2,0,1,DT,0.0,the,0,0,10.579115775122771,20.651930178991396,5.17205129965733,3,4,754,0,0,0,5
0,0,0,JJ,0.0,littlest,0,1,22.549474733241368,16.184889813722485,45.54165168649705,8,4,755,0,0,0,6
0,1,1,NN,2.0,bird,2,2,2.691470573656261,12.874565900251406,16.392416175782483,4,4,756,0,0,0,7
1,0,1,VBD,0.0,had,0,1,2.1442667432129383,17.432489551576744,9.816722327264898,3,4,757,0,0,0,8
1,5,2,VBN,4.0,outwitted,4,1,14.07768079917878,17.519149946342534,38.20368657404498,9,4,758,0,0,0,9
1,0,1,VBD,1.0,cried,0,0,6.70684640109539,12.723988077108029,16.609654054499288,5,4,759,0,0,0,10
1,1,1,RB,1.0,"again,",2,3,6.247661384521052,20.76558422235516,17.472553993291193,6,4,760,1,0,0,11
2,0,1,RB,0.0,even,0,0,8.886272001778707,16.307134926601453,11.440265863958214,4,4,761,0,0,0,12
0,1,1,RBR,2.0,more,1,1,4.571364039089531,17.253429346216002,10.0750515975594,4,4,762,0,0,0,13
1,1,1,RB,1.0,angrily,1,2,7.699645683169365,10.78669708580816,19.404574160406472,7,4,763,0,0,0,14
1,0,1,IN,0.0,than,0,1,1.1694150033872577,16.958709278696364,10.500242777420445,4,4,764,0,0,0,15
1,5,1,RB,2.0,before.,5,2,1.255240307888016,20.85315024276666,16.374065686550413,7,4,765,1,0,1,16
1,0,1,``,0.0,'Do,0,1,7.817363828420639,16.9022096379725,25.144393724084804,3,4,766,1,1,0,0
1,1,1,PRP,0.0,you,1,1,0.9932903894223272,18.198249039215252,8.711964911935151,3,4,767,0,0,0,1
1,0,1,VB,2.0,think,0,1,3.0012982496991754,16.049882225624277,11.811403059913276,5,4,768,0,0,0,2
3,1,2,PRP,0.0,we,0,1,2.267284594476223,17.726018436166637,9.393249661109394,2,4,769,0,0,0,3
1,0,1,MD,0.0,would,0,1,6.163430642802268,17.12711793173308,10.257280448841584,5,4,770,0,0,0,4
1,0,1,VB,3.0,reward,0,0,11.952544858679175,12.690921782892405,16.657358633184742,6,4,771,0,0,0,5
1,0,1,PRP$,0.0,your,0,1,4.924477036751341,17.160045837897364,10.209775521911514,4,4,772,0,0,0,6
0,1,0,NN,2.0,cunning,2,2,6.870923539448995,10.792201516640048,19.39663294534239,7,4,773,0,0,0,7
1,0,1,IN,0.0,in,0,1,5.083158597582951,19.583721360186956,6.713150865180346,2,4,774,0,0,0,8
1,0,1,DT,0.0,this,0,1,2.2438815978821367,18.084110076486997,8.876632627435416,4,4,775,0,0,0,9
0,8,1,NN,3.0,way?,9,2,4.2486521769315,17.77304768146377,21.094872132772178,4,4,776,1,0,1,10
2,1,2,UH,0.0,"No,",0,0,6.345347250578925,20.765831191890396,17.411632321056068,3,4,777,1,1,0,0
1,2,1,UH,1.0,no!,3,3,7.545864752726629,17.49194565121614,21.569981478449627,3,4,778,1,0,1,1
2,1,2,PRP,0.0,You,0,0,3.582409780472517,15.817160273501669,12.147149866146563,3,4,779,0,1,0,0
1,0,1,MD,0.0,shall,0,1,7.0013909582048655,14.764507367219384,13.665806993817366,5,4,780,0,0,0,1
1,0,1,VB,2.0,stay,0,0,7.878054833039641,14.4264705247069,14.15349107014789,4,4,781,0,0,0,2
1,0,1,IN,0.0,in,0,1,3.559523478616029,19.583721360186956,6.713150865180346,2,4,782,0,0,0,3
1,0,1,DT,0.0,the,0,1,1.59094277935219,20.651930178991396,5.17205129965733,3,4,783,0,0,0,4
0,2,0,NN,3.0,earth,3,2,5.380112608632771,13.748324267911652,15.131849311823808,5,4,784,0,0,0,5
1,0,1,IN,0.0,till,0,1,5.540354064432904,13.70237545391921,15.198139437905436,4,4,785,0,0,0,6
2,1,2,PRP,0.0,you,0,1,1.7136058213654906,18.198249039215252,8.711964911935151,3,4,786,0,0,0,7
1,0,1,VBP,3.0,die,0,1,6.3185978615656495,14.771984232208348,13.655020157776391,3,4,787,0,0,0,8
1,0,1,IN,0.0,of,0,1,4.432900030107703,20.087642241543257,5.986146708647226,2,4,788,0,0,0,9
1,8,1,NN,2.0,hunger!',9,3,6.641687776951585,13.24793290835978,34.094421931483026,8,4,789,1,0,1,10
1,0,1,IN,0.0,So,0,0,6.028913013637066,15.306440121766116,12.883963296337498,2,4,790,0,1,0,0
2,1,2,PRP,0.0,they,0,1,3.089505256153643,17.366789695455783,9.911507183877728,4,4,791,0,0,0,1
1,0,1,VBD,2.0,shut,0,0,10.971608719788492,13.45326871900738,15.557524489014774,4,4,792,0,0,0,2
1,1,1,RP,1.0,up,1,1,1.93755941092968,17.040396008802368,10.382393736990077,2,4,793,0,0,0,3
2,0,1,DT,0.0,the,0,0,1.8653385278885253,20.651930178991396,5.17205129965733,3,4,794,0,0,0,4
0,0,0,JJ,0.0,little,0,1,5.210451623133849,15.70386302020348,12.310603251626194,6,4,795,0,0,0,5
0,1,1,NN,3.0,bird,2,1,0.8663036832585931,12.874565900251406,16.392416175782483,4,4,796,0,0,0,6
1,0,1,IN,0.0,in,0,1,3.5121977829548996,19.583721360186956,6.713150865180346,2,4,797,0,0,0,7
3,0,1,DT,0.0,the,0,0,1.154015824518865,20.651930178991396,5.17205129965733,3,4,798,0,0,0,8
0,1,1,NN,2.0,mouse's,2,3,11.051366907020563,18.12788661383773,23.86797409524069,7,4,799,0,0,0,9
0,1,1,NN,3.0,hole,3,2,1.266604674514383,13.600155348623275,15.345611876895024,4,4,800,0,0,0,10
2,1,2,WDT,0.0,that,0,1,7.58902093488723,19.024464301341364,7.519988250559035,4,4,801,0,0,0,11
2,0,1,DT,0.0,the,0,0,4.281357680796646,20.651930178991396,5.17205129965733,3,4,802,0,0,0,12
0,1,1,NN,1.0,mouse,1,2,3.7400274440879,13.81543155484361,15.03503396175956,5,4,803,0,0,0,13
1,0,1,VBD,2.0,gave,0,0,9.198923464864492,14.669764170917484,13.802492533280088,4,4,804,0,0,0,14
1,1,1,RP,1.0,up,1,2,4.861113145947456,17.040396008802368,10.382393736990077,2,4,805,0,0,0,15
1,0,1,RBS,0.0,most,0,1,12.102372648194432,16.424816014558168,11.270487941956638,4,4,806,0,0,0,16
0,9,0,RB,3.0,"unwillingly,",7,2,16.803095999232028,20.769076838290065,34.89102916617807,12,4,807,1,0,0,17
0,0,0,CC,1.0,and,0,0,0.8601310157682747,19.93279149564298,6.2095491118355035,3,4,808,0,0,0,18
2,0,1,VB,1.0,bade,0,1,11.94094112480525,16.258059659873183,25.630005393419033,4,4,809,0,0,0,19
2,0,1,DT,0.0,the,0,1,2.4737393742543645,20.651930178991396,5.17205129965733,3,4,810,0,0,0,20
0,1,1,NN,1.0,owl,2,1,9.078247461060528,16.602450741068534,29.595751815031985,3,4,811,0,0,0,21
1,0,1,VB,2.0,watch,0,0,8.106921210885048,14.130657007870736,14.58025976391535,5,4,812,0,0,0,22
1,1,1,PRP,1.0,him,1,1,4.908416159451008,16.695335111358073,10.880211382537656,3,4,813,0,0,0,23
1,1,1,RB,1.0,carefully,1,2,5.663140058517456,13.339981290459408,15.720963700375991,9,4,814,0,0,0,24
1,0,1,NN,1.0,night,0,1,14.67259071022272,15.11562101782386,13.159257071301866,5,4,815,0,0,0,25
0,0,0,CC,1.0,and,0,0,0.0854561409869347,19.93279149564298,6.2095491118355035,3,4,816,0,0,0,26
0,6,1,NN,1.0,day.,9,5,0.9443585158369387,20.85000751189239,16.895768209434614,4,4,817,1,0,1,27
3,1,2,RB,0.0,Then,0,0,3.3701539039611816,15.050992203716426,13.252496740913198,4,4,818,0,1,0,0
1,0,1,PDT,0.0,all,0,0,5.882666737074032,17.469149055179013,9.763833843216451,3,4,819,0,0,0,1
0,0,0,DT,0.0,the,0,1,0.6317076119012199,20.651930178991396,5.17205129965733,3,4,820,0,0,0,2
0,1,0,NNS,2.0,birds,2,1,0.9870693127741106,13.024181478157963,16.176566523496952,5,4,821,0,0,0,3
1,0,1,VBD,2.0,went,0,0,4.615140839945525,15.185966907303502,13.057769405402668,4,4,822,0,0,0,4
1,1,1,NN,1.0,home,1,1,3.977631822694093,15.570918407584418,12.502401784964622,4,4,823,0,0,0,5
1,0,1,TO,0.0,to,0,1,2.908372120000422,19.88357245739644,6.280557174231113,2,4,824,0,0,0,6
1,2,1,NN,2.0,"bed,",3,2,8.292847348202486,20.76132695591477,19.426203373524135,4,4,825,1,0,0,7
1,0,1,IN,0.0,for,0,1,7.425428112677764,18.90419907432743,7.693494297163422,3,4,826,0,0,0,8
2,1,2,PRP,0.0,they,0,0,2.447575367521494,17.366789695455783,9.911507183877728,4,4,827,0,0,0,9
1,0,1,VBD,0.0,were,0,1,2.590322183212266,17.723648827567594,9.39666828368408,4,4,828,0,0,0,10
1,0,1,RB,0.0,very,0,1,6.063137552933767,16.298183548324726,11.453179973007163,4,4,829,0,0,0,11
0,6,1,JJ,5.0,"tired,",4,2,4.992117102781776,20.76024954024246,21.290204273718334,6,4,830,1,0,0,12
0,0,0,CC,1.0,but,0,0,3.202331207168754,17.553098244319884,9.64272076435627,3,4,831,0,0,0,13
3,0,1,DT,0.0,the,0,0,2.6614943533204496,20.651930178991396,5.17205129965733,3,4,832,0,0,0,14
0,1,1,NN,1.0,owl,1,2,5.3016338110901415,16.602450741068534,29.595751815031985,3,4,833,0,0,0,15
1,0,1,VBN,1.0,assigned,0,0,16.589797880034894,13.557648742244972,15.406935947122022,8,4,834,0,0,0,16
1,0,1,IN,0.0,by,0,1,9.164459493826143,18.29067397824052,8.57862391074893,2,4,835,0,0,0,17
1,0,1,DT,0.0,the,0,1,1.286309971648734,20.651930178991396,5.17205129965733,3,4,836,0,0,0,18
0,2,0,NNS,3.0,birds,3,1,4.15506008308148,13.024181478157963,16.176566523496952,5,4,837,0,0,0,19
2,0,1,TO,0.0,to,0,0,1.697503554983996,19.88357245739644,6.280557174231113,2,4,838,0,0,0,20
1,0,1,VB,2.0,stand,0,1,7.188637741026469,14.295121018479891,14.34298835140481,5,4,839,0,0,0,21
1,6,3,NN,1.0,guard,9,7,3.9291638960130513,13.30308699150095,15.774190922520436,5,4,840,0,0,0,22
1,0,1,VBD,2.0,found,0,1,12.24105699500069,16.135319564070347,11.688143035430375,5,4,841,0,0,0,23
3,0,1,PRP$,0.0,his,0,0,4.064534210250713,17.63767918161909,9.520696265560964,3,4,842,0,0,0,24
0,1,1,NN,1.0,job,1,2,8.77882420818787,14.787865505261571,13.632108323899502,3,4,843,0,0,0,25
1,0,1,VBD,0.0,was,0,0,5.782920626108535,18.521451560034553,8.24568223794633,3,4,844,0,0,0,26
1,0,1,JJ,3.0,lonely,0,0,14.531414440716617,11.816350464687908,17.919098336862096,6,4,845,0,0,0,27
0,0,0,CC,1.0,and,0,0,1.102827317547053,19.93279149564298,6.2095491118355035,3,4,846,0,0,0,28
0,1,0,JJ,1.0,wearisome,3,4,21.290001301211305,16.567901292263155,41.420680590255145,9,4,847,0,0,0,29
1,0,1,IN,0.0,because,0,1,5.339424202218652,16.447210891125962,11.23817896459096,7,4,848,0,0,0,30
2,1,2,PRP,0.0,he,0,1,1.1204733829945326,17.694798179754258,9.438290970210817,2,4,849,0,0,0,31
1,0,1,VBD,0.0,was,0,0,1.7055289538111538,18.521451560034553,8.24568223794633,3,4,850,0,0,0,32
1,1,1,RB,0.0,just,1,1,8.46091922861524,16.69359693645768,10.882719038846648,4,4,851,0,0,0,33
1,0,1,VBG,5.0,sitting,0,0,4.718934661708772,13.705741449838731,15.193283332284686,7,4,852,0,0,0,34
1,3,1,RB,1.0,alone,2,2,7.561373690143228,14.561427117962012,13.95878986232347,5,4,853,0,0,0,35
2,0,1,VBG,1.0,staring,0,0,8.891981529071927,12.384465662372945,17.09948135850824,7,4,854,0,0,0,36
1,0,1,IN,0.0,at,0,1,0.457451696449425,18.150223836201175,8.781250634161243,2,4,855,0,0,0,37
2,0,1,DT,0.0,the,0,0,0.8395955184532795,20.651930178991396,5.17205129965733,3,4,856,0,0,0,38
0,1,1,NN,2.0,mouse's,2,3,5.670664290111745,18.12788661383773,23.86797409524069,7,4,857,0,0,0,39
0,12,2,NN,3.0,hole.,12,4,2.0180992200039327,20.84347121369756,20.24235968087573,5,4,858,1,0,1,40
3,1,3,``,0.0,'I,0,1,8.267501458525658,17.920771799156284,20.387553075182257,2,4,859,1,1,0,0
1,0,1,MD,0.0,can,0,1,6.221914142370224,17.65084217709616,9.501706077262956,3,4,860,0,0,0,1
2,0,1,VB,2.0,close,0,0,12.307231700979171,14.971598358339635,13.367037847915396,5,4,861,0,0,0,2
1,0,1,CD,0.0,one,0,0,8.175902330316603,17.417661831348372,9.838114205706065,3,4,862,0,0,0,3
0,2,1,NN,2.0,eye,2,2,4.8654415011405945,14.165126042451629,14.530531458661263,3,4,863,0,0,0,4
0,0,0,CC,1.0,and,0,0,1.71734673040919,19.93279149564298,6.2095491118355035,3,4,864,0,0,0,5
1,0,1,VB,1.0,watch,0,1,4.196718004764989,14.130657007870736,14.58025976391535,5,4,865,0,0,0,6
1,0,1,IN,0.0,with,0,1,7.0615245957742445,18.681580760008114,8.014664635242958,4,4,866,0,0,0,7
1,0,1,DT,0.0,the,0,1,3.019009360432392,20.651930178991396,5.17205129965733,3,4,867,0,0,0,8
0,6,0,JJ,3.0,"other,'",10,5,3.2463219104974996,17.088361974641742,24.651707592059115,7,4,868,1,0,0,9
1,1,1,PRP,0.0,he,0,1,0.7870797507930547,17.694798179754258,9.438290970210817,2,4,869,0,0,0,10
1,2,1,VBD,2.0,thought.,3,2,6.185809059301391,20.846877452492244,17.71316030917275,8,4,870,1,0,1,11
1,0,1,CC,0.0,So,0,0,5.298130411654711,15.306440121766116,12.883963296337498,2,4,871,0,1,0,0
2,1,2,PRP,0.0,he,0,1,1.5523578852880746,17.694798179754258,9.438290970210817,2,4,872,0,0,0,1
2,0,1,VBD,2.0,closed,0,0,3.492931533139199,14.306236734387372,14.326951763189154,6,4,873,0,0,0,2
1,0,1,CD,0.0,one,0,0,2.82127054897137,17.417661831348372,9.838114205706065,3,4,874,0,0,0,3
0,2,1,NN,2.0,eye,2,2,2.225103065371514,14.165126042451629,14.530531458661263,3,4,875,0,0,0,4
0,0,0,CC,1.0,and,0,0,0.5157373254187405,19.93279149564298,6.2095491118355035,3,4,876,0,0,0,5
1,0,1,VBD,1.0,stared,0,0,5.851043708156794,12.626721888963376,16.749979501781745,6,4,877,0,0,0,6
1,1,1,RB,1.0,steadfastly,1,2,14.325073289684951,16.109767568548314,47.02350416322789,11,4,878,0,0,0,7
1,0,1,IN,0.0,with,0,1,6.963321423099842,18.681580760008114,8.014664635242958,4,4,879,0,0,0,8
1,0,1,DT,0.0,the,0,1,1.474455075484002,20.651930178991396,5.17205129965733,3,4,880,0,0,0,9
0,5,0,JJ,3.0,"other,",8,4,2.4458336318202782,20.78332975006569,15.427656163786452,6,4,881,1,0,0,10
0,0,0,CC,1.0,but,0,0,5.122376871178858,17.553098244319884,9.64272076435627,3,4,882,0,0,0,11
2,0,1,IN,0.0,before,0,0,8.080295904306695,16.28145242436684,11.477317882569707,6,4,883,0,0,0,12
2,1,2,PRP,0.0,he,0,1,1.0211053339298817,17.694798179754258,9.438290970210817,2,4,884,0,0,0,13
1,0,1,VBD,2.0,knew,0,1,4.1461093332618475,14.793058934782852,13.624615788883943,4,4,885,0,0,0,14
1,4,2,PRP,1.0,it,3,1,0.6338553256355226,18.431334787537676,8.375693258728493,2,4,886,0,0,0,15
2,1,2,PRP,0.0,he,0,1,1.4565811101347208,17.694798179754258,9.438290970210817,2,4,887,0,0,0,16
1,0,1,VBD,3.0,forgot,0,1,9.437862714752557,12.323175449881694,17.1879044441244,6,4,888,0,0,0,17
2,0,1,TO,0.0,to,0,1,2.76625134923961,19.88357245739644,6.280557174231113,2,4,889,0,0,0,18
1,0,1,VB,2.0,keep,0,1,7.066445740696508,15.16300405778076,13.090897794533806,4,4,890,0,0,0,19
1,0,1,DT,0.0,that,0,1,7.063633766782004,19.024464301341364,7.519988250559035,4,4,891,0,0,0,20
0,1,0,PRP,2.0,one,2,1,4.7215166157111526,17.417661831348372,9.838114205706065,3,4,892,0,0,0,21
1,6,2,JJ,1.0,"open,",6,2,10.753060976101551,20.764223776785684,17.86356303139831,5,4,893,1,0,0,22
0,0,0,CC,1.0,and,0,0,1.4188114394783042,19.93279149564298,6.2095491118355035,3,4,894,0,0,0,23
2,0,1,DT,0.0,both,0,0,9.753436685306951,16.265379148427403,11.500506718058377,4,4,895,0,0,0,24
0,1,1,NNS,1.0,eyes,1,2,1.4152143059764055,14.919029124476776,13.442879220912676,4,4,896,0,0,0,25
1,0,1,VBD,0.0,were,0,1,1.7998969509499148,17.723648827567594,9.39666828368408,4,4,897,0,0,0,26
1,1,1,RB,0.0,fast,0,1,14.053451542626137,14.384049841392718,14.214691179596382,4,4,898,0,0,0,27
1,5,1,RB,4.0,asleep.,8,5,1.2017842382192612,20.842966405405544,22.008027205203707,7,4,899,1,0,1,28
1,0,1,RB,0.0,Then,0,0,3.8093083277344704,15.050992203716426,13.252496740913198,4,4,900,0,1,0,0
3,0,1,DT,0.0,the,0,0,1.5002125737373715,20.651930178991396,5.17205129965733,3,4,901,0,0,0,1
0,0,0,JJ,0.0,little,0,1,1.9851506712730045,15.70386302020348,12.310603251626194,6,4,902,0,0,0,2
0,1,1,NN,2.0,bird,2,1,0.3866495415568352,12.874565900251406,16.392416175782483,4,4,903,0,0,0,3
1,0,1,VBN,1.0,guarded,0,0,16.09732652362436,11.112895559352005,18.933969240279215,7,4,904,0,0,0,4
1,0,1,IN,0.0,by,0,1,4.920021324767731,18.29067397824052,8.57862391074893,2,4,905,0,0,0,5
1,0,1,DT,0.0,the,0,1,1.0495565771125257,20.651930178991396,5.17205129965733,3,4,906,0,0,0,6
0,4,1,NN,3.0,owl,4,3,3.907549351570197,16.602450741068534,29.595751815031985,3,4,907,0,0,0,7
1,0,1,VBD,2.0,peeped,0,1,12.990750526078044,16.875351541550277,39.65035609132562,6,4,908,0,0,0,8
1,3,1,RP,1.0,"out,",4,2,6.411865060334094,20.786092045726072,15.265249413681502,4,4,909,1,0,0,9
0,0,0,CC,1.0,and,0,0,1.2595494295237586,19.93279149564298,6.2095491118355035,3,4,910,0,0,0,10
3,1,2,WRB,0.0,when,0,1,4.40778330527246,17.09507037229838,10.303515303910618,4,4,911,0,0,0,11
2,1,2,PRP,0.0,he,0,1,1.0758805125951767,17.694798179754258,9.438290970210817,2,4,912,0,0,0,12
1,0,1,VBD,2.0,saw,0,1,1.5937579302117229,14.882462918571155,13.49563310483684,3,4,913,0,0,0,13
4,0,1,DT,0.0,the,0,0,1.577738901716657,20.651930178991396,5.17205129965733,3,4,914,0,0,0,14
0,1,1,NN,2.0,owl's,2,3,5.9290376278804615,18.313640284645736,38.42869194851312,5,4,915,0,0,0,15
0,0,0,CD,0.0,two,0,1,9.22846467117779,16.868943842570165,10.629746926962948,3,4,916,0,0,0,16
0,1,1,NNS,2.0,eyes,3,1,1.174355775117874,14.919029124476776,13.442879220912676,4,4,917,0,0,0,17
2,1,2,RB,0.0,tight,0,1,12.090250551700592,13.328381929374862,15.737698041090148,5,4,918,0,0,0,18
0,6,2,VBD,3.0,"shut,",5,2,4.544655682810117,20.7605120376092,20.573893166946387,5,4,919,1,0,0,19
1,1,1,PRP,0.0,he,0,1,0.4518454793724231,17.694798179754258,9.438290970210817,2,4,920,0,0,0,20
2,0,1,VBD,3.0,slipped,0,0,9.33817221550271,12.219842405741094,17.336982514466,7,4,921,0,0,0,21
1,0,1,IN,0.0,from,0,1,6.722560722148046,18.126283629319108,8.815789051907856,4,4,922,0,0,0,22
1,0,1,DT,0.0,the,0,1,1.6004484271397814,20.651930178991396,5.17205129965733,3,4,923,0,0,0,23
0,3,1,NN,3.0,hole,3,1,4.702815037104301,13.600155348623275,15.345611876895024,4,4,924,0,0,0,24
0,0,0,CC,1.0,and,0,0,1.2240818231366577,19.93279149564298,6.2095491118355035,3,4,925,0,0,0,25
1,0,1,VBD,1.0,flew,0,1,6.289682073984295,12.279490379524336,17.250928678489842,4,4,926,0,0,0,26
1,5,1,RP,1.0,away.,8,5,4.247407674789429,20.84729515942767,17.57358581379454,5,4,927,1,0,1,27
2,1,2,PRP,0.0,He,0,0,4.496186486445367,16.547839497404837,11.093002573340865,2,4,928,0,1,0,0
1,0,1,VBD,1.0,wanted,0,0,9.556516587734222,14.866490911456715,13.518675840293888,6,4,929,0,0,0,1
2,0,1,TO,0.0,to,0,1,0.5497950414428487,19.88357245739644,6.280557174231113,2,4,930,0,0,0,2
2,0,2,VB,2.0,"shout,",1,1,12.832968037342653,20.75995057376667,23.19043548560895,6,4,931,1,0,0,3
1,1,1,``,0.0,'I,1,2,4.2645579079398885,17.920771799156284,20.387553075182257,2,4,932,1,0,0,4
1,0,1,VBP,0.0,am,0,1,0.3988716879393905,15.867311981799867,12.07479624529264,2,4,933,0,0,0,5
1,4,1,NN,3.0,king',4,3,7.650040391134098,17.323192693092043,25.53983703787473,5,4,934,1,0,0,6
1,0,1,RB,0.0,so,0,1,5.477173725143075,17.102955196419583,10.292139907252675,2,4,935,0,0,0,7
0,0,0,IN,1.0,that,0,1,2.667675440199673,19.024464301341364,7.519988250559035,4,4,936,0,0,0,8
2,0,1,DT,0.0,the,0,0,2.0416173495468684,20.651930178991396,5.17205129965733,3,4,937,0,0,0,9
0,1,1,NN,1.0,owl,1,2,2.9394633464398794,16.602450741068534,29.595751815031985,3,4,938,0,0,0,10
1,0,1,MD,0.0,could,0,1,1.0247869789600372,16.68628345113659,10.893270167851,5,4,939,0,0,0,11
1,0,1,VB,4.0,hear,0,0,2.2922085970640182,14.396789426353092,14.196311843551069,4,4,940,0,0,0,12
1,1,1,PRP,1.0,him,1,2,1.9856899827718737,16.695335111358073,10.880211382537656,3,4,941,0,0,0,13
1,0,1,IN,0.0,as,0,1,5.040164298261516,18.455643172698917,8.340623672004352,2,4,942,0,0,0,14
2,1,2,PRP,0.0,he,0,1,0.7596660662675276,17.694798179754258,9.438290970210817,2,4,943,0,0,0,15
1,9,2,VBD,3.0,"flew,",11,2,5.519558424828574,20.760048633679535,22.267297356421455,5,4,944,1,0,0,16
0,0,0,CC,1.0,but,0,0,0.5829799666535109,17.553098244319884,9.64272076435627,3,4,945,0,0,0,17
1,0,1,VBD,1.0,thought,0,1,10.020914295688272,15.353262762193182,12.816412505192044,7,4,946,0,0,0,18
2,1,2,JJR,1.0,better,0,1,6.875830887816846,15.577752300773827,12.492542561150294,6,4,947,0,0,0,19
1,0,1,IN,0.0,of,0,1,0.103260694319033,20.087642241543257,5.986146708647226,2,4,948,0,0,0,20
1,6,1,PRP,2.0,it.,7,4,2.0149752262368565,20.92864719597236,13.272441062709198,3,4,949,1,0,1,21
3,0,1,IN,0.0,From,0,0,9.848802475607954,14.347943649909068,14.266781402995232,4,4,950,0,1,0,0
1,0,1,DT,0.0,this,0,1,3.2906604796880856,18.084110076486997,8.876632627435416,4,4,951,0,0,0,1
0,2,1,NN,2.0,time,0,1,2.817347265779972,17.075857868787498,10.33123308744883,4,4,952,0,0,0,2
0,1,1,RB,1.0,"on,",4,2,2.8423728254274465,20.862071190632115,13.248474677094029,3,4,953,1,0,0,3
2,0,1,DT,0.0,the,0,0,1.911196819099132,20.651930178991396,5.17205129965733,3,4,954,0,0,0,4
0,1,1,NN,1.0,owl,1,1,3.5835559325059876,16.602450741068534,29.595751815031985,3,4,955,0,0,0,5
1,0,1,VBN,1.0,fooled,0,0,15.123161271214483,16.729085147190865,27.724651675821523,6,4,956,0,0,0,6
1,0,1,IN,0.0,by,0,1,2.816265983332414,18.29067397824052,8.57862391074893,2,4,957,0,0,0,7
1,0,1,DT,0.0,the,0,1,0.2690592416329309,20.651930178991396,5.17205129965733,3,4,958,0,0,0,8
0,0,0,JJ,0.0,little,0,1,0.6663721206714399,15.70386302020348,12.310603251626194,6,4,959,0,0,0,9
0,4,0,NN,4.0,bird,5,3,0.250490010716021,12.874565900251406,16.392416175782483,4,4,960,0,0,0,10
1,0,1,VBZ,0.0,has,0,0,6.522649323800579,17.47535718373814,9.754877406931,3,4,961,0,0,0,11
0,0,0,RB,0.0,not,1,1,4.324676362564787,18.05588478508421,8.917353115369856,3,4,962,0,0,0,12
1,0,1,VBD,4.0,dared,0,0,8.135397160658613,11.30783055263325,18.65273749217664,5,4,963,0,0,0,13
2,0,1,TO,0.0,to,0,1,0.201327080023475,19.88357245739644,6.280557174231113,2,4,964,0,0,0,14
1,0,1,VB,2.0,show,0,0,6.031762610306032,15.708088945391284,12.304506530314583,4,4,965,0,0,0,15
1,1,1,PRP,1.0,himself,1,2,3.78209598781541,14.894114678214075,13.478823168982371,7,4,966,0,0,0,16
1,0,1,IN,0.0,by,0,1,7.7433718200773,18.29067397824052,8.57862391074893,2,4,967,0,0,0,17
1,2,1,NN,2.0,day,4,1,9.282217854633927,15.919835791538643,11.999020405453908,3,4,968,0,0,0,18
1,0,1,IN,0.0,for,0,1,5.906107621034607,18.90419907432743,7.693494297163422,3,4,969,0,0,0,19
2,1,2,NN,2.0,fear,0,0,1.859912425512448,14.049120742468224,14.697891729664155,4,4,970,0,0,0,20
3,0,1,DT,0.0,the,0,0,6.830205463804305,20.651930178991396,5.17205129965733,3,4,971,0,0,0,21
0,1,1,NNS,1.0,birds,1,2,3.988462282344699,13.024181478157963,16.176566523496952,5,4,972,0,0,0,22
1,0,1,MD,0.0,should,0,1,9.433447250630708,16.41027185963468,11.291470722138676,6,4,973,0,0,0,23
1,0,1,VB,3.0,beat,0,1,9.25748073356226,13.458102488211615,15.550550834155018,4,4,974,0,0,0,24
2,0,1,DT,0.0,the,0,1,4.531685330846813,20.651930178991396,5.17205129965733,3,4,975,0,0,0,25
0,0,0,VBG,0.0,living,0,1,10.276203792600429,14.569115287561246,13.947698178169144,6,4,976,0,0,0,26
0,1,1,NNS,3.0,daylights,3,1,3.653099350631237,15.939615068170266,29.643616086716744,9,4,977,0,0,0,27
1,0,1,RB,0.0,out,0,1,0.6595043390989304,17.1329401691801,10.24888073574989,3,4,978,0,0,0,28
0,0,0,IN,0.0,of,0,1,0.0710849773604422,20.087642241543257,5.986146708647226,2,4,979,0,0,0,29
1,15,3,PRP,3.0,him.,12,5,1.5200401979964226,20.858437547263986,15.77695918651836,4,4,980,1,0,1,30
2,1,2,PRP,0.0,He,0,0,3.157520060427487,16.547839497404837,11.093002573340865,2,4,981,0,1,0,0
1,0,1,VBZ,1.0,flies,0,0,9.166365618817508,12.142994391017464,17.447850764209942,5,4,982,0,0,0,1
1,1,1,RB,1.0,about,1,1,5.465669669210911,17.10157168565105,10.294135891377458,5,4,983,0,0,0,2
2,1,2,RB,0.0,only,0,1,8.140998413786292,16.873419471860046,10.623289958781577,4,4,984,0,0,0,3
0,0,0,IN,0.0,at,0,1,4.692643188216607,18.150223836201175,8.781250634161243,2,4,985,0,0,0,4
1,3,1,NN,3.0,"nighttime,",3,1,12.240707538338029,20.766146245238684,31.67900956206684,10,4,986,1,0,0,5
2,0,1,VBG,1.0,hating,0,0,14.688834584725557,16.300341288203793,25.013609455913382,6,4,987,0,0,0,6
0,0,0,CC,1.0,and,0,0,7.401518298545852,19.93279149564298,6.2095491118355035,3,4,988,0,0,0,7
0,0,0,VBG,1.0,pursuing,2,2,10.801858966005966,11.936557877033842,17.74567569919252,8,4,989,0,0,0,8
2,0,1,RB,0.0,not,0,1,9.067478632554412,18.05588478508421,8.917353115369856,3,4,990,0,0,0,9
0,0,0,DT,0.0,the,0,0,2.406757612072397,20.651930178991396,5.17205129965733,3,4,991,0,0,0,10
0,1,1,NN,3.0,"bird,",2,2,7.882740499073407,20.76021732157784,21.408784853714096,5,4,992,1,0,0,11
0,0,0,CC,1.0,but,0,0,0.3447469934762921,17.553098244319884,9.64272076435627,3,4,993,0,0,0,12
2,0,1,DT,0.0,the,0,1,1.2080118695739657,20.651930178991396,5.17205129965733,3,4,994,0,0,0,13
0,1,1,NN,2.0,mouse,5,4,5.198933786014095,13.81543155484361,15.03503396175956,5,4,995,0,0,0,14
1,0,1,IN,0.0,for,0,1,5.756307198666036,18.90419907432743,7.693494297163422,3,4,996,0,0,0,15
2,0,1,VBG,0.0,having,0,1,7.72562409832608,15.50172412398092,12.602228034777252,6,4,997,0,0,0,16
1,0,1,VBN,3.0,made,0,1,5.51457981672138,16.20496109229986,11.587671548013727,4,4,998,0,0,0,17
2,0,1,DT,0.0,the,0,0,3.180403077218216,20.651930178991396,5.17205129965733,3,4,999,0,0,0,18
0,1,1,NN,2.0,hole,1,2,5.903017574863043,13.600155348623275,15.345611876895024,4,4,1000,0,0,0,19
2,0,1,IN,0.0,into,0,0,6.837947525054915,16.972256606338846,10.48069811501334,4,4,1001,0,0,0,20
1,2,2,WDT,1.0,which,1,2,5.175822620309191,17.599930483545194,9.57515612507219,5,4,1002,0,0,0,21
2,0,1,DT,0.0,the,0,0,2.094589892833028,20.651930178991396,5.17205129965733,3,4,1003,0,0,0,22
0,0,0,JJ,0.0,little,0,1,2.0397378270863555,15.70386302020348,12.310603251626194,6,4,1004,0,0,0,23
0,1,1,NN,2.0,bird,2,2,0.1587663199752569,12.874565900251406,16.392416175782483,4,4,1005,0,0,0,24
1,13,3,VBD,3.0,crept.,11,4,10.84083784557879,20.842807041672916,24.052012203617384,6,4,1006,1,0,1,25
1,0,1,CC,0.0,And,0,0,5.592566380277276,15.859392147720534,12.086222150643554,3,4,1007,0,1,0,0
1,0,1,DT,0.0,the,0,0,3.663950803456828,20.651930178991396,5.17205129965733,3,4,1008,0,0,0,1
0,0,0,JJ,0.0,little,0,1,1.8559990504290909,15.70386302020348,12.310603251626194,6,4,1009,0,0,0,2
0,1,0,NN,2.0,bird,2,2,0.3309598690830171,12.874565900251406,16.392416175782483,4,4,1010,0,0,0,3
1,1,1,RB,0.0,also,0,1,8.093109134584665,17.098693889788326,10.2982876731973,4,4,1011,0,0,0,4
1,0,1,VBZ,3.0,keeps,0,0,6.054296107031405,13.033827202136806,16.162650685346893,5,4,1012,0,0,0,5
1,1,1,RP,1.0,out,0,1,7.5915133049711585,17.1329401691801,10.24888073574989,3,4,1013,0,0,0,6
1,0,1,IN,0.0,of,0,1,0.582745920488378,20.087642241543257,5.986146708647226,2,4,1014,0,0,0,7
1,2,1,NN,2.0,"sight,",4,3,4.077895286871353,20.760547495386092,20.499564960733956,6,4,1015,1,0,0,8
1,0,1,IN,0.0,for,0,1,3.5782239576801658,18.90419907432743,7.693494297163422,3,4,1016,0,0,0,9
2,1,2,PRP,0.0,he,0,1,1.5309582641348245,17.694798179754258,9.438290970210817,2,4,1017,0,0,0,10
1,0,1,VBZ,3.0,fears,0,1,6.003153916448355,12.3270062684258,17.182377741208267,5,4,1018,0,0,0,11
1,0,1,IN,0.0,that,0,1,2.205337186343968,19.024464301341364,7.519988250559035,4,4,1019,0,0,0,12
2,0,1,DT,0.0,the,0,0,1.7164282478624957,20.651930178991396,5.17205129965733,3,4,1020,0,0,0,13
0,0,0,JJ,0.0,other,0,1,6.161131683154963,17.02036838824095,10.41128748585484,5,4,1021,0,0,0,14
0,1,1,NNS,2.0,birds,2,2,0.3011357607319951,13.024181478157963,16.176566523496952,5,4,1022,0,0,0,15
1,0,1,MD,0.0,should,0,1,7.115821338724345,16.41027185963468,11.291470722138676,6,4,1023,0,0,0,16
1,0,1,VB,4.0,punish,0,1,9.34951354423538,12.03132036931592,17.608962321514888,6,4,1024,0,0,0,17
1,1,1,PRP,1.0,him,1,1,0.4192851427942514,16.695335111358073,10.880211382537656,3,4,1025,0,0,0,18
1,0,1,IN,0.0,for,0,1,1.5060561560094357,18.90419907432743,7.693494297163422,3,4,1026,0,0,0,19
1,0,1,PRP$,0.0,his,0,1,2.313951663672924,17.63767918161909,9.520696265560964,3,4,1027,0,0,0,20
0,11,0,JJ,3.0,cunning.,14,2,5.915457841008902,20.84279918169552,24.293380749323095,8,4,1028,1,0,1,21
3,0,1,DT,0.0,The,0,0,3.1554391782265157,18.12053694573349,8.824079763818386,3,4,1029,0,1,0,0
0,1,1,NN,1.0,rejection,1,1,20.343658185796812,12.308001780730027,17.209795421361594,9,4,1030,0,0,0,1
1,0,1,IN,0.0,by,0,1,4.429574752342887,18.29067397824052,8.57862391074893,2,4,1031,0,0,0,2
1,0,1,DT,0.0,the,0,1,0.4887603383976966,20.651930178991396,5.17205129965733,3,4,1032,0,0,0,3
0,0,0,JJ,0.0,other,0,1,5.486263886443339,17.02036838824095,10.41128748585484,5,4,1033,0,0,0,4
0,3,1,NNS,4.0,birds,4,1,0.2303763350937515,13.024181478157963,16.176566523496952,5,4,1034,0,0,0,5
1,0,1,VBD,0.0,was,0,0,3.260031037032604,18.521451560034553,8.24568223794633,3,4,1035,0,0,0,6
1,0,1,DT,0.0,a,0,1,4.209804329031613,19.69218547190043,6.556670229096891,1,4,1036,0,0,0,7
0,0,0,JJ,0.0,bitter,0,1,6.139627615979407,12.200507187057292,17.364877338575624,6,4,1037,0,0,0,8
0,0,0,NN,4.0,pill,3,1,4.9460948053747416,12.00700566343204,17.644041027114234,4,4,1038,0,0,0,9
2,0,1,TO,0.0,to,0,1,0.7508950538176578,19.88357245739644,6.280557174231113,2,4,1039,0,0,0,10
1,0,1,VB,2.0,swallow,2,2,1.4592854411166627,11.38632996334682,18.53948678162747,7,4,1040,0,0,0,11
1,0,1,IN,0.0,for,0,1,1.6246888746973127,18.90419907432743,7.693494297163422,3,4,1041,0,0,0,12
2,0,1,DT,0.0,the,0,0,0.9750511382590048,20.651930178991396,5.17205129965733,3,4,1042,0,0,0,13
0,0,0,JJ,0.0,nameless,0,1,8.424451489991043,13.311677098608737,34.40352209041763,8,4,1043,0,0,0,14
0,1,1,NN,4.0,bird,2,2,5.21968551678583,12.874565900251406,16.392416175782483,4,4,1044,0,0,0,15
3,0,1,DT,0.0,the,0,0,8.506363708758727,20.651930178991396,5.17205129965733,3,4,1045,0,0,0,16
0,1,1,NN,1.0,owl,1,1,4.518889091676101,16.602450741068534,29.595751815031985,3,4,1046,0,0,0,17
1,0,1,VBD,0.0,had,0,1,2.4403379475697875,17.432489551576744,9.816722327264898,3,4,1047,0,0,0,18
1,0,1,VBN,3.0,let,0,1,8.30318533605896,15.35930192229225,12.807699838865982,3,4,1048,0,0,0,19
2,0,1,VB,1.0,slip,0,1,3.736998026492074,12.51610189927063,16.909570412334663,4,4,1049,0,0,0,20
1,15,4,RP,1.0,away.,9,3,4.540647119283676,20.84729515942767,17.57358581379454,5,4,1050,1,0,1,21
3,1,2,PRP,0.0,He,0,0,3.98726153280586,16.547839497404837,11.093002573340865,2,4,1051,0,1,0,0
1,0,1,VBZ,1.0,hides,0,1,11.43284125905484,10.953557146411734,19.163845978451263,5,4,1052,0,0,0,1
1,0,1,IN,0.0,in,0,1,2.3671076118480414,19.583721360186956,6.713150865180346,2,4,1053,0,0,0,2
1,0,1,DT,0.0,the,0,1,0.6538988275569864,20.651930178991396,5.17205129965733,3,4,1054,0,0,0,3
0,4,1,NNS,3.0,"hedges,",5,2,15.49678040278377,20.76067311643773,39.400928012454614,7,4,1055,1,0,0,4
0,0,0,CC,1.0,and,0,0,2.140887660556473,19.93279149564298,6.2095491118355035,3,4,1056,0,0,0,5
3,1,2,WRB,0.0,when,0,1,3.7241599722765386,17.09507037229838,10.303515303910618,4,4,1057,0,0,0,6
2,1,2,PRP,0.0,he,0,1,1.214690410066396,17.694798179754258,9.438290970210817,2,4,1058,0,0,0,7
1,0,1,VBZ,2.0,thinks,0,1,6.669585845433176,13.054893631087378,16.132258252770665,6,4,1059,0,0,0,8
2,1,2,PRP,0.0,himself,1,1,8.545210098382086,14.894114678214075,13.478823168982371,7,4,1060,0,0,0,9
1,0,1,RB,0.0,quite,0,1,7.415181379241403,14.79680745161507,13.619207822239414,5,4,1061,0,0,0,10
0,5,1,JJ,3.0,"safe,",5,2,3.9514390962431207,20.76120113584712,19.55394812882581,5,4,1062,1,0,0,11
2,1,2,PRP,0.0,he,0,1,0.814467215386685,17.694798179754258,9.438290970210817,2,4,1063,0,0,0,12
1,0,1,VBZ,3.0,sings,0,1,9.986139947548509,10.92258754839142,19.208525663933493,5,4,1064,0,0,0,13
1,2,1,RP,1.0,"out,",2,2,8.053458750247955,20.786092045726072,15.265249413681502,4,4,1065,1,0,0,14
2,1,2,``,0.0,'I,1,1,1.9026202373206615,17.920771799156284,20.387553075182257,2,4,1066,1,0,0,15
1,0,1,VBP,0.0,am,0,1,0.1814715089276433,15.867311981799867,12.07479624529264,2,4,1067,0,0,0,16
1,3,1,NN,4.0,"king,",2,1,0.815136375837028,20.76052281457874,20.55089449586498,5,4,1068,0,0,0,17
2,1,2,PRP,0.0,I,0,1,0.1235463977791369,18.456613480707578,8.339223813452126,1,4,1069,0,0,0,18
1,0,1,VBP,0.0,am,0,1,0.0246598467929288,15.867311981799867,12.07479624529264,2,4,1070,0,0,0,19
1,6,1,NN,3.0,king!',11,6,0.8865668965736404,13.936153500186526,31.817820981310263,6,4,1071,1,0,1,20
1,0,1,CC,0.0,And,0,0,4.451988909393549,15.859392147720534,12.086222150643554,3,4,1072,0,1,0,0
1,0,1,DT,0.0,the,0,0,2.4724527180660516,20.651930178991396,5.17205129965733,3,4,1073,0,0,0,1
0,0,0,JJ,0.0,other,0,1,5.374877722468227,17.02036838824095,10.41128748585484,5,4,1074,0,0,0,2
0,1,0,NNS,2.0,birds,2,1,0.2175612591672688,13.024181478157963,16.176566523496952,5,4,1075,0,0,0,3
1,0,1,IN,0.0,in,0,1,6.733905546599999,19.583721360186956,6.713150865180346,2,4,1076,0,0,0,4
1,2,1,NN,1.0,mockery,2,2,13.193424075609071,13.93689598609524,32.09403247175079,7,4,1077,0,0,0,5
1,0,1,VBP,3.0,call,0,0,7.66575743816793,15.252915246734323,12.96118336811007,4,4,1078,0,0,0,6
2,1,2,RP,1.0,"out,",2,2,4.465867393882945,20.786092045726072,15.265249413681502,4,4,1079,1,0,0,7
2,1,2,``,0.0,"'Yes,",2,3,9.185044513083994,20.78108785749516,29.840989623583212,5,4,1080,1,0,0,8
1,2,1,UH,1.0,"yes,",2,2,3.605250741587952,20.760924039631146,19.882853290902048,4,4,1081,1,0,0,9
2,0,1,DT,0.0,the,0,0,7.100169751793146,20.651930178991396,5.17205129965733,3,4,1082,0,0,0,10
0,1,1,NN,3.0,"hedge-king,",1,1,27.923737924546003,21.04811550167703,45.57355483250643,11,4,1083,1,0,0,11
1,0,1,DT,0.0,the,0,1,2.4847731752088293,20.651930178991396,5.17205129965733,3,4,1084,0,0,0,12
0,5,0,NN,2.0,hedge-king!',9,6,4.277115362812765,19.66480967763955,56.84048131795172,12,4,1085,1,0,1,13
2,0,1,IN,0.0,At,0,0,8.809899032115936,14.669685431681575,13.802606129985255,2,5,1,0,1,0,0
2,0,1,CD,0.0,ten,0,0,12.875704139471054,14.476647328546774,14.081101244080443,3,5,2,0,0,0,1
0,1,1,NNS,1.0,years,1,2,1.4534766525030136,16.256360647381793,11.513517664793124,5,5,3,0,0,0,2
0,2,1,JJ,2.0,"old,",3,2,0.5090076043270528,20.764435848981545,17.79523542986507,4,5,4,1,0,0,3
1,1,1,PRP,0.0,I,0,1,4.144381789956242,18.456613480707578,8.339223813452126,1,5,5,0,0,0,4
1,0,1,MD,0.0,could,0,0,7.225994765758514,16.68628345113659,10.893270167851,5,5,6,0,0,0,5
0,0,0,RB,0.0,not,1,1,2.911904359003529,18.05588478508421,8.917353115369856,3,5,7,0,0,0,6
1,0,1,VB,4.0,figure,0,0,8.414094087842386,14.294904955596705,14.343300064254905,6,5,8,0,0,0,7
1,1,1,RP,1.0,out,1,1,0.0607961025671102,17.1329401691801,10.24888073574989,3,5,9,0,0,0,8
5,1,2,WP,0.0,what,0,1,2.3172028665430844,16.89144897198978,10.5972788883547,4,5,10,0,0,0,9
2,1,2,PRP,0.0,it,0,0,4.068047523032874,18.431334787537676,8.375693258728493,2,5,11,0,0,0,10
1,4,3,VBD,3.0,was,0,1,1.1140061980113387,18.521451560034553,8.24568223794633,3,5,12,0,0,0,11
2,1,2,WDT,0.0,that,0,1,1.5068356222473085,19.024464301341364,7.519988250559035,4,5,13,0,0,0,12
2,0,1,DT,0.0,this,0,0,7.456200383370742,18.084110076486997,8.876632627435416,4,5,14,0,0,0,13
0,0,0,NNP,0.0,Elvis,0,1,17.55002639326267,10.934124309194804,19.19188163633453,5,5,15,0,0,0,14
0,0,0,NNP,0.0,Presley,0,1,2.2166557426098734,14.992929405973909,29.615935038270255,7,5,16,0,0,0,15
0,1,1,NN,3.0,guy,3,2,7.6623698733747005,14.03657835639334,14.715986567855309,3,5,17,0,0,0,16
1,4,2,VBD,3.0,had,0,1,2.688473723828793,17.432489551576744,9.816722327264898,3,5,18,0,0,0,17
2,1,2,WDT,0.0,that,0,1,7.904983496293426,19.024464301341364,7.519988250559035,4,5,19,0,0,0,18
3,0,1,DT,0.0,the,0,0,7.282706694677472,20.651930178991396,5.17205129965733,3,5,20,0,0,0,19
0,1,1,NN,1.0,rest,1,2,6.171988387359306,14.802408857002382,13.611126702465132,4,5,21,0,0,0,20
1,0,1,IN,0.0,of,0,1,0.0053014901059214,20.087642241543257,5.986146708647226,2,5,22,0,0,0,21
1,0,1,PRP,0.0,us,0,1,0.4016219122277107,16.204083053865386,11.588938289708851,2,5,23,0,0,0,22
0,3,1,NNS,3.0,boys,4,1,11.490480117499828,13.51410406841356,15.46975763211573,4,5,24,0,0,0,23
1,0,1,VBD,0.0,did,0,0,5.129760272800922,16.320603258264402,11.420835168659025,3,5,25,0,0,0,24
0,0,0,RB,0.0,not,1,1,1.7442787885665894,18.05588478508421,8.917353115369856,3,5,26,0,0,0,25
1,8,1,VB,5.0,have.,13,6,3.5961407124996185,20.89889314466969,13.90771284091451,5,5,27,1,0,1,26
2,1,2,PRP,0.0,He,0,0,3.206388723105192,16.547839497404837,11.093002573340865,2,5,28,0,1,0,0
1,0,1,VBD,1.0,seemed,0,1,5.659879267215729,14.353476527882435,14.258799147381207,6,5,29,0,0,0,1
2,0,1,TO,0.0,to,0,1,1.527691479655914,19.88357245739644,6.280557174231113,2,5,30,0,0,0,2
1,0,1,VB,0.0,be,0,1,1.8169234009692443,18.381669296901407,8.447345415772759,2,5,31,0,0,0,3
1,0,1,RB,0.0,no,0,1,10.070571206975728,17.036769620663787,10.387625509173944,2,5,32,0,0,0,4
0,0,0,JJ,4.0,different,0,1,2.1344059193506837,16.192313117117354,11.605918719086816,9,5,33,0,0,0,5
1,0,1,IN,0.0,from,0,1,1.0804609931074085,18.126283629319108,8.815789051907856,4,5,34,0,0,0,6
2,0,1,DT,0.0,the,0,0,2.8448206211905926,20.651930178991396,5.17205129965733,3,5,35,0,0,0,7
0,1,1,NN,3.0,rest,1,2,2.0073800531681627,14.802408857002382,13.611126702465132,4,5,36,0,0,0,8
1,0,1,IN,0.0,of,0,1,0.0694547997263725,20.087642241543257,5.986146708647226,2,5,37,0,0,0,9
1,10,2,PRP,2.0,us.,10,2,2.386057992145652,20.852380082826365,16.48568609368956,3,5,38,1,0,1,10
2,1,2,PRP,0.0,He,0,0,1.8059076592326164,16.547839497404837,11.093002573340865,2,5,39,0,1,0,0
1,0,1,VBD,0.0,was,0,0,1.642608029767871,18.521451560034553,8.24568223794633,3,5,40,0,0,0,1
1,1,1,RB,0.0,simply,1,2,7.595417153090239,14.73977739596405,13.701484800708766,6,5,41,0,0,0,2
2,0,1,DT,0.0,a,0,0,1.7750582040753216,19.69218547190043,6.556670229096891,1,5,42,0,0,0,3
0,1,1,NN,4.0,man,1,2,5.1539321730379015,15.799324757048984,12.17288107728454,3,5,43,0,0,0,4
2,1,2,WP,0.0,who,0,1,1.7807742394506931,16.99990971408453,10.440803113603463,3,5,44,0,0,0,5
2,0,1,VBD,2.0,had,0,1,2.9974698247388005,17.432489551576744,9.816722327264898,3,5,45,0,0,0,6
2,0,1,DT,0.0,a,0,0,3.296120061422698,19.69218547190043,6.556670229096891,1,5,46,0,0,0,7
0,1,1,NN,2.0,"head,",1,1,13.796518706716595,20.764550724954944,17.75952599224804,5,5,47,1,0,0,8
1,0,1,CD,0.0,two,0,0,8.951465279678814,16.868943842570165,10.629746926962948,3,5,48,0,0,0,9
0,1,0,NNS,2.0,arms,1,1,5.011318257311359,13.908352238985437,14.900977751552134,4,5,49,0,0,0,10
0,0,0,CC,1.0,and,0,0,0.1736845131963491,19.93279149564298,6.2095491118355035,3,5,50,0,0,0,11
1,0,1,CD,0.0,two,0,0,4.6156332699465565,16.868943842570165,10.629746926962948,3,5,51,0,0,0,12
0,8,1,NNS,2.0,legs.,11,7,1.4120790546876378,20.843308137208112,20.615837271677773,5,5,52,1,0,1,13
2,1,2,PRP,0.0,It,0,0,4.644818805158138,16.818509266914305,10.702508639150992,2,5,53,0,1,0,0
1,0,1,MD,0.0,must,0,1,7.114598818123341,15.962264075884518,11.937809330034693,4,5,54,0,0,0,1
1,0,1,VB,0.0,have,0,1,0.3396465372061357,17.990997945585363,9.010965036933804,4,5,55,0,0,0,2
1,0,1,VBN,0.0,been,0,0,0.4679208697052672,17.198255400550867,10.154650775356767,4,5,56,0,0,0,3
3,1,2,NN,4.0,something,0,0,4.780569429975003,15.723089952021756,12.28286465244046,9,5,57,0,0,0,4
1,0,1,RB,0.0,pretty,0,0,8.428664329461753,14.510746555426428,14.031906458563022,6,5,58,0,0,0,5
0,2,1,JJ,2.0,superlative,2,3,20.816871565766633,16.81115247743646,39.2030461966732,11,5,59,0,0,0,6
2,1,2,WDT,0.0,that,0,1,2.275924026966095,19.024464301341364,7.519988250559035,4,5,60,0,0,0,7
2,1,2,PRP,0.0,he,0,1,1.552657237276435,17.694798179754258,9.438290970210817,2,5,61,0,0,0,8
1,0,1,VBD,0.0,had,0,1,2.567190413828939,17.432489551576744,9.816722327264898,3,5,62,0,0,0,9
1,0,1,VBN,4.0,hidden,0,1,13.398713325615972,13.392746176553024,15.644840060875666,6,5,63,0,0,0,10
1,9,1,RB,1.0,"away,",7,3,10.647216204786671,20.764771727476468,17.693206687745448,5,5,64,1,0,0,11
1,0,1,IN,0.0,because,0,1,5.278553460491821,16.447210891125962,11.23817896459096,7,5,65,0,0,0,12
2,1,2,PRP,0.0,he,0,1,1.936416694894433,17.694798179754258,9.438290970210817,2,5,66,0,0,0,13
1,0,1,VBD,3.0,had,0,1,2.602239330299198,17.432489551576744,9.816722327264898,3,5,67,0,0,0,14
2,0,1,DT,0.0,every,0,0,9.231377442833036,15.73197777235085,12.270042238127363,5,5,68,0,0,0,15
0,0,0,JJ,0.0,young,0,1,12.137566854711622,14.907700601426017,13.459222824938609,5,5,69,0,0,0,16
0,1,1,NN,3.0,girl,2,2,4.302051182836294,14.247424134619102,14.411800409216628,4,5,70,0,0,0,17
1,0,1,IN,0.0,at,0,1,5.417396597797051,18.150223836201175,8.781250634161243,2,5,71,0,0,0,18
1,0,1,DT,0.0,the,0,1,2.7035799755249172,20.651930178991396,5.17205129965733,3,5,72,0,0,0,19
0,2,0,NN,3.0,orphanage,4,1,6.853367125149816,15.10715599560168,31.73781922101434,9,5,73,0,0,0,20
1,0,1,VBN,1.0,wrapped,0,1,11.45698271645233,12.58332687587162,16.812585271968537,7,5,74,0,0,0,21
1,0,1,IN,0.0,around,0,1,2.347934903111309,15.859577351277904,12.08595495838978,6,5,75,0,0,0,22
1,0,1,PRP$,0.0,his,0,1,0.8548458595760167,17.63767918161909,9.520696265560964,3,5,76,0,0,0,23
0,0,0,JJ,0.0,little,0,1,7.009883361402899,15.70386302020348,12.310603251626194,6,5,77,0,0,0,24
0,8,0,NN,4.0,finger.,12,2,7.46126626804471,20.843188343191432,20.96878862127908,7,5,78,1,0,1,25
2,0,1,IN,0.0,At,0,0,7.066333770868368,15.132261360282495,13.1352501317581,2,5,79,0,1,0,0
1,0,1,RB,0.0,about,0,0,7.119160809088498,17.10157168565105,10.294135891377458,5,5,80,0,0,0,1
0,0,0,CD,2.0,nine,1,1,5.638818166567944,13.644532420630744,15.28158929518068,4,5,81,0,0,0,2
0,2,1,RB,1.0,o'clock,1,2,7.2586161070503294,17.50084177452211,38.75117502447576,7,5,82,0,0,0,3
1,0,1,IN,0.0,on,0,1,3.91030891914852,18.53086189167023,8.232105999162414,2,5,83,0,0,0,4
1,0,1,NNP,0.0,Saturday,0,0,6.007533454103395,13.555215351519196,15.410446587854649,8,5,84,0,0,0,5
0,2,0,NN,2.0,"morning,",5,3,2.0536951029789634,20.76167095605481,19.125510220782385,8,5,85,1,0,0,6
1,1,1,PRP,0.0,I,0,1,2.419927539478522,18.456613480707578,8.339223813452126,1,5,86,0,0,0,7
1,0,1,VBD,3.0,figured,0,1,9.948793832212688,12.580844841870968,16.8161660901126,7,5,87,0,0,0,8
3,0,1,DT,0.0,a,0,0,7.7751874485984445,19.69218547190043,6.556670229096891,1,5,88,0,0,0,9
0,0,0,JJ,0.0,good,0,1,6.063479128293693,16.11631406487589,11.715562174867838,4,5,89,0,0,0,10
0,1,1,NN,2.0,solution,2,2,13.420200757682323,14.940399245022048,13.412048653978816,8,5,90,0,0,0,11
1,0,1,VBD,2.0,was,0,1,1.422364397207275,18.521451560034553,8.24568223794633,3,5,91,0,0,0,12
2,0,1,TO,0.0,to,0,1,2.1794130633352324,19.88357245739644,6.280557174231113,2,5,92,0,0,0,13
1,0,1,VB,2.0,ask,0,1,5.52574235748034,14.570575641339207,13.945591333015734,3,5,93,0,0,0,14
2,0,1,NNP,0.0,Eugene,0,0,17.190333833917975,11.304227078087514,18.657936207033742,6,5,94,0,0,0,15
0,1,1,NNP,2.0,"Correthers,",2,3,40.256812797277234,20.84919855752311,57.66494091328168,11,5,95,1,0,0,16
2,1,2,WP,0.0,who,0,1,2.7507126467535272,16.99990971408453,10.440803113603463,3,5,96,0,0,0,17
2,0,1,VBD,0.0,was,0,1,1.329973726533353,18.521451560034553,8.24568223794633,3,5,97,0,0,0,18
2,1,2,CD,3.0,one,0,1,6.077963119605556,17.417661831348372,9.838114205706065,3,5,98,0,0,0,19
1,0,1,IN,0.0,of,0,1,0.0354124947625678,20.087642241543257,5.986146708647226,2,5,99,0,0,0,20
1,0,1,DT,0.0,the,0,1,0.6822825045965146,20.651930178991396,5.17205129965733,3,5,100,0,0,0,21
2,1,2,JJR,0.0,older,0,1,7.774138780368958,14.02524460236855,14.73233771858153,5,5,101,0,0,0,22
0,0,0,CC,1.0,and,0,0,7.199039481580257,19.93279149564298,6.2095491118355035,3,5,102,0,0,0,23
1,2,1,JJR,1.0,smarter,2,2,7.368798179551959,11.156707559430677,18.87076188503429,7,5,103,0,0,0,24
0,7,1,NNS,4.0,"boys,",9,2,4.845579733373597,20.760554103357418,20.486126310047343,5,5,104,1,0,0,25
4,1,2,WP,0.0,what,0,0,2.9775383204687387,16.89144897198978,10.5972788883547,4,5,105,0,0,0,26
2,1,2,PRP,0.0,it,0,0,2.87012429907918,18.431334787537676,8.375693258728493,2,5,106,0,0,0,27
1,4,3,VBD,3.0,was,2,3,0.2500985977239907,18.521451560034553,8.24568223794633,3,5,107,0,0,0,28
2,1,2,WDT,0.0,that,0,1,1.03963209874928,19.024464301341364,7.519988250559035,4,5,108,0,0,0,29
2,0,1,VBD,2.0,made,0,1,3.882494646357373,16.20496109229986,11.587671548013727,4,5,109,0,0,0,30
2,0,1,DT,0.0,this,0,1,4.772509803529829,18.084110076486997,8.876632627435416,4,5,110,0,0,0,31
0,0,0,NNP,0.0,Elvis,0,1,3.0365053967107087,10.934124309194804,19.19188163633453,5,5,111,0,0,0,32
0,1,1,NN,2.0,guy,3,1,7.341151079162955,14.03657835639334,14.715986567855309,3,5,112,0,0,0,33
1,0,1,RB,0.0,so,0,1,1.5580189963802695,17.102955196419583,10.292139907252675,2,5,113,0,0,0,34
0,14,3,JJ,3.0,special.,12,2,2.4669934334233403,20.845067446861982,18.54882902690626,8,5,114,1,0,1,35
2,1,2,PRP,0.0,He,0,0,2.1838421169668436,16.547839497404837,11.093002573340865,2,5,115,0,1,0,0
1,0,1,VBD,1.0,told,0,1,3.0246167038858403,15.319959885565703,12.864458400149848,4,5,116,0,0,0,1
1,1,1,PRP,1.0,me,1,1,0.2143196216493379,16.93966537743082,10.527717319335425,2,5,117,0,0,0,2
1,0,1,IN,0.0,that,0,1,1.145535122603178,19.024464301341364,7.519988250559035,4,5,118,0,0,0,3
2,1,2,PRP,0.0,it,0,0,4.142855854704976,18.431334787537676,8.375693258728493,2,5,119,0,0,0,4
1,0,1,VBD,0.0,was,0,0,0.3556044460274279,18.521451560034553,8.24568223794633,3,5,120,0,0,0,5
1,0,1,RB,0.0,not,1,2,5.9264287101104856,18.05588478508421,8.917353115369856,3,5,121,0,0,0,6
2,1,2,NN,5.0,anything,0,1,8.729148596990854,15.045890893810077,13.25985637541713,8,5,122,0,0,0,7
1,0,1,IN,0.0,about,0,1,5.857660913141444,17.10157168565105,10.294135891377458,5,5,123,0,0,0,8
2,1,2,NNP,1.0,Elvis's,1,2,9.512800807366148,18.115156577103217,28.02482176981566,7,5,124,0,0,0,9
0,3,0,NN,3.0,"personality,",6,2,6.419404515065253,20.760183908747056,21.543006061490072,12,5,125,1,0,0,10
0,0,0,CC,1.0,but,0,0,1.0785745230969042,17.553098244319884,9.64272076435627,3,5,126,0,0,0,11
2,0,1,PRP$,0.0,his,0,0,3.2553065475076437,17.63767918161909,9.520696265560964,3,5,127,0,0,0,12
0,0,0,JJ,0.0,wavy,0,1,15.936936277663335,15.651462335818044,30.9201474346515,4,5,128,0,0,0,13
0,1,1,NN,3.0,"hair,",3,2,2.780774447834119,20.761321798963447,19.43122312356763,5,5,129,1,0,0,14
0,0,0,CC,1.0,and,0,0,4.342344537144527,19.93279149564298,6.2095491118355035,3,5,130,0,0,0,15
2,0,1,DT,0.0,the,0,1,3.2157565962988883,20.651930178991396,5.17205129965733,3,5,131,0,0,0,16
0,1,1,NN,2.0,way,3,2,1.6252542415168136,16.35686007861536,11.3685276337403,3,5,132,0,0,0,17
3,1,2,PRP,0.0,he,1,2,0.5263585378415883,17.694798179754258,9.438290970210817,2,5,133,0,0,0,18
1,0,1,VBD,2.0,moved,0,1,7.219772388227284,14.375568533834484,14.226927119950895,5,5,134,0,0,0,19
1,0,1,PRP$,0.0,his,0,1,2.301226247334853,17.63767918161909,9.520696265560964,3,5,135,0,0,0,20
0,12,1,NN,2.0,body.,9,4,4.680070172762498,20.84684056344645,17.726157975113203,5,5,136,1,0,1,21
5,0,1,RB,0.0,About,0,0,11.450496374513024,12.909872880272433,16.341478970797382,5,5,137,0,1,0,0
0,0,0,DT,0.0,a,0,1,3.6845471037668176,19.69218547190043,6.556670229096891,1,5,138,0,0,0,1
0,2,2,NN,2.0,half,0,1,5.310426631302107,14.991180179428618,13.33878725173875,4,5,139,0,0,0,2
1,0,1,DT,0.0,an,0,1,3.2434351299962145,17.966326533280526,9.046558361117718,2,5,140,0,0,0,3
0,2,1,NN,2.0,hour,4,1,0.0236267931686597,14.137728106119436,14.570058325538312,4,5,141,0,0,0,4
0,1,1,RB,1.0,"later,",2,2,0.9769268001546152,20.764239570353737,17.858361970703104,6,5,142,1,0,0,5
2,0,1,DT,0.0,the,0,0,4.681194201402832,20.651930178991396,5.17205129965733,3,5,143,0,0,0,6
0,1,1,NNS,1.0,boys,1,1,5.139498394797556,13.51410406841356,15.46975763211573,4,5,144,0,0,0,7
1,0,1,IN,0.0,in,0,1,6.725716437329538,19.583721360186956,6.713150865180346,2,5,145,0,0,0,8
1,0,1,DT,0.0,the,0,1,0.7019244145776611,20.651930178991396,5.17205129965733,3,5,146,0,0,0,9
0,2,0,NN,3.0,orphanage,3,1,0.5402282249706332,15.10715599560168,31.73781922101434,9,5,147,0,0,0,10
1,0,1,VBN,1.0,called,0,0,5.904198128730059,15.490025096731372,12.6191061633734,6,5,148,0,0,0,11
1,1,1,RP,1.0,down,0,1,9.94345346838236,16.107036220281262,11.728947275254644,4,5,149,0,0,0,12
1,0,1,TO,0.0,to,0,1,1.5530201366636902,19.88357245739644,6.280557174231113,2,5,150,0,0,0,13
1,0,1,DT,0.0,the,0,1,4.435692262894008,20.651930178991396,5.17205129965733,3,5,151,0,0,0,14
0,0,0,JJ,0.0,main,0,1,7.709793060726952,15.126186036849685,13.144014970746415,4,5,152,0,0,0,15
0,0,0,NN,0.0,dining,0,1,8.587188734672964,12.355496457011048,17.14127508742234,6,5,153,0,0,0,16
0,2,0,NN,5.0,room,6,1,0.5270708594471216,15.10123347305961,13.18001391078382,4,5,154,0,0,0,17
1,0,1,IN,0.0,by,0,1,10.441274860873818,18.29067397824052,8.57862391074893,2,5,155,0,0,0,18
1,0,1,DT,0.0,the,0,1,1.8339283127570525,20.651930178991396,5.17205129965733,3,5,156,0,0,0,19
0,4,0,NN,3.0,matron,4,3,23.056376809603535,14.692499805423235,29.866797455643702,6,5,157,0,0,0,20
1,0,1,VBD,0.0,were,0,1,13.260925602167845,17.723648827567594,9.39666828368408,4,5,158,0,0,0,21
1,0,1,VBN,3.0,told,0,1,6.279230799525976,15.319959885565703,12.864458400149848,4,5,159,0,0,0,22
1,0,1,IN,0.0,that,0,1,1.3267701985314488,19.024464301341364,7.519988250559035,4,5,160,0,0,0,23
2,1,2,PRP,0.0,they,0,1,3.274002886377275,17.366789695455783,9.911507183877728,4,5,161,0,0,0,24
1,0,1,VBD,0.0,were,0,0,2.1033805592451245,17.723648827567594,9.39666828368408,4,5,162,0,0,0,25
0,0,0,RB,0.0,all,1,1,5.9451217136811465,17.469149055179013,9.763833843216451,3,5,163,0,0,0,26
1,0,1,VBG,5.0,going,0,0,2.0030915279639885,15.87103254441788,12.069428608054311,5,5,164,0,0,0,27
1,0,1,TO,0.0,to,0,1,0.1403156081214547,19.88357245739644,6.280557174231113,2,5,165,0,0,0,28
1,0,1,NN,0.0,downtown,0,0,17.051861968939193,12.441500435677602,17.01719757390338,8,5,166,0,0,0,29
0,0,0,NNP,0.0,"Jacksonville,",1,1,10.904495984665118,20.75988995493935,24.355294849170875,13,5,167,1,0,0,30
0,2,0,NNP,4.0,Florida,4,3,4.363481923588552,13.571128048324164,15.38748941908695,7,5,168,0,0,0,31
2,0,1,TO,0.0,to,0,0,1.42659385810839,19.88357245739644,6.280557174231113,2,5,169,0,0,0,32
1,0,1,VB,2.0,get,0,1,5.148978174373042,16.65007205168175,10.94551217426815,3,5,170,0,0,0,33
2,0,1,DT,0.0,a,0,0,2.1936152674024925,19.69218547190043,6.556670229096891,1,5,171,0,0,0,34
0,0,0,JJ,0.0,new,0,1,7.530614252318628,16.69136483421134,10.885939281688206,3,5,172,0,0,0,35
0,1,1,NN,3.0,pair,2,1,6.91856699436903,14.112505877186129,14.60644631014056,4,5,173,0,0,0,36
1,0,1,IN,0.0,of,0,1,0.0044297325075604,20.087642241543257,5.986146708647226,2,5,174,0,0,0,37
1,0,1,NNP,0.0,Buster,0,0,15.766237498668488,16.661257556003203,27.86601674676473,6,5,175,0,0,0,38
0,0,0,NNP,0.0,Brown,0,1,6.657079830765724,13.562501694939291,15.39993461633626,5,5,176,0,0,0,39
0,3,0,NNS,4.0,shoes,4,2,4.289017170667648,12.874791366108376,16.39209089730874,5,5,177,0,0,0,40
0,0,0,CC,1.0,and,0,0,1.9366795979440212,19.93279149564298,6.2095491118355035,3,5,178,0,0,0,41
1,0,1,DT,0.0,a,0,1,2.164563941769302,19.69218547190043,6.556670229096891,1,5,179,0,0,0,42
0,11,1,NN,2.0,haircut.,14,7,10.581235536374152,20.847601115256204,49.502445671110834,8,5,180,1,0,1,43
2,1,2,DT,0.0,That,0,0,6.485177583992481,15.36211920764605,12.803635355257288,4,5,181,0,1,0,0
1,0,1,VBZ,1.0,is,0,1,5.397242620587349,19.144004138058012,7.347528720939248,2,5,182,0,0,0,1
2,1,2,WRB,0.0,when,0,1,1.1040865797549486,17.09507037229838,10.303515303910618,4,5,183,0,0,0,2
2,1,2,PRP,0.0,I,0,1,1.684937448706478,18.456613480707578,8.339223813452126,1,5,184,0,0,0,3
1,0,1,VBD,3.0,got,0,1,3.7577543589286506,15.62456919665391,12.425000057634286,3,5,185,0,0,0,4
2,0,1,DT,0.0,this,0,0,4.426576162688434,18.084110076486997,8.876632627435416,4,5,186,0,0,0,5
0,0,0,JJ,0.0,big,0,1,7.009341506287456,15.053278808336888,13.249197867766782,3,5,187,0,0,0,6
0,1,1,NN,3.0,"idea,",3,3,9.31540223187767,20.76276657531205,18.447764147713578,5,5,188,1,0,0,7
2,1,2,WDT,0.0,which,0,1,3.407496797153726,17.599930483545194,9.57515612507219,5,5,189,0,0,0,8
2,0,1,VBD,2.0,hit,0,0,11.703442472498864,14.38519321875932,14.213041634739724,3,5,190,0,0,0,9
1,1,1,PRP,1.0,me,1,2,0.5086202942766249,16.93966537743082,10.527717319335425,2,5,191,0,0,0,10
1,0,1,IN,0.0,like,0,1,2.476807838655077,16.890367918306506,10.598838519142497,4,5,192,0,0,0,11
2,0,1,DT,0.0,a,0,0,0.2852265152614563,19.69218547190043,6.556670229096891,1,5,193,0,0,0,12
0,1,1,NN,3.0,ton,1,2,1.4900320646120235,12.614716030893396,16.767300293680925,3,5,194,0,0,0,13
1,0,1,IN,0.0,of,0,1,0.011979631781287,20.087642241543257,5.986146708647226,2,5,195,0,0,0,14
1,13,2,NNS,2.0,bricks.,12,2,1.232242873236828,20.842814215689575,23.862202080854708,7,5,196,1,0,1,15
2,0,1,IN,0.0,If,0,0,6.750007422175258,15.95957987461094,11.941681813900829,2,5,197,0,1,0,0
2,0,1,DT,0.0,the,0,0,5.049591803632211,20.651930178991396,5.17205129965733,3,5,198,0,0,0,1
0,0,0,NNP,0.0,Elvis,0,1,5.234203995030839,10.934124309194804,19.19188163633453,5,5,199,0,0,0,2
0,1,1,NN,2.0,haircut,2,2,10.760775290429592,15.515391004231176,44.605697867130125,7,5,200,0,0,0,3
1,0,1,VBD,0.0,was,0,1,1.653575378935784,18.521451560034553,8.24568223794633,3,5,201,0,0,0,4
1,0,1,DT,0.0,the,0,1,3.666015198279638,20.651930178991396,5.17205129965733,3,5,202,0,0,0,5
0,0,0,JJ,0.0,big,0,1,7.964372529357206,15.053278808336888,13.249197867766782,3,5,203,0,0,0,6
0,4,1,NN,5.0,"secret,",6,2,6.7670713965489995,20.760726099492373,20.17421507788894,7,5,204,1,0,0,7
2,1,2,RB,0.0,then,0,1,1.9095311356068123,16.720629155852837,10.843719789981035,4,5,205,0,0,0,8
2,1,2,NNP,1.0,Elvis's,1,1,9.110035298392177,18.115156577103217,28.02482176981566,7,5,206,0,0,0,9
0,1,0,NN,1.0,haircut,1,1,3.9112996021285658,15.515391004231176,44.605697867130125,7,5,207,0,0,0,10
1,1,1,PRP,0.0,I,1,2,12.706179477274418,18.456613480707578,8.339223813452126,1,5,208,0,0,0,11
1,0,1,VBD,0.0,was,0,1,2.4988838273566216,18.521451560034553,8.24568223794633,3,5,209,0,0,0,12
1,0,1,VBG,5.0,going,0,1,3.0345916292862967,15.87103254441788,12.069428608054311,5,5,210,0,0,0,13
2,0,1,TO,0.0,to,0,1,0.0457772383233532,19.88357245739644,6.280557174231113,2,5,211,0,0,0,14
1,7,2,VB,2.0,get.,7,2,7.933063099859282,20.85774875322868,15.842259978248856,4,5,212,1,0,1,15
3,1,2,PRP,0.0,I,0,0,2.342339500784874,18.456613480707578,8.339223813452126,1,5,213,0,1,0,0
1,0,1,VBD,0.0,was,0,1,3.078360579907894,18.521451560034553,8.24568223794633,3,5,214,0,0,0,1
1,0,1,VBG,2.0,going,0,1,2.1936070199590176,15.87103254441788,12.069428608054311,5,5,215,0,0,0,2
2,0,1,TO,0.0,to,0,1,0.0260722315870225,19.88357245739644,6.280557174231113,2,5,216,0,0,0,3
1,0,1,VB,2.0,have,0,1,3.9028113019885495,17.990997945585363,9.010965036933804,4,5,217,0,0,0,4
2,0,1,PRP$,0.0,my,0,0,4.68499737943057,17.14653233326997,10.229271388022482,2,5,218,0,0,0,5
0,1,1,NN,2.0,day,1,2,10.032142873853443,15.919835791538643,11.999020405453908,3,5,219,0,0,0,6
1,0,1,IN,0.0,in,0,1,2.364220472052694,19.583721360186956,6.713150865180346,2,5,220,0,0,0,7
1,0,1,DT,0.0,the,0,1,1.1174384336918592,20.651930178991396,5.17205129965733,3,5,221,0,0,0,8
0,9,2,NN,3.0,"sun,",9,2,2.404836417059414,20.760911890781887,19.89913899846522,4,5,222,1,0,0,9
0,0,0,CC,1.0,and,0,0,1.9045998268993571,19.93279149564298,6.2095491118355035,3,5,223,0,0,0,10
3,0,1,PDT,0.0,all,0,1,6.875798092922196,17.469149055179013,9.763833843216451,3,5,224,0,0,0,11
0,0,0,DT,0.0,the,0,0,3.193476933229249,20.651930178991396,5.17205129965733,3,5,225,0,0,0,12
0,1,1,NN,2.0,way,1,2,7.426421593932901,16.35686007861536,11.3685276337403,3,5,226,0,0,0,13
1,0,1,TO,0.0,to,0,1,1.7342149189207705,19.88357245739644,6.280557174231113,2,5,227,0,0,0,14
1,3,2,NN,2.0,town,3,1,9.228975936537609,14.35066853431284,14.262850225778912,4,5,228,0,0,0,15
1,1,1,DT,0.0,that,0,1,5.713111059740186,19.024464301341364,7.519988250559035,4,5,229,0,0,0,16
1,0,1,VBD,0.0,was,0,1,4.112204750999808,18.521451560034553,8.24568223794633,3,5,230,0,0,0,17
1,0,1,NN,4.0,all,1,1,5.223848342895508,17.469149055179013,9.763833843216451,3,5,231,0,0,0,18
3,1,2,PRP,0.0,I,0,1,1.8060473296791315,18.456613480707578,8.339223813452126,1,5,232,0,0,0,19
1,0,1,VBD,2.0,talked,0,1,13.149298896663822,13.216143296046958,15.89962416078847,6,5,233,0,0,0,20
1,8,2,RP,1.0,about.,8,3,1.4989874887978658,20.866204920771334,15.190883695358163,6,5,234,1,0,1,21
4,0,1,DT,0.0,The,0,0,4.321876725531183,18.12053694573349,8.824079763818386,3,5,235,0,1,0,0
0,1,1,NN,1.0,fact,0,1,8.048702271538787,15.532767002656716,12.557442627656766,4,5,236,0,0,0,1
1,0,1,IN,0.0,that,0,1,0.2633739241864532,19.024464301341364,7.519988250559035,4,5,237,0,0,0,2
2,1,2,PRP,0.0,I,0,1,1.6292827501893044,18.456613480707578,8.339223813452126,1,5,238,0,0,0,3
1,0,1,VBD,0.0,was,0,1,1.932043567067012,18.521451560034553,8.24568223794633,3,5,239,0,0,0,4
1,0,1,VBG,4.0,getting,0,1,5.16561723058112,14.911648120355064,13.453527758955854,7,5,240,0,0,0,5
1,0,1,DT,0.0,an,0,1,5.738623065408319,17.966326533280526,9.046558361117718,2,5,241,0,0,0,6
0,0,0,NNP,0.0,Elvis,0,1,1.098904866259545,10.934124309194804,19.19188163633453,5,5,242,0,0,0,7
0,6,1,NN,3.0,"haircut,",8,1,3.989401035651099,20.765103998514007,49.62206654506174,8,5,243,1,0,0,8
1,0,1,RB,0.0,not,0,1,6.621386533777695,18.05588478508421,8.917353115369856,3,5,244,0,0,0,9
0,1,0,RB,2.0,just,0,1,2.4176428670762107,16.69359693645768,10.882719038846648,4,5,245,0,0,0,10
2,0,1,DT,0.0,the,0,1,4.409672818030231,20.651930178991396,5.17205129965733,3,5,246,0,0,0,11
0,0,0,JJ,0.0,simple,0,1,9.193407582468351,14.88086212406462,13.497942563132902,6,5,247,0,0,0,12
0,1,1,NN,3.0,fact,0,1,6.694565356709063,15.532767002656716,12.557442627656766,4,5,248,0,0,0,13
1,0,1,IN,0.0,that,0,1,0.16822518594563,19.024464301341364,7.519988250559035,4,5,249,0,0,0,14
2,1,2,PRP,0.0,we,0,1,6.859226719476283,17.726018436166637,9.393249661109394,2,5,250,0,0,0,15
1,0,1,VBD,0.0,were,0,1,1.2034928773064166,17.723648827567594,9.39666828368408,4,5,251,0,0,0,16
1,0,1,VBG,4.0,getting,0,1,3.2156557894777507,14.911648120355064,13.453527758955854,7,5,252,0,0,0,17
1,0,1,RP,1.0,out,0,1,9.172207130119205,17.1329401691801,10.24888073574989,3,5,253,0,0,0,18
1,0,1,IN,0.0,of,0,1,0.4539738859748468,20.087642241543257,5.986146708647226,2,5,254,0,0,0,19
1,0,1,DT,0.0,the,0,1,2.1274445949238725,20.651930178991396,5.17205129965733,3,5,255,0,0,0,20
0,9,1,NN,3.0,"orphanage,",15,3,3.009597480238881,20.76334309469907,36.75418789894596,10,5,256,1,0,0,21
1,0,1,VBD,1.0,made,0,1,4.524273403803818,16.20496109229986,11.587671548013727,4,5,257,0,0,0,22
2,1,2,PRP,0.0,me,1,1,0.8073687851428986,16.93966537743082,10.527717319335425,2,5,258,0,0,0,23
1,0,1,RB,0.0,particularly,0,1,11.472096074838191,14.581390408240091,13.92998892243946,12,5,259,0,0,0,24
0,4,0,JJ,3.0,loquacious.,4,2,19.24147906078724,20.845874948784925,51.27401945155924,11,5,260,1,0,1,25
2,1,2,PRP,0.0,I,0,0,1.6630459614098072,18.456613480707578,8.339223813452126,1,5,261,0,1,0,0
1,0,1,VBD,1.0,told,0,1,6.13531973893987,15.319959885565703,12.864458400149848,4,5,262,0,0,0,1
2,1,2,NN,1.0,"everybody,",1,2,10.43216033495264,20.760270968664628,21.216409202533537,10,5,263,1,0,0,2
1,0,1,VBG,0.0,including,0,1,8.237095631542616,15.664589900219264,12.367262387067662,9,5,264,0,0,0,3
2,0,1,DT,0.0,the,0,0,1.802860782307107,20.651930178991396,5.17205129965733,3,5,265,0,0,0,4
0,0,0,JJ,0.0,orphanage,0,1,8.657298968813848,15.10715599560168,31.73781922101434,9,5,266,0,0,0,5
0,1,1,NN,4.0,matron,2,2,13.885916113853456,14.692499805423235,29.866797455643702,6,5,267,0,0,0,6
3,1,2,PRP,0.0,I,0,0,7.211911149322987,18.456613480707578,8.339223813452126,1,5,268,0,0,0,7
1,1,1,RB,0.0,normally,0,0,12.63547509489581,13.325090320974931,15.742446828205274,8,5,269,0,0,0,8
1,6,2,VBD,3.0,"feared,",7,4,17.157200044835918,20.760007186709224,22.588821660992153,7,5,270,1,0,0,9
2,0,1,IN,0.0,that,0,0,0.9667890385026112,19.024464301341364,7.519988250559035,4,5,271,0,0,0,10
2,1,2,PRP,0.0,I,0,1,1.1529941037297249,18.456613480707578,8.339223813452126,1,5,272,0,0,0,11
1,0,1,VBD,0.0,was,0,1,1.4351109920535237,18.521451560034553,8.24568223794633,3,5,273,0,0,0,12
1,0,1,VBG,4.0,going,0,1,0.6365138307446614,15.87103254441788,12.069428608054311,5,5,274,0,0,0,13
2,0,1,TO,0.0,to,0,1,0.0460817678831517,19.88357245739644,6.280557174231113,2,5,275,0,0,0,14
1,0,1,VB,2.0,look,0,1,8.819621944450773,15.560851323885489,12.516925516693284,4,5,276,0,0,0,15
1,1,1,RB,1.0,just,0,1,7.072153614630224,16.69359693645768,10.882719038846648,4,5,277,0,0,0,16
1,0,1,IN,0.0,like,0,1,0.1436412485491018,16.890367918306506,10.598838519142497,4,5,278,0,0,0,17
1,0,1,NNP,0.0,Elvis,0,0,2.4685460394248366,10.934124309194804,19.19188163633453,5,5,279,0,0,0,18
0,9,2,NNP,3.0,Presley,9,2,7.712169121950865,14.992929405973909,29.615935038270255,7,5,280,0,0,0,19
0,0,0,CC,1.0,and,0,0,2.3198273684829473,19.93279149564298,6.2095491118355035,3,5,281,0,0,0,20
1,0,1,IN,0.0,that,0,0,2.0757944379001856,19.024464301341364,7.519988250559035,4,5,282,0,0,0,21
2,1,2,PRP,0.0,I,0,1,1.2640348710119724,18.456613480707578,8.339223813452126,1,5,283,0,0,0,22
1,0,1,MD,0.0,would,0,1,2.0800766565371305,17.12711793173308,10.257280448841584,5,5,284,0,0,0,23
1,0,1,VB,4.0,learn,0,1,9.072771581588311,14.29035619574358,14.349862537537202,5,5,285,0,0,0,24
2,0,1,TO,0.0,to,0,1,2.5400398956844583,19.88357245739644,6.280557174231113,2,5,286,0,0,0,25
1,0,1,VB,2.0,move,0,0,8.277255255146883,14.792994220724903,13.624709151534422,4,5,287,0,0,0,26
1,1,1,RP,1.0,around,1,2,3.561529740691185,15.859577351277904,12.08595495838978,6,5,288,0,0,0,27
1,1,1,RB,1.0,just,0,1,6.962263556895778,16.69359693645768,10.882719038846648,4,5,289,0,0,0,28
1,0,1,IN,0.0,like,0,1,1.0701023775618523,16.890367918306506,10.598838519142497,4,5,290,0,0,0,29
2,1,2,PRP,0.0,he,0,1,4.318278940860182,17.694798179754258,9.438290970210817,2,5,291,0,0,0,30
1,10,2,VBD,3.0,did,9,1,3.211359720677138,16.320603258264402,11.420835168659025,3,5,292,0,0,0,31
0,0,0,CC,1.0,and,0,0,2.0855872137472034,19.93279149564298,6.2095491118355035,3,5,293,0,0,0,32
1,0,1,IN,0.0,that,0,1,1.7182459076866508,19.024464301341364,7.519988250559035,4,5,294,0,0,0,33
2,1,2,PRP,0.0,I,0,1,0.7946754973381758,18.456613480707578,8.339223813452126,1,5,295,0,0,0,34
1,0,1,MD,0.0,would,0,1,0.6219519211445004,17.12711793173308,10.257280448841584,5,5,296,0,0,0,35
1,0,1,VB,0.0,be,0,0,1.899606319144368,18.381669296901407,8.447345415772759,2,5,297,0,0,0,36
1,0,1,JJ,5.0,rich,0,0,10.556082390015945,13.678294671635909,15.23288066308628,4,5,298,0,0,0,37
0,0,0,CC,1.0,and,0,0,0.9541293056681752,19.93279149564298,6.2095491118355035,3,5,299,0,0,0,38
0,1,0,JJ,1.0,famous,3,3,2.1911681620404124,13.430709470752156,15.590070604598765,6,5,300,0,0,0,39
2,0,1,CD,0.0,one,0,1,9.631832149112595,17.417661831348372,9.838114205706065,3,5,301,0,0,0,40
0,2,1,NN,2.0,"day,",3,3,3.045828903588699,20.767717064386662,17.01538908338552,4,5,302,1,0,0,41
1,1,1,RB,1.0,just,0,1,4.805259871456656,16.69359693645768,10.882719038846648,4,5,303,0,0,0,42
1,0,1,IN,0.0,like,0,1,0.1116945278336061,16.890367918306506,10.598838519142497,4,5,304,0,0,0,43
1,9,1,PRP,2.0,him.,13,6,6.366394631564617,20.858437547263986,15.77695918651836,4,5,305,1,0,1,44
2,0,1,DT,0.0,The,0,0,4.423389064264484,18.12053694573349,8.824079763818386,3,5,306,0,1,0,0
0,1,1,NN,1.0,matron,1,1,8.249579442548566,14.692499805423235,29.866797455643702,6,5,307,0,0,0,1
2,0,1,VBD,1.0,understood,0,0,9.983439937233925,13.684020508950846,15.224620025987084,10,5,308,0,0,0,2
3,0,1,PRP$,0.0,my,0,0,3.990751287783496,17.14653233326997,10.229271388022482,2,5,309,0,0,0,3
0,1,1,NN,1.0,idea,1,2,7.097481050645001,14.926989054195284,13.43139546978196,4,5,310,0,0,0,4
1,0,1,VBD,0.0,was,0,1,9.2715351334773,18.521451560034553,8.24568223794633,3,5,311,0,0,0,5
2,1,2,NN,3.0,something,0,1,7.875585716683418,15.723089952021756,12.28286465244046,9,5,312,0,0,0,6
2,1,2,WDT,0.0,that,0,1,2.1171854231506586,19.024464301341364,7.519988250559035,4,5,313,0,0,0,7
2,1,2,PRP,0.0,I,0,1,2.745904766023159,18.456613480707578,8.339223813452126,1,5,314,0,0,0,8
1,0,1,VBD,0.0,was,0,1,2.6433184469351545,18.521451560034553,8.24568223794633,3,5,315,0,0,0,9
1,1,1,RB,0.0,really,0,1,6.267692291527055,15.69451183596385,12.324094158755152,6,5,316,0,0,0,10
1,0,1,JJ,5.0,excited,0,1,3.227982887532562,13.374035297333036,15.671834153537011,7,5,317,0,0,0,11
0,9,2,IN,1.0,about,9,1,2.170794373843819,17.10157168565105,10.294135891377458,5,5,318,0,0,0,12
0,0,0,CC,1.0,and,0,0,0.7555991970002651,19.93279149564298,6.2095491118355035,3,5,319,0,0,0,13
1,0,1,VBD,1.0,said,0,1,9.11936194077134,16.904210086999463,10.57886849101402,4,5,320,0,0,0,14
1,4,1,NN,1.0,nothing.,5,4,9.380777031183245,20.845745039882967,18.177451135008138,8,5,321,1,0,1,15
3,1,2,WRB,0.0,When,0,0,5.548513967776671,15.320069616500676,12.864300091874131,4,5,322,0,1,0,0
2,1,2,PRP,0.0,I,0,1,0.9520474581513554,18.456613480707578,8.339223813452126,1,5,323,0,0,0,1
1,0,1,VBD,2.0,got,0,1,2.136917004128918,15.62456919665391,12.425000057634286,3,5,324,0,0,0,2
1,0,1,PRP$,0.0,my,0,1,4.774327352177352,17.14653233326997,10.229271388022482,2,5,325,0,0,0,3
0,0,0,JJ,0.0,new,0,1,5.343776129418984,16.69136483421134,10.885939281688206,3,5,326,0,0,0,4
0,0,0,NNP,0.0,Buster,0,1,9.467759670689702,16.661257556003203,27.86601674676473,6,5,327,0,0,0,5
0,0,0,NNP,0.0,Brown,0,1,0.1378825847059488,13.562501694939291,15.39993461633626,5,5,328,0,0,0,6
0,4,1,NNS,5.0,"shoes,",8,2,1.2842931652266998,20.760217406385458,21.408459575240354,6,5,329,1,0,0,7
1,1,1,PRP,0.0,I,0,1,0.8339103308680933,18.456613480707578,8.339223813452126,1,5,330,0,0,0,8
1,0,1,VBD,0.0,was,0,1,2.2217801162041724,18.521451560034553,8.24568223794633,3,5,331,0,0,0,9
1,0,1,VBG,3.0,smiling,0,1,11.388406850397589,12.260721802706058,17.278006011190115,7,5,332,0,0,0,10
1,0,1,IN,0.0,from,0,1,7.722878577755182,18.126283629319108,8.815789051907856,4,5,333,0,0,0,11
1,2,1,NN,2.0,ear,1,1,0.2160689340817043,13.239924166143473,15.865315617432202,3,5,334,0,0,0,12
1,0,1,TO,0.0,to,0,1,0.0043291180445521,19.88357245739644,6.280557174231113,2,5,335,0,0,0,13
1,5,1,NN,2.0,ear.,7,2,2.06946239750323,20.84325493257325,20.762063421412908,4,5,336,1,0,1,14
3,0,1,DT,0.0,Those,0,0,9.582998359575868,13.312072578232211,15.761227461103768,5,5,337,0,1,0,0
0,1,1,NNS,1.0,"shoes,",2,2,7.021402805461548,20.760217406385458,21.408459575240354,6,5,338,1,0,0,1
1,1,1,PRP,0.0,they,0,0,3.0863251785049215,17.366789695455783,9.911507183877728,4,5,339,0,0,0,2
1,0,1,VBD,2.0,shined,0,0,14.296425674110653,14.921695766222877,29.156766636187346,6,5,340,0,0,0,3
1,0,1,RB,0.0,really,0,1,8.01367711648345,15.69451183596385,12.324094158755152,6,5,341,0,0,0,4
0,3,1,RB,2.0,"brightly,",4,3,5.544002176640788,20.75989628190356,24.17943240009947,9,5,342,1,0,0,5
0,0,0,CC,1.0,and,0,0,0.958979701710632,19.93279149564298,6.2095491118355035,3,5,343,0,0,0,6
2,1,2,PRP,0.0,I,0,1,1.6807044451124966,18.456613480707578,8.339223813452126,1,5,344,0,0,0,7
1,0,1,VBD,2.0,liked,0,1,7.495956619037315,13.16800573528303,15.96907198098308,5,5,345,0,0,0,8
2,0,1,VBG,1.0,looking,0,1,8.546302836155519,14.985183179447544,13.347439093871657,7,5,346,0,0,0,9
1,0,1,IN,0.0,at,0,1,0.3715160056017339,18.150223836201175,8.781250634161243,2,5,347,0,0,0,10
2,0,1,DT,0.0,the,0,0,4.348456294857897,20.651930178991396,5.17205129965733,3,5,348,0,0,0,11
0,1,1,NNS,3.0,bones,1,1,12.2828087474918,12.60443257150829,16.782136189539,5,5,349,0,0,0,12
1,0,1,IN,0.0,in,0,1,3.4419853242579848,19.583721360186956,6.713150865180346,2,5,350,0,0,0,13
1,0,1,PRP$,0.0,my,0,1,1.9264759391662665,17.14653233326997,10.229271388022482,2,5,351,0,0,0,14
0,2,0,NNS,3.0,"feet,",4,3,4.81759038916789,20.761396360866996,19.36028879544172,5,5,352,1,0,0,15
2,1,2,WDT,0.0,which,0,1,4.189101037743967,17.599930483545194,9.57515612507219,5,5,353,0,0,0,16
2,1,2,PRP,0.0,I,0,1,2.8819065298885107,18.456613480707578,8.339223813452126,1,5,354,0,0,0,17
1,0,1,VBD,0.0,had,0,0,2.841499164700508,17.432489551576744,9.816722327264898,3,5,355,0,0,0,18
1,1,1,RB,0.0,never,1,1,2.861879240022972,15.696014914672944,12.321925674555477,5,5,356,0,0,0,19
1,0,1,VBN,5.0,seen,0,0,0.8387351117562503,15.24654474885531,12.970374053808117,4,5,357,0,0,0,20
1,1,1,RB,1.0,"before,",12,5,3.318811452249065,20.77112889148249,16.49368656050132,7,5,358,1,0,0,21
1,0,1,IN,0.0,through,0,1,11.844219723949209,16.375970236499086,11.340957503730838,7,5,359,0,0,0,22
3,0,1,DT,0.0,a,0,1,3.9744765571085736,19.69218547190043,6.556670229096891,1,5,360,0,0,0,23
0,0,0,JJ,0.0,special,0,1,8.51272422412876,14.774021346614052,13.652081222925556,7,5,361,0,0,0,24
0,0,0,JJ,0.0,x-ray,0,1,12.794211002998054,19.687420511758845,33.39125031818574,5,5,362,0,0,0,25
0,1,1,NN,5.0,machine,6,2,3.408726215362549,14.18578155526407,14.500731852759738,7,5,363,0,0,0,26
3,1,2,PRP,0.0,they,0,1,7.291040471754968,17.366789695455783,9.911507183877728,4,5,364,0,0,0,27
1,0,1,VBD,2.0,had,0,0,1.60638199839741,17.432489551576744,9.816722327264898,3,5,365,0,0,0,28
1,0,1,IN,0.0,in,0,0,5.182714583352208,19.583721360186956,6.713150865180346,2,5,366,0,0,0,29
1,0,1,DT,0.0,the,0,1,1.4506907923496328,20.651930178991396,5.17205129965733,3,5,367,0,0,0,30
0,0,0,NN,0.0,shoe,0,1,12.228048515098637,11.985338688809762,17.675299863952862,4,5,368,0,0,0,31
0,6,2,NN,4.0,store,4,2,5.54351183027029,14.287751058546878,14.353620956051715,5,5,369,0,0,0,32
2,1,2,WDT,0.0,that,0,0,3.253634837921709,19.024464301341364,7.519988250559035,4,5,370,0,0,0,33
2,0,1,VBD,2.0,made,2,2,6.9504256108775735,16.20496109229986,11.587671548013727,4,5,371,0,0,0,34
4,0,1,DT,0.0,the,0,0,3.5369267528876662,20.651930178991396,5.17205129965733,3,5,372,0,0,0,35
0,1,1,NNS,1.0,bones,1,2,7.223154345992953,12.60443257150829,16.782136189539,5,5,373,0,0,0,36
1,0,1,IN,0.0,in,0,1,4.224365960108116,19.583721360186956,6.713150865180346,2,5,374,0,0,0,37
1,0,1,PRP$,0.0,your,0,1,5.02381383930333,17.160045837897364,10.209775521911514,4,5,375,0,0,0,38
0,3,1,NNS,3.0,feet,4,2,0.9902119277976452,14.29447516743106,14.343920117510107,4,5,376,0,0,0,39
1,0,1,VB,2.0,look,0,1,1.050410309806466,15.560851323885489,12.516925516693284,4,5,377,0,0,0,40
1,20,4,JJ,1.0,green.,5,2,9.529828676953912,20.844037938668297,19.40005127345318,6,5,378,1,0,1,41
2,1,2,PRP,0.0,I,0,0,1.951103288680315,18.456613480707578,8.339223813452126,1,5,379,0,1,0,0
1,0,1,VBD,0.0,was,0,0,2.663481062743813,18.521451560034553,8.24568223794633,3,5,380,0,0,0,1
1,1,1,RB,0.0,now,1,1,9.00272123934701,16.358672986859247,11.365912160007252,3,5,381,0,0,0,2
1,0,1,RB,0.0,almost,0,0,7.928200187161565,15.0034237949964,13.32112344827656,6,5,382,0,0,0,3
0,0,0,JJ,4.0,ready,0,1,3.8069374142214656,14.279208724497218,14.365944939022778,5,5,383,0,0,0,4
2,0,1,TO,0.0,to,0,1,0.2199990233639255,19.88357245739644,6.280557174231113,2,5,384,0,0,0,5
2,0,1,VB,2.0,go,0,0,3.860283165588043,16.02670389409771,11.844842323862729,2,5,385,0,0,0,6
1,1,1,RB,1.0,back,0,1,5.194549147039652,16.337436220093977,11.396550338104024,4,5,386,0,0,0,7
1,0,1,TO,0.0,to,0,1,0.6493028001859784,19.88357245739644,6.280557174231113,2,5,387,0,0,0,8
1,0,1,DT,0.0,the,0,1,2.346921551739797,20.651930178991396,5.17205129965733,3,5,388,0,0,0,9
0,3,1,NN,3.0,orphanage,4,1,4.18954763491638,15.10715599560168,31.73781922101434,9,5,389,0,0,0,10
0,0,0,CC,1.0,and,0,0,1.291256396099925,19.93279149564298,6.2095491118355035,3,5,390,0,0,0,11
1,0,1,VB,1.0,practice,0,1,10.035165520384908,14.510092708462214,14.032849760335791,8,5,391,0,0,0,12
2,0,1,VBG,0.0,being,0,1,8.01132376701571,16.21534685484689,11.57268805989128,5,5,392,0,0,0,13
1,0,1,IN,0.0,like,0,1,5.34243422280997,16.890367918306506,10.598838519142497,4,5,393,0,0,0,14
2,0,1,DT,0.0,the,0,0,4.774051361484453,20.651930178991396,5.17205129965733,3,5,394,0,0,0,15
0,1,1,NN,4.0,man,1,2,4.798903236165643,15.799324757048984,12.17288107728454,3,5,395,0,0,0,16
2,1,2,WP,0.0,who,0,1,2.087972780689597,16.99990971408453,10.440803113603463,3,5,396,0,0,0,17
2,0,1,PDT,0.0,all,0,0,10.905724070966244,17.469149055179013,9.763833843216451,3,5,397,0,0,0,18
0,0,0,DT,0.0,the,0,1,1.5514543252647854,20.651930178991396,5.17205129965733,3,5,398,0,0,0,19
0,1,1,NNS,2.0,girls,2,1,4.97152750188252,13.7645214278404,15.10848174951812,5,5,399,0,0,0,20
1,12,3,VBD,3.0,"loved,",9,5,10.540989982080646,20.760630765735055,20.33872809678779,6,5,400,1,0,0,21
1,0,1,IN,0.0,since,0,1,9.654186461935751,15.75044079061078,12.243405733243922,5,5,401,0,0,0,22
2,1,2,PRP,0.0,I,0,1,1.776410311460495,18.456613480707578,8.339223813452126,1,5,402,0,0,0,23
1,0,1,VBD,3.0,had,0,1,1.863220097264275,17.432489551576744,9.816722327264898,3,5,403,0,0,0,24
1,0,1,PRP$,0.0,my,0,1,7.723026779363863,17.14653233326997,10.229271388022482,2,5,404,0,0,0,25
0,0,0,JJ,0.0,new,0,1,2.7954850516980514,16.69136483421134,10.885939281688206,3,5,405,0,0,0,26
0,0,0,NNP,0.0,Buster,0,1,2.1441885323729366,16.661257556003203,27.86601674676473,6,5,406,0,0,0,27
0,0,0,NNP,0.0,Brown,0,1,0.0544692121911793,13.562501694939291,15.39993461633626,5,5,407,0,0,0,28
0,6,0,NNS,5.0,shoes.,14,4,2.0001454204320908,20.84310234411959,21.28883870128945,6,5,408,1,0,1,29
2,1,2,PRP,0.0,It,0,0,4.338875164277852,16.818509266914305,10.702508639150992,2,5,409,0,1,0,0
1,0,1,VBD,0.0,was,0,0,0.8031526617705822,18.521451560034553,8.24568223794633,3,5,410,0,0,0,1
3,0,1,DT,0.0,the,0,1,4.574888720293529,20.651930178991396,5.17205129965733,3,5,411,0,0,0,2
0,0,0,JJ,0.0,new,0,1,8.816735003027134,16.69136483421134,10.885939281688206,3,5,412,0,0,0,3
0,1,1,NN,4.0,"haircut,",4,2,8.992511131364154,20.765103998514007,49.62206654506174,8,5,413,1,0,0,4
1,2,2,RB,1.0,"though,",2,3,8.670916384842712,20.76423467220504,17.859973008975096,7,5,414,1,0,0,5
2,1,2,WDT,0.0,that,0,1,1.3320679065363947,19.024464301341364,7.519988250559035,4,5,415,0,0,0,6
2,1,2,PRP,0.0,I,0,1,2.811692638322711,18.456613480707578,8.339223813452126,1,5,416,0,0,0,7
1,1,1,VBD,3.0,needed,0,1,5.84512913133949,14.864768373270463,13.521160937592931,6,5,417,0,0,0,8
2,0,1,TO,0.0,to,0,1,0.5155258972081356,19.88357245739644,6.280557174231113,2,5,418,0,0,0,9
1,0,1,VB,2.0,complete,0,1,11.07922820263775,14.706006650239294,13.75020568809299,8,5,419,0,0,0,10
1,0,1,PRP$,0.0,my,0,1,2.900648817885667,17.14653233326997,10.229271388022482,2,5,420,0,0,0,11
0,0,0,JJ,0.0,new,0,1,3.868773292284459,16.69136483421134,10.885939281688206,3,5,421,0,0,0,12
0,9,1,NN,3.0,look.,10,2,7.428533341735601,20.847825887782804,17.41367332067399,5,5,422,1,0,1,13
2,1,2,PRP,0.0,We,0,0,7.4333670530468225,16.52829367446487,11.121201235166446,2,5,423,0,1,0,0
1,1,1,RB,0.0,finally,0,1,7.6815116566140205,14.261109423812083,14.39205671036478,7,5,424,0,0,0,1
1,0,1,VBD,2.0,arrived,0,1,4.916054573608562,13.66460859533607,15.252625497493284,7,5,425,0,0,0,2
1,0,1,IN,0.0,at,0,1,0.9675304976990446,18.150223836201175,8.781250634161243,2,5,426,0,0,0,3
2,0,1,DT,0.0,the,0,0,0.7318624351173639,20.651930178991396,5.17205129965733,3,5,427,0,0,0,4
0,0,0,JJ,0.0,"unassuming,",1,2,19.22157482348848,20.76897437683299,35.60287147414471,11,5,428,1,0,0,5
0,0,0,JJ,0.0,unembellished,0,1,18.762829809216782,16.552665866170944,57.286443279357535,13,5,429,0,0,0,6
0,1,1,NN,5.0,"barbershop,",4,3,14.583354248432444,20.762465050830123,52.96925272973806,11,5,430,1,0,0,7
2,1,2,WRB,0.0,where,0,1,1.4571530476678165,16.599322624688853,11.018728120918755,5,5,431,0,0,0,8
2,1,2,PRP,0.0,they,0,1,6.218866316601634,17.366789695455783,9.911507183877728,4,5,432,0,0,0,9
1,0,1,VBD,3.0,cut,0,0,6.58090447075665,14.622175691633228,13.87114819634693,3,5,433,0,0,0,10
1,0,1,PRP$,0.0,our,0,1,4.39152690267656,16.813289236203154,10.71003955157126,3,5,434,0,0,0,11
0,1,0,NN,2.0,hair,2,1,1.3933516101678831,14.245307237885676,14.414854445636015,4,5,435,0,0,0,12
1,0,1,IN,0.0,for,0,1,4.698249843087979,18.90419907432743,7.693494297163422,3,5,436,0,0,0,13
1,2,1,JJ,2.0,free,2,2,7.44378582003992,15.3709734782082,12.790861343026585,4,5,437,0,0,0,14
1,0,1,IN,0.0,because,0,1,7.565983988344669,16.447210891125962,11.23817896459096,7,5,438,0,0,0,15
2,1,2,PRP,0.0,we,0,1,2.4730740133672953,17.726018436166637,9.393249661109394,2,5,439,0,0,0,16
1,0,1,VBD,0.0,were,0,1,1.2702742672991008,17.723648827567594,9.39666828368408,4,5,440,0,0,0,17
1,11,1,NNS,4.0,orphans.,12,2,11.62181765330024,20.90686295486626,41.05013413541009,8,5,441,1,0,1,18
2,0,1,RB,0.0,Even,0,0,8.851317611755803,14.144453808481098,14.560355188094649,4,5,442,0,1,0,0
0,0,0,IN,0.0,though,1,1,1.0553790589328855,15.33441482476998,12.843604331043483,6,5,443,0,0,0,1
2,1,2,PRP,0.0,we,0,1,2.474624061025679,17.726018436166637,9.393249661109394,2,5,444,0,0,0,2
1,0,1,VBD,0.0,were,0,1,0.9764078021980822,17.723648827567594,9.39666828368408,4,5,445,0,0,0,3
1,0,1,VBN,4.0,supposed,0,0,6.808859001903329,13.731607073741568,15.155967124950564,8,5,446,0,0,0,4
2,0,1,TO,0.0,to,0,0,0.0024874394875951,19.88357245739644,6.280557174231113,2,5,447,0,0,0,5
2,1,2,RB,0.0,slowly,0,1,16.58296124706976,13.575420471835994,15.381296760973036,6,5,448,0,0,0,6
0,0,0,VB,3.0,wait,0,1,8.501351796090603,14.138775243316212,14.568547625897388,4,5,449,0,0,0,7
2,0,1,TO,0.0,to,0,1,4.563822510914179,19.88357245739644,6.280557174231113,2,5,450,0,0,0,8
1,0,1,VB,0.0,be,0,1,2.9189740375441033,18.381669296901407,8.447345415772759,2,5,451,0,0,0,9
1,11,4,VBN,3.0,"called,",6,2,9.660893759457394,20.764972518096023,17.63547484130501,7,5,452,1,0,0,10
1,1,1,PRP,0.0,I,0,0,3.0066547176684253,18.456613480707578,8.339223813452126,1,5,453,0,0,0,11
2,0,1,VBD,2.0,ran,0,0,10.29420330375433,13.884295674538334,14.935684037780796,3,5,454,0,0,0,12
1,1,1,RB,1.0,straight,0,1,6.520825094543397,13.94036188760368,14.85479759023,8,5,455,0,0,0,13
1,0,1,RP,0.0,up,0,1,3.6716316482052207,17.040396008802368,10.382393736990077,2,5,456,0,0,0,14
1,0,1,TO,0.0,to,0,1,0.6404223075369373,19.88357245739644,6.280557174231113,2,5,457,0,0,0,15
2,1,2,CD,3.0,one,0,1,5.84775522199925,17.417661831348372,9.838114205706065,3,5,458,0,0,0,16
1,0,1,IN,0.0,of,0,1,0.1220796491834335,20.087642241543257,5.986146708647226,2,5,459,0,0,0,17
1,0,1,DT,0.0,the,0,1,0.3359980659442954,20.651930178991396,5.17205129965733,3,5,460,0,0,0,18
0,0,0,NN,0.0,barber,0,1,9.62044865975622,15.18013021053688,28.15256480879656,6,5,461,0,0,0,19
0,6,1,NNS,4.0,chairs,10,3,6.541821211576462,12.073175337545774,17.54857836641311,6,5,462,0,0,0,20
0,0,0,CC,1.0,and,0,0,0.6281952387653291,19.93279149564298,6.2095491118355035,3,5,463,0,0,0,21
1,0,1,VBD,1.0,climbed,0,1,10.344013031339273,12.056324759167708,17.57288861227526,7,5,464,0,0,0,22
1,1,1,RP,1.0,up,0,1,2.7250625404994935,17.040396008802368,10.382393736990077,2,5,465,0,0,0,23
1,0,1,IN,0.0,onto,0,1,3.7770549410488456,14.23775083943414,14.425756024209026,4,5,466,0,0,0,24
2,0,1,DT,0.0,the,0,0,1.6674100244999863,20.651930178991396,5.17205129965733,3,5,467,0,0,0,25
0,2,1,NN,3.0,board,1,2,11.852263615641276,14.27398675087952,14.373478654464687,5,5,468,0,0,0,26
3,0,1,DT,0.0,the,0,0,8.777504988014698,20.651930178991396,5.17205129965733,3,5,469,0,0,0,27
0,1,1,NN,1.0,barber,1,1,4.622575078159571,15.18013021053688,28.15256480879656,6,5,470,0,0,0,28
1,0,1,VBD,2.0,placed,0,0,7.505450088530779,14.24168898966994,14.420074474393562,6,5,471,0,0,0,29
1,0,1,IN,0.0,across,0,1,7.385606059804559,15.1713016384633,13.078926916031726,6,5,472,0,0,0,30
1,0,1,DT,0.0,the,0,1,1.6010589236975648,20.651930178991396,5.17205129965733,3,5,473,0,0,0,31
0,2,0,NNS,3.0,arms,11,5,13.356739130744243,13.908352238985437,14.900977751552134,4,5,474,0,0,0,32
2,0,1,TO,0.0,to,0,0,4.697098074248061,19.88357245739644,6.280557174231113,2,5,475,0,0,0,33
1,0,1,VB,2.0,make,0,1,5.225900718767662,16.32052950931665,11.420941565900218,4,5,476,0,0,0,34
2,1,2,PRP,0.0,me,1,1,4.986014362832066,16.93966537743082,10.527717319335425,2,5,477,0,0,0,35
1,0,1,VB,2.0,sit,0,1,5.145239796489477,13.876275405242778,14.947254840520092,3,5,478,0,0,0,36
1,0,1,RB,0.0,up,0,1,2.744232326745987,17.040396008802368,10.382393736990077,2,5,479,0,0,0,37
0,13,2,JJR,2.0,higher.,9,4,9.186292527243497,20.846768452575947,17.751907711533985,7,5,480,1,0,1,38
2,1,2,PRP,0.0,I,0,0,1.8126735938712957,18.456613480707578,8.339223813452126,1,5,481,0,1,0,0
2,0,1,VBD,1.0,looked,0,0,5.076142737292685,14.806781852602777,13.60481780339861,6,5,482,0,0,0,1
1,0,1,IN,0.0,at,0,1,2.2934277807944454,18.150223836201175,8.781250634161243,2,5,483,0,0,0,2
1,0,1,DT,0.0,the,0,1,1.6127060445724055,20.651930178991396,5.17205129965733,3,5,484,0,0,0,3
0,3,1,NN,3.0,man,3,1,6.468718844407704,15.799324757048984,12.17288107728454,3,5,485,0,0,0,4
0,0,0,CC,1.0,and,0,0,3.1770558021962643,19.93279149564298,6.2095491118355035,3,5,486,0,0,0,5
2,1,2,VBD,1.0,"said,",1,2,2.4031351786106825,20.78078062588832,15.595237168945632,5,5,487,1,0,0,6
1,0,1,IN,0.0,with,0,1,7.930207942205016,18.681580760008114,8.014664635242958,4,5,488,0,0,0,7
2,0,1,DT,0.0,a,0,0,0.956337795651052,19.69218547190043,6.556670229096891,1,5,489,0,0,0,8
0,0,0,VBG,0.0,beaming,0,1,13.808590501896106,18.386442156176052,24.602177056755245,7,5,490,0,0,0,9
0,1,1,NN,4.0,smile,2,2,3.5429375767707825,13.428293928912844,15.593555494831405,5,5,491,0,0,0,10
1,0,1,IN,0.0,on,0,1,1.7929128343530465,18.53086189167023,8.232105999162414,2,5,492,0,0,0,11
1,0,1,PRP$,0.0,my,0,1,0.3730819006013917,17.14653233326997,10.229271388022482,2,5,493,0,0,0,12
1,4,1,NN,3.0,"face,",6,2,0.2253292021487141,20.763477622286903,18.13335782647024,5,5,494,1,0,0,13
1,1,1,``,0.0,'I,1,2,10.79906440526247,17.920771799156284,20.387553075182257,2,5,495,1,0,0,14
1,0,1,VBP,2.0,want,0,1,4.457217520917766,16.098587804210084,11.741135763223902,4,5,496,0,0,0,15
1,0,1,DT,0.0,an,0,1,9.62086686969269,17.966326533280526,9.046558361117718,2,5,497,0,0,0,16
0,0,0,NNP,0.0,Elvis,0,1,0.4211986325681209,10.934124309194804,19.19188163633453,5,5,498,0,0,0,17
0,6,0,NN,3.0,haircut.,9,4,3.238050965592265,20.847601115256204,49.502445671110834,8,5,499,1,0,1,18
1,0,1,MD,0.0,Can,0,0,6.3500309605151415,13.99940753979093,14.769612720633395,3,5,500,0,1,0,0
1,1,1,PRP,0.0,you,1,1,0.8965750858187675,18.198249039215252,8.711964911935151,3,5,501,0,0,0,1
1,0,1,VBP,2.0,make,0,1,5.012670304509811,16.32052950931665,11.420941565900218,4,5,502,0,0,0,2
1,0,1,PRP$,0.0,my,0,1,5.982968789874576,17.14653233326997,10.229271388022482,2,5,503,0,0,0,3
0,1,0,NN,2.0,hair,2,1,1.5923797104042023,14.245307237885676,14.414854445636015,4,5,504,0,0,0,4
1,0,1,IN,0.0,like,0,1,5.776059266645461,16.890367918306506,10.598838519142497,4,5,505,0,0,0,5
1,4,1,NNP,3.0,Elvis's?',6,4,8.100650209467858,18.131133760300848,42.81296642691721,9,5,506,1,0,1,6
2,1,2,PRP,0.0,I,0,0,3.2566892690956593,18.456613480707578,8.339223813452126,1,5,507,0,1,0,0
1,2,1,VBD,1.0,asked.,2,2,8.234542464837432,20.84604334919205,18.03999236115946,6,5,508,1,0,1,1
3,0,1,DT,0.0,The,0,0,2.6292681742925197,18.12053694573349,8.824079763818386,3,5,509,0,1,0,0
0,1,1,NN,1.0,"barber,",2,2,6.743119884573389,20.76360770310349,33.16893348672818,7,5,510,1,0,0,1
2,1,2,WP,0.0,who,0,1,1.2268877797177993,16.99990971408453,10.440803113603463,3,5,511,0,0,0,2
2,0,1,VBD,0.0,was,0,1,1.3839880279265344,18.521451560034553,8.24568223794633,3,5,512,0,0,0,3
1,0,1,DT,0.0,a,0,1,3.811897052684799,19.69218547190043,6.556670229096891,1,5,513,0,0,0,4
1,0,1,JJ,0.0,genial,0,1,13.542634019860998,14.95015514886815,29.64066790610169,6,5,514,0,0,0,5
0,1,0,JJ,1.0,young,0,1,4.047110454179347,14.907700601426017,13.459222824938609,5,5,515,0,0,0,6
0,5,2,NN,5.0,"man,",7,2,1.547538445389364,20.76682600564379,17.189249755216153,4,5,516,1,0,0,7
2,0,1,VBD,1.0,grinned,0,0,8.795420883165207,11.542523101409172,18.314147715924022,7,5,517,0,0,0,8
1,1,1,RB,1.0,back,1,1,4.7587887942790985,16.337436220093977,11.396550338104024,4,5,518,0,0,0,9
1,0,1,IN,0.0,at,0,1,1.9663699902012013,18.150223836201175,8.781250634161243,2,5,519,0,0,0,10
1,3,2,PRP,2.0,me,2,1,0.8507176787243225,16.93966537743082,10.527717319335425,2,5,520,0,0,0,11
0,0,0,CC,1.0,and,0,0,0.4907974004745483,19.93279149564298,6.2095491118355035,3,5,521,0,0,0,12
1,0,1,VBD,1.0,said,0,1,4.667314112186432,16.904210086999463,10.57886849101402,4,5,522,0,0,0,13
1,0,1,IN,0.0,that,0,1,3.2963354606181383,19.024464301341364,7.519988250559035,4,5,523,0,0,0,14
2,1,2,PRP,0.0,he,0,1,1.580767808482051,17.694798179754258,9.438290970210817,2,5,524,0,0,0,15
1,0,1,MD,0.0,would,0,1,3.0178762562572956,17.12711793173308,10.257280448841584,5,5,525,0,0,0,16
1,0,1,VB,4.0,try,0,1,6.689055930823088,15.006064936542108,13.317313086466278,3,5,526,0,0,0,17
1,0,1,PRP$,0.0,his,0,1,4.48123920080252,17.63767918161909,9.520696265560964,3,5,527,0,0,0,18
0,8,0,JJS,2.0,best.,10,4,4.141358208609745,20.84840251396196,17.25784975825387,5,5,528,1,0,1,19
3,1,2,PRP,0.0,I,0,0,1.552884147502482,18.456613480707578,8.339223813452126,1,5,529,0,1,0,0
1,0,1,VBD,0.0,was,0,0,3.2571299262344837,18.521451560034553,8.24568223794633,3,5,530,0,0,0,1
1,0,1,RB,0.0,so,0,1,3.9040820356458426,17.102955196419583,10.292139907252675,2,5,531,0,0,0,2
0,1,0,JJ,3.0,happy,2,2,3.092935568653047,14.154345002374509,14.546085211716154,5,5,532,0,0,0,3
2,1,2,WRB,0.0,when,0,1,4.299201185815036,17.09507037229838,10.303515303910618,4,5,533,0,0,0,4
2,1,2,PRP,0.0,he,0,1,1.3155573140829802,17.694798179754258,9.438290970210817,2,5,534,0,0,0,5
1,0,1,VBD,3.0,started,0,1,7.32780026551336,14.87390553036849,13.507978806359793,7,5,535,0,0,0,6
2,0,1,TO,0.0,to,0,1,2.2392995845293626,19.88357245739644,6.280557174231113,2,5,536,0,0,0,7
1,0,1,VB,2.0,cut,0,1,5.105568855651654,14.622175691633228,13.87114819634693,3,5,537,0,0,0,8
1,0,1,PRP$,0.0,my,0,1,0.489594851678703,17.14653233326997,10.229271388022482,2,5,538,0,0,0,9
0,9,2,NN,2.0,"hair,",9,2,1.8647588550229557,20.761321798963447,19.43122312356763,5,5,539,1,0,0,10
0,0,0,CC,1.0,but,0,0,2.6178849913412705,17.553098244319884,9.64272076435627,3,5,540,0,0,0,11
2,0,1,RB,0.0,just,0,1,7.993932165205479,16.69359693645768,10.882719038846648,4,5,541,0,0,0,12
0,0,0,IN,0.0,as,0,1,2.131620147381909,18.455643172698917,8.340623672004352,2,5,542,0,0,0,13
2,1,2,PRP,0.0,he,0,1,3.384494484285824,17.694798179754258,9.438290970210817,2,5,543,0,0,0,14
1,0,1,VBD,3.0,started,0,1,2.528446310199797,14.87390553036849,13.507978806359793,7,5,544,0,0,0,15
2,0,1,TO,0.0,to,0,1,0.3414113977923989,19.88357245739644,6.280557174231113,2,5,545,0,0,0,16
1,6,3,VB,2.0,"cut,",6,2,6.839737297734246,20.761998780197754,18.887516874278543,4,5,546,1,0,0,17
2,0,1,DT,0.0,the,0,0,3.2526023192331195,20.651930178991396,5.17205129965733,3,5,547,0,0,0,18
0,1,1,NN,1.0,"matron,",2,2,15.753786173649132,20.76215579444453,34.883166133575315,7,5,548,1,0,0,19
2,1,2,WP,0.0,who,0,1,0.9678451886866242,16.99990971408453,10.440803113603463,3,5,549,0,0,0,20
3,0,1,VBD,0.0,had,0,1,2.4591694999253377,17.432489551576744,9.816722327264898,3,5,550,0,0,0,21
1,0,1,VBN,0.0,been,0,1,2.2557739801704884,17.198255400550867,10.154650775356767,4,5,551,0,0,0,22
1,0,1,VBG,4.0,watching,0,1,4.036148934275843,13.636054890583363,15.29381978573902,8,5,552,0,0,0,23
1,4,2,PRP,1.0,me,3,1,1.1819838099181652,16.93966537743082,10.527717319335425,2,5,553,0,0,0,24
0,0,0,CC,1.0,and,0,0,4.5913721127435565,19.93279149564298,6.2095491118355035,3,5,554,0,0,0,25
1,0,1,VBD,1.0,had,0,1,4.168021155754104,17.432489551576744,9.816722327264898,3,5,555,0,0,0,26
2,0,1,DT,0.0,a,0,0,4.487316184560768,19.69218547190043,6.556670229096891,1,5,556,0,0,0,27
0,1,1,NN,2.0,look,1,2,6.050798351760022,15.560851323885489,12.516925516693284,4,5,557,0,0,0,28
1,0,1,IN,0.0,as,0,0,8.94377853849437,18.455643172698917,8.340623672004352,2,5,558,0,0,0,29
1,2,1,NN,2.0,cold,1,1,11.899727951386012,14.08696644502038,14.643291922273203,4,5,559,0,0,0,30
1,0,1,IN,0.0,as,0,1,0.1350705805234611,18.455643172698917,8.340623672004352,2,5,560,0,0,0,31
1,8,2,NN,2.0,"ice,",9,5,3.9269555481732823,20.760789677571633,20.07407469206167,4,5,561,1,0,0,32
1,0,1,VBD,3.0,motioned,0,1,11.748446426761802,16.852415724466464,24.45655160474324,8,5,562,0,0,0,33
1,0,1,IN,0.0,for,0,1,3.631538523070049,18.90419907432743,7.693494297163422,3,5,563,0,0,0,34
2,1,2,PRP,0.0,him,1,1,5.870712665200699,16.695335111358073,10.880211382537656,3,5,564,0,0,0,35
1,0,1,TO,0.0,to,0,1,0.0539839372504502,19.88357245739644,6.280557174231113,2,5,565,0,0,0,36
1,0,1,VB,4.0,come,0,1,3.3372085213195533,15.64928219317746,12.389346740104251,4,5,566,0,0,0,37
1,1,1,RB,1.0,over,0,1,2.0799717139452696,16.743434436833045,10.810818724204807,4,5,567,0,0,0,38
1,0,1,TO,0.0,to,0,1,1.928889993345365,19.88357245739644,6.280557174231113,2,5,568,0,0,0,39
2,1,2,WRB,0.0,where,0,1,6.070355863193981,16.599322624688853,11.018728120918755,5,5,569,0,0,0,40
2,1,2,PRP,0.0,she,0,1,8.34894469322171,16.84690510554553,10.66154210357584,3,5,570,0,0,0,41
1,0,1,VBD,0.0,was,0,1,0.9243066869676112,18.521451560034553,8.24568223794633,3,5,571,0,0,0,42
1,12,1,VBG,5.0,standing.,14,3,5.1425848114304245,20.843697454455643,19.845669431545176,9,5,572,1,0,1,43
3,1,2,PRP,0.0,She,0,0,4.320156095083803,15.75878094018462,12.23137344081347,3,5,573,0,1,0,0
1,0,1,VBN,1.0,whispered,0,0,10.328882596455514,12.357303352096167,17.138668288843633,9,5,574,0,0,0,1
3,1,2,NN,1.0,something,1,1,3.026517480611801,15.723089952021756,12.28286465244046,9,5,575,0,0,0,2
1,0,1,IN,0.0,into,0,1,3.816321196405625,16.972256606338846,10.48069811501334,4,5,576,0,0,0,3
1,0,1,PRP$,0.0,his,0,1,1.629048884533404,17.63767918161909,9.520696265560964,3,5,577,0,0,0,4
0,3,1,NN,3.0,ear,3,2,0.7503027514903806,13.239924166143473,15.865315617432202,3,5,578,0,0,0,5
2,1,2,WDT,0.0,that,0,1,2.697141374461353,19.024464301341364,7.519988250559035,4,5,579,0,0,0,6
2,0,1,VBD,2.0,caused,0,1,7.359328110062052,14.4065314316148,14.182257100871684,6,5,580,0,0,0,7
1,0,1,DT,0.0,the,0,1,2.874666911753593,20.651930178991396,5.17205129965733,3,5,581,0,0,0,8
0,1,0,NN,2.0,barber,2,1,1.1806171158968937,15.18013021053688,28.15256480879656,6,5,582,0,0,0,9
2,0,1,TO,0.0,to,0,1,0.0979129805346019,19.88357245739644,6.280557174231113,2,5,583,0,0,0,10
1,0,1,VB,2.0,shake,0,0,6.3844582454185,12.332405692115271,17.17458801942781,5,5,584,0,0,0,11
1,0,1,PRP$,0.0,his,0,1,1.117375975460163,17.63767918161909,9.520696265560964,3,5,585,0,0,0,12
0,1,0,NN,2.0,"head,",3,3,2.952724167276756,20.764550724954944,17.75952599224804,5,5,586,1,0,0,13
1,0,1,IN,0.0,like,0,1,7.753738050232641,16.890367918306506,10.598838519142497,4,5,587,0,0,0,14
2,1,2,PRP,0.0,he,0,1,1.5988738685846329,17.694798179754258,9.438290970210817,2,5,588,0,0,0,15
1,0,1,VBD,0.0,was,0,1,0.6799030266702175,18.521451560034553,8.24568223794633,3,5,589,0,0,0,16
1,0,1,VBG,4.0,telling,0,1,8.241355481033679,13.59411422936708,15.354327369687358,7,5,590,0,0,0,17
1,1,1,PRP,1.0,"her,",2,2,5.797335671668407,20.78817531833222,15.15356361130831,4,5,591,1,0,0,18
2,16,5,``,1.0,'No'.,13,4,12.962012606789358,17.082923257784042,38.33151315978965,5,5,592,1,0,1,19
2,0,1,IN,0.0,In,0,0,7.041391042526811,17.05486160741379,10.361524289609886,2,5,593,0,1,0,0
1,2,2,NN,1.0,"response,",2,2,6.066451011865865,20.76365421810998,18.064817653911824,9,5,594,1,0,0,1
1,0,1,DT,0.0,the,0,0,2.302805115657975,20.651930178991396,5.17205129965733,3,5,595,0,0,0,2
0,1,0,NN,1.0,matron,1,2,3.74553986020328,14.692499805423235,29.866797455643702,6,5,596,0,0,0,3
2,0,1,VBD,2.0,walked,0,1,6.288254425628111,13.658999427798118,15.2607178156838,6,5,597,0,0,0,4
1,1,1,RB,1.0,over,0,1,0.7911013506818563,16.743434436833045,10.810818724204807,4,5,598,0,0,0,5
1,0,1,TO,0.0,to,0,1,0.816984370467253,19.88357245739644,6.280557174231113,2,5,599,0,0,0,6
2,0,1,DT,0.0,a,0,0,6.652370135881938,19.69218547190043,6.556670229096891,1,5,600,0,0,0,7
0,0,0,JJ,0.0,little,0,1,5.653789966600016,15.70386302020348,12.310603251626194,6,5,601,0,0,0,8
0,2,1,NN,4.0,man,2,2,7.066445943899453,15.799324757048984,12.17288107728454,3,5,602,0,0,0,9
2,0,1,VBG,1.0,sitting,0,0,3.561985273147002,13.705741449838731,15.193283332284686,7,5,603,0,0,0,10
1,0,1,IN,0.0,in,0,1,2.6361943151860032,19.583721360186956,6.713150865180346,2,5,604,0,0,0,11
2,0,1,DT,0.0,an,0,0,5.67107654348365,17.966326533280526,9.046558361117718,2,5,605,0,0,0,12
0,0,0,NN,0.0,office,0,1,5.4861552263610065,14.535645763419376,13.995984494669536,6,5,606,0,0,0,13
0,1,1,NN,4.0,chair,2,2,1.2340158596634865,13.400032992073104,15.634327408260972,5,5,607,0,0,0,14
2,1,2,WDT,0.0,that,0,1,3.822589204646647,19.024464301341364,7.519988250559035,4,5,608,0,0,0,15
2,0,1,VBD,2.0,squeaked,0,1,15.94538893457502,13.14705013631903,34.74115678519399,8,5,609,0,0,0,16
1,0,1,IN,0.0,as,0,1,5.319391247583553,18.455643172698917,8.340623672004352,2,5,610,0,0,0,17
2,1,2,PRP,0.0,it,0,1,2.6703546608332545,18.431334787537676,8.375693258728493,2,5,611,0,0,0,18
1,0,1,VBD,3.0,rolled,0,0,7.191019917838275,12.67476291269338,16.680670955087244,6,5,612,0,0,0,19
1,0,1,IN,0.0,around,0,1,4.080858912318945,15.859577351277904,12.08595495838978,6,5,613,0,0,0,20
1,0,1,DT,0.0,the,0,1,3.353922063106438,20.651930178991396,5.17205129965733,3,5,614,0,0,0,21
0,14,3,NN,3.0,floor,3,1,5.5408401548920665,14.125857334530725,14.587184228840869,5,5,615,0,0,0,22
0,0,0,CC,1.0,and,0,0,1.2145019872114062,19.93279149564298,6.2095491118355035,3,5,616,0,0,0,23
1,0,1,VBD,1.0,spoke,0,1,9.715478111989796,13.61509916221438,15.324052511135172,5,5,617,0,0,0,24
1,0,1,TO,0.0,to,0,1,1.3263916067080572,19.88357245739644,6.280557174231113,2,5,618,0,0,0,25
1,5,1,PRP,2.0,him.,18,5,3.307454413617961,20.858437547263986,15.77695918651836,4,5,619,1,0,1,26
2,1,2,PRP,0.0,It,0,0,5.668357360176742,16.818509266914305,10.702508639150992,2,5,620,0,1,0,0
1,0,1,VBD,0.0,was,0,1,0.5592879774048924,18.521451560034553,8.24568223794633,3,5,621,0,0,0,1
2,0,1,DT,0.0,the,0,1,3.703337037353776,20.651930178991396,5.17205129965733,3,5,622,0,0,0,2
0,0,0,JJ,0.0,little,0,1,7.849526882288046,15.70386302020348,12.310603251626194,6,5,623,0,0,0,3
0,1,1,NN,4.0,man,3,1,1.3466212158091366,15.799324757048984,12.17288107728454,3,5,624,0,0,0,4
2,1,2,WP,0.0,who,0,1,1.1759727075695992,16.99990971408453,10.440803113603463,3,5,625,0,0,0,5
4,1,2,RB,0.0,then,0,1,8.116421926766634,16.720629155852837,10.843719789981035,4,5,626,0,0,0,6
0,0,0,VBD,3.0,walked,0,0,5.70275442302227,13.658999427798118,15.2607178156838,6,5,627,0,0,0,7
1,2,2,RP,1.0,over,1,1,0.9519207403063774,16.743434436833045,10.810818724204807,4,5,628,0,0,0,8
0,0,0,CC,1.0,and,0,0,2.562483632005751,19.93279149564298,6.2095491118355035,3,5,629,0,0,0,9
1,0,1,VBD,1.0,said,0,1,5.471373560838401,16.904210086999463,10.57886849101402,4,5,630,0,0,0,10
1,1,1,NN,1.0,something,1,1,3.436098165810108,15.723089952021756,12.28286465244046,9,5,631,0,0,0,11
1,0,1,TO,0.0,to,0,1,1.736305734899361,19.88357245739644,6.280557174231113,2,5,632,0,0,0,12
2,0,1,DT,0.0,the,0,0,1.934281952737365,20.651930178991396,5.17205129965733,3,5,633,0,0,0,13
0,1,1,NN,3.0,man,1,2,4.01108583167661,15.799324757048984,12.17288107728454,3,5,634,0,0,0,14
2,1,2,WP,0.0,who,0,1,2.1691592410206795,16.99990971408453,10.440803113603463,3,5,635,0,0,0,15
2,0,1,VBD,0.0,was,0,1,0.7889415571698919,18.521451560034553,8.24568223794633,3,5,636,0,0,0,16
1,0,1,VBG,3.0,cutting,0,1,9.537349843769334,13.228611698845947,15.881636057902565,7,5,637,0,0,0,17
1,0,1,PRP$,0.0,my,0,1,0.6987516783701722,17.14653233326997,10.229271388022482,2,5,638,0,0,0,18
0,14,2,NN,2.0,hair.,14,4,0.9629752108303364,20.844118934691338,19.311602249616723,5,5,639,1,0,1,19
3,0,1,DT,0.0,The,0,0,2.1061881098430604,18.12053694573349,8.824079763818386,3,5,640,0,1,0,0
0,0,0,JJ,0.0,next,0,1,7.404308878118172,15.62799739018732,12.42005421982443,4,5,641,0,0,0,1
0,1,1,NN,2.0,thing,2,1,1.2385735735297203,15.328065254020496,12.85276482527554,5,5,642,0,0,0,2
3,1,2,PRP,0.0,I,0,1,0.4085670528875198,18.456613480707578,8.339223813452126,1,5,643,0,0,0,3
1,4,3,VBD,2.0,"knew,",2,1,1.0862625748268329,20.76240034542264,18.640984466815556,5,5,644,1,0,0,4
2,0,1,DT,0.0,the,0,0,2.0004476792382775,20.651930178991396,5.17205129965733,3,5,645,0,0,0,5
0,1,1,NN,1.0,man,1,1,3.2423653426085366,15.799324757048984,12.17288107728454,3,5,646,0,0,0,6
2,1,2,WP,0.0,who,0,1,2.7400414030998945,16.99990971408453,10.440803113603463,3,5,647,0,0,0,7
2,0,1,VBD,0.0,was,0,1,0.7136291365604848,18.521451560034553,8.24568223794633,3,5,648,0,0,0,8
1,0,1,VBG,3.0,cutting,0,1,1.7396011506207287,13.228611698845947,15.881636057902565,7,5,649,0,0,0,9
1,0,1,PRP$,0.0,my,0,1,0.0872457587902317,17.14653233326997,10.229271388022482,2,5,650,0,0,0,10
0,6,1,NN,2.0,hair,5,2,0.1946387706047971,14.245307237885676,14.414854445636015,4,5,651,0,0,0,11
1,0,1,VBD,2.0,told,0,1,7.657748496218119,15.319959885565703,12.864458400149848,4,5,652,0,0,0,12
1,1,1,PRP,1.0,me,1,1,0.4233945402665995,16.93966537743082,10.527717319335425,2,5,653,0,0,0,13
1,0,1,IN,0.0,that,0,1,0.774160860106349,19.024464301341364,7.519988250559035,4,5,654,0,0,0,14
2,1,2,PRP,0.0,he,0,1,1.2418876979500055,17.694798179754258,9.438290970210817,2,5,655,0,0,0,15
1,0,1,VBD,0.0,was,0,0,1.8221117600332943,18.521451560034553,8.24568223794633,3,5,656,0,0,0,16
1,0,1,RB,0.0,no,0,1,8.632906562299468,17.036769620663787,10.387625509173944,2,5,657,0,0,0,17
0,1,0,RB,1.0,longer,2,1,0.3752129619242623,14.742073549065116,13.698172152016731,6,5,658,0,0,0,18
1,0,1,VBN,5.0,allowed,0,0,6.385533984284848,14.445017480494185,14.126733469009988,7,5,659,0,0,0,19
2,0,1,TO,0.0,to,0,1,0.1627395153045654,19.88357245739644,6.280557174231113,2,5,660,0,0,0,20
1,0,1,VB,2.0,give,0,1,6.871128788799979,15.49882160069319,12.606415490730525,4,5,661,0,0,0,21
1,1,1,PRP,1.0,me,1,1,0.5641999582876451,16.93966537743082,10.527717319335425,2,5,662,0,0,0,22
1,0,1,DT,0.0,an,0,1,3.1189421399176354,17.966326533280526,9.046558361117718,2,5,663,0,0,0,23
0,0,0,NNP,0.0,Elvis,0,1,0.050993901953916,10.934124309194804,19.19188163633453,5,5,664,0,0,0,24
0,10,1,NN,3.0,cut.,13,5,11.410663321148604,20.844742138315297,18.767896000327635,4,5,665,1,0,1,25
3,0,2,``,0.0,'Why,0,1,12.446016573347151,16.90377939567719,25.111419095869753,4,5,666,1,1,0,0
0,2,1,RB,1.0,not?',4,3,5.900764710153453,18.072829371842616,23.705497772471404,5,5,667,1,0,0,1
1,1,1,PRP,0.0,I,0,0,0.4598808105802163,18.456613480707578,8.339223813452126,1,5,668,0,0,0,2
1,0,1,VBD,2.0,cried,1,1,9.444607657147571,12.723988077108029,16.609654054499288,5,5,669,0,0,0,3
1,3,1,RB,1.0,desperately.,3,3,11.000077206641436,20.84287088373196,22.88121206282751,12,5,670,1,0,1,4
4,0,1,DT,0.0,The,0,0,3.030984283570433,18.12053694573349,8.824079763818386,3,5,671,0,1,0,0
0,0,0,JJ,0.0,kindly,0,1,19.302315412875032,11.739224033977738,18.030368255969123,6,5,672,0,0,0,1
0,1,1,NN,2.0,barber,2,1,2.5130588971078396,15.18013021053688,28.15256480879656,6,5,673,0,0,0,2
1,0,1,VBN,1.0,stopped,0,0,7.364899177104235,13.884627021813374,14.935206004710285,7,5,674,0,0,0,3
1,0,1,IN,0.0,by,0,1,4.955093760043383,18.29067397824052,8.57862391074893,2,5,675,0,0,0,4
1,0,1,DT,0.0,the,0,1,1.5972518289345317,20.651930178991396,5.17205129965733,3,5,676,0,0,0,5
0,4,1,NN,3.0,matron,4,2,9.432133780617733,14.692499805423235,29.866797455643702,6,5,677,0,0,0,6
1,0,1,VBD,0.0,did,0,0,16.733064256608486,16.320603258264402,11.420835168659025,3,5,678,0,0,0,7
0,0,0,RB,0.0,not,1,1,2.2298885602504015,18.05588478508421,8.917353115369856,3,5,679,0,0,0,8
1,3,2,VB,3.0,"answer,",3,3,7.589253145037219,20.761995745059217,18.889549931751336,7,5,680,1,0,0,9
0,0,0,CC,1.0,but,0,0,1.7782916908618065,17.553098244319884,9.64272076435627,3,5,681,0,0,0,10
2,0,1,IN,0.0,from,0,1,9.77277398610022,18.126283629319108,8.815789051907856,4,5,682,0,0,0,11
1,0,1,PRP$,0.0,his,0,1,3.3700605964986607,17.63767918161909,9.520696265560964,3,5,683,0,0,0,12
0,2,1,NN,2.0,"expression,",3,2,8.427026534831384,20.764532031675145,17.765277236863618,11,5,684,1,0,0,13
1,1,1,PRP,0.0,I,0,1,1.729505494091427,18.456613480707578,8.339223813452126,1,5,685,0,0,0,14
1,0,1,MD,0.0,could,0,1,2.5041916859918274,16.68628345113659,10.893270167851,5,5,686,0,0,0,15
1,0,1,VB,4.0,tell,0,1,1.397928329592105,15.059241431042109,13.240595621559272,4,5,687,0,0,0,16
1,0,1,IN,0.0,that,0,1,1.0623657144606111,19.024464301341364,7.519988250559035,4,5,688,0,0,0,17
2,1,2,PRP,0.0,he,0,1,0.5530433296225965,17.694798179754258,9.438290970210817,2,5,689,0,0,0,18
1,0,1,VBD,3.0,wished,0,1,9.573488518595695,12.467505707332242,16.97967989745026,6,5,690,0,0,0,19
3,1,2,PRP,0.0,he,0,1,2.921375188510865,17.694798179754258,9.438290970210817,2,5,691,0,0,0,20
1,0,1,MD,0.0,could,0,1,0.886023011058569,16.68628345113659,10.893270167851,5,5,692,0,0,0,21
1,0,1,VB,3.0,cut,0,0,6.047172768507153,14.622175691633228,13.87114819634693,3,5,693,0,0,0,22
1,1,1,PRP,1.0,it,1,2,6.214028590824455,18.431334787537676,8.375693258728493,2,5,694,0,0,0,23
1,0,1,IN,0.0,as,0,1,4.741019464679994,18.455643172698917,8.340623672004352,2,5,695,0,0,0,24
2,1,2,PRP,0.0,I,0,1,5.607493797200732,18.456613480707578,8.339223813452126,1,5,696,0,0,0,25
1,0,1,VBD,0.0,had,0,1,4.4657151834107935,17.432489551576744,9.816722327264898,3,5,697,0,0,0,26
1,15,2,VBN,4.0,asked.,16,3,8.797502104192972,20.84604334919205,18.03999236115946,6,5,698,1,0,1,27
2,0,1,IN,0.0,Within,0,0,9.10277448152192,12.559142097487298,16.8474765318086,6,5,699,0,1,0,0
1,0,1,DT,0.0,a,0,1,1.5495071514960728,19.69218547190043,6.556670229096891,1,5,700,0,0,0,1
0,0,0,JJ,0.0,few,0,1,0.758483992634865,15.640373671735874,12.402199019809682,3,5,701,0,0,0,2
0,2,1,NNS,3.0,"minutes,",4,2,1.4159043602703605,20.762806778628757,18.42804357586703,8,5,702,1,0,0,3
1,1,1,PRP,0.0,it,0,1,5.650176469964208,18.431334787537676,8.375693258728493,2,5,703,0,0,0,4
1,0,1,VBD,0.0,wasn't,1,2,9.194521105790043,17.340735025747467,23.86596144889463,6,5,704,0,0,0,5
3,0,1,DT,0.0,an,0,0,5.989303270238452,17.966326533280526,9.046558361117718,2,5,705,0,0,0,6
0,0,0,NNP,0.0,Elvis,0,1,0.4067569976905361,10.934124309194804,19.19188163633453,5,5,706,0,0,0,7
0,1,1,NN,6.0,"haircut,",3,2,2.7664039097435307,20.765103998514007,49.62206654506174,8,5,707,1,0,0,8
0,0,0,CC,1.0,but,0,0,0.738362444593804,17.553098244319884,9.64272076435627,3,5,708,0,0,0,9
1,0,1,DT,0.0,a,0,0,2.0969072775915265,19.69218547190043,6.556670229096891,1,5,709,0,0,0,10
0,0,0,JJ,0.0,short,0,1,7.440947539173067,15.049776652011328,13.254250411330087,5,5,710,0,0,0,11
0,0,0,NN,0.0,buzz,0,1,13.64771169424057,11.94435717055326,17.73442369710962,4,5,711,0,0,0,12
0,2,1,NN,4.0,cut,3,2,0.9485783576965332,14.622175691633228,13.87114819634693,3,5,712,0,0,0,13
2,1,2,WDT,0.0,that,0,1,2.00530534889549,19.024464301341364,7.519988250559035,4,5,713,0,0,0,14
2,0,1,DT,0.0,the,0,0,4.95098254585173,20.651930178991396,5.17205129965733,3,5,714,0,0,0,15
0,1,1,NN,1.0,barber,1,2,0.9696691796416416,15.18013021053688,28.15256480879656,6,5,715,0,0,0,16
1,0,1,VBD,0.0,had,0,1,2.004286621697247,17.432489551576744,9.816722327264898,3,5,716,0,0,0,17
1,0,1,VBN,4.0,given,0,1,4.075255190487951,15.677245149446344,12.349004721766544,5,5,717,0,0,0,18
1,8,1,PRP,1.0,me.,11,4,1.51352685270831,20.86273456155483,15.424465123316129,3,5,718,1,0,1,19
3,1,2,WRB,0.0,When,0,0,5.527970490162261,15.320069616500676,12.864300091874131,4,5,719,0,1,0,0
2,1,2,PRP,0.0,he,0,1,3.2711777238873765,17.694798179754258,9.438290970210817,2,5,720,0,0,0,1
2,0,1,VBD,2.0,finished,0,1,4.61592258233577,13.780386880486644,15.085592739663923,8,5,721,0,0,0,2
2,0,1,VBG,1.0,shaving,0,0,8.107319712638855,14.720828508460825,30.577861944367797,7,5,722,0,0,0,3
1,1,1,RP,1.0,off,1,2,5.426899380981922,15.932315680740835,11.981015731191064,3,5,723,0,0,0,4
1,0,1,PDT,0.0,all,0,1,5.654015991138294,17.469149055179013,9.763833843216451,3,5,724,0,0,0,5
0,0,0,PRP$,0.0,my,0,1,3.093355636927299,17.14653233326997,10.229271388022482,2,5,725,0,0,0,6
0,4,2,NN,3.0,hair,4,1,2.168031730572693,14.245307237885676,14.414854445636015,4,5,726,0,0,0,7
0,0,0,CC,1.0,and,0,0,1.5008133158553392,19.93279149564298,6.2095491118355035,3,5,727,0,0,0,8
1,0,1,VBD,1.0,made,0,1,7.314737075241283,16.20496109229986,11.587671548013727,4,5,728,0,0,0,9
3,1,2,PRP,0.0,me,1,1,2.097293592058122,16.93966537743082,10.527717319335425,2,5,729,0,0,0,10
1,0,1,VBP,2.0,smell,0,0,15.116966279689224,12.76441333515888,16.551332735182665,5,5,730,0,0,0,11
1,0,1,RB,0.0,real,0,1,11.602453665807843,15.367587118320795,12.795746827642809,4,5,731,0,0,0,12
0,1,0,JJ,2.0,good,2,2,3.984960049390793,16.11631406487589,11.715562174867838,4,5,732,0,0,0,13
1,0,1,IN,0.0,with,0,1,4.203029441414401,18.681580760008114,8.014664635242958,4,5,733,0,0,0,14
1,0,1,PRP$,0.0,his,0,1,2.180771958315745,17.63767918161909,9.520696265560964,3,5,734,0,0,0,15
0,9,2,NN,3.0,"powder,",9,3,14.17847395373974,20.760267381874023,21.228501419407888,7,5,735,1,0,0,16
1,0,1,DT,0.0,the,0,0,2.5188644276640844,20.651930178991396,5.17205129965733,3,5,736,0,0,0,17
0,1,0,NN,1.0,barber,1,2,0.7638943478523288,15.18013021053688,28.15256480879656,6,5,737,0,0,0,18
2,0,1,VBD,2.0,handed,0,0,6.025870601515635,12.725419857209772,16.607588432446857,6,5,738,0,0,0,19
1,1,1,PRP,1.0,me,1,1,0.1459112133743474,16.93966537743082,10.527717319335425,2,5,739,0,0,0,20
1,0,1,DT,0.0,a,0,1,1.089260388049297,19.69218547190043,6.556670229096891,1,5,740,0,0,0,21
0,2,1,NN,2.0,nickel,2,1,12.802814953844065,11.550702829304258,18.302346863053963,6,5,741,0,0,0,22
0,0,0,CC,1.0,and,0,0,1.7223066501319408,19.93279149564298,6.2095491118355035,3,5,742,0,0,0,23
1,0,1,VBD,1.0,told,0,1,2.8978810214612167,15.319959885565703,12.864458400149848,4,5,743,0,0,0,24
2,1,2,PRP,1.0,me,1,1,0.0927568658080417,16.93966537743082,10.527717319335425,2,5,744,0,0,0,25
1,0,1,TO,0.0,to,0,1,1.3346984394593164,19.88357245739644,6.280557174231113,2,5,745,0,0,0,26
2,0,1,VB,2.0,go,0,0,2.9792564996751025,16.02670389409771,11.844842323862729,2,5,746,0,0,0,27
1,0,1,IN,1.0,outside,1,1,9.596843141131105,14.742859125993014,13.697038804078616,7,5,747,0,0,0,28
1,0,1,TO,0.0,to,0,1,2.4287758984137326,19.88357245739644,6.280557174231113,2,5,748,0,0,0,29
1,0,1,DT,0.0,the,0,1,4.066913666669279,20.651930178991396,5.17205129965733,3,5,749,0,0,0,30
0,0,0,NN,0.0,snack,0,1,11.753295870730652,11.333750951038144,18.615342261940036,5,5,750,0,0,0,31
0,4,1,NN,4.0,machine,4,1,10.086582396179438,14.18578155526407,14.500731852759738,7,5,751,0,0,0,32
0,0,0,CC,1.0,and,0,0,2.5219609551131725,19.93279149564298,6.2095491118355035,3,5,752,0,0,0,33
1,0,1,VB,1.0,buy,0,1,3.0280932903988287,14.13208397694888,14.578201082702808,3,5,753,0,0,0,34
1,1,1,PRP,1.0,myself,1,1,7.180073710740544,14.41097985792729,14.1758393782909,6,5,754,0,0,0,35
1,0,1,DT,0.0,a,0,1,0.9989404246443884,19.69218547190043,6.556670229096891,1,5,755,0,0,0,36
0,0,0,NN,0.0,candy,0,1,6.2738465395523235,11.72424741569764,18.051974948891107,5,5,756,0,0,0,37
0,8,0,NN,3.0,bar.,12,6,1.1829023025929928,20.8446955372095,18.80218363249827,4,5,757,1,0,1,38
2,1,2,PRP,0.0,I,0,0,1.284862942993641,18.456613480707578,8.339223813452126,1,5,758,0,1,0,0
1,0,1,VBD,1.0,handed,0,0,9.369718230562285,12.725419857209772,16.607588432446857,6,5,759,0,0,0,1
1,1,1,PRP,1.0,him,1,1,1.7779834037646651,16.695335111358073,10.880211382537656,3,5,760,0,0,0,2
1,0,1,DT,0.0,the,0,1,1.496104731108062,20.651930178991396,5.17205129965733,3,5,761,0,0,0,3
0,1,0,NN,2.0,nickel,2,1,6.038678570534103,11.550702829304258,18.302346863053963,6,5,762,0,0,0,4
1,1,1,RB,1.0,back,1,1,6.300132632255554,16.337436220093977,11.396550338104024,4,5,763,0,0,0,5
0,0,0,CC,1.0,and,0,0,0.3900627335533499,19.93279149564298,6.2095491118355035,3,5,764,0,0,0,6
1,0,1,VBD,1.0,told,0,1,4.292678787256591,15.319959885565703,12.864458400149848,4,5,765,0,0,0,7
1,1,1,PRP,1.0,him,1,1,0.2168134954990819,16.695335111358073,10.880211382537656,3,5,766,0,0,0,8
1,0,1,IN,0.0,that,0,1,1.7387746144086125,19.024464301341364,7.519988250559035,4,5,767,0,0,0,9
2,1,2,PRP,0.0,I,0,1,0.8150194678455591,18.456613480707578,8.339223813452126,1,5,768,0,0,0,10
1,0,1,VBD,0.0,was,0,0,2.1124456737888977,18.521451560034553,8.24568223794633,3,5,769,0,0,0,11
0,0,0,RB,0.0,not,1,1,5.145902971038595,18.05588478508421,8.917353115369856,3,5,770,0,0,0,12
1,7,1,JJ,5.0,hungry.,8,5,10.5976388779236,20.84295200006192,22.110365748440337,7,5,771,1,0,1,13
4,1,4,``,0.0,'I'm,0,2,10.32206413988024,18.058141380729055,32.26347317192539,4,5,772,1,1,0,0
1,0,1,RB,0.0,so,0,0,5.680972688831389,17.102955196419583,10.292139907252675,2,5,773,0,0,0,1
0,2,0,JJ,3.0,"sorry,",1,1,4.655311942915432,20.760741076685363,20.14999193487784,6,5,774,1,0,0,2
1,2,1,NN,1.0,"baby,'",7,5,7.891310462058755,14.806535408778474,29.334958314645828,6,5,775,1,0,0,3
1,1,1,PRP,0.0,he,0,1,0.9870937817904633,17.694798179754258,9.438290970210817,2,5,776,0,0,0,4
1,0,1,VBD,2.0,"said,",1,2,2.2243751926580444,20.78078062588832,15.595237168945632,5,5,777,1,0,0,5
1,0,1,IN,0.0,as,0,0,4.66009537896025,18.455643172698917,8.340623672004352,2,5,778,0,0,0,6
2,1,2,PRP,0.0,I,0,1,1.8744835090183187,18.456613480707578,8.339223813452126,1,5,779,0,0,0,7
1,0,1,VBD,3.0,climbed,0,1,8.67752918129554,12.056324759167708,17.57288861227526,7,5,780,0,0,0,8
1,0,1,RP,1.0,out,0,1,3.3312797065009363,17.1329401691801,10.24888073574989,3,5,781,0,0,0,9
1,0,1,IN,0.0,of,0,1,0.3377967513515614,20.087642241543257,5.986146708647226,2,5,782,0,0,0,10
1,0,1,PRP$,0.0,his,0,1,5.6446316539659165,17.63767918161909,9.520696265560964,3,5,783,0,0,0,11
0,0,0,NN,0.0,barber,0,1,8.448654797044583,15.18013021053688,28.15256480879656,6,5,784,0,0,0,12
0,8,0,NN,4.0,chair.,11,3,1.7230957075953484,20.843341537547985,20.53107521224168,6,5,785,1,0,1,13
3,1,3,``,0.0,'I,0,1,4.8076542392373085,17.920771799156284,20.387553075182257,2,5,786,1,1,0,0
1,0,1,VBP,0.0,am,0,0,5.448529534041882,15.867311981799867,12.07479624529264,2,5,787,0,0,0,1
0,0,0,RB,0.0,not,1,2,2.7936941040679812,18.05588478508421,8.917353115369856,3,5,788,0,0,0,2
1,0,1,DT,0.0,a,0,1,5.923866851255298,19.69218547190043,6.556670229096891,1,5,789,0,0,0,3
0,3,0,NN,4.0,"baby,'",6,3,9.701237059984123,14.806535408778474,29.334958314645828,6,5,790,1,0,0,4
1,1,1,PRP,0.0,I,0,1,0.1584337095555383,18.456613480707578,8.339223813452126,1,5,791,0,0,0,5
1,0,1,VBD,2.0,"said,",1,2,2.543015819392167,20.78078062588832,15.595237168945632,5,5,792,1,0,0,6
1,0,1,IN,0.0,as,0,0,2.825875396723859,18.455643172698917,8.340623672004352,2,5,793,0,0,0,7
2,1,2,PRP,0.0,I,0,1,0.66734252742026,18.456613480707578,8.339223813452126,1,5,794,0,0,0,8
1,0,1,VBD,3.0,wiped,0,1,9.987291808938608,11.705329357105697,18.07926793820495,5,5,795,0,0,0,9
1,0,1,DT,0.0,the,0,1,2.4668602927122265,20.651930178991396,5.17205129965733,3,5,796,0,0,0,10
0,1,0,NNS,2.0,tears,2,1,6.206812645308673,12.887766992044137,16.373371026118786,5,5,797,0,0,0,11
1,0,1,IN,0.0,from,0,1,0.4992284692780231,18.126283629319108,8.815789051907856,4,5,798,0,0,0,12
1,0,1,PRP$,0.0,my,0,1,0.0291428042401094,17.14653233326997,10.229271388022482,2,5,799,0,0,0,13
0,7,0,NNS,3.0,eyes.,9,3,1.1054585511083133,20.845427660148736,18.33962702489338,5,5,800,1,0,1,14
2,1,2,PRP,0.0,I,0,0,2.206650516018271,18.456613480707578,8.339223813452126,1,5,801,0,1,0,0
1,1,1,RB,0.0,then,0,1,5.405852423980832,16.720629155852837,10.843719789981035,4,5,802,0,0,0,1
2,0,1,VBD,2.0,sat,0,0,4.665571830468252,14.028922106589988,14.727032201478412,3,5,803,0,0,0,2
1,1,1,RB,1.0,down,1,1,1.0070608116220685,16.107036220281262,11.728947275254644,4,5,804,0,0,0,3
1,0,1,IN,0.0,on,0,1,1.656532666136627,18.53086189167023,8.232105999162414,2,5,805,0,0,0,4
1,0,1,DT,0.0,the,0,1,0.5297921474993927,20.651930178991396,5.17205129965733,3,5,806,0,0,0,5
0,3,1,NN,3.0,floor,3,1,5.077079637674615,14.125857334530725,14.587184228840869,5,5,807,0,0,0,6
0,0,0,CC,1.0,and,0,0,1.3050183090381324,19.93279149564298,6.2095491118355035,3,5,808,0,0,0,7
1,0,1,VBD,1.0,brushed,0,1,10.528967302758248,11.289319306669904,18.679443574928634,7,5,809,0,0,0,8
1,1,1,RB,1.0,away,1,1,7.55811077094404,15.450008430142663,12.676838009813835,4,5,810,0,0,0,9
2,0,1,DT,0.0,the,0,0,0.9843634182470852,20.651930178991396,5.17205129965733,3,5,811,0,0,0,10
0,1,1,NN,2.0,hair,1,2,5.452844238490798,14.245307237885676,14.414854445636015,4,5,812,0,0,0,11
2,1,2,WDT,0.0,that,0,1,1.859563574544154,19.024464301341364,7.519988250559035,4,5,813,0,0,0,12
2,0,1,VBD,0.0,had,0,1,0.9865314181079156,17.432489551576744,9.816722327264898,3,5,814,0,0,0,13
1,0,1,VBN,3.0,accumulated,0,1,6.414561341807712,12.119195804944662,17.482184866317343,11,5,815,0,0,0,14
1,0,1,IN,0.0,on,0,1,1.7699215924949383,18.53086189167023,8.232105999162414,2,5,816,0,0,0,15
1,0,1,PRP$,0.0,my,0,1,0.4870369049313012,17.14653233326997,10.229271388022482,2,5,817,0,0,0,16
0,0,0,JJ,0.0,shiny,0,1,14.75208594862488,11.53527386863399,18.32460614809903,5,5,818,0,0,0,17
0,0,0,JJ,0.0,new,1,1,3.8047546092420816,16.69136483421134,10.885939281688206,3,5,819,0,0,0,18
0,0,0,NNP,0.0,Buster,0,1,10.471362753072754,16.661257556003203,27.86601674676473,6,5,820,0,0,0,19
0,0,0,NNP,0.0,Brown,0,1,0.1006840297486633,13.562501694939291,15.39993461633626,5,5,821,0,0,0,20
0,10,1,NNS,7.0,shoes.,15,4,1.3280360624194143,20.84310234411959,21.28883870128945,6,5,822,1,0,1,21
3,0,1,PRP$,0.0,My,0,0,5.221071919891983,14.830213562265255,13.571012992069004,2,5,823,0,1,0,0
0,1,1,NN,1.0,head,1,1,6.185513715725392,15.404039391209997,12.743157314316427,4,5,824,0,0,0,1
1,0,1,VBD,0.0,was,0,0,1.5686801484553143,18.521451560034553,8.24568223794633,3,5,825,0,0,0,2
1,0,1,RB,0.0,no,0,0,8.153319296776317,17.036769620663787,10.387625509173944,2,5,826,0,0,0,3
0,1,0,RB,1.0,longer,2,3,0.3177535537397489,14.742073549065116,13.698172152016731,6,5,827,0,0,0,4
1,0,1,IN,0.0,in,0,1,3.6556030368665233,19.583721360186956,6.713150865180346,2,5,828,0,0,0,5
1,0,1,DT,0.0,the,0,1,1.2886506121139971,20.651930178991396,5.17205129965733,3,5,829,0,0,0,6
0,4,1,NNS,5.0,"clouds,",5,2,12.60153853194788,20.76009788894185,21.959958476195837,7,5,830,1,0,0,7
0,0,0,CC,1.0,and,0,0,2.0153786833398044,19.93279149564298,6.2095491118355035,3,5,831,0,0,0,8
2,1,2,PRP,0.0,I,0,1,1.0747692054137588,18.456613480707578,8.339223813452126,1,5,832,0,0,0,9
2,0,1,VBD,2.0,got,0,0,7.5582398065016605,15.62456919665391,12.425000057634286,3,5,833,0,0,0,10
1,1,1,RP,1.0,up,1,1,2.8065974246128462,17.040396008802368,10.382393736990077,2,5,834,0,0,0,11
1,0,1,IN,0.0,off,0,1,5.787751898227725,15.932315680740835,11.981015731191064,3,5,835,0,0,0,12
1,0,1,DT,0.0,the,0,1,0.5133141873666318,20.651930178991396,5.17205129965733,3,5,836,0,0,0,13
0,3,1,NN,3.0,"floor,",3,1,5.69697253681079,20.76115519982301,19.60355290677248,6,5,837,1,0,0,14
1,0,1,VBD,1.0,brushed,0,0,9.356891273200745,11.289319306669904,18.679443574928634,7,5,838,0,0,0,15
1,1,1,RP,1.0,off,1,1,3.787660994566977,15.932315680740835,11.981015731191064,3,5,839,0,0,0,16
1,0,1,PRP$,0.0,my,0,1,1.6247397728729993,17.14653233326997,10.229271388022482,2,5,840,0,0,0,17
0,0,0,JJ,0.0,short,0,1,8.952105751493946,15.049776652011328,13.254250411330087,5,5,841,0,0,0,18
0,2,0,NNS,3.0,"pants,",4,2,10.103078248503152,20.76003969263793,22.33085258192013,6,5,842,1,0,0,19
0,0,0,CC,1.0,and,0,0,0.6002090977854095,19.93279149564298,6.2095491118355035,3,5,843,0,0,0,20
1,0,1,VBD,1.0,walked,0,0,3.1241318793036044,13.658999427798118,15.2607178156838,6,5,844,0,0,0,21
1,1,1,RB,1.0,sullenly,1,2,19.75710806799179,16.782023782554038,41.61765668607878,8,5,845,0,0,0,22
1,0,1,IN,0.0,towards,0,1,4.712841163680423,14.360321289915005,14.24892424314076,7,5,846,0,0,0,23
1,0,1,DT,0.0,the,0,1,0.3652206496335566,20.651930178991396,5.17205129965733,3,5,847,0,0,0,24
0,6,0,NN,3.0,door.,11,7,8.287328712816816,20.8448801965876,18.670844202368713,5,5,848,1,0,1,25
2,0,1,DT,0.0,The,0,0,3.3408573623164557,18.12053694573349,8.824079763818386,3,5,849,0,1,0,0
0,1,1,NN,1.0,matron,1,1,5.858328690344933,14.692499805423235,29.866797455643702,6,5,850,0,0,0,1
1,0,1,VBD,0.0,was,0,1,3.8923802417702977,18.521451560034553,8.24568223794633,3,5,851,0,0,0,2
1,0,1,VBG,2.0,smiling,0,0,7.913937236648053,12.260721802706058,17.278006011190115,7,5,852,0,0,0,3
1,0,1,IN,0.0,at,0,1,1.8081656151334755,18.150223836201175,8.781250634161243,2,5,853,0,0,0,4
1,2,1,PRP,2.0,me,2,1,0.754070641763974,16.93966537743082,10.527717319335425,2,5,854,0,0,0,5
1,0,1,NN,1.0,sort,0,1,17.115561693906784,14.294908670539256,14.343294704725707,4,5,855,0,0,0,6
0,0,0,IN,1.0,of,1,1,0.0958275105804205,20.087642241543257,5.986146708647226,2,5,856,0,0,0,7
1,0,1,JJ,0.0,funny,2,2,5.690357178449631,12.989195347327067,16.22704084094658,5,5,857,0,0,0,8
0,5,0,RB,2.0,like.,4,2,17.70061705633998,20.86178263575631,15.495586323123202,5,5,858,1,0,1,9
3,0,1,DT,0.0,The,0,0,5.232097097381484,18.12053694573349,8.824079763818386,3,5,859,0,1,0,0
0,1,1,NN,1.0,barber,1,1,1.9333872509305363,15.18013021053688,28.15256480879656,6,5,860,0,0,0,1
1,0,1,VBN,1.0,upset,0,0,19.237782567739487,12.719491902918726,16.616140662705167,5,5,861,0,0,0,2
1,0,1,IN,0.0,by,0,1,7.76792852988001,18.29067397824052,8.57862391074893,2,5,862,0,0,0,3
1,0,1,DT,0.0,the,0,1,2.3475475017912686,20.651930178991396,5.17205129965733,3,5,863,0,0,0,4
0,4,1,NN,3.0,matron,4,2,13.477960456744768,14.692499805423235,29.866797455643702,6,5,864,0,0,0,5
1,0,1,VBD,1.0,said,0,1,6.152110159397125,16.904210086999463,10.57886849101402,4,5,865,0,0,0,6
1,0,1,TO,0.0,to,0,1,2.4019405905273743,19.88357245739644,6.280557174231113,2,5,866,0,0,0,7
1,2,1,PRP,2.0,"her,",3,2,8.864534354011994,20.78817531833222,15.15356361130831,4,5,867,1,0,0,8
2,1,2,``,0.0,'You,1,2,2.7856102688238025,17.186200139895845,22.600106994072338,4,5,868,1,0,0,9
1,0,1,VBP,0.0,are,0,1,3.1640036208555102,18.2277629932606,8.669385276796898,3,5,869,0,0,0,10
1,1,1,RB,0.0,just,0,0,6.382751029916108,16.69359693645768,10.882719038846648,4,5,870,0,0,0,11
1,0,1,DT,0.0,a,0,1,2.271427777595818,19.69218547190043,6.556670229096891,1,5,871,0,0,0,12
0,0,0,JJ,0.0,damn,0,1,11.794983606785536,12.605023246909068,16.781284025067524,4,5,872,0,0,0,13
0,2,0,NN,6.0,"bitch,",3,1,8.582073794910684,20.759987507014152,22.770845397900676,6,5,873,1,0,0,14
1,4,1,NN,1.0,lady.',8,5,12.01773481699638,15.18083252788088,29.31714559535555,6,5,874,1,0,1,15
2,1,2,PRP,0.0,She,0,0,4.487141796387732,15.75878094018462,12.23137344081347,3,5,875,0,1,0,0
1,0,1,VBD,1.0,yelled,0,0,9.39004520792514,11.653130787298837,18.154574556006803,6,5,876,0,0,0,1
1,1,1,RB,1.0,back,1,1,2.271165817975998,16.337436220093977,11.396550338104024,4,5,877,0,0,0,2
1,0,1,IN,0.0,at,0,1,1.5456111755338495,18.150223836201175,8.781250634161243,2,5,878,0,0,0,3
1,2,1,PRP,2.0,him,2,1,3.8508270058664498,16.695335111358073,10.880211382537656,3,5,879,0,0,0,4
1,0,1,IN,0.0,at,0,1,6.792663392261602,18.150223836201175,8.781250634161243,2,5,880,0,0,0,5
2,0,1,DT,0.0,the,0,0,1.4264836797228782,20.651930178991396,5.17205129965733,3,5,881,0,0,0,6
0,1,1,NN,3.0,top,1,2,4.32296094596677,15.287575881243978,12.911178642588926,3,5,882,0,0,0,7
1,0,1,IN,0.0,of,0,1,0.0369332455011317,20.087642241543257,5.986146708647226,2,5,883,0,0,0,8
1,0,1,PRP$,0.0,her,0,1,0.1000518498331075,17.210354868203652,10.137194933376698,3,5,884,0,0,0,9
0,4,0,NNS,3.0,"lungs,",6,3,2.1005076222354546,20.76004583937165,22.286860972521644,6,5,885,1,0,0,10
1,0,1,IN,0.0,before,0,1,7.544168928987347,16.28145242436684,11.477317882569707,6,5,886,0,0,0,11
2,0,1,VBG,2.0,walking,0,0,5.612483682518359,13.565187209829723,15.3960602373216,7,5,887,0,0,0,12
1,0,1,IN,0.0,toward,0,1,7.823157723643817,14.433417895276792,14.143468133079493,6,5,888,0,0,0,13
1,0,1,DT,0.0,the,0,1,0.6377941452374216,20.651930178991396,5.17205129965733,3,5,889,0,0,0,14
0,2,0,NN,3.0,"office,",4,3,12.28600531173288,20.761820106921917,19.01235317260115,7,5,890,1,0,0,15
2,0,1,RB,0.0,as,0,0,7.738987171964254,18.455643172698917,8.340623672004352,2,5,891,0,0,0,16
0,1,1,RB,2.0,fast,1,2,5.177499615761917,14.384049841392718,14.214691179596382,4,5,892,0,0,0,17
1,0,1,IN,0.0,as,0,1,0.0287359288777224,18.455643172698917,8.340623672004352,2,5,893,0,0,0,18
2,1,2,PRP,0.0,she,0,1,0.4230107383336872,16.84690510554553,10.66154210357584,3,5,894,0,0,0,19
1,9,2,MD,3.0,could.,8,2,1.961266333528329,20.858297336223117,15.790017971831706,6,5,895,1,0,1,20
3,0,1,TO,0.0,To,0,0,8.910332315601408,15.407390833225026,12.738322205541518,2,5,896,0,1,0,0
1,0,1,VB,1.0,show,0,1,9.941716606495902,15.708088945391284,12.304506530314583,4,5,897,0,0,0,1
1,0,1,PRP$,0.0,his,0,1,6.3475104158278555,17.63767918161909,9.520696265560964,3,5,898,0,0,0,2
0,4,2,NN,2.0,"anger,",4,2,6.166524377360474,20.76020772670672,21.446067437531603,6,5,899,1,0,0,3
1,0,1,DT,0.0,the,0,0,1.2714576127909822,20.651930178991396,5.17205129965733,3,5,900,0,0,0,4
0,1,0,NN,1.0,man,1,2,5.5519055309850955,15.799324757048984,12.17288107728454,3,5,901,0,0,0,5
2,0,1,VBD,2.0,hit,0,0,10.05579932918772,14.38519321875932,14.213041634739724,3,5,902,0,0,0,6
1,0,1,DT,0.0,the,0,1,2.131426710402593,20.651930178991396,5.17205129965733,3,5,903,0,0,0,7
0,1,0,NN,2.0,wall,2,1,5.0354243263136595,14.355726231869896,14.255553510595032,4,5,904,0,0,0,8
1,0,1,IN,0.0,with,0,1,2.186672953364905,18.681580760008114,8.014664635242958,4,5,905,0,0,0,9
1,0,1,PRP$,0.0,his,0,1,1.1916933307074942,17.63767918161909,9.520696265560964,3,5,906,0,0,0,10
0,3,1,NN,3.0,hand,3,1,6.280940882861614,15.495418490364132,12.611325141125857,4,5,907,0,0,0,11
0,0,0,CC,1.0,and,0,0,0.6399546349421144,19.93279149564298,6.2095491118355035,3,5,908,0,0,0,12
2,1,2,RB,0.0,then,0,1,6.110879388637841,16.720629155852837,10.843719789981035,4,5,909,0,0,0,13
0,0,0,VBD,2.0,walked,0,1,4.833995627705008,13.658999427798118,15.2607178156838,6,5,910,0,0,0,14
2,0,1,NN,1.0,outside,0,0,8.519108451437205,14.742859125993014,13.697038804078616,7,5,911,0,0,0,15
2,1,2,WRB,0.0,where,0,1,7.440644596237689,16.599322624688853,11.018728120918755,5,5,912,0,0,0,16
2,1,2,PRP,0.0,he,0,1,1.1544629517011344,17.694798179754258,9.438290970210817,2,5,913,0,0,0,17
1,0,1,VBD,3.0,stood,0,1,6.026333950459957,13.894046284558152,14.921616881059563,5,5,914,0,0,0,18
1,0,1,IN,0.0,against,0,1,10.226365549082402,15.917417844359774,12.002508765857996,7,5,915,0,0,0,19
1,0,1,DT,0.0,the,0,1,0.7030252500553615,20.651930178991396,5.17205129965733,3,5,916,0,0,0,20
0,0,0,NN,0.0,brick,0,1,7.475484266062267,12.15820505565817,17.42590641376417,5,5,917,0,0,0,21
0,2,0,NN,4.0,"wall,",7,1,2.8070074363495223,20.76149451588874,19.271922188526645,5,5,918,1,0,0,22
2,0,1,VBG,1.0,smoking,0,1,7.708391607098747,13.164230585498515,15.974518370855812,7,5,919,0,0,0,23
1,0,1,DT,0.0,a,0,1,0.9340460999519564,19.69218547190043,6.556670229096891,1,5,920,0,0,0,24
0,11,2,NN,2.0,cigarette.,11,6,1.691461908572819,20.842937047101064,22.224878225939175,10,5,921,1,0,1,25
3,1,2,PRP,0.0,I,0,0,2.228510495275259,18.456613480707578,8.339223813452126,1,5,922,0,1,0,0
1,0,1,VBD,1.0,understood,0,1,11.878441175445914,13.684020508950846,15.224620025987084,10,5,923,0,0,0,1
1,0,1,RB,0.0,right,0,1,8.804291065782309,16.228856578108523,11.553197649137935,5,5,924,0,0,0,2
0,1,0,RB,2.0,there,2,1,8.094258014112711,17.088435267092525,10.313087737286883,5,5,925,0,0,0,3
3,0,1,PRP$,0.0,my,0,0,11.062477174564265,17.14653233326997,10.229271388022482,2,5,926,0,0,0,4
0,1,1,NN,1.0,haircut,1,2,12.317311909631826,15.515391004231176,44.605697867130125,7,5,927,0,0,0,5
1,0,1,VBD,0.0,was,0,1,1.2191488929092884,18.521451560034553,8.24568223794633,3,5,928,0,0,0,6
2,1,2,NN,3.0,something,0,1,9.016377869993448,15.723089952021756,12.28286465244046,9,5,929,0,0,0,7
2,1,2,WDT,0.0,that,0,1,3.6262295083142817,19.024464301341364,7.519988250559035,4,5,930,0,0,0,8
2,0,1,VBD,0.0,had,0,1,3.20726484071929,17.432489551576744,9.816722327264898,3,5,931,0,0,0,9
1,0,1,VBN,0.0,been,0,1,2.4073610334889963,17.198255400550867,10.154650775356767,4,5,932,0,0,0,10
1,1,1,RB,0.0,out,0,1,9.997538408497348,17.1329401691801,10.24888073574989,3,5,933,0,0,0,11
1,0,1,IN,0.0,of,0,1,0.3378163283341564,20.087642241543257,5.986146708647226,2,5,934,0,0,0,12
2,0,1,DT,0.0,the,0,0,4.278851775714429,20.651930178991396,5.17205129965733,3,5,935,0,0,0,13
0,1,1,NN,7.0,power,1,2,12.193174437765265,15.576786077133484,12.493936527204609,5,5,936,0,0,0,14
1,0,1,IN,0.0,of,0,1,0.2204663635930046,20.087642241543257,5.986146708647226,2,5,937,0,0,0,15
1,0,1,DT,0.0,the,0,1,2.158241316967178,20.651930178991396,5.17205129965733,3,5,938,0,0,0,16
0,14,3,NN,3.0,barber,13,1,4.164630022190977,15.18013021053688,28.15256480879656,6,5,939,0,0,0,17
0,0,0,CC,1.0,and,0,0,2.041125685442239,19.93279149564298,6.2095491118355035,3,5,940,0,0,0,18
2,1,2,RB,0.0,then,0,1,8.94265180407092,16.720629155852837,10.843719789981035,4,5,941,0,0,0,19
1,1,1,PRP,0.0,I,0,1,2.4218509485945106,18.456613480707578,8.339223813452126,1,5,942,0,0,0,20
2,1,2,RB,0.0,slowly,0,1,11.002802073489876,13.575420471835994,15.381296760973036,6,5,943,0,0,0,21
0,0,0,VBD,4.0,walked,0,0,2.4294716394506395,13.658999427798118,15.2607178156838,6,5,944,0,0,0,22
1,1,1,RB,1.0,outside,1,1,6.681822694838047,14.742859125993014,13.697038804078616,7,5,945,0,0,0,23
2,0,1,TO,0.0,to,0,0,1.9281585913849997,19.88357245739644,6.280557174231113,2,5,946,0,0,0,24
1,0,1,VB,2.0,join,0,1,9.067655362305231,13.801566793960571,15.05503658352863,4,5,947,0,0,0,25
1,0,1,DT,0.0,the,0,1,1.0440120149869472,20.651930178991396,5.17205129965733,3,5,948,0,0,0,26
0,7,1,NN,2.0,man.,10,5,9.462595343356952,20.84918687174547,17.069628881265245,4,5,949,1,0,1,27
3,1,2,PRP,0.0,He,0,0,2.9724866347387433,16.547839497404837,11.093002573340865,2,5,950,0,1,0,0
2,0,1,VBD,1.0,looked,0,0,3.85498716076836,14.806781852602777,13.60481780339861,6,5,951,0,0,0,1
1,2,2,RB,2.0,"down,",1,1,10.968291647091974,20.769330799696807,16.745315953186257,5,5,952,0,0,0,2
1,0,1,VBD,1.0,smiled,0,1,7.045646036218386,13.031322072972186,16.166264822769477,6,5,953,0,0,0,3
1,0,1,IN,0.0,at,0,1,1.4153336995805148,18.150223836201175,8.781250634161243,2,5,954,0,0,0,4
1,5,2,PRP,2.0,"me,",5,3,0.9568056782591156,20.781528222407605,15.544085997267036,3,5,955,1,0,0,5
0,0,0,RB,0.0,then,0,1,3.133818876609439,16.720629155852837,10.843719789981035,4,5,956,0,0,0,6
2,1,2,PRP,0.0,he,0,1,5.9617683321703225,17.694798179754258,9.438290970210817,2,5,957,0,0,0,7
1,0,1,VBD,3.0,patted,0,1,10.43921214400325,13.65619707376834,32.59611574507097,6,5,958,0,0,0,8
1,1,1,PRP,1.0,me,1,1,1.2758804383920506,16.93966537743082,10.527717319335425,2,5,959,0,0,0,9
1,0,1,IN,0.0,on,0,1,0.3425307913857978,18.53086189167023,8.232105999162414,2,5,960,0,0,0,10
2,0,1,DT,0.0,the,0,0,0.0268728371374891,20.651930178991396,5.17205129965733,3,5,961,0,0,0,11
0,1,1,NN,3.0,top,1,2,12.983846246374014,15.287575881243978,12.911178642588926,3,5,962,0,0,0,12
1,0,1,IN,0.0,of,0,1,0.0257954773842357,20.087642241543257,5.986146708647226,2,5,963,0,0,0,13
1,0,1,PRP$,0.0,my,0,1,1.9633374081822696,17.14653233326997,10.229271388022482,2,5,964,0,0,0,14
1,0,1,JJ,0.0,bald,0,0,12.928725173951534,11.204591604787575,18.80167981026019,4,5,965,0,0,0,15
1,0,1,IN,0.0,as,0,1,14.834763757884502,18.455643172698917,8.340623672004352,2,5,966,0,0,0,16
1,0,1,DT,0.0,a,0,1,5.283740763668902,19.69218547190043,6.556670229096891,1,5,967,0,0,0,17
0,3,0,NN,3.0,coot,3,2,19.56642733037006,15.77909389780596,26.46256699958545,4,5,968,0,0,0,18
0,7,0,NN,4.0,head.,11,3,12.231386119499804,20.84709166432772,17.639905118297133,5,5,969,1,0,1,19
2,1,2,PRP,0.0,It,0,0,5.46196632552892,16.818509266914305,10.702508639150992,2,5,970,0,1,0,0
1,0,1,VBD,0.0,was,0,1,0.6489680199883878,18.521451560034553,8.24568223794633,3,5,971,0,0,0,1
2,0,1,DT,0.0,a,0,0,2.786534110084176,19.69218547190043,6.556670229096891,1,5,972,0,0,0,2
0,1,1,NN,3.0,fact,1,2,11.459270430263132,15.532767002656716,12.557442627656766,4,5,973,0,0,0,3
1,0,1,IN,0.0,of,0,1,2.7411600614432245,20.087642241543257,5.986146708647226,2,5,974,0,0,0,4
1,0,1,PRP$,0.0,my,0,1,5.607137013241299,17.14653233326997,10.229271388022482,2,5,975,0,0,0,5
0,3,0,NN,3.0,life,4,1,0.5747417060047155,15.841433963709996,12.112130333658929,4,5,976,0,0,0,6
1,0,1,IN,0.0,that,0,1,0.4067064048722386,19.024464301341364,7.519988250559035,4,5,977,0,0,0,7
2,1,2,PRP,0.0,I,0,1,1.462667995132506,18.456613480707578,8.339223813452126,1,5,978,0,0,0,8
1,0,1,VBD,0.0,was,0,0,2.395303101744503,18.521451560034553,8.24568223794633,3,5,979,0,0,0,9
0,0,0,RB,0.0,not,1,1,3.2282342491671443,18.05588478508421,8.917353115369856,3,5,980,0,0,0,10
2,1,2,NN,5.0,gonna,0,1,9.44202822749503,13.840804940674197,14.998427903851212,5,5,981,0,0,0,11
3,0,1,VBP,1.0,have,0,0,4.323069157311693,17.990997945585363,9.010965036933804,4,5,982,0,0,0,12
2,1,2,NN,1.0,hair,0,1,7.471891686320305,14.245307237885676,14.414854445636015,4,5,983,0,0,0,13
2,1,2,WDT,0.0,that,0,1,2.579513740260154,19.024464301341364,7.519988250559035,4,5,984,0,0,0,14
2,0,1,VBD,0.0,was,0,1,2.6456514983437955,18.521451560034553,8.24568223794633,3,5,985,0,0,0,15
2,1,2,NN,3.0,anything,0,1,8.206252692267299,15.045890893810077,13.25985637541713,8,5,986,0,0,0,16
1,0,1,IN,0.0,like,0,1,1.8852742612361908,16.890367918306506,10.598838519142497,4,5,987,0,0,0,17
1,11,4,NNP,3.0,Elvis's,7,3,7.245918449014425,18.115156577103217,28.02482176981566,7,5,988,0,0,0,18
1,0,1,RB,0.0,anytime,0,1,11.011812145414297,11.643076149435274,18.1690803321905,7,5,989,0,0,0,19
0,6,0,RB,2.0,soon.,10,4,0.668388556165155,20.844662274174837,18.827164724916763,5,5,990,1,0,1,20
2,1,2,PRP,0.0,I,0,0,1.7538947127759457,18.456613480707578,8.339223813452126,1,5,991,0,1,0,0
2,1,2,RB,0.0,then,0,1,6.455398122081533,16.720629155852837,10.843719789981035,4,5,992,0,0,0,1
1,0,1,VBD,2.0,looked,0,0,4.651388787315227,14.806781852602777,13.60481780339861,6,5,993,0,0,0,2
1,1,1,RB,1.0,up,1,1,2.823445626650937,17.040396008802368,10.382393736990077,2,5,994,0,0,0,3
1,0,1,IN,0.0,at,0,1,1.0120035801664926,18.150223836201175,8.781250634161243,2,5,995,0,0,0,4
1,0,1,DT,0.0,the,0,1,0.4698288676445372,20.651930178991396,5.17205129965733,3,5,996,0,0,0,5
0,2,0,NN,3.0,barber,3,1,3.4190234696725383,15.18013021053688,28.15256480879656,6,5,997,0,0,0,6
1,0,1,IN,0.0,with,0,1,4.610326449677814,18.681580760008114,8.014664635242958,4,5,998,0,0,0,7
1,0,1,PRP$,0.0,my,0,1,3.0303467711783014,17.14653233326997,10.229271388022482,2,5,999,0,0,0,8
0,0,0,JJ,0.0,wet,0,1,12.15253050555475,13.257021884596517,15.840648823809484,3,5,1000,0,0,0,9
0,0,0,JJ,0.0,red,0,1,6.568472366780043,14.790330541428592,13.628552028445725,3,5,1001,0,0,0,10
0,3,0,NNS,5.0,eyes,5,1,3.3584816195070744,14.919029124476776,13.442879220912676,4,5,1002,0,0,0,11
0,0,0,CC,1.0,and,0,0,0.5570383742451668,19.93279149564298,6.2095491118355035,3,5,1003,0,0,0,12
1,0,1,VBD,1.0,"asked,",1,2,6.788064411492087,20.76341215813084,18.159613235110367,6,5,1004,1,0,0,13
1,0,1,``,0.0,'Do,1,2,4.266247773426585,16.9022096379725,25.144393724084804,3,5,1005,1,0,0,14
1,1,1,PRP,0.0,you,1,1,0.1154090613126754,18.198249039215252,8.711964911935151,3,5,1006,0,0,0,15
1,0,1,VB,3.0,know,0,1,3.1212349482811987,16.39038930165751,11.320155189932528,4,5,1007,0,0,0,16
1,0,1,IN,0.0,if,0,1,4.911432876717299,17.14973730774824,10.224647587236507,2,5,1008,0,0,0,17
2,0,1,NNP,0.0,Elvis,0,0,4.343354200478643,10.934124309194804,19.19188163633453,5,5,1009,0,0,0,18
0,1,1,NNP,1.0,Presley,1,2,10.658482423052192,14.992929405973909,29.615935038270255,7,5,1010,0,0,0,19
1,0,1,VBZ,3.0,has,0,1,3.665265141520649,17.47535718373814,9.754877406931,3,5,1011,0,0,0,20
1,0,1,JJ,0.0,green,0,0,11.545691858511418,14.183999046390154,14.503303469472474,5,5,1012,0,0,0,21
0,9,0,NNS,2.0,bones?',13,6,15.13874069787562,14.210540070830882,31.570280846640543,7,5,1013,1,0,1,22
2,1,2,DT,0.0,This,0,0,7.012725598178804,15.915666198678592,12.005035856395631,4,6,1,0,1,0,0
1,0,1,VBZ,0.0,is,0,1,2.4458289803005755,19.144004138058012,7.347528720939248,2,6,2,0,0,0,1
2,0,1,DT,0.0,a,0,0,1.5853986268630251,19.69218547190043,6.556670229096891,1,6,3,0,0,0,2
0,1,1,NN,3.0,story,1,2,6.249087305855937,14.879676318898015,13.499653318366224,5,6,4,0,0,0,3
1,0,1,IN,0.0,of,0,1,2.9066209208685905,20.087642241543257,5.986146708647226,2,6,5,0,0,0,4
2,1,2,WRB,0.0,how,0,1,4.1181953174527735,16.442215191928913,11.245386235048318,3,6,6,0,0,0,5
2,0,1,NNP,0.0,Mr.,0,0,11.304298251401631,20.845638777078868,18.229751062886635,3,6,7,0,0,0,6
0,1,1,NNP,1.0,Sticky,1,2,19.73142475867644,15.40877579484841,31.03009561289304,6,6,8,0,0,0,7
1,0,1,VBD,4.0,got,0,1,4.527162767248228,15.62456919665391,12.425000057634286,3,6,9,0,0,0,8
1,0,1,IN,0.0,in,0,1,6.1705091304611415,19.583721360186956,6.713150865180346,2,6,10,0,0,0,9
2,1,2,NNP,1.0,Abby's,1,2,21.276028839172795,18.166105773017627,37.45018365121241,6,6,11,0,0,0,10
0,0,0,NN,0.0,fish,0,1,14.49269428360276,13.743956552428786,15.138150593290952,4,6,12,0,0,0,11
0,9,0,NN,4.0,tank.,11,2,4.151064336299896,20.84318165615772,20.991283005300897,5,6,13,1,0,1,12
4,1,4,``,0.0,'He's,0,2,19.529362168861553,18.420304143047147,31.98347387247895,5,6,14,1,1,0,0
1,0,1,RB,0.0,very,0,1,5.754706292646006,16.298183548324726,11.453179973007163,4,6,15,0,0,0,1
0,3,0,JJ,3.0,"small,'",6,3,10.7722690369701,15.90461538435298,26.610128122542477,7,6,16,1,0,0,2
2,1,2,NNP,1.0,Abby's,1,1,8.166787659632973,18.166105773017627,37.45018365121241,6,6,17,0,0,0,3
0,1,0,NN,1.0,mom,1,2,3.9050342754926537,13.13937977382052,16.010370513625723,3,6,18,0,0,0,4
1,0,1,VBD,2.0,said,2,1,3.598581880331039,16.904210086999463,10.57886849101402,4,6,19,0,0,0,5
1,0,1,IN,0.0,as,0,1,3.683882115758024,18.455643172698917,8.340623672004352,2,6,20,0,0,0,6
2,1,2,PRP,0.0,she,0,1,0.9881891609402372,16.84690510554553,10.66154210357584,3,6,21,0,0,0,7
1,0,1,VBD,3.0,peered,0,1,10.538436256814748,10.97261953588173,19.136344763695405,6,6,22,0,0,0,8
1,0,1,IN,0.0,at,0,1,3.232787313230802,18.150223836201175,8.781250634161243,2,6,23,0,0,0,9
1,0,1,DT,0.0,the,0,1,1.8389671266195364,20.651930178991396,5.17205129965733,3,6,24,0,0,0,10
0,0,0,JJ,0.0,tiny,0,1,5.240258583682589,13.205676423993037,15.914724665194283,4,6,25,0,0,0,11
0,0,0,NN,0.0,water,0,1,10.079437114298344,15.55179255272304,12.529994560925893,5,6,26,0,0,0,12
0,7,0,NN,5.0,snail.,9,2,14.284577146172523,20.844599619898464,34.8608629686466,6,6,27,1,0,1,13
2,1,2,NNP,0.0,Abby,0,0,6.304350569844246,15.17826501686784,28.61724351773128,4,6,28,0,1,0,0
2,0,1,VBD,1.0,said,0,0,5.747668117284775,16.904210086999463,10.57886849101402,4,6,29,0,0,0,1
1,0,1,IN,0.0,that,0,1,3.1918038800358772,19.024464301341364,7.519988250559035,4,6,30,0,0,0,2
2,1,2,PRP,0.0,he,0,1,4.557348445057869,17.694798179754258,9.438290970210817,2,6,31,0,0,0,3
1,0,1,MD,0.0,would,0,1,5.346834204159677,17.12711793173308,10.257280448841584,5,6,32,0,0,0,4
1,5,2,VB,4.0,grow,4,1,6.121637378819287,13.813380290555004,15.037993310576285,4,6,33,0,0,0,5
0,0,0,CC,1.0,and,0,0,6.462743083946407,19.93279149564298,6.2095491118355035,3,6,34,0,0,0,6
1,1,1,RB,0.0,then,0,1,5.074003973044455,16.720629155852837,10.843719789981035,4,6,35,0,0,0,7
1,0,1,VBD,2.0,pulled,0,0,17.322002350352705,13.682342527887013,15.22704084094658,6,6,36,0,0,0,8
1,0,1,PRP$,0.0,her,0,1,4.036529893986881,17.210354868203652,10.137194933376698,3,6,37,0,0,0,9
0,0,0,NN,0.0,pajama,0,1,20.48663897998631,16.792520609374193,41.41404352062138,6,6,38,0,0,0,10
0,1,0,NNS,3.0,bottoms,3,1,0.8592051999876276,13.671077673705124,33.2012560505614,7,6,39,0,0,0,11
1,0,1,RB,0.0,up,1,1,4.011430811136961,17.040396008802368,10.382393736990077,2,6,40,0,0,0,12
0,1,0,RB,2.0,again,1,1,9.843219369649889,15.602953223186589,12.45618531535958,5,6,41,0,0,0,13
1,0,1,IN,0.0,before,0,1,5.575608124723658,16.28145242436684,11.477317882569707,6,6,42,0,0,0,14
2,1,2,PRP,0.0,she,0,1,3.220814900705591,16.84690510554553,10.66154210357584,3,6,43,0,0,0,15
1,0,1,VBD,3.0,got,0,1,4.711425132234581,15.62456919665391,12.425000057634286,3,6,44,0,0,0,16
1,0,1,IN,0.0,into,0,1,4.654206866864115,16.972256606338846,10.48069811501334,4,6,45,0,0,0,17
1,5,1,NN,2.0,"bed,",6,3,7.759604809456505,20.76132695591477,19.426203373524135,4,6,46,1,0,0,18
1,0,1,IN,0.0,for,0,1,8.66383100184612,18.90419907432743,7.693494297163422,3,6,47,0,0,0,19
2,1,2,PRP,0.0,they,0,1,8.352299416437745,17.366789695455783,9.911507183877728,4,6,48,0,0,0,20
1,0,1,VBD,0.0,were,0,0,1.377566103823483,17.723648827567594,9.39666828368408,4,6,49,0,0,0,21
1,1,1,RB,0.0,always,1,1,6.732240230077878,15.503668334268962,12.59942313223625,6,6,50,0,0,0,22
1,0,1,VBG,5.0,falling,0,0,11.088153692660851,13.106177083285871,16.05827187060423,7,6,51,0,0,0,23
1,8,1,RP,1.0,down.,10,6,5.271567568182945,20.85149386392958,16.62569507923535,5,6,52,1,0,1,24
3,1,2,RB,0.0,"Usually,",1,1,13.925154522235973,20.759964171576023,23.021441452515145,8,6,53,1,1,0,0
2,1,2,NNP,1.0,Abby's,1,1,7.4563884519157,18.166105773017627,37.45018365121241,6,6,54,0,0,0,1
0,1,0,NN,1.0,mom,1,2,1.5486904783174396,13.13937977382052,16.010370513625723,3,6,55,0,0,0,2
1,0,1,VBD,2.0,got,0,0,7.456690365099348,15.62456919665391,12.425000057634286,3,6,56,0,0,0,3
1,1,1,RP,1.0,up,1,2,2.6603551007574424,17.040396008802368,10.382393736990077,2,6,57,0,0,0,4
1,0,1,IN,0.0,at,0,1,3.5370731687289663,18.150223836201175,8.781250634161243,2,6,58,0,0,0,5
2,0,1,DT,0.0,the,0,0,4.136185168419615,20.651930178991396,5.17205129965733,3,6,59,0,0,0,6
0,1,1,NN,3.0,crack,1,2,10.389357988766278,12.93415492680327,16.306447382684706,5,6,60,0,0,0,7
1,0,1,IN,0.0,of,0,1,0.3220305190816361,20.087642241543257,5.986146708647226,2,6,61,0,0,0,8
1,6,2,NN,2.0,"dawn,",7,2,2.8330778915506016,20.76001932052883,22.487056843830725,5,6,62,1,0,0,9
0,0,0,CC,1.0,but,0,0,3.1654373083729297,17.553098244319884,9.64272076435627,3,6,63,0,0,0,10
2,1,2,PRP,0.0,it,0,1,5.389414387755096,18.431334787537676,8.375693258728493,2,6,64,0,0,0,11
1,0,1,VBD,0.0,was,0,1,0.7598828254267573,18.521451560034553,8.24568223794633,3,6,65,0,0,0,12
2,1,2,NNP,3.0,Abby,1,1,10.260627866722643,15.17826501686784,28.61724351773128,4,6,66,0,0,0,13
2,1,2,WP,0.0,who,0,1,0.9728283919394016,16.99990971408453,10.440803113603463,3,6,67,0,0,0,14
3,0,1,VBD,2.0,jumped,0,0,8.659809347242117,12.43608852818679,17.025005306002125,6,6,68,0,0,0,15
1,1,1,RP,1.0,out,0,1,2.474318601191044,17.1329401691801,10.24888073574989,3,6,69,0,0,0,16
1,0,1,IN,0.0,of,0,1,0.5669452969887061,20.087642241543257,5.986146708647226,2,6,70,0,0,0,17
1,2,1,NN,2.0,bed,3,1,0.9507060746691424,14.248786663475435,14.409834695592522,3,6,71,0,0,0,18
1,1,1,RB,1.0,first,1,1,10.409990519285202,16.77947782339326,10.758819109157542,5,6,72,0,0,0,19
1,0,1,DT,0.0,the,0,1,8.291467202914646,20.651930178991396,5.17205129965733,3,6,73,0,0,0,20
0,0,0,JJ,0.0,next,0,1,1.570063766936073,15.62799739018732,12.42005421982443,4,6,74,0,0,0,21
0,2,1,NN,3.0,morning,3,1,2.1960255997255445,14.457211274512064,14.109141542850772,7,6,75,0,0,0,22
0,0,0,CC,1.0,and,0,0,1.5680219512432814,19.93279149564298,6.2095491118355035,3,6,76,0,0,0,23
1,0,1,VBD,1.0,switched,0,1,12.262067303061484,12.368353046582302,17.12272694940515,8,6,77,0,0,0,24
1,1,1,RP,1.0,on,1,1,2.9504682794213295,18.53086189167023,8.232105999162414,2,6,78,0,0,0,25
2,0,1,DT,0.0,the,0,0,0.907655925140716,20.651930178991396,5.17205129965733,3,6,79,0,0,0,26
0,1,1,NN,2.0,light,1,2,3.205598780303262,15.434437308641591,12.69930238958451,5,6,80,0,0,0,27
1,0,1,IN,0.0,in,0,1,3.9850903769256543,19.583721360186956,6.713150865180346,2,6,81,0,0,0,28
2,0,1,PRP$,0.0,her,0,0,1.3338708524825051,17.210354868203652,10.137194933376698,3,6,82,0,0,0,29
0,0,0,NN,0.0,fish,0,1,7.430571019416675,13.743956552428786,15.138150593290952,4,6,83,0,0,0,30
0,1,1,NN,4.0,"tank,",3,3,3.340083502116613,20.760303572020508,21.110903879251804,5,6,84,1,0,0,31
2,1,2,WDT,0.0,which,0,1,3.20261340693105,17.599930483545194,9.57515612507219,5,6,85,0,0,0,32
2,0,1,VBD,2.0,contained,0,1,8.134647854836658,13.887047656824844,14.931713766583435,9,6,86,0,0,0,33
1,0,1,CD,0.0,three,0,0,6.643152704229578,16.090655181464843,11.752580118719706,5,6,87,0,0,0,34
0,15,2,NN,2.0,fish.,15,6,7.548689920455217,20.843581775871023,20.034898397271657,5,6,88,1,0,1,35
3,0,1,IN,0.0,At,0,0,6.837246670911554,15.132261360282495,13.1352501317581,2,6,89,0,1,0,0
1,2,2,JJ,1.0,"first,",2,2,2.478410867857747,20.77834769351069,15.775187787089155,6,6,90,1,0,0,1
1,1,1,PRP,0.0,she,0,1,2.8552681026631035,16.84690510554553,10.66154210357584,3,6,91,0,0,0,2
1,0,1,MD,0.0,could,0,1,6.3746444480493665,16.68628345113659,10.893270167851,5,6,92,0,0,0,3
1,0,1,VB,3.0,see,0,1,2.4715806590393186,16.358742639435995,11.365811672580191,3,6,93,0,0,0,4
2,0,1,DT,0.0,neither,0,0,10.941300418227913,13.769776519083,15.100900255443,7,6,94,0,0,0,5
1,1,1,NN,2.0,hide,0,0,17.949554052203894,13.12170916345304,16.035863815572366,4,6,95,0,0,0,6
0,0,0,CC,1.0,nor,0,0,0.0338467610999941,14.319156872049229,14.308311944656792,3,6,96,0,0,0,7
1,2,2,NN,1.0,hair,3,4,6.554392763413489,14.245307237885676,14.414854445636015,4,6,97,0,0,0,8
1,0,1,IN,0.0,of,0,1,4.446847120067105,20.087642241543257,5.986146708647226,2,6,98,0,0,0,9
1,0,1,DT,0.0,the,0,1,1.0497781364247205,20.651930178991396,5.17205129965733,3,6,99,0,0,0,10
0,6,1,NN,3.0,"snail,",8,2,6.915809881524183,20.761843966764157,34.98048384259751,6,6,100,1,0,0,11
0,0,0,CC,1.0,but,0,0,0.514122694847174,17.553098244319884,9.64272076435627,3,6,101,0,0,0,12
2,1,2,RB,0.0,then,0,1,3.775179459247738,16.720629155852837,10.843719789981035,4,6,102,0,0,0,13
1,1,1,PRP,0.0,she,0,1,0.7431922117248178,16.84690510554553,10.66154210357584,3,6,103,0,0,0,14
1,0,1,VBD,3.0,spotted,0,1,7.050417398568243,12.12295730548624,17.476758168139707,7,6,104,0,0,0,15
1,4,1,PRP,1.0,him.,6,3,7.744047166313976,20.858437547263986,15.77695918651836,4,6,105,1,0,1,16
2,1,2,PRP,0.0,It,0,0,4.757149767130613,16.818509266914305,10.702508639150992,2,6,106,0,1,0,0
1,0,1,VBD,0.0,had,0,1,5.750608888454735,17.432489551576744,9.816722327264898,3,6,107,0,0,0,1
1,0,1,VBN,2.0,taken,0,0,6.993071921635419,15.055020665394766,13.246684899227446,5,6,108,0,0,0,2
1,1,1,NNP,1.0,Abby,0,1,5.44430053094402,15.17826501686784,28.61724351773128,4,6,109,0,0,0,3
1,0,1,DT,0.0,a,0,0,2.699154892237857,19.69218547190043,6.556670229096891,1,6,110,0,0,0,4
0,1,0,NN,2.0,while,3,2,2.3565461698453873,16.10244024205133,11.735577870255009,5,6,111,0,0,0,5
2,0,1,TO,0.0,to,0,1,0.1781847319216467,19.88357245739644,6.280557174231113,2,6,112,0,0,0,6
1,0,1,VB,2.0,find,0,1,5.0901552033028565,15.844254285817549,12.108061468940654,4,6,113,0,0,0,7
1,4,2,NNP,1.0,Sticky,3,2,11.940306548262017,15.40877579484841,31.03009561289304,6,6,114,0,0,0,8
1,0,1,IN,0.0,because,0,1,4.997999764978886,16.447210891125962,11.23817896459096,7,6,115,0,0,0,9
2,1,2,PRP,0.0,he,0,1,1.9153432808816433,17.694798179754258,9.438290970210817,2,6,116,0,0,0,10
1,0,1,VBD,0.0,was,0,1,1.2975233853794634,18.521451560034553,8.24568223794633,3,6,117,0,0,0,11
1,0,1,VBG,4.0,clinging,0,1,12.098014919552952,10.730466080729594,19.48569835257752,8,6,118,0,0,0,12
1,0,1,TO,0.0,to,0,1,0.3600110222469084,19.88357245739644,6.280557174231113,2,6,119,0,0,0,13
2,0,1,DT,0.0,the,0,0,2.238136108760955,20.651930178991396,5.17205129965733,3,6,120,0,0,0,14
0,1,1,NN,3.0,glass,1,2,7.846864595572697,13.955271630773836,14.833287377697484,5,6,121,0,0,0,15
1,0,1,IN,0.0,near,0,1,10.151795995538125,14.792142389113206,13.62593808477629,4,6,122,0,0,0,16
1,0,1,DT,0.0,the,0,0,1.3774010784109123,20.651930178991396,5.17205129965733,3,6,123,0,0,0,17
0,4,0,NN,3.0,"bottom,",2,3,6.702935335983057,20.761207010684323,19.54772519272194,7,6,124,1,0,0,18
1,0,1,RB,0.0,right,0,1,10.149367983220143,16.228856578108523,11.553197649137935,5,6,125,0,0,0,19
0,0,0,JJ,2.0,next,0,1,2.2292613353056367,15.62799739018732,12.42005421982443,4,6,126,0,0,0,20
1,0,1,TO,0.0,to,0,1,0.0162500647420529,19.88357245739644,6.280557174231113,2,6,127,0,0,0,21
1,0,1,DT,0.0,the,0,1,1.554010912135709,20.651930178991396,5.17205129965733,3,6,128,0,0,0,22
0,10,0,NN,3.0,gravel.,16,2,12.19403512327699,20.842834035584108,23.439332591817447,7,6,129,1,0,1,23
2,0,1,IN,0.0,At,0,0,6.617874197952915,15.132261360282495,13.1352501317581,2,6,130,0,1,0,0
1,2,2,NN,1.0,school,1,1,13.558655775792433,15.088473833774282,13.198422179104297,6,6,131,0,0,0,1
2,0,1,DT,0.0,that,0,1,6.437821208499372,19.024464301341364,7.519988250559035,4,6,132,0,0,0,2
0,2,1,NN,1.0,"day,",3,2,1.5620748007204384,20.767717064386662,17.01538908338552,4,6,133,1,0,0,3
2,1,2,NNP,0.0,"Abby,",1,1,9.093297573097516,20.763600697476168,33.63361219566289,5,6,134,1,0,0,4
1,0,1,VBN,1.0,encouraged,0,0,13.987779864051843,12.641872953434412,16.7281211362052,10,6,135,0,0,0,5
1,0,1,IN,0.0,by,0,1,0.7275710483663715,18.29067397824052,8.57862391074893,2,6,136,0,0,0,6
1,0,1,PRP$,0.0,her,0,1,1.335387434985023,17.210354868203652,10.137194933376698,3,6,137,0,0,0,7
0,4,0,NN,3.0,"teacher,",5,4,4.031079072272405,20.760401575164657,20.833521921558138,8,6,138,1,0,0,8
1,0,1,VBD,3.0,wrote,0,0,9.235515869688244,14.430934547025275,14.147050847286753,5,6,139,0,0,0,9
1,1,1,RB,1.0,excitedly,1,2,17.303685307502747,16.132662635380626,27.45827258408235,9,6,140,0,0,0,10
1,0,1,IN,0.0,about,0,1,2.1019862949615344,17.10157168565105,10.294135891377458,5,6,141,0,0,0,11
2,0,1,DT,0.0,the,0,0,2.420935628120787,20.651930178991396,5.17205129965733,3,6,142,0,0,0,12
1,0,1,JJ,0.0,small,0,1,7.060114767868072,15.662894719185696,12.3697080163382,5,6,143,0,0,0,13
0,0,0,CC,1.0,and,0,0,7.278247673762962,19.93279149564298,6.2095491118355035,3,6,144,0,0,0,14
0,1,0,JJ,1.0,mysterious,2,2,6.922184582101181,12.18940450060739,17.380895129257443,10,6,145,0,0,0,15
0,0,0,NNP,0.0,Mr.,0,1,8.874254082795233,20.845638777078868,18.229751062886635,3,6,146,0,0,0,16
0,1,1,NN,5.0,"Sticky,",4,3,2.112574411323294,20.76457303149809,36.04646429082465,7,6,147,1,0,0,17
2,1,2,WP,0.0,who,0,1,2.687531791161746,16.99990971408453,10.440803113603463,3,6,148,0,0,0,18
2,1,2,PRP,0.0,you,0,1,11.876674709841607,18.198249039215252,8.711964911935151,3,6,149,0,0,0,19
1,0,1,MD,0.0,could,0,1,2.742960270261392,16.68628345113659,10.893270167851,5,6,150,0,0,0,20
1,0,1,VB,4.0,mistake,0,1,12.196213497547433,13.134204987966926,16.017836151514366,7,6,151,0,0,0,21
1,0,1,IN,0.0,for,0,1,0.5702471858821809,18.90419907432743,7.693494297163422,3,6,152,0,0,0,22
2,0,1,DT,0.0,a,0,0,1.0187346552265808,19.69218547190043,6.556670229096891,1,6,153,0,0,0,23
0,1,1,NN,3.0,piece,1,2,11.32820138335228,14.11875687668686,14.597428024160257,5,6,154,0,0,0,24
1,0,1,IN,0.0,of,0,1,0.0034024222986772,20.087642241543257,5.986146708647226,2,6,155,0,0,0,25
1,12,1,NN,2.0,gravel.,13,2,12.307857665931806,20.842834035584108,23.439332591817447,7,6,156,1,0,1,26
3,1,2,PRP,0.0,He,0,0,5.3196936547756195,16.547839497404837,11.093002573340865,2,6,157,0,1,0,0
1,0,1,VBD,1.0,seemed,0,0,5.363224404864013,14.353476527882435,14.258799147381207,6,6,158,0,0,0,1
1,0,1,DT,0.0,an,0,0,8.01038810890168,17.966326533280526,9.046558361117718,2,6,159,0,0,0,2
0,0,0,JJ,0.0,ideal,0,1,5.0177653301507235,13.632785319701918,15.29853677943552,5,6,160,0,0,0,3
0,1,0,NN,3.0,pet,2,2,8.799229212105274,13.339524268240815,15.72162304406433,3,6,161,0,0,0,4
1,0,1,IN,0.0,for,0,1,0.4743522724602371,18.90419907432743,7.693494297163422,3,6,162,0,0,0,5
1,4,2,PRP,2.0,"her,",4,3,4.310550378693733,20.78817531833222,15.15356361130831,4,6,163,1,0,0,6
2,1,2,DT,0.0,some,0,0,11.975783614150714,16.817709477619566,10.70366249120027,4,6,164,0,0,0,7
1,0,1,IN,0.0,of,0,1,4.584458142344374,20.087642241543257,5.986146708647226,2,6,165,0,0,0,8
2,0,1,DT,0.0,the,0,0,2.2069493138697,20.651930178991396,5.17205129965733,3,6,166,0,0,0,9
0,1,1,NNS,3.0,girls,1,2,4.72063442732906,13.7645214278404,15.10848174951812,5,6,167,0,0,0,10
1,0,1,IN,0.0,in,0,1,4.531113660195842,19.583721360186956,6.713150865180346,2,6,168,0,0,0,11
1,0,1,PRP$,0.0,her,0,1,2.852318762568757,17.210354868203652,10.137194933376698,3,6,169,0,0,0,12
0,5,0,NN,3.0,class,5,1,0.580142623744905,16.092662349125384,11.749684387889609,5,6,170,0,0,0,13
1,0,1,VBD,2.0,"teased,",2,2,14.56497797218617,20.761851872773104,35.330279239328576,7,6,171,1,0,0,14
1,0,1,IN,0.0,because,0,1,7.065183564671315,16.447210891125962,11.23817896459096,7,6,172,0,0,0,15
2,1,2,NNP,0.0,Abby,0,1,7.7333415020257235,15.17826501686784,28.61724351773128,4,6,173,0,0,0,16
1,0,1,VBD,0.0,was,0,0,2.362317033112049,18.521451560034553,8.24568223794633,3,6,174,0,0,0,17
1,1,1,RB,0.0,also,1,1,7.414902928285301,17.098693889788326,10.2982876731973,4,6,175,0,0,0,18
1,0,1,RB,0.0,very,0,0,4.7936007883399725,16.298183548324726,11.453179973007163,4,6,176,0,0,0,19
0,6,0,JJ,6.0,small.,8,5,5.009248360060155,20.84836902545613,17.266455820318907,6,6,177,1,0,1,20
2,0,1,DT,0.0,That,0,0,7.5105230659246445,15.36211920764605,12.803635355257288,4,6,178,0,1,0,0
0,1,1,NN,1.0,"evening,",2,2,4.745017113513313,20.760678481913708,20.254044871702614,8,6,179,1,0,0,1
1,1,1,NNP,0.0,Abby,0,1,3.188540940755047,15.17826501686784,28.61724351773128,4,6,180,0,0,0,2
2,0,1,VBD,2.0,turned,0,0,7.969870146363974,14.675245753055112,13.794584281913906,6,6,181,0,0,0,3
1,1,1,RP,1.0,on,1,1,2.0895556996110827,18.53086189167023,8.232105999162414,2,6,182,0,0,0,4
1,0,1,DT,0.0,the,0,1,0.4908751001930795,20.651930178991396,5.17205129965733,3,6,183,0,0,0,5
0,2,1,NN,2.0,light,2,1,0.7188206485589035,15.434437308641591,12.69930238958451,5,6,184,0,0,0,6
0,0,0,CC,1.0,and,0,0,1.2892317958176136,19.93279149564298,6.2095491118355035,3,6,185,0,0,0,7
1,0,1,VBD,1.0,found,0,1,4.642254638718441,16.135319564070347,11.688143035430375,5,6,186,0,0,0,8
2,0,1,NNP,0.0,Mr.,0,0,3.298523090837989,20.845638777078868,18.229751062886635,3,6,187,0,0,0,9
0,1,1,NNP,1.0,Sticky,2,2,0.5684365677298047,15.40877579484841,31.03009561289304,6,6,188,0,0,0,10
2,0,1,VBG,2.0,clinging,0,0,5.153116381727159,10.730466080729594,19.48569835257752,8,6,189,0,0,0,11
1,0,1,TO,0.0,to,0,1,0.2027981949504465,19.88357245739644,6.280557174231113,2,6,190,0,0,0,12
1,0,1,DT,0.0,the,0,1,0.7544440284254961,20.651930178991396,5.17205129965733,3,6,191,0,0,0,13
0,0,0,JJ,0.0,pond,0,1,11.091302728338633,11.853147804016457,17.86601099789489,4,6,192,0,0,0,14
0,3,1,NN,4.0,weed,4,1,18.213372111320496,11.40297666142236,18.51547067286671,4,6,193,0,0,0,15
0,0,0,CC,1.0,and,0,0,3.976701251231134,19.93279149564298,6.2095491118355035,3,6,194,0,0,0,16
1,0,1,VBG,1.0,bobbing,0,0,10.709282622672616,12.738998255641029,35.47181512519536,7,6,195,0,0,0,17
1,1,1,RP,1.0,about,1,2,5.195519298315048,17.10157168565105,10.294135891377458,5,6,196,0,0,0,18
1,0,1,IN,0.0,in,0,1,1.6505650108447298,19.583721360186956,6.713150865180346,2,6,197,0,0,0,19
1,0,1,DT,0.0,the,0,1,1.162200019636657,20.651930178991396,5.17205129965733,3,6,198,0,0,0,20
0,0,0,NN,0.0,air,0,1,7.241268844984006,14.998329488471509,13.328472979036787,3,6,199,0,0,0,21
0,8,0,NNS,4.0,bubbles.,12,6,14.17869982868433,20.842859017301905,23.038538602312656,8,6,200,1,0,1,22
3,1,2,``,0.0,'That,0,1,10.054117284715176,16.98766158432624,23.934723730848916,5,6,201,1,1,0,0
1,0,1,VBZ,1.0,looks,0,1,9.018487538443878,14.3555805656155,14.255763662577875,5,6,202,0,0,0,1
1,3,2,NN,1.0,fun!',5,3,13.199328692862764,14.568772112539325,30.550141795613595,5,6,203,1,0,0,2
1,1,1,NNP,0.0,Abby,0,1,1.9859136217273772,15.17826501686784,28.61724351773128,4,6,204,0,0,0,3
1,2,1,VBD,2.0,exclaimed.,3,2,4.294052544981241,20.842868611428862,22.910040245551944,10,6,205,1,0,1,4
3,1,2,PRP,0.0,She,0,0,4.151424689218402,15.75878094018462,12.23137344081347,3,6,206,0,1,0,0
2,0,1,VBD,1.0,tried,0,0,7.149792126379907,14.666162216648887,13.8076890548409,5,6,207,0,0,0,1
2,0,1,TO,0.0,to,0,1,0.6607705702190287,19.88357245739644,6.280557174231113,2,6,208,0,0,0,2
1,0,1,VB,2.0,imagine,0,1,7.393099940090906,13.43943579130699,15.577481185209098,7,6,209,0,0,0,3
2,1,2,WP,0.0,what,0,1,1.7715587485581636,16.89144897198978,10.5972788883547,4,6,210,0,0,0,4
2,1,2,PRP,0.0,it,0,1,2.21008316334337,18.431334787537676,8.375693258728493,2,6,211,0,0,0,5
1,0,1,MD,0.0,must,0,1,3.6435735430568457,15.962264075884518,11.937809330034693,4,6,212,0,0,0,6
1,0,1,VB,0.0,be,0,1,1.232212792383507,18.381669296901407,8.447345415772759,2,6,213,0,0,0,7
1,0,1,JJ,4.0,like,1,1,0.0680335066281259,16.890367918306506,10.598838519142497,4,6,214,0,0,0,8
2,0,1,TO,0.0,to,0,1,0.5221115470631048,19.88357245739644,6.280557174231113,2,6,215,0,0,0,9
1,0,1,VB,3.0,have,0,1,3.1047821269603446,17.990997945585363,9.010965036933804,4,6,216,0,0,0,10
2,0,1,TO,0.0,to,0,1,7.506049255374819,19.88357245739644,6.280557174231113,2,6,217,0,0,0,11
1,0,1,VB,2.0,hang,0,0,8.615620403084904,12.951302184085083,16.281709119639384,4,6,218,0,0,0,12
1,1,1,RP,1.0,on,1,1,2.1080052237957716,18.53086189167023,8.232105999162414,2,6,219,0,0,0,13
1,0,1,TO,0.0,to,0,1,0.7017048434354365,19.88357245739644,6.280557174231113,2,6,220,0,0,0,14
1,2,1,NNS,2.0,things,2,2,7.218163309153169,15.551883806795406,12.52986290912823,6,6,221,0,0,0,15
1,0,1,DT,0.0,all,0,1,6.504344435001258,17.469149055179013,9.763833843216451,3,6,222,0,0,0,16
0,16,4,NN,2.0,day,12,1,1.5973681941977702,15.919835791538643,11.999020405453908,3,6,223,0,0,0,17
0,0,0,CC,1.0,and,0,0,2.9327730727382004,19.93279149564298,6.2095491118355035,3,6,224,0,0,0,18
1,0,1,VBD,1.0,decided,0,1,16.09436711249873,14.322054026375904,14.30413223447701,7,6,225,0,0,0,19
3,0,1,DT,0.0,the,0,0,6.774306460516527,20.651930178991396,5.17205129965733,3,6,226,0,0,0,20
0,1,1,NN,1.0,answer,1,2,5.050206918967888,14.620766483578045,13.873181253819723,6,6,227,0,0,0,21
1,0,1,VBD,2.0,was,0,1,0.5438524894416332,18.521451560034553,8.24568223794633,3,6,228,0,0,0,22
1,0,1,IN,0.0,that,0,1,6.548793971538544,19.024464301341364,7.519988250559035,4,6,229,0,0,0,23
2,1,2,PRP,0.0,it,0,1,2.2512860111892223,18.431334787537676,8.375693258728493,2,6,230,0,0,0,24
1,0,1,VBD,0.0,was,0,0,0.8842656277120113,18.521451560034553,8.24568223794633,3,6,231,0,0,0,25
1,1,1,RB,0.0,probably,1,1,6.233196026645601,14.836933979545895,13.561317479385522,8,6,232,0,0,0,26
1,0,1,RB,0.0,very,0,0,6.6226266929879785,16.298183548324726,11.453179973007163,4,6,233,0,0,0,27
0,11,2,JJ,6.0,tiring.,11,6,12.734710969030855,20.852071712381026,33.14077210257854,7,6,234,1,0,1,28
2,1,2,NNP,0.0,Abby,0,0,5.574674628674984,15.17826501686784,28.61724351773128,4,6,235,0,1,0,0
1,0,1,VBD,1.0,told,0,1,6.288884599111043,15.319959885565703,12.864458400149848,4,6,236,0,0,0,1
1,0,1,PRP$,0.0,her,0,1,0.8988256860757247,17.210354868203652,10.137194933376698,3,6,237,0,0,0,2
0,1,0,NN,2.0,mom,2,1,4.473586976528168,13.13937977382052,16.010370513625723,3,6,238,0,0,0,3
1,0,1,IN,0.0,that,0,1,1.326050641015172,19.024464301341364,7.519988250559035,4,6,239,0,0,0,4
2,1,2,PRP,0.0,she,0,1,1.922337694093585,16.84690510554553,10.66154210357584,3,6,240,0,0,0,5
1,0,1,VBD,3.0,thought,0,1,5.585084864869714,15.353262762193182,12.816412505192044,7,6,241,0,0,0,6
3,1,2,NNP,0.0,Sticky,0,1,2.996796093939338,15.40877579484841,31.03009561289304,6,6,242,0,0,0,7
1,0,1,VBD,0.0,had,0,1,3.947206286713481,17.432489551576744,9.816722327264898,3,6,243,0,0,0,8
1,0,1,VBN,3.0,grown,0,0,6.550740679726005,13.514431140526414,15.469285766800503,5,6,244,0,0,0,9
1,0,1,DT,0.0,a,0,1,3.7427258766256273,19.69218547190043,6.556670229096891,1,6,245,0,0,0,10
0,8,1,NN,2.0,bit,2,1,4.477427958045155,15.002377589211443,13.322632804174264,3,6,246,0,0,0,11
1,0,1,DT,0.0,the,0,1,10.426005861692827,20.651930178991396,5.17205129965733,3,6,247,0,0,0,12
0,0,0,JJ,0.0,next,0,1,4.152837319968967,15.62799739018732,12.42005421982443,4,6,248,0,0,0,13
0,1,0,NN,3.0,day,3,2,2.1386032051523216,15.919835791538643,11.999020405453908,3,6,249,0,0,0,14
1,0,1,IN,0.0,at,0,1,6.503503833082505,18.150223836201175,8.781250634161243,2,6,250,0,0,0,15
1,4,1,NN,2.0,breakfast.,10,2,10.210094977053814,20.843097938055777,21.307314180938857,10,6,251,1,0,1,16
4,1,3,``,0.0,'Just,0,0,9.373903565108776,16.88202822214908,25.64670038611813,5,6,252,1,1,0,0
0,0,0,RB,0.0,as,0,1,6.617181413341314,18.455643172698917,8.340623672004352,2,6,253,0,0,0,1
0,1,1,RB,2.0,well,2,1,8.855507365893573,16.444621586718245,11.24191454121933,4,6,254,0,0,0,2
1,0,1,IN,0.0,if,0,1,6.747972707729787,17.14973730774824,10.224647587236507,2,6,255,0,0,0,3
3,1,3,PRP,0.0,he's,0,2,3.4617102928459644,18.619592125456155,18.271231103691942,4,6,256,0,0,0,4
1,0,1,VBG,4.0,going,0,1,6.1793078309856355,15.87103254441788,12.069428608054311,5,6,257,0,0,0,5
2,0,1,TO,0.0,to,0,1,0.1704152915626764,19.88357245739644,6.280557174231113,2,6,258,0,0,0,6
1,0,1,VB,0.0,be,0,1,2.4446324366144836,18.381669296901407,8.447345415772759,2,6,259,0,0,0,7
1,0,1,VBN,3.0,gobbled,0,0,19.630755545105785,16.372768489018153,40.307928011675024,7,6,260,0,0,0,8
1,1,1,RP,1.0,up,1,2,0.5078267566859722,17.040396008802368,10.382393736990077,2,6,261,0,0,0,9
1,0,1,IN,0.0,like,0,1,5.785565827973187,16.890367918306506,10.598838519142497,4,6,262,0,0,0,10
1,11,2,DT,2.0,"that,'",11,3,3.291174099314958,19.033902677856627,21.76040835676331,6,6,263,1,0,0,11
1,0,1,PRP$,0.0,her,0,0,5.028845027263742,17.210354868203652,10.137194933376698,3,6,264,0,0,0,12
0,1,0,NN,1.0,mom,1,1,0.4590361107257195,13.13937977382052,16.010370513625723,3,6,265,0,0,0,13
1,1,1,VBD,2.0,responded,0,1,10.41187187610194,13.08178926882448,16.093456049585797,9,6,266,0,0,0,14
2,1,2,WP,0.0,who,0,1,12.280572015792131,16.99990971408453,10.440803113603463,3,6,267,0,0,0,15
2,0,1,VBD,0.0,was,0,1,2.9550322266295552,18.521451560034553,8.24568223794633,3,6,268,0,0,0,16
1,0,1,JJ,3.0,busy,0,1,8.82108159456402,13.22016499644934,15.89382207356201,4,6,269,0,0,0,17
2,0,1,VBG,1.0,preparing,0,1,7.52269012061879,12.740203578562712,16.586260030965082,9,6,270,0,0,0,18
1,8,3,NN,1.0,breakfast.,9,4,3.9433991708792746,20.843097938055777,21.307314180938857,10,6,271,1,0,1,19
2,1,2,NNP,0.0,Abby,0,0,3.611478909850121,15.17826501686784,28.61724351773128,4,6,272,0,1,0,0
1,0,1,VBD,1.0,whined,0,1,13.528583854436874,14.226030203680814,30.92499331593675,6,6,273,0,0,0,1
1,0,1,IN,0.0,that,0,1,1.343350758776069,19.024464301341364,7.519988250559035,4,6,274,0,0,0,2
3,1,2,PRP,0.0,she,0,0,1.4374038856476543,16.84690510554553,10.66154210357584,3,6,275,0,0,0,3
1,0,1,VBD,0.0,didn't,1,1,3.2533027979079634,17.426603509342378,22.66016589256865,6,6,276,0,0,0,4
1,0,1,VB,5.0,want,0,0,2.2590239883284084,16.098587804210084,11.741135763223902,4,6,277,0,0,0,5
2,1,2,PRP,1.0,him,1,1,5.364933672244661,16.695335111358073,10.880211382537656,3,6,278,0,0,0,6
1,0,1,TO,0.0,to,0,1,0.7484112237580121,19.88357245739644,6.280557174231113,2,6,279,0,0,0,7
1,0,1,VB,2.0,get,0,1,3.2008684939937666,16.65007205168175,10.94551217426815,3,6,280,0,0,0,8
1,0,1,RB,0.0,too,0,1,3.816273070755414,15.837218638143002,12.118211762950164,3,6,281,0,0,0,9
0,7,1,JJ,2.0,big,6,3,3.3928426527418196,15.053278808336888,13.249197867766782,3,6,282,0,0,0,10
0,0,0,CC,1.0,or,0,0,3.318227170035243,18.052589408876212,8.922107338283002,2,6,283,0,0,0,11
2,1,2,PRP,0.0,he,0,1,6.323142828419805,17.694798179754258,9.438290970210817,2,6,284,0,0,0,12
1,0,1,MD,0.0,wouldn't,1,1,3.3487266190932132,17.314305561844478,24.555870551600915,8,6,285,0,0,0,13
1,0,1,VB,0.0,be,0,0,1.7271062045474537,18.381669296901407,8.447345415772759,2,6,286,0,0,0,14
1,1,1,JJ,5.0,cute,1,1,10.246972247201484,12.159394998424474,17.424189689236282,4,6,287,0,0,0,15
1,8,1,RB,1.0,anymore.,9,6,5.652297358959913,20.843220057873285,20.86663322727023,8,6,288,1,0,1,16
4,0,2,``,0.0,'Small,0,0,17.07734652236104,16.839603683494122,28.369955243737312,6,6,289,1,1,0,0
0,1,1,NNS,1.0,"things,",1,1,8.105756904929876,20.765299069142056,17.546231587059843,7,6,290,1,0,0,1
1,0,1,RB,0.0,not,0,1,5.781172327231616,18.05588478508421,8.917353115369856,3,6,291,0,0,0,2
0,0,0,JJ,0.0,big,0,0,1.5577877727337182,15.053278808336888,13.249197867766782,3,6,292,0,0,0,3
0,2,0,NNS,3.0,"things,",5,5,3.2431841935031116,20.765299069142056,17.546231587059843,7,6,293,1,0,0,4
1,0,1,VBP,0.0,are,0,0,6.916477045509964,18.2277629932606,8.669385276796898,3,6,294,0,0,0,5
1,1,1,JJ,2.0,"cute,",2,3,8.711387416580692,20.760025156045504,22.440558367167895,5,6,295,1,0,0,6
1,3,2,RB,1.0,right?',4,2,4.874488588189706,16.329800428237203,26.341342306239483,7,6,296,1,0,0,7
1,1,1,PRP,0.0,she,0,1,1.6891621346585453,16.84690510554553,10.66154210357584,3,6,297,0,0,0,8
1,0,1,VBD,2.0,"asked,",1,2,6.594148694886826,20.76341215813084,18.159613235110367,6,6,298,1,0,0,9
1,0,1,NN,1.0,half,0,1,10.17506983235944,14.991180179428618,13.33878725173875,4,6,299,0,0,0,10
1,0,1,TO,0.0,to,0,1,5.520459502469748,19.88357245739644,6.280557174231113,2,6,300,0,0,0,11
1,5,1,PRP,2.0,herself.,7,3,0.6798278954811394,20.843764439001415,19.746458373779824,8,6,301,1,0,1,12
3,0,1,DT,0.0,The,0,0,4.462142706033774,18.12053694573349,8.824079763818386,3,6,302,0,1,0,0
0,0,0,JJ,0.0,next,0,1,3.7578746166545898,15.62799739018732,12.42005421982443,4,6,303,0,0,0,1
0,1,1,NN,2.0,day,2,1,3.645100290537812,15.919835791538643,11.999020405453908,3,6,304,0,0,0,2
1,0,1,IN,0.0,in,0,1,5.641633205348626,19.583721360186956,6.713150865180346,2,6,305,0,0,0,3
1,0,1,NN,0.0,art,0,0,15.241932725301012,14.733290580294655,13.71084329750616,3,6,306,0,0,0,4
0,2,0,NN,2.0,"class,",3,3,1.0412281057797372,20.76919600379107,16.76605306582122,6,6,307,1,0,0,5
1,1,1,NNP,0.0,Abby,0,1,1.642139118630439,15.17826501686784,28.61724351773128,4,6,308,0,0,0,6
1,0,1,VBD,3.0,needed,0,1,11.31058806704823,14.864768373270463,13.521160937592931,6,6,309,0,0,0,7
2,0,1,CD,0.0,two,0,0,7.774249411537312,16.868943842570165,10.629746926962948,3,6,310,0,0,0,8
0,1,1,NNS,2.0,pieces,1,1,7.18915259372443,13.653727827993348,15.268323126579697,6,6,311,0,0,0,9
1,0,1,IN,0.0,of,0,1,0.2089642920764163,20.087642241543257,5.986146708647226,2,6,312,0,0,0,10
1,2,1,NN,2.0,paper,2,2,2.9947932994691655,14.898534307580512,13.472446991612845,5,6,313,0,0,0,11
2,1,2,WDT,0.0,that,0,1,5.577872769441456,19.024464301341364,7.519988250559035,4,6,314,0,0,0,12
2,0,1,VBD,0.0,were,0,1,2.7819253550842404,17.723648827567594,9.39666828368408,4,6,315,0,0,0,13
1,0,1,RB,0.0,very,0,1,6.4388814945705235,16.298183548324726,11.453179973007163,4,6,316,0,0,0,14
0,5,1,JJ,4.0,"expensive,",6,2,11.365913171961438,20.760549132209416,20.49622447485855,10,6,317,1,0,0,15
2,0,1,TO,0.0,to,0,1,5.964912745926995,19.88357245739644,6.280557174231113,2,6,318,0,0,0,16
1,0,1,VB,2.0,draw,0,1,7.920054883230478,13.742536558005602,15.14019921220337,4,6,319,0,0,0,17
1,0,1,DT,0.0,an,0,1,6.9751898078247905,17.966326533280526,9.046558361117718,2,6,320,0,0,0,18
0,6,2,NN,2.0,"elephant,",8,2,13.737289492273703,20.759929105701747,23.505525842453658,9,6,321,1,0,0,19
0,0,0,CC,1.0,but,0,0,3.3450129225384444,17.553098244319884,9.64272076435627,3,6,322,0,0,0,20
2,0,1,DT,0.0,the,0,0,4.420768938551191,20.651930178991396,5.17205129965733,3,6,323,0,0,0,21
0,1,1,NN,1.0,teacher,1,2,2.73901712190127,13.273307779755957,15.81715324362652,7,6,324,0,0,0,22
2,0,1,VBD,0.0,didn't,1,1,4.583631374174729,17.426603509342378,22.66016589256865,6,6,325,0,0,0,23
1,0,1,VB,4.0,mind,0,0,5.7285353291081265,14.92723385384905,13.431042298535464,4,6,326,0,0,0,24
2,1,2,NNP,0.0,Abby,1,1,10.472485721111298,15.17826501686784,28.61724351773128,4,6,327,0,0,0,25
1,0,1,VBG,2.0,using,0,1,6.555311277508736,16.461165503937007,11.218046713890942,5,6,328,0,0,0,26
1,0,1,DT,0.0,the,0,1,2.5661624774802476,20.651930178991396,5.17205129965733,3,6,329,0,0,0,27
0,0,0,JJ,0.0,expensive,0,1,10.810128229437396,13.50710455394584,15.47985579692694,9,6,330,0,0,0,28
0,3,0,NN,3.0,paper,4,1,2.8128921557217836,14.898534307580512,13.472446991612845,5,6,331,0,0,0,29
1,0,1,IN,0.0,because,0,1,3.5746421851217747,16.447210891125962,11.23817896459096,7,6,332,0,0,0,30
2,1,2,PRP,0.0,she,0,1,1.5502870623022318,16.84690510554553,10.66154210357584,3,6,333,0,0,0,31
2,0,1,VBD,0.0,was,0,0,2.9934623482404277,18.521451560034553,8.24568223794633,3,6,334,0,0,0,32
1,0,1,VBN,4.0,pleased,0,1,7.951283384230919,12.741864015313912,16.58386452709842,7,6,335,0,0,0,33
1,0,1,IN,0.0,with,0,1,0.8989970522234216,18.681580760008114,8.014664635242958,4,6,336,0,0,0,34
1,0,1,DT,0.0,the,0,1,1.4563193133217285,20.651930178991396,5.17205129965733,3,6,337,0,0,0,35
0,4,1,NN,3.0,drawing,4,1,6.905284965003375,13.19483844566728,15.930360562778112,7,6,338,0,0,0,36
0,0,0,CC,1.0,and,0,0,2.0251069739460945,19.93279149564298,6.2095491118355035,3,6,339,0,0,0,37
1,0,1,VBD,1.0,wanted,0,0,3.7077647579135378,14.866490911456715,13.518675840293888,6,6,340,0,0,0,38
1,1,1,PRP,1.0,it,1,2,3.99490222975146,18.431334787537676,8.375693258728493,2,6,341,0,0,0,39
1,0,1,IN,0.0,on,0,1,6.749890304170549,18.53086189167023,8.232105999162414,2,6,342,0,0,0,40
1,0,1,DT,0.0,the,0,1,1.8928748447215185,20.651930178991396,5.17205129965733,3,6,343,0,0,0,41
0,11,1,NN,3.0,wall.,13,7,4.236951872357167,20.844277928253277,19.152301314575737,5,6,344,1,0,1,42
3,0,1,DT,0.0,The,0,0,3.2442875946871936,18.12053694573349,8.824079763818386,3,6,345,0,1,0,0
0,1,1,NN,1.0,"teacher,",2,2,7.292190202395432,20.760401575164657,20.833521921558138,8,6,346,1,0,0,1
2,1,2,WP,0.0,who,0,1,2.6770749870920554,16.99990971408453,10.440803113603463,3,6,347,0,0,0,2
2,0,1,VBD,0.0,was,0,1,1.581569394795224,18.521451560034553,8.24568223794633,3,6,348,0,0,0,3
1,1,1,RB,0.0,always,1,1,6.7929051633691415,15.503668334268962,12.59942313223625,6,6,349,0,0,0,4
1,0,1,RB,0.0,very,0,0,3.976020983303897,16.298183548324726,11.453179973007163,4,6,350,0,0,0,5
0,5,2,JJ,5.0,"encouraging,",5,3,9.83282765711192,20.76005419817488,22.229111636460978,12,6,351,1,0,0,6
2,0,1,VBD,1.0,remarked,0,0,10.253953112638555,11.765286012544156,17.992768768735594,8,6,352,0,0,0,7
1,0,1,IN,0.0,that,0,1,0.5559410881251097,19.024464301341364,7.519988250559035,4,6,353,0,0,0,8
3,0,1,DT,0.0,the,0,0,3.0729585913359188,20.651930178991396,5.17205129965733,3,6,354,0,0,0,9
0,1,1,NN,1.0,drawing,4,3,6.482385409122799,13.19483844566728,15.930360562778112,7,6,355,0,0,0,10
3,1,2,NNP,0.0,Abby,0,0,11.927735529839993,15.17826501686784,28.61724351773128,4,6,356,0,0,0,11
1,0,1,VBD,0.0,had,0,0,2.2330656182020903,17.432489551576744,9.816722327264898,3,6,357,0,0,0,12
1,5,3,VBN,3.0,made,1,1,2.9500360377132893,16.20496109229986,11.587671548013727,4,6,358,0,0,0,13
1,0,1,VBD,0.0,was,0,0,1.3824253166094422,18.521451560034553,8.24568223794633,3,6,359,0,0,0,14
1,0,1,RB,0.0,very,0,1,2.9673853991553187,16.298183548324726,11.453179973007163,4,6,360,0,0,0,15
0,5,1,JJ,5.0,creative,4,3,9.464427467435598,13.078003883303902,16.098917206504193,8,6,361,0,0,0,16
0,0,0,CC,1.0,and,0,0,0.2894553635269403,19.93279149564298,6.2095491118355035,3,6,362,0,0,0,17
1,0,1,VBN,1.0,beamed,0,0,19.42822419665754,18.386921458018502,24.463773651082043,6,6,363,0,0,0,18
1,0,1,IN,0.0,at,0,1,2.2169436116237193,18.150223836201175,8.781250634161243,2,6,364,0,0,0,19
1,3,1,NNP,2.0,"Abby,",3,2,5.858936962322332,20.763600697476168,33.63361219566289,5,6,365,1,0,0,20
2,0,1,VBG,1.0,giving,0,0,7.805703079269733,14.216334914422845,14.456652673018873,6,6,366,0,0,0,21
1,1,1,PRP,1.0,her,2,3,0.3253666350501589,17.210354868203652,10.137194933376698,3,6,367,0,0,0,22
2,0,1,DT,0.0,the,0,0,3.4802952703321353,20.651930178991396,5.17205129965733,3,6,368,0,0,0,23
0,1,1,NN,2.0,seal,1,2,12.661173161468469,12.679775673554389,16.673439069851906,4,6,369,0,0,0,24
1,0,1,IN,0.0,of,0,1,0.0885225652546068,20.087642241543257,5.986146708647226,2,6,370,0,0,0,25
1,7,2,NN,2.0,approval.,7,4,1.2590506759643176,20.843270694970904,20.717177380734984,9,6,371,1,0,1,26
2,0,1,RB,0.0,Back,0,0,10.777190471068025,13.072811723375072,16.106407909885014,4,6,372,0,1,0,0
1,0,1,IN,0.0,at,0,1,0.8581356076465454,18.150223836201175,8.781250634161243,2,6,373,0,0,0,1
1,3,2,NN,2.0,"home,",3,2,4.266320659226039,20.765403662341388,17.518770462896235,5,6,374,1,0,0,2
2,1,2,NN,0.0,"Mom,",1,2,15.483396406751126,20.760136208478706,21.75923256502414,4,6,375,1,0,0,3
1,0,1,VBN,1.0,convinced,0,0,10.989292570855469,12.742723898317522,16.582623978153368,9,6,376,0,0,0,4
1,0,1,IN,0.0,by,0,1,3.060989375138888,18.29067397824052,8.57862391074893,2,6,377,0,0,0,5
1,2,1,NNP,2.0,Abby,2,1,5.655541720887413,15.17826501686784,28.61724351773128,4,6,378,0,0,0,6
2,0,1,TO,0.0,to,0,0,2.1192864988697693,19.88357245739644,6.280557174231113,2,6,379,0,0,0,7
1,0,1,VB,2.0,clean,0,1,9.543740485911258,13.972841603633828,14.807939264983824,5,6,380,0,0,0,8
1,1,1,RP,1.0,out,1,1,3.3798431856557727,17.1329401691801,10.24888073574989,3,6,381,0,0,0,9
1,0,1,DT,0.0,the,0,1,1.015127606515307,20.651930178991396,5.17205129965733,3,6,382,0,0,0,10
0,6,1,NN,2.0,"tank,",4,2,5.44848375878064,20.760303572020508,21.110903879251804,5,6,383,1,0,0,11
1,0,1,VBD,0.0,was,0,1,4.978322861716151,18.521451560034553,8.24568223794633,3,6,384,0,0,0,12
1,0,1,VBG,3.0,cleaning,0,1,9.656376704573631,12.88987126413772,16.370335203204693,8,6,385,0,0,0,13
1,0,1,IN,0.0,with,0,1,8.10832556092646,18.681580760008114,8.014664635242958,4,6,386,0,0,0,14
2,0,1,DT,0.0,a,0,0,1.8810823624953628,19.69218547190043,6.556670229096891,1,6,387,0,0,0,15
0,0,0,JJ,0.0,special,0,1,7.480888742604293,14.774021346614052,13.652081222925556,7,6,388,0,0,0,16
0,1,1,NN,4.0,"vacuum,",3,2,13.446990053460468,20.7602448431974,21.30689675396835,7,6,389,1,0,0,17
0,0,0,CC,1.0,or,0,0,8.551228626340162,18.052589408876212,8.922107338283002,2,6,390,0,0,0,18
1,6,1,``,1.0,'hoover'.,12,8,26.012847980484366,17.025441133115997,54.484054717265515,9,6,391,1,0,1,19
4,1,3,``,1.0,'Where's,0,2,14.47391800652258,18.369077054028683,34.64555028328259,8,6,392,1,1,0,0
1,0,1,NNP,0.0,Mr.,0,0,3.4223950405139476,20.845638777078868,18.229751062886635,3,6,393,0,0,0,1
0,3,1,NNP,2.0,Sticky?',6,4,0.8947412060806528,15.624837969897309,45.81824026999459,8,6,394,1,0,0,2
1,1,1,NNP,0.0,Abby,0,1,1.877968676853925,15.17826501686784,28.61724351773128,4,6,395,0,0,0,3
1,0,1,VBD,2.0,asked,0,0,1.4380586445331571,15.126720046841973,13.143244557178754,5,6,396,0,0,0,4
2,0,1,JJ,0.0,first,0,1,13.646240711212158,16.77947782339326,10.758819109157542,5,6,397,0,0,0,5
0,2,1,NN,2.0,thing,2,1,4.414163500070572,15.328065254020496,12.85276482527554,5,6,398,0,0,0,6
2,1,2,WRB,0.0,when,0,1,6.612118279095739,17.09507037229838,10.303515303910618,4,6,399,0,0,0,7
2,1,2,PRP,0.0,she,0,1,1.053208837285638,16.84690510554553,10.66154210357584,3,6,400,0,0,0,8
1,0,1,VBD,3.0,came,0,1,4.984046866651624,15.304613280765835,12.886598870789095,4,6,401,0,0,0,9
1,1,1,NN,1.0,home,1,1,2.275759155862034,15.570918407584418,12.502401784964622,4,6,402,0,0,0,10
1,0,1,IN,0.0,from,0,1,0.8897499282029457,18.126283629319108,8.815789051907856,4,6,403,0,0,0,11
1,7,1,NN,2.0,school.,8,3,1.7937690216931514,20.84592019022356,18.095169983085,7,6,404,1,0,1,12
3,0,2,``,0.0,'On,0,1,9.413521587150171,16.98357743428843,23.976063290922543,3,6,405,1,1,0,0
1,0,1,DT,0.0,the,0,1,0.6869331271154806,20.651930178991396,5.17205129965733,3,6,406,0,0,0,1
0,3,1,NN,2.0,"side,'",5,3,8.266295341192745,15.740391273218233,26.91923713848112,6,6,407,1,0,0,2
1,1,1,NN,0.0,Mom,0,1,3.8168547241948545,12.631654057223162,16.742863887092525,3,6,408,0,0,0,3
1,2,1,VBD,2.0,replied.,3,2,3.9282692102715377,20.84325871443608,20.751165981871367,8,6,409,1,0,1,4
1,0,1,CC,0.0,And,0,0,7.727929258719087,15.859392147720534,12.086222150643554,3,6,410,0,1,0,0
1,1,1,RB,0.0,then,0,1,2.1496902965009212,16.720629155852837,10.843719789981035,4,6,411,0,0,0,1
1,1,1,PRP,0.0,she,0,1,1.7119510807096958,16.84690510554553,10.66154210357584,3,6,412,0,0,0,2
1,0,1,VBD,3.0,"added,",1,2,7.940714924130589,20.762864233576,18.40031919988493,6,6,413,1,0,0,3
2,0,2,``,0.0,'Don't,2,2,7.439960556221195,17.7910973533839,35.46624690285671,6,6,414,1,0,0,4
1,5,1,VB,3.0,worry.,6,3,6.059771963628009,20.84337173001275,20.458514710961076,6,6,415,1,0,1,5
2,1,2,PRP,0.0,I,0,0,3.74254227662459,18.456613480707578,8.339223813452126,1,6,416,0,1,0,0
1,0,1,VBD,1.0,went,0,0,8.065150611102581,15.185966907303502,13.057769405402668,4,6,417,0,0,0,1
1,0,1,RB,0.0,extra,0,1,14.069302670657637,14.109997921803368,14.61006452493404,5,6,418,0,0,0,2
0,1,0,RB,2.0,slowly,2,2,9.043276384472849,13.575420471835994,15.381296760973036,6,6,419,0,0,0,3
1,0,1,IN,0.0,since,0,1,7.8220768077299,15.75044079061078,12.243405733243922,5,6,420,0,0,0,4
3,1,3,PRP,0.0,it's,0,2,6.222594591439702,18.978516394096555,17.208633392209624,4,6,421,0,0,0,5
1,1,1,JJR,4.0,better,1,1,9.493207307881676,15.577752300773827,12.492542561150294,6,6,422,0,0,0,6
2,0,1,TO,0.0,to,0,1,0.7750429433071986,19.88357245739644,6.280557174231113,2,6,423,0,0,0,7
1,0,1,VB,0.0,be,0,1,2.8415681746555492,18.381669296901407,8.447345415772759,2,6,424,0,0,0,8
1,0,1,JJ,3.0,safe,0,1,6.512487044092268,14.160240746506764,14.537579450894196,4,6,425,0,0,0,9
1,0,1,IN,0.0,than,0,1,1.276896518288595,16.958709278696364,10.500242777420445,4,6,426,0,0,0,10
1,11,2,JJ,2.0,sorry.',11,3,0.6942019980806435,15.28773235465483,28.39242366798772,7,6,427,1,0,1,11
3,1,2,NNP,0.0,Abby,0,0,2.6269546225667,15.17826501686784,28.61724351773128,4,6,428,0,1,0,0
1,0,1,VBD,1.0,looked,0,1,4.6647645303746685,14.806781852602777,13.60481780339861,6,6,429,0,0,0,1
1,0,1,IN,0.0,on,0,1,7.610539250657894,18.53086189167023,8.232105999162414,2,6,430,0,0,0,2
2,0,1,DT,0.0,all,0,0,9.429812023416162,17.469149055179013,9.763833843216451,3,6,431,0,0,0,3
0,1,1,NNS,3.0,sides,1,2,10.483814036473632,13.698379934440805,15.203903754042702,5,6,432,0,0,0,4
1,0,1,IN,0.0,of,0,1,1.9891017325571736,20.087642241543257,5.986146708647226,2,6,433,0,0,0,5
1,0,1,DT,0.0,the,0,1,0.6875704348785803,20.651930178991396,5.17205129965733,3,6,434,0,0,0,6
0,6,1,NN,3.0,"tank,",7,2,6.197217223118059,20.760303572020508,21.110903879251804,5,6,435,1,0,0,7
0,0,0,CC,1.0,but,0,0,4.12523818743648,17.553098244319884,9.64272076435627,3,6,436,0,0,0,8
2,1,2,EX,0.0,there,0,1,5.236544195562601,17.088435267092525,10.313087737286883,5,6,437,0,0,0,9
1,0,1,VBD,2.0,was,0,1,0.5665215707849711,18.521451560034553,8.24568223794633,3,6,438,0,0,0,10
2,0,1,DT,0.0,no,0,0,1.5392786199226975,17.036769620663787,10.387625509173944,2,6,439,0,0,0,11
0,1,1,NN,2.0,sign,1,2,2.888009199174121,14.416656478202627,14.16764974637066,4,6,440,0,0,0,12
1,0,1,IN,0.0,of,0,1,0.1847466404433362,20.087642241543257,5.986146708647226,2,6,441,0,0,0,13
2,0,1,DT,0.0,the,0,0,4.213971827819478,20.651930178991396,5.17205129965733,3,6,442,0,0,0,14
0,0,0,NN,0.0,water,0,1,6.709253137581982,15.55179255272304,12.529994560925893,5,6,443,0,0,0,15
0,1,1,NN,4.0,snail,2,2,2.4119486063718796,14.54764236611919,29.96411516466589,5,6,444,0,0,0,16
2,1,2,WDT,0.0,that,0,1,3.919519672403112,19.024464301341364,7.519988250559035,4,6,445,0,0,0,17
2,1,2,PRP,0.0,she,0,1,2.394384747138247,16.84690510554553,10.66154210357584,3,6,446,0,0,0,18
1,0,1,VBD,0.0,had,0,1,1.380449458025396,17.432489551576744,9.816722327264898,3,6,447,0,0,0,19
1,0,1,VBN,4.0,discovered,0,1,8.565139175392687,13.74380400777964,15.138370668699793,10,6,448,0,0,0,20
3,0,1,DT,0.0,a,0,0,5.311767120612785,19.69218547190043,6.556670229096891,1,6,449,0,0,0,21
0,1,1,NN,2.0,couple,1,1,4.553134348243475,14.313683675286851,14.31620809848368,6,6,450,0,0,0,22
1,0,1,IN,0.0,of,0,1,0.5665108594985213,20.087642241543257,5.986146708647226,2,6,451,0,0,0,23
1,3,2,NNS,2.0,days,2,2,1.2290603509463836,15.497852961516363,12.607812941667344,4,6,452,0,0,0,24
0,11,0,IN,1.0,ago.,13,3,4.332817262620665,20.844781354218735,18.739659259646604,4,6,453,1,0,1,25
2,1,2,PRP,0.0,She,0,0,2.4965937454253435,15.75878094018462,12.23137344081347,3,6,454,0,1,0,0
1,0,1,VBD,0.0,was,0,1,3.4656361280940473,18.521451560034553,8.24568223794633,3,6,455,0,0,0,1
1,0,1,RB,0.0,very,0,1,5.686948206741363,16.298183548324726,11.453179973007163,4,6,456,0,0,0,2
0,3,0,JJ,3.0,sad.,4,2,9.746489120647311,20.84316693813969,21.04206341622934,4,6,457,1,0,1,3
2,0,1,PRP$,0.0,Her,0,0,5.828313761972822,14.27501172896256,14.371999923667264,3,6,458,0,1,0,0
0,1,1,NN,1.0,mom,1,1,2.5356810077792034,13.13937977382052,16.010370513625723,3,6,459,0,0,0,1
1,0,1,VBD,1.0,said,0,1,3.88154811412096,16.904210086999463,10.57886849101402,4,6,460,0,0,0,2
2,0,1,TO,0.0,to,0,1,5.444376274012029,19.88357245739644,6.280557174231113,2,6,461,0,0,0,3
1,0,1,VB,2.0,wait,0,0,8.631798037327826,14.138775243316212,14.568547625897388,4,6,462,0,0,0,4
1,0,1,DT,0.0,a,0,1,3.774254672083771,19.69218547190043,6.556670229096891,1,6,463,0,0,0,5
0,0,0,JJ,0.0,few,0,1,2.376877183589386,15.640373671735874,12.402199019809682,3,6,464,0,0,0,6
0,1,0,NNS,3.0,hours,3,1,2.890894105308689,14.869108395478989,13.51489960907535,5,6,465,0,0,0,7
1,0,1,IN,0.0,until,0,0,4.276632982073352,15.481263584316432,12.631746353885124,5,6,466,0,0,0,8
2,0,1,DT,0.0,the,0,0,2.185509674367495,20.651930178991396,5.17205129965733,3,6,467,0,0,0,9
0,1,1,NN,1.0,water,1,2,4.330012385849841,15.55179255272304,12.529994560925893,5,6,468,0,0,0,10
1,3,1,VBZ,3.0,clears,3,2,17.37982927262783,14.592473473217048,31.473976582866182,6,6,469,0,0,0,11
2,0,1,TO,0.0,to,0,0,5.776646930258721,19.88357245739644,6.280557174231113,2,6,470,0,0,0,12
1,0,1,VB,2.0,take,0,1,5.441224851179868,15.951533854192489,11.95328976765742,4,6,471,0,0,0,13
1,0,1,DT,0.0,another,0,1,7.797938104136847,15.813822436865516,12.151965346508836,7,6,472,0,0,0,14
0,0,0,JJ,0.0,careful,0,1,14.670916104339994,13.19699207110191,15.92725353804364,7,6,473,0,0,0,15
0,9,2,NN,3.0,look.,9,4,2.186729027889669,20.847825887782804,17.41367332067399,5,6,474,1,0,1,16
2,0,1,DT,0.0,That,0,0,6.133401021361351,15.36211920764605,12.803635355257288,4,6,475,0,1,0,0
0,1,1,NN,1.0,"evening,",2,2,4.0578288700198755,20.760678481913708,20.254044871702614,8,6,476,1,0,0,1
1,1,1,NNP,0.0,Abby,0,1,1.6506020311499014,15.17826501686784,28.61724351773128,4,6,477,0,0,0,2
1,0,1,VBD,2.0,went,0,0,3.502982468577102,15.185966907303502,13.057769405402668,4,6,478,0,0,0,3
1,1,1,RP,1.0,up,0,1,6.805535997962579,17.040396008802368,10.382393736990077,2,6,479,0,0,0,4
1,0,1,TO,0.0,to,0,1,0.4656495481613092,19.88357245739644,6.280557174231113,2,6,480,0,0,0,5
1,0,1,PRP$,0.0,her,0,1,2.500660979480017,17.210354868203652,10.137194933376698,3,6,481,0,0,0,6
0,2,0,NN,3.0,bedroom,4,1,5.106412595603615,12.698971541399974,16.645745286505516,7,6,482,0,0,0,7
2,0,1,TO,0.0,to,0,0,1.904364880931098,19.88357245739644,6.280557174231113,2,6,483,0,0,0,8
1,0,1,VB,2.0,check,0,0,3.2511670470121317,14.774485996432873,13.651410874936197,5,6,484,0,0,0,9
1,0,1,DT,0.0,the,0,1,4.096713000035379,20.651930178991396,5.17205129965733,3,6,485,0,0,0,10
0,1,0,NN,2.0,tank,2,2,5.43642508139601,13.081041257842392,16.09453520132019,4,6,486,0,0,0,11
1,6,2,RB,1.0,again.,6,4,4.255505885928869,20.848043320543407,17.352933119340285,6,6,487,1,0,1,12
3,0,1,DT,0.0,The,0,0,3.438941048225388,18.12053694573349,8.824079763818386,3,6,488,0,1,0,0
0,1,1,NN,1.0,water,1,1,2.717303822049871,15.55179255272304,12.529994560925893,5,6,489,0,0,0,1
1,0,1,VBD,0.0,had,0,1,3.8826497179688886,17.432489551576744,9.816722327264898,3,6,490,0,0,0,2
2,1,2,VBN,2.0,settled,0,0,8.312977025168948,13.01659611236852,16.18750989310471,7,6,491,0,0,0,3
0,0,0,CC,1.0,and,0,0,2.5040170438587666,19.93279149564298,6.2095491118355035,3,6,492,0,0,0,4
1,0,1,VBN,1.0,looked,0,1,5.879500817041844,14.806781852602777,13.60481780339861,6,6,493,0,0,0,5
2,6,3,JJ,1.0,"clear,",6,4,9.267596556514036,20.763005644193193,18.33426309972714,6,6,494,1,0,0,6
0,0,0,CC,1.0,but,0,0,1.323173712764401,17.553098244319884,9.64272076435627,3,6,495,0,0,0,7
2,1,2,NNP,0.0,Abby,0,1,5.119284441694617,15.17826501686784,28.61724351773128,4,6,496,0,0,0,8
1,0,1,MD,0.0,could,0,0,4.19299953430891,16.68628345113659,10.893270167851,5,6,497,0,0,0,9
0,0,0,RB,0.0,not,1,1,3.3469065332319587,18.05588478508421,8.917353115369856,3,6,498,0,0,0,10
1,0,1,VB,4.0,see,0,0,1.820280688116327,16.358742639435995,11.365811672580191,3,6,499,0,0,0,11
1,0,1,NNP,0.0,Mr.,0,0,3.946331867598929,20.845638777078868,18.229751062886635,3,6,500,0,0,0,12
0,5,0,NNP,2.0,Sticky.,7,6,1.9260271514067424,20.847112203625056,35.926843416873744,7,6,501,1,0,1,13
3,1,2,NNP,0.0,Abby,0,0,5.848220560699701,15.17826501686784,28.61724351773128,4,6,502,0,1,0,0
1,0,1,VBD,1.0,kneeled,0,0,14.877579116728157,12.529560954593093,35.815655664850055,7,6,503,0,0,0,1
1,1,1,RP,1.0,down,1,1,0.7853687983006239,16.107036220281262,11.728947275254644,4,6,504,0,0,0,2
2,0,1,TO,0.0,to,0,0,2.746479989029467,19.88357245739644,6.280557174231113,2,6,505,0,0,0,3
1,0,1,VB,2.0,have,0,1,7.754041863416205,17.990997945585363,9.010965036933804,4,6,506,0,0,0,4
2,0,1,DT,0.0,another,0,0,4.681215589356725,15.813822436865516,12.151965346508836,7,6,507,0,0,0,5
0,1,1,NN,2.0,look,1,2,0.811940219020471,15.560851323885489,12.516925516693284,4,6,508,0,0,0,6
1,0,1,IN,0.0,in,0,1,6.0168222188949585,19.583721360186956,6.713150865180346,2,6,509,0,0,0,7
2,0,1,DT,0.0,the,0,0,0.695469273661729,20.651930178991396,5.17205129965733,3,6,510,0,0,0,8
0,1,1,NN,3.0,tank,1,2,3.686115191841964,13.081041257842392,16.09453520132019,4,6,511,0,0,0,9
2,1,2,WDT,0.0,that,0,1,5.976351732038893,19.024464301341364,7.519988250559035,4,6,512,0,0,0,10
2,0,1,PRP$,0.0,her,0,0,7.630601621116512,17.210354868203652,10.137194933376698,3,6,513,0,0,0,11
0,1,1,NN,1.0,mom,1,2,1.148497726302594,13.13937977382052,16.010370513625723,3,6,514,0,0,0,12
1,0,1,VBD,0.0,had,0,1,0.9698741962201892,17.432489551576744,9.816722327264898,3,6,515,0,0,0,13
1,0,1,VBN,4.0,cleared,0,1,11.114003490190951,12.46807530616534,16.978858140038454,7,6,516,0,0,0,14
1,0,1,RB,0.0,so,0,0,7.960378328338265,17.102955196419583,10.292139907252675,2,6,517,0,0,0,15
0,13,2,RB,2.0,"thoroughly,",13,5,8.580300468136556,20.760086845225104,22.02339858519228,11,6,518,1,0,0,16
0,0,0,CC,1.0,but,0,0,2.5570328080793843,17.553098244319884,9.64272076435627,3,6,519,0,0,0,17
2,0,1,NNP,0.0,Mr.,0,0,6.690286342112813,20.845638777078868,18.229751062886635,3,6,520,0,0,0,18
0,1,1,NNP,1.0,Sticky,1,2,0.1416313220397569,15.40877579484841,31.03009561289304,6,6,521,0,0,0,19
1,0,1,VBD,0.0,was,0,0,1.6678928665351125,18.521451560034553,8.24568223794633,3,6,522,0,0,0,20
1,1,1,RB,0.0,still,1,1,1.0537034852895886,16.012482992404035,11.865358748213168,5,6,523,0,0,0,21
1,1,1,RB,4.0,nowhere,0,0,8.176689186133444,12.367030106570354,17.12463554839978,7,6,524,0,0,0,22
2,0,1,TO,0.0,to,0,1,0.3740574369358,19.88357245739644,6.280557174231113,2,6,525,0,0,0,23
1,0,1,VB,0.0,be,0,1,0.0014392027596841,18.381669296901407,8.447345415772759,2,6,526,0,0,0,24
1,7,2,VBN,3.0,found.,8,5,2.622546999657061,20.851743404357553,16.58489083941108,6,6,527,1,0,1,25
2,1,2,NNP,0.0,Abby,0,0,3.008455455303192,15.17826501686784,28.61724351773128,4,6,528,0,1,0,0
1,0,1,VBD,0.0,was,0,0,3.9029989548726007,18.521451560034553,8.24568223794633,3,6,529,0,0,0,1
2,0,1,DT,0.0,a,0,0,6.41540573828388,19.69218547190043,6.556670229096891,1,6,530,0,0,0,2
0,1,1,NN,3.0,bundle,1,2,14.17232934385538,12.79763550496006,16.503403275562935,6,6,531,0,0,0,3
1,0,1,IN,0.0,of,0,1,0.1074686365900561,20.087642241543257,5.986146708647226,2,6,532,0,0,0,4
1,3,1,NNS,2.0,nerves,3,2,3.8386066948296502,11.996203103446502,17.659625826834276,6,6,533,0,0,0,5
1,0,1,IN,0.0,as,0,1,3.689618252043146,18.455643172698917,8.340623672004352,2,6,534,0,0,0,6
2,1,2,PRP,0.0,she,0,1,0.4855228925007395,16.84690510554553,10.66154210357584,3,6,535,0,0,0,7
1,0,1,VBD,3.0,descended,0,1,12.3308868650347,11.504973935182608,18.368319711828605,9,6,536,0,0,0,8
1,0,1,DT,0.0,the,0,1,1.4306031768792309,20.651930178991396,5.17205129965733,3,6,537,0,0,0,9
0,6,0,NNS,2.0,stairs.,7,2,3.8655444862670265,20.84298666498092,21.875372827829427,7,6,538,1,0,1,10
3,0,1,IN,0.0,In,0,0,7.029082687571645,17.05486160741379,10.361524289609886,2,6,539,0,1,0,0
1,0,1,DT,0.0,the,0,0,1.0861436449049506,20.651930178991396,5.17205129965733,3,6,540,0,0,0,1
0,2,1,NN,2.0,"study,",2,3,11.334632003708975,20.768784673295812,16.831222038756874,6,6,541,1,0,0,2
2,0,1,VBN,0.0,surrounded,0,0,11.747164611238986,12.734533844347478,16.594439728400562,10,6,542,0,0,0,3
1,0,1,IN,0.0,by,0,1,0.0217510001966729,18.29067397824052,8.57862391074893,2,6,543,0,0,0,4
1,0,1,NNS,2.0,books,0,0,5.316832440381404,14.155626861188086,14.544235880362685,5,6,544,0,0,0,5
0,0,0,CC,1.0,and,0,0,0.5391408326104283,19.93279149564298,6.2095491118355035,3,6,545,0,0,0,6
0,4,1,NNS,1.0,"papers,",7,5,4.16648420371348,20.760419404448623,20.788326393002453,7,6,546,1,0,0,7
1,0,1,PRP$,0.0,her,0,0,4.880352608975954,17.210354868203652,10.137194933376698,3,6,547,0,0,0,8
0,1,0,NN,1.0,mom,1,2,2.1577054693480022,13.13937977382052,16.010370513625723,3,6,548,0,0,0,9
1,0,1,VBD,0.0,was,0,1,3.518705538357608,18.521451560034553,8.24568223794633,3,6,549,0,0,0,10
1,3,2,VBG,4.0,working,3,1,7.351630491320975,15.18098646100656,13.064954670576675,7,6,550,0,0,0,11
0,0,0,CC,1.0,and,0,0,6.7793313909787685,19.93279149564298,6.2095491118355035,3,6,551,0,0,0,12
2,1,2,PRP,0.0,she,0,1,4.7259300944861025,16.84690510554553,10.66154210357584,3,6,552,0,0,0,13
1,0,1,VBD,2.0,looked,0,1,4.82330633723177,14.806781852602777,13.60481780339861,6,6,553,0,0,0,14
3,1,2,JJ,1.0,impatient,0,0,12.78467499348335,11.350594753052532,18.59104179230416,9,6,554,0,0,0,15
2,1,2,WRB,0.0,when,0,1,4.700876290444285,17.09507037229838,10.303515303910618,4,6,555,0,0,0,16
2,1,2,PRP,0.0,she,0,1,0.5968932842370123,16.84690510554553,10.66154210357584,3,6,556,0,0,0,17
1,0,1,VBD,3.0,saw,0,1,1.8263484321068972,14.882462918571155,13.49563310483684,3,6,557,0,0,0,18
2,1,2,NNP,1.0,Abby,0,1,5.329976522363722,15.17826501686784,28.61724351773128,4,6,558,0,0,0,19
1,0,1,IN,0.0,in,0,1,4.823978477099445,19.583721360186956,6.713150865180346,2,6,559,0,0,0,20
1,0,1,DT,0.0,the,0,1,0.9878106550313532,20.651930178991396,5.17205129965733,3,6,560,0,0,0,21
0,7,1,NN,3.0,doorway,7,1,7.403122805582825,11.70103026651991,18.085470214873396,7,6,561,0,0,0,22
0,0,0,CC,1.0,and,0,0,3.902880698442459,19.93279149564298,6.2095491118355035,3,6,562,0,0,0,23
2,0,1,RB,0.0,even,0,0,10.93625488691032,16.307134926601453,11.440265863958214,4,6,563,0,0,0,24
0,0,0,RBR,0.0,more,0,1,3.638611082918942,17.253429346216002,10.0750515975594,4,6,564,0,0,0,25
0,1,1,JJ,3.0,worried,2,2,5.736931264400482,12.950428491896773,16.282969591026728,7,6,565,0,0,0,26
2,1,2,WRB,0.0,when,0,1,0.1724965134635567,17.09507037229838,10.303515303910618,4,6,566,0,0,0,27
2,1,2,PRP,0.0,she,0,1,0.4123465727316215,16.84690510554553,10.66154210357584,3,6,567,0,0,0,28
1,0,1,VBD,3.0,heard,0,1,3.752723661134951,14.599815673314778,13.903406883889144,5,6,568,0,0,0,29
1,0,1,DT,0.0,the,0,1,2.2790304428199306,20.651930178991396,5.17205129965733,3,6,569,0,0,0,30
0,0,0,JJ,0.0,bad,0,1,13.587287930189632,14.726166645001188,13.721120963625658,3,6,570,0,0,0,31
0,9,0,NN,3.0,news.,13,5,2.2361300606280565,20.844577802155495,18.89261574809728,5,6,571,1,0,1,32
5,1,4,``,0.0,'He'll,0,2,12.684328012401238,17.284179530107547,35.662066908553285,6,6,572,1,1,0,0
1,0,1,VB,2.0,turn,0,1,8.330300023546442,14.849109190413794,13.543752363044629,4,6,573,0,0,0,1
1,4,1,RP,1.0,"up,'",6,3,4.52201704820618,17.107085354239263,24.62281384319435,4,6,574,1,0,0,2
1,1,1,NN,0.0,Mom,0,1,4.2777285180054605,12.631654057223162,16.742863887092525,3,6,575,0,0,0,3
1,2,2,VBD,2.0,"said,",3,2,3.6762506579980254,20.78078062588832,15.595237168945632,5,6,576,1,0,0,4
0,0,0,CC,1.0,and,0,0,3.529070543590933,19.93279149564298,6.2095491118355035,3,6,577,0,0,0,5
2,1,2,DT,0.0,that,0,1,7.416444748174399,19.024464301341364,7.519988250559035,4,6,578,0,0,0,6
1,0,1,VBD,0.0,was,0,1,1.2419916952494532,18.521451560034553,8.24568223794633,3,6,579,0,0,0,7
1,4,1,DT,3.0,that.,5,3,3.571819651639089,20.9931592071978,12.41673605453974,5,6,580,1,0,1,8
2,1,2,RB,0.0,"Then,",0,0,8.663225158234127,20.763152149692974,18.26886541884481,5,6,581,1,1,0,0
2,0,1,TO,0.0,to,0,1,6.338483042432927,19.88357245739644,6.280557174231113,2,6,582,0,0,0,1
1,0,1,VB,1.0,add,0,0,8.062490448355675,14.91326814814834,13.451190552892392,3,6,583,0,0,0,2
1,1,1,NN,1.0,fuel,1,1,6.491262802388519,13.631201828049006,15.300821274990462,4,6,584,0,0,0,3
1,0,1,TO,0.0,to,0,1,0.0364131684182211,19.88357245739644,6.280557174231113,2,6,585,0,0,0,4
1,0,1,DT,0.0,the,0,1,0.3634017437725561,20.651930178991396,5.17205129965733,3,6,586,0,0,0,5
0,5,1,NNS,3.0,"flames,",3,1,7.46122429233219,20.759967476049056,22.983198485541045,7,6,587,1,0,0,6
1,1,1,PRP,0.0,she,0,1,2.1692925109528005,16.84690510554553,10.66154210357584,3,6,588,0,0,0,7
2,0,1,VBD,3.0,raised,0,0,9.005664653668646,14.07663020205922,14.658203968734693,6,6,589,0,0,0,8
2,0,1,PRP$,0.0,her,0,0,1.0313815991976298,17.210354868203652,10.137194933376698,3,6,590,0,0,0,9
0,1,1,NN,2.0,tone,1,1,12.393051968305372,13.139082825211096,16.010798919911938,4,6,591,0,0,0,10
1,0,1,IN,0.0,of,0,1,3.220225948592997,20.087642241543257,5.986146708647226,2,6,592,0,0,0,11
1,4,2,NN,2.0,voice,2,1,0.6768014023691649,14.39989142973156,14.191836598660128,5,6,593,0,0,0,12
0,0,0,CC,1.0,and,0,0,1.319378293119371,19.93279149564298,6.2095491118355035,3,6,594,0,0,0,13
1,0,1,VBD,1.0,said,0,1,4.36281129065901,16.904210086999463,10.57886849101402,4,6,595,0,0,0,14
1,1,1,RB,1.0,"dismissively,",3,2,14.203101236838847,20.761175209899612,36.36117712900623,13,6,596,1,0,0,15
2,0,1,``,0.0,'For,3,3,10.803666200954469,17.03382474514355,23.52608085688695,4,6,597,1,0,0,16
1,0,1,DT,0.0,the,0,1,2.7076803303789347,20.651930178991396,5.17205129965733,3,6,598,0,0,0,17
0,0,0,NN,2.0,time,0,1,3.907495328050573,17.075857868787498,10.33123308744883,4,6,599,0,0,0,18
0,2,1,VBG,1.0,"being,",4,2,0.7809098461293615,20.770410639679373,16.589056737822894,6,6,600,1,0,0,19
1,0,1,VB,2.0,go,0,0,6.7154075565049425,16.02670389409771,11.844842323862729,2,6,601,0,0,0,20
1,0,1,TO,0.0,to,0,1,3.512819468043745,19.88357245739644,6.280557174231113,2,6,602,0,0,0,21
1,3,1,NN,2.0,"bed,",6,5,5.536889428272843,20.76132695591477,19.426203373524135,4,6,603,1,0,0,22
1,2,1,NNP,1.0,Abby.,6,4,6.845570976380259,20.84621693690098,33.513991321711984,5,6,604,1,0,0,23
3,1,3,PRP,0.0,I've,0,1,7.563114580407273,18.50997825657474,20.867750298313933,4,6,605,0,0,0,24
1,0,1,VBN,3.0,got,0,1,1.1248772850376554,15.62456919665391,12.425000057634286,3,6,606,0,0,0,25
2,1,2,NNS,1.0,masses,0,0,22.819939266890287,12.960427807131234,16.26854362852568,6,6,607,0,0,0,26
1,0,1,IN,0.0,of,0,1,0.4805302658351138,20.087642241543257,5.986146708647226,2,6,608,0,0,0,27
1,3,1,NN,2.0,work,2,2,5.366810526582412,16.34278249078995,11.388837299883694,4,6,609,0,0,0,28
2,0,1,TO,0.0,to,0,1,0.2535930941230617,19.88357245739644,6.280557174231113,2,6,610,0,0,0,29
1,0,1,VB,2.0,catch,0,0,8.935821068065707,13.761046980377431,15.113494317642772,5,6,611,0,0,0,30
1,1,1,RP,1.0,up,1,2,0.5013839453458786,17.040396008802368,10.382393736990077,2,6,612,0,0,0,31
1,10,2,IN,1.0,on.',9,4,2.305646199733019,18.561077849785892,21.490906410203905,4,6,613,1,0,1,32
3,1,2,NNP,0.0,Abby,0,0,2.4632432498037815,15.17826501686784,28.61724351773128,4,6,614,0,1,0,0
1,0,1,VBD,1.0,had,0,1,5.2553605935536325,17.432489551576744,9.816722327264898,3,6,615,0,0,0,1
1,0,1,DT,0.0,a,0,1,4.2413650408852845,19.69218547190043,6.556670229096891,1,6,616,0,0,0,2
0,0,0,JJ,0.0,quick,0,1,6.964567075716332,13.818088232903866,15.03120118549679,5,6,617,0,0,0,3
0,3,1,NN,3.0,temper,4,1,12.623807679861784,12.10274894304824,17.505912672413498,6,6,618,0,0,0,4
0,0,0,CC,1.0,and,0,0,1.4349260395392776,19.93279149564298,6.2095491118355035,3,6,619,0,0,0,5
2,1,2,PRP,0.0,she,0,1,4.88365335483104,16.84690510554553,10.66154210357584,3,6,620,0,0,0,6
1,0,1,VBD,0.0,was,0,1,3.2040832184720784,18.521451560034553,8.24568223794633,3,6,621,0,0,0,7
1,0,1,JJ,3.0,angry,0,1,7.519397762371227,12.965412447199736,16.261352313018236,5,6,622,0,0,0,8
1,0,1,IN,0.0,as,0,1,5.3662618566304445,18.455643172698917,8.340623672004352,2,6,623,0,0,0,9
1,6,1,NN,2.0,hell.,7,3,3.420453337021172,20.843418788354928,20.3522269357402,5,6,624,1,0,1,10
5,1,3,``,0.0,'You've,0,1,11.153753221733496,17.364569311726836,35.12863347893415,7,6,625,1,1,0,0
1,0,1,VBN,2.0,hoovered,0,0,23.587248731637377,13.599275587355317,33.325149970217154,8,6,626,0,0,0,1
1,1,1,PRP,1.0,him,1,2,3.8241666592657566,16.695335111358073,10.880211382537656,3,6,627,0,0,0,2
1,4,2,RB,1.0,"up,",3,1,3.098665619501844,20.78379926589902,15.398762414921688,3,6,628,1,0,0,3
3,2,3,VBP,2.0,haven't,1,2,3.3243658835999668,17.30166238035017,25.045210626308094,7,6,629,0,0,0,4
1,3,2,PRP,1.0,you?',6,5,0.98336652724538,18.21296162214746,23.5001095690367,5,6,630,1,0,0,5
1,1,1,PRP,0.0,she,0,1,1.0040554127190262,16.84690510554553,10.66154210357584,3,6,631,0,0,0,6
1,0,1,VBD,2.0,said,2,1,3.409361534519121,16.904210086999463,10.57886849101402,4,6,632,0,0,0,7
1,3,1,RB,1.0,accusingly.,2,2,9.538325743749738,20.851216650439717,35.52866748428301,11,6,633,1,0,1,8
3,1,2,NNP,1.0,Abby's,1,1,7.626824485370889,18.166105773017627,37.45018365121241,6,6,634,0,1,0,0
0,1,1,NN,1.0,mom,1,1,1.5454973315354437,13.13937977382052,16.010370513625723,3,6,635,0,0,0,1
2,0,1,VBD,1.0,denied,0,0,11.88258349802345,13.963721920628569,14.821096186429989,6,6,636,0,0,0,2
5,1,2,NNP,1.0,Abby's,1,1,9.714273493736982,18.166105773017627,37.45018365121241,6,6,637,0,0,0,3
0,1,1,NN,1.0,version,1,1,8.852878076024354,15.033154583817886,13.278230986682086,7,6,638,0,0,0,4
1,0,1,IN,0.0,of,0,1,0.1215954187500756,20.087642241543257,5.986146708647226,2,6,639,0,0,0,5
1,0,1,DT,0.0,the,0,1,3.476323397961096,20.651930178991396,5.17205129965733,3,6,640,0,0,0,6
0,3,1,NN,3.0,story,3,2,2.0215187586290995,14.879676318898015,13.499653318366224,5,6,641,0,0,0,7
1,0,1,VBD,0.0,was,0,1,8.497395459911786,18.521451560034553,8.24568223794633,3,6,642,0,0,0,8
1,5,3,JJ,3.0,true,3,1,2.2533991892123595,15.398799753202052,12.75071651408654,4,6,643,0,0,0,9
0,0,0,CC,1.0,and,0,0,0.8166441824287176,19.93279149564298,6.2095491118355035,3,6,644,0,0,0,10
1,0,1,VBD,1.0,said,0,1,2.553401270881295,16.904210086999463,10.57886849101402,4,6,645,0,0,0,11
1,0,1,IN,0.0,that,0,1,1.1798169407993555,19.024464301341364,7.519988250559035,4,6,646,0,0,0,12
2,1,2,PRP,0.0,she,0,0,1.8250351902097464,16.84690510554553,10.66154210357584,3,6,647,0,0,0,13
1,0,1,VBD,0.0,was,0,1,2.4671879240777344,18.521451560034553,8.24568223794633,3,6,648,0,0,0,14
1,3,1,JJ,4.0,"careful,",3,2,17.279049165954348,20.760360407806335,20.943622215975253,8,6,649,1,0,0,15
0,0,0,CC,1.0,but,0,0,1.7356063954648562,17.553098244319884,9.64272076435627,3,6,650,0,0,0,16
2,0,1,IN,0.0,because,0,1,8.684392195660621,16.447210891125962,11.23817896459096,7,6,651,0,0,0,17
2,0,1,NNP,0.0,Mr.,0,0,5.785381112713367,20.845638777078868,18.229751062886635,3,6,652,0,0,0,18
0,1,1,NNP,1.0,Sticky,1,2,0.0694752317504026,15.40877579484841,31.03009561289304,6,6,653,0,0,0,19
1,0,1,VBD,0.0,was,0,1,0.9137268110644072,18.521451560034553,8.24568223794633,3,6,654,0,0,0,20
1,0,1,RB,0.0,so,0,1,4.202907860162668,17.102955196419583,10.292139907252675,2,6,655,0,0,0,21
0,4,1,JJ,4.0,small,4,1,3.2233590813120827,15.662894719185696,12.3697080163382,5,6,656,0,0,0,22
1,1,1,PRP,0.0,he,0,1,5.255615938454866,17.694798179754258,9.438290970210817,2,6,657,0,0,0,23
1,0,1,VBD,0.0,was,0,1,2.2465638238936663,18.521451560034553,8.24568223794633,3,6,658,0,0,0,24
1,0,1,JJ,4.0,hard,0,1,6.048530312255025,15.119094552203054,13.15424582047865,4,6,659,0,0,0,25
2,0,1,TO,0.0,to,0,0,0.1721547008492052,19.88357245739644,6.280557174231113,2,6,660,0,0,0,26
1,10,2,VB,2.0,see.,13,7,4.393174838740379,20.85398080554459,16.2625594765609,4,6,661,1,0,1,27
3,1,3,``,0.0,'What's,0,2,10.801743830670604,18.458815078748778,31.25054247173381,7,6,662,1,1,0,0
1,0,1,JJ,2.0,wrong,0,1,3.022973859566264,14.634352945789256,13.853580132164383,5,6,663,0,0,0,1
1,0,1,IN,0.0,with,0,1,0.248462310002651,18.681580760008114,8.014664635242958,4,6,664,0,0,0,2
2,0,1,VBG,0.0,being,0,1,7.602996729023289,16.21534685484689,11.57268805989128,5,6,665,0,0,0,3
1,7,2,JJ,3.0,small?',8,3,2.2881111012538895,15.834373328339025,27.15785267343975,7,6,666,1,0,1,4
3,0,2,``,0.0,'Nothing,0,0,14.970108604989946,16.845194736926175,27.583392256982375,8,6,667,1,1,0,0
1,0,1,IN,0.0,at,0,1,2.2458781901659677,18.150223836201175,8.781250634161243,2,6,668,0,0,0,1
0,3,1,DT,2.0,"all,",3,2,3.772655573542579,20.79639299182752,14.780202521148066,4,6,669,1,0,0,2
1,0,1,CC,0.0,but,0,0,5.736633268883452,17.553098244319884,9.64272076435627,3,6,670,0,0,0,3
1,1,1,PRP,0.0,it,0,1,5.332796868868172,18.431334787537676,8.375693258728493,2,6,671,0,0,0,4
1,0,1,VBZ,3.0,makes,0,1,4.352883411804214,14.990479075276674,13.339798731221904,5,6,672,0,0,0,5
2,1,2,NNS,0.0,things,1,1,6.636127913603559,15.551883806795406,12.52986290912823,6,6,673,0,0,0,6
1,0,1,JJ,2.0,hard,0,1,5.049667618703097,15.119094552203054,13.15424582047865,4,6,674,0,0,0,7
2,0,1,TO,0.0,to,0,0,1.1426491644233463,19.88357245739644,6.280557174231113,2,6,675,0,0,0,8
1,8,2,VB,2.0,find.',9,6,10.342605479061604,16.216089861889934,25.366861879982142,6,6,676,1,0,1,9
2,0,2,``,0.0,'Or,0,1,10.5965959969908,16.8871662975224,25.502345454523105,3,6,677,1,1,0,0
1,2,1,NN,1.0,"notice,'",3,2,19.63741642888635,15.016937825157893,28.6059658497848,8,6,678,1,0,0,1
1,1,1,NNP,0.0,Abby,0,1,1.837323666550219,15.17826501686784,28.61724351773128,4,6,679,0,0,0,2
1,0,1,VBD,2.0,"said,",1,2,4.027516830305103,20.78078062588832,15.595237168945632,5,6,680,1,0,0,3
2,1,2,RB,0.0,suddenly,0,0,8.160195459087845,13.46857375829518,15.535443984733654,8,6,681,0,0,0,4
2,0,1,VBG,2.0,feeling,0,0,5.073525108629838,14.053914672294496,14.690975550877424,7,6,682,0,0,0,5
1,0,1,IN,0.0,like,0,1,4.316339808399789,16.890367918306506,10.598838519142497,4,6,683,0,0,0,6
2,0,1,DT,0.0,the,0,0,4.9129348424612544,20.651930178991396,5.17205129965733,3,6,684,0,0,0,7
0,1,1,JJ,3.0,"small,",1,2,15.143557504168712,20.765937918040592,17.386076694269814,6,6,685,1,0,0,8
1,1,1,VBN,1.0,overlooked,0,1,13.086654575134162,11.623061559378067,18.197955282011456,10,6,686,0,0,0,9
1,0,1,NNP,0.0,Mr.,0,1,9.171215932117777,20.845638777078868,18.229751062886635,3,6,687,0,0,0,10
0,3,0,NNP,2.0,Sticky,4,2,0.2330691958777606,15.40877579484841,31.03009561289304,6,6,688,0,0,0,11
1,2,2,PRP,1.0,herself,3,1,15.747818052768707,13.943887941472797,14.849710569799118,7,6,689,0,0,0,12
0,0,0,CC,1.0,and,0,0,4.371226130053401,19.93279149564298,6.2095491118355035,3,6,690,0,0,0,13
1,0,1,VBG,1.0,storming,0,1,14.861538315191863,16.951684412452025,26.653037168238733,8,6,691,0,0,0,14
1,0,1,IN,0.0,from,0,1,6.3967354947235435,18.126283629319108,8.815789051907856,4,6,692,0,0,0,15
1,0,1,DT,0.0,the,0,1,1.1489274790219497,20.651930178991396,5.17205129965733,3,6,693,0,0,0,16
0,7,0,NN,3.0,room.,11,6,2.6506751992565114,20.845960757520604,18.07676171476453,5,6,694,1,0,1,17
4,0,1,DT,0.0,The,0,0,3.7795135645428672,18.12053694573349,8.824079763818386,3,6,695,0,1,0,0
0,1,1,NN,1.0,door,1,1,6.019611849798821,14.68944687175673,13.774096398388007,4,6,696,0,0,0,1
1,0,1,TO,0.0,to,0,1,2.62582821858814,19.88357245739644,6.280557174231113,2,6,697,0,0,0,2
1,0,1,DT,0.0,the,0,1,0.7980401522363536,20.651930178991396,5.17205129965733,3,6,698,0,0,0,3
0,3,1,NN,3.0,bedroom,3,1,3.797995569533669,12.698971541399974,16.645745286505516,7,6,699,0,0,0,4
1,0,1,VBD,1.0,opened,0,1,2.8037372678518295,14.06350046614716,14.677146173623203,6,6,700,0,0,0,5
1,0,1,DT,0.0,a,0,0,6.530686041340232,19.69218547190043,6.556670229096891,1,6,701,0,0,0,6
0,0,0,JJ,0.0,few,0,1,2.8438748398330063,15.640373671735874,12.402199019809682,3,6,702,0,0,0,7
0,1,0,NNS,3.0,minutes,2,2,3.650116040953435,14.940658312969749,13.411674897935416,7,6,703,0,0,0,8
1,3,2,RB,1.0,later,3,1,0.8796999721089378,15.335531511405987,12.841993292771493,5,6,704,0,0,0,9
0,0,0,CC,1.0,and,0,0,0.489739391952753,19.93279149564298,6.2095491118355035,3,6,705,0,0,0,10
3,1,2,NN,1.0,Mom's,1,1,14.58542589424178,18.118544701002985,25.575804020573656,5,6,706,0,0,0,11
0,1,1,NN,1.0,face,1,2,4.473590288776904,15.14491890931533,13.116989148538623,4,6,707,0,0,0,12
1,3,1,VBD,2.0,appeared.,4,3,10.89104421902448,20.84392225958075,19.536575367241024,9,6,708,1,0,1,13
2,1,2,PRP,0.0,She,0,0,3.1918336832895875,15.75878094018462,12.23137344081347,3,6,709,0,1,0,0
1,0,1,VBD,1.0,was,0,1,2.2131112553179264,18.521451560034553,8.24568223794633,3,6,710,0,0,0,1
1,1,1,RB,1.0,there,1,1,8.815218100324273,17.088435267092525,10.313087737286883,5,6,711,0,0,0,2
2,0,1,TO,0.0,to,0,1,3.05959629942663,19.88357245739644,6.280557174231113,2,6,712,0,0,0,3
1,0,1,VB,2.0,try,0,1,8.013755263993517,15.006064936542108,13.317313086466278,3,6,713,0,0,0,4
2,0,1,TO,0.0,to,0,1,1.4995033445302397,19.88357245739644,6.280557174231113,2,6,714,0,0,0,5
1,0,1,VB,2.0,make,0,0,5.230780084908474,16.32052950931665,11.420941565900218,4,6,715,0,0,0,6
1,1,1,RP,1.0,up,1,2,3.335163357376586,17.040396008802368,10.382393736990077,2,6,716,0,0,0,7
1,0,1,IN,0.0,for,0,1,0.278867821325548,18.90419907432743,7.693494297163422,3,6,717,0,0,0,8
2,0,1,VBG,0.0,having,0,1,7.266140571562573,15.50172412398092,12.602228034777252,6,6,718,0,0,0,9
1,0,1,VBN,0.0,been,0,0,3.2838463152293116,17.198255400550867,10.154650775356767,4,6,719,0,0,0,10
1,1,1,JJ,4.0,insensitive,1,2,15.397935457644053,11.128380007114568,18.911629904281263,11,6,720,0,0,0,11
1,13,4,RBR,1.0,earlier.,10,2,10.385790856555104,20.84434493771826,19.09008990527433,8,6,721,1,0,1,12
2,1,2,PRP,0.0,She,0,0,3.434672344475985,15.75878094018462,12.23137344081347,3,6,722,0,1,0,0
2,0,1,VBD,0.0,had,0,0,3.4767110887914896,17.432489551576744,9.816722327264898,3,6,723,0,0,0,1
1,0,1,VBN,2.0,put,0,1,7.829799976199865,15.425693592725771,12.711916905175212,3,6,724,0,0,0,2
1,0,1,PRP$,0.0,her,0,1,2.8520433767698705,17.210354868203652,10.137194933376698,3,6,725,0,0,0,3
0,1,0,NN,2.0,work,2,1,8.886399047914892,16.34278249078995,11.388837299883694,4,6,726,0,0,0,4
1,0,1,IN,0.0,on,0,1,3.629157219082117,18.53086189167023,8.232105999162414,2,6,727,0,0,0,5
1,0,1,DT,0.0,the,0,1,3.0536373099603225,20.651930178991396,5.17205129965733,3,6,728,0,0,0,6
0,0,0,JJ,0.0,back,0,1,5.1391146080277395,16.337436220093977,11.396550338104024,4,6,729,0,0,0,7
0,4,1,NN,4.0,burner,5,1,0.5480321869254112,10.807908111839795,19.373973118338466,6,6,730,0,0,0,8
0,0,0,CC,1.0,and,0,0,2.008032687008381,19.93279149564298,6.2095491118355035,3,6,731,0,0,0,9
1,0,1,VBD,1.0,occupied,0,1,14.888071048888378,12.75055449088088,16.57132682109499,8,6,732,0,0,0,10
1,1,1,PRP,1.0,herself,1,1,1.2381157615454867,13.943887941472797,14.849710569799118,7,6,733,0,0,0,11
1,0,1,IN,0.0,with,0,1,0.6361679375404492,18.681580760008114,8.014664635242958,4,6,734,0,0,0,12
1,5,1,NNP,2.0,Sticky.,6,4,17.509697064640932,20.847112203625056,35.926843416873744,7,6,735,1,0,1,13
4,1,2,NNP,0.0,"Abby,",1,1,9.186837729648689,20.763600697476168,33.63361219566289,5,6,736,1,1,0,0
2,1,2,WP,0.0,who,0,1,2.422235057107173,16.99990971408453,10.440803113603463,3,6,737,0,0,0,1
2,0,1,VBD,0.0,was,0,1,1.2048546415753665,18.521451560034553,8.24568223794633,3,6,738,0,0,0,2
1,0,1,VBG,3.0,breathing,0,0,10.84067828161642,12.67771243553459,16.67641569311124,9,6,739,0,0,0,3
1,1,1,NN,1.0,fire,1,1,12.835997886955738,14.50535378648075,14.039686579577612,4,6,740,0,0,0,4
2,1,2,DT,0.0,all,1,2,4.9633636172511615,17.469149055179013,9.763833843216451,3,6,741,0,0,0,5
0,0,0,IN,0.0,on,0,1,9.127898069855291,18.53086189167023,8.232105999162414,2,6,742,0,0,0,6
2,1,2,NN,3.0,account,0,1,12.363154593738727,14.748462910903932,13.688954251377428,7,6,743,0,0,0,7
1,0,1,IN,0.0,of,0,1,0.0089060420286841,20.087642241543257,5.986146708647226,2,6,744,0,0,0,8
1,0,1,DT,0.0,the,0,1,1.6918105639051646,20.651930178991396,5.17205129965733,3,6,745,0,0,0,9
0,0,0,JJ,0.0,little,0,1,5.240398979920428,15.70386302020348,12.310603251626194,6,6,746,0,0,0,10
0,9,2,NN,4.0,"snail,",10,2,5.24226574646309,20.761843966764157,34.98048384259751,6,6,747,1,0,0,11
1,0,1,VBD,1.0,tried,0,1,6.653694500681013,14.666162216648887,13.8076890548409,5,6,748,0,0,0,12
2,0,1,TO,0.0,to,0,1,0.3355054297717288,19.88357245739644,6.280557174231113,2,6,749,0,0,0,13
1,0,1,VB,2.0,ignore,0,1,6.4253783588064834,12.951349645493035,16.2816406473015,6,6,750,0,0,0,14
1,6,3,PRP,1.0,"her,",5,2,4.889528411615174,20.78817531833222,15.15356361130831,4,6,751,1,0,0,15
0,0,0,CC,1.0,but,0,0,0.789479416620452,17.553098244319884,9.64272076435627,3,6,752,0,0,0,16
2,1,2,PRP,0.0,it,0,1,4.230832702014595,18.431334787537676,8.375693258728493,2,6,753,0,0,0,17
1,0,1,VBD,0.0,was,0,0,1.1679286727448923,18.521451560034553,8.24568223794633,3,6,754,0,0,0,18
1,1,1,JJ,3.0,hard,1,2,5.016083204303868,15.119094552203054,13.15424582047865,4,6,755,0,0,0,19
2,1,2,WRB,0.0,when,0,1,6.098885642364621,17.09507037229838,10.303515303910618,4,6,756,0,0,0,20
2,1,2,NN,0.0,Mom,0,1,7.138284666463733,12.631654057223162,16.742863887092525,3,6,757,0,0,0,21
2,0,1,VBD,3.0,walked,0,0,7.721103560877964,13.658999427798118,15.2607178156838,6,6,758,0,0,0,22
1,1,1,RP,1.0,over,0,1,3.229771751211956,16.743434436833045,10.810818724204807,4,6,759,0,0,0,23
1,0,1,TO,0.0,to,0,1,1.2732849230524153,19.88357245739644,6.280557174231113,2,6,760,0,0,0,24
1,0,1,DT,0.0,the,0,1,1.982017341768369,20.651930178991396,5.17205129965733,3,6,761,0,0,0,25
0,3,1,NN,3.0,bed,4,1,5.173634976614267,14.248786663475435,14.409834695592522,3,6,762,0,0,0,26
0,0,0,CC,1.0,and,0,0,0.7953117610886693,19.93279149564298,6.2095491118355035,3,6,763,0,0,0,27
1,0,1,VBD,1.0,sat,0,1,5.228529629763216,14.028922106589988,14.727032201478412,3,6,764,0,0,0,28
1,1,1,RB,1.0,next,0,1,3.571527003601659,15.62799739018732,12.42005421982443,4,6,765,0,0,0,29
1,0,1,TO,0.0,to,0,1,0.0049458213034085,19.88357245739644,6.280557174231113,2,6,766,0,0,0,30
1,9,1,PRP,2.0,her.,12,5,1.3744110693223774,20.86886479250561,15.033942737357403,4,6,767,1,0,1,31
3,1,2,NN,0.0,"Mom,",1,1,12.867865846928908,20.760136208478706,21.75923256502414,4,6,768,1,1,0,0
2,1,2,WP,0.0,who,0,1,1.393698367784964,16.99990971408453,10.440803113603463,3,6,769,0,0,0,1
2,1,2,NNP,0.0,Abby,0,1,18.073477084748447,15.17826501686784,28.61724351773128,4,6,770,0,0,0,2
1,0,1,RB,3.0,still,0,1,7.275002657435834,16.012482992404035,11.865358748213168,5,6,771,0,0,0,3
1,0,1,VBN,1.0,strained,0,1,16.504085334949195,11.240118868636918,18.75042480288839,8,6,772,0,0,0,4
2,0,1,TO,0.0,to,0,1,0.1902796628419309,19.88357245739644,6.280557174231113,2,6,773,0,0,0,5
1,0,1,VB,2.0,remain,0,1,8.455445090075955,14.135963017566304,14.572604810040644,6,6,774,0,0,0,6
1,0,1,JJ,1.0,upset,0,1,12.658572483807802,12.719491902918726,16.616140662705167,5,6,775,0,0,0,7
1,10,3,IN,1.0,"with,",9,2,3.8115312694571912,20.877755493029017,13.031033313174571,5,6,776,1,0,0,8
1,0,1,VBD,0.0,had,0,1,4.916214081924409,17.432489551576744,9.816722327264898,3,6,777,0,0,0,9
1,0,1,VBN,2.0,gone,0,0,7.261732080020011,14.261898775480413,14.39091791662737,4,6,778,0,0,0,10
1,1,1,RP,1.0,out,1,1,4.8713172767311335,17.1329401691801,10.24888073574989,3,6,779,0,0,0,11
2,0,1,TO,0.0,to,0,0,2.26502782991156,19.88357245739644,6.280557174231113,2,6,780,0,0,0,12
1,0,1,VB,2.0,find,0,1,6.046656055143103,15.844254285817549,12.108061468940654,4,6,781,0,0,0,13
1,0,1,PRP$,0.0,her,0,1,3.3853974870871753,17.210354868203652,10.137194933376698,3,6,782,0,0,0,14
0,1,0,NNS,2.0,glasses,4,3,14.769288957118988,12.37187941415648,17.117639476393528,7,6,783,0,0,0,15
1,0,1,IN,0.0,in,0,1,4.569454961339943,19.583721360186956,6.713150865180346,2,6,784,0,0,0,16
0,0,0,NN,1.0,order,1,1,6.551514971186407,15.96097085282248,11.939675056533057,5,6,785,0,0,0,17
2,0,1,TO,0.0,to,0,1,0.126134323538281,19.88357245739644,6.280557174231113,2,6,786,0,0,0,18
1,0,1,VB,3.0,search,0,0,10.725260733976029,14.642016616268906,13.842523792768386,6,6,787,0,0,0,19
1,0,1,IN,0.0,for,0,1,0.6423779409960844,18.90419907432743,7.693494297163422,3,6,788,0,0,0,20
1,2,1,NNP,2.0,Sticky,2,2,4.927400951564778,15.40877579484841,31.03009561289304,6,6,789,0,0,0,21
1,0,1,RBR,0.0,more,0,1,7.682797759771347,17.253429346216002,10.0750515975594,4,6,790,0,0,0,22
0,11,2,RB,2.0,effectively.,8,2,9.13427397236228,20.84342460032556,20.33962654634875,12,6,791,1,0,1,23
3,1,3,``,0.0,'This,0,1,9.59570363909006,17.168345503968116,22.688312601420588,5,6,792,1,1,0,0
1,0,1,VBZ,0.0,is,0,1,0.9973898939788342,19.144004138058012,7.347528720939248,2,6,793,0,0,0,1
2,0,1,PRP$,0.0,my,0,1,4.9984305505640805,17.14653233326997,10.229271388022482,2,6,794,0,0,0,2
1,0,1,JJ,0.0,new,0,1,6.509197587613016,16.69136483421134,10.885939281688206,3,6,795,0,0,0,3
0,0,0,CC,0.0,and,0,0,9.728844699449835,19.93279149564298,6.2095491118355035,3,6,796,0,0,0,4
0,0,0,RB,0.0,extra,0,1,10.163156412541866,14.109997921803368,14.61006452493404,5,6,797,0,0,0,5
0,1,0,JJ,3.0,powerful,3,2,10.475556498393416,13.848762532043436,14.986947526245388,8,6,798,0,0,0,6
0,1,1,NN,4.0,pair,5,1,10.50406419672072,14.112505877186129,14.60644631014056,4,6,799,0,0,0,7
3,1,2,PRP,0.0,I,0,1,11.113411784172058,18.456613480707578,8.339223813452126,1,6,800,0,0,0,8
1,0,1,VBP,2.0,have,0,0,4.302480965852737,17.990997945585363,9.010965036933804,4,6,801,0,0,0,9
1,0,1,IN,0.0,for,0,0,3.052744300570339,18.90419907432743,7.693494297163422,3,6,802,0,0,0,10
1,0,1,JJ,0.0,important,0,0,14.383349356707186,15.540517679570463,12.546260764509764,9,6,803,0,0,0,11
0,2,0,NNS,3.0,occasions,1,2,9.202972919680178,12.556817541438106,16.850830157293036,9,6,804,0,0,0,12
1,0,1,IN,0.0,like,0,1,2.5103087155148387,16.890367918306506,10.598838519142497,4,6,805,0,0,0,13
1,0,1,NN,0.0,snail,0,0,16.8716380270198,14.54764236611919,29.96411516466589,5,6,806,0,0,0,14
0,8,1,NN,3.0,"hunting,'",9,6,4.531539957039058,14.50605585656314,31.21694323579625,9,6,807,1,0,0,15
1,1,1,PRP,0.0,she,0,1,1.113123448099941,16.84690510554553,10.66154210357584,3,6,808,0,0,0,16
1,2,1,VBD,2.0,said.,3,2,3.358008801471442,20.86204529510284,15.475616294994726,5,6,809,1,0,1,17
3,1,2,PRP,0.0,She,0,0,4.060184396803379,15.75878094018462,12.23137344081347,3,6,810,0,1,0,0
1,0,1,VBD,1.0,smiled,0,0,7.847476195544004,13.031322072972186,16.166264822769477,6,6,811,0,0,0,1
1,0,1,IN,0.0,at,0,1,2.5762754364404827,18.150223836201175,8.781250634161243,2,6,812,0,0,0,2
1,2,1,NNP,2.0,"Abby,",3,2,3.777526216756087,20.763600697476168,33.63361219566289,5,6,813,1,0,0,3
2,0,1,VBG,1.0,trying,0,0,7.74829944857629,14.989210529189297,13.341628856371308,6,6,814,0,0,0,4
2,0,1,TO,0.0,to,0,1,0.2667092535994015,19.88357245739644,6.280557174231113,2,6,815,0,0,0,5
1,0,1,VB,2.0,butter,0,0,16.626971718214918,12.99577695540239,16.217545587615238,6,6,816,0,0,0,6
1,1,1,PRP,1.0,her,1,2,1.1050933515653014,17.210354868203652,10.137194933376698,3,6,817,0,0,0,7
1,8,4,RP,1.0,"up,",6,4,8.174284310429357,20.78379926589902,15.398762414921688,3,6,818,1,0,0,8
0,0,0,CC,1.0,but,0,0,0.9694067417876796,17.553098244319884,9.64272076435627,3,6,819,0,0,0,9
2,1,2,NNP,0.0,Abby,0,1,5.792123429942876,15.17826501686784,28.61724351773128,4,6,820,0,0,0,10
1,0,1,VBD,0.0,didn't,1,1,4.058936022105627,17.426603509342378,22.66016589256865,6,6,821,0,0,0,11
1,0,1,VB,4.0,smile,0,0,7.3004635237157345,13.428293928912844,15.593555494831405,5,6,822,0,0,0,12
1,5,1,RB,1.0,back.,6,5,1.2462547877803445,20.85374547081352,16.29329814208473,5,6,823,1,0,1,13
3,1,2,NNP,0.0,Abby,0,0,5.000773875974119,15.17826501686784,28.61724351773128,4,6,824,0,1,0,0
1,0,1,VBD,1.0,believed,0,1,10.765394438058138,13.810505051291862,15.042141404002589,8,6,825,0,0,0,1
4,0,1,PRP$,0.0,her,0,0,3.2382377050817013,17.210354868203652,10.137194933376698,3,6,826,0,0,0,2
0,1,1,NN,2.0,mom's,2,2,5.316235055215657,18.1212800626984,24.843310647106858,5,6,827,0,0,0,3
0,1,1,NN,1.0,idea,1,2,7.833111683838069,14.926989054195284,13.43139546978196,4,6,828,0,0,0,4
1,0,1,MD,0.0,would,0,0,8.986469452618621,17.12711793173308,10.257280448841584,5,6,829,0,0,0,5
0,0,0,RB,0.0,not,1,1,7.334829266124871,18.05588478508421,8.917353115369856,3,6,830,0,0,0,6
1,6,3,VB,4.0,"succeed,",5,3,10.254598313767929,20.76009322588275,21.98640581069592,8,6,831,1,0,0,7
0,0,0,CC,1.0,but,0,0,1.4149143024114892,17.553098244319884,9.64272076435627,3,6,832,0,0,0,8
2,1,2,RB,0.0,then,0,1,4.998290551826358,16.720629155852837,10.843719789981035,4,6,833,0,0,0,9
1,1,1,PRP,0.0,she,0,1,1.2437970167957246,16.84690510554553,10.66154210357584,3,6,834,0,0,0,10
1,0,1,VBD,3.0,had,0,1,5.332298033172265,17.432489551576744,9.816722327264898,3,6,835,0,0,0,11
2,0,1,DT,0.0,an,0,0,5.955665032874094,17.966326533280526,9.046558361117718,2,6,836,0,0,0,12
0,1,1,NN,2.0,idea,1,2,2.1901939052331727,14.926989054195284,13.43139546978196,4,6,837,0,0,0,13
1,0,1,IN,0.0,of,0,1,3.520063165691681,20.087642241543257,5.986146708647226,2,6,838,0,0,0,14
1,0,1,PRP$,0.0,her,0,1,4.897267292137258,17.210354868203652,10.137194933376698,3,6,839,0,0,0,15
0,6,0,JJ,3.0,own.,9,3,1.2848255531862378,20.84955466842822,16.989125133118122,4,6,840,1,0,1,16
4,1,4,``,0.0,'I've,0,2,8.878361574548762,18.0103121534001,32.91607956004406,5,6,841,1,1,0,0
1,0,1,VBN,2.0,got,0,1,1.7973611548659392,15.62456919665391,12.425000057634286,3,6,842,0,0,0,1
1,0,1,DT,0.0,a,0,1,2.1447465498931706,19.69218547190043,6.556670229096891,1,6,843,0,0,0,2
0,0,0,JJ,0.0,magnifying,0,1,13.0655730352737,13.710859790375688,32.89710771268276,10,6,844,0,0,0,3
0,4,0,NN,3.0,"glass,'",7,2,2.5813829207327217,14.874853465628176,29.07370748390176,7,6,845,1,0,0,4
1,1,1,NNP,0.0,Abby,0,1,2.910627478035167,15.17826501686784,28.61724351773128,4,6,846,0,0,0,5
3,1,2,RB,0.0,suddenly,0,0,10.457663592300378,13.46857375829518,15.535443984733654,8,6,847,0,0,0,6
0,1,1,VBD,3.0,remembered,1,1,6.508788441889919,12.856077433193278,16.41908939552088,10,6,848,0,0,0,7
0,0,0,CC,1.0,and,0,0,3.1746814562939107,19.93279149564298,6.2095491118355035,3,6,849,0,0,0,8
1,0,1,VBD,1.0,rushed,0,0,10.240733301267028,12.113633839384027,17.490209086449266,6,6,850,0,0,0,9
1,1,1,RP,1.0,off,1,1,5.533091925550252,15.932315680740835,11.981015731191064,3,6,851,0,0,0,10
2,0,1,TO,0.0,to,0,0,0.8975256767589599,19.88357245739644,6.280557174231113,2,6,852,0,0,0,11
1,0,1,VB,2.0,find,0,1,2.402560209622606,15.844254285817549,12.108061468940654,4,6,853,0,0,0,12
1,7,2,PRP,1.0,it.,9,7,5.246894118376076,20.92864719597236,13.272441062709198,3,6,854,1,0,1,13
2,0,1,IN,0.0,On,0,0,8.3023861926049,15.211089681961443,13.02152490299028,2,6,855,0,1,0,0
1,0,1,DT,0.0,the,0,0,0.8157556843070779,20.651930178991396,5.17205129965733,3,6,856,0,0,0,1
0,2,1,NN,2.0,floor,1,2,5.300388874107739,14.125857334530725,14.587184228840869,5,6,857,0,0,0,2
1,0,1,IN,0.0,beside,0,1,4.1561782117933035,12.921186776215675,16.32515646922693,6,6,858,0,0,0,3
1,0,1,DT,0.0,each,0,1,10.755154107231649,16.39220140585557,11.317540876192414,4,6,859,0,0,0,4
0,2,0,JJ,2.0,other,4,1,5.635121454950422,17.02036838824095,10.41128748585484,5,6,860,0,0,0,5
1,1,1,PRP,0.0,they,0,1,9.272189168725165,17.366789695455783,9.911507183877728,4,6,861,0,0,0,6
1,0,1,VBD,3.0,"sat,",1,2,4.982956408231985,20.76103387336019,19.743400879410025,4,6,862,1,0,0,7
3,0,1,VBG,1.0,shuffling,0,0,12.4406746540335,14.602061556921228,33.26408993884695,9,6,863,0,0,0,8
1,0,1,IN,0.0,around,0,1,4.45045468211174,15.859577351277904,12.08595495838978,6,6,864,0,0,0,9
1,0,1,DT,0.0,the,0,1,3.4722119127691258,20.651930178991396,5.17205129965733,3,6,865,0,0,0,10
0,3,1,NN,3.0,"tank,",3,1,11.12017336653662,20.760303572020508,21.110903879251804,5,6,866,1,0,0,11
1,0,1,VBG,1.0,looking,0,0,4.49103410373209,14.985183179447544,13.347439093871657,7,6,867,0,0,0,12
2,1,2,DT,1.0,all,0,1,9.133343655616043,17.469149055179013,9.763833843216451,3,6,868,0,0,0,13
1,0,1,IN,0.0,over,0,1,2.679424713831395,16.743434436833045,10.810818724204807,4,6,869,0,0,0,14
1,0,1,DT,0.0,the,0,1,2.549788167933002,20.651930178991396,5.17205129965733,3,6,870,0,0,0,15
0,4,0,NN,3.0,place,4,1,2.70895061804913,15.639852247822317,12.402951275503977,5,6,871,0,0,0,16
0,0,0,CC,1.0,and,0,0,3.3101823357865214,19.93279149564298,6.2095491118355035,3,6,872,0,0,0,17
1,0,1,VBG,1.0,peering,0,1,10.112660915590824,14.691557461481237,29.544865464026422,7,6,873,0,0,0,18
1,0,1,IN,0.0,into,0,1,3.2120419167913496,16.972256606338846,10.48069811501334,4,6,874,0,0,0,19
2,0,1,DT,0.0,the,0,0,1.926895578508265,20.651930178991396,5.17205129965733,3,6,875,0,0,0,20
0,1,1,NNS,3.0,corners,1,2,10.69250393321272,12.26499699918015,17.271838206438115,7,6,876,0,0,0,21
1,0,1,IN,0.0,among,0,1,13.986703741829842,15.251109236768308,12.963788889731834,5,6,877,0,0,0,22
2,0,1,DT,0.0,the,0,0,0.4889727047411725,20.651930178991396,5.17205129965733,3,6,878,0,0,0,23
0,0,0,JJ,0.0,big,0,1,9.344685704098085,15.053278808336888,13.249197867766782,3,6,879,0,0,0,24
0,1,1,NNS,4.0,pebbles,2,1,12.470137111842632,15.447882073423484,43.12390478413123,7,6,880,0,0,0,25
0,0,0,CC,1.0,and,0,0,3.4013250016141683,19.93279149564298,6.2095491118355035,3,6,881,0,0,0,26
1,0,1,DT,0.0,the,0,1,3.3493336915271357,20.651930178991396,5.17205129965733,3,6,882,0,0,0,27
0,0,0,JJ,0.0,pond,0,1,9.48591536062304,11.853147804016457,17.86601099789489,4,6,883,0,0,0,28
0,10,1,NN,3.0,weed.,16,8,15.022335849702358,20.84283551560524,23.412218476847418,5,6,884,1,0,1,29
2,1,2,NNP,0.0,Abby,0,0,2.65422772616148,15.17826501686784,28.61724351773128,4,6,885,0,1,0,0
1,0,1,VBD,1.0,tried,0,1,6.06188101042062,14.666162216648887,13.8076890548409,5,6,886,0,0,0,1
2,0,1,TO,0.0,to,0,1,0.4276663847267627,19.88357245739644,6.280557174231113,2,6,887,0,0,0,2
1,0,1,VB,2.0,"imagine,",1,2,12.990667301230133,20.76050282420049,20.59384986314071,8,6,888,1,0,0,3
2,0,1,IN,0.0,if,0,1,5.59726895368658,17.14973730774824,10.224647587236507,2,6,889,0,0,0,4
2,1,2,PRP,0.0,she,0,1,1.6285845490638169,16.84690510554553,10.66154210357584,3,6,890,0,0,0,5
1,0,1,VBD,0.0,were,0,1,4.13450743840076,17.723648827567594,9.39666828368408,4,6,891,0,0,0,6
2,1,2,NNP,3.0,"Sticky,",0,0,10.613484686939046,20.76457303149809,36.04646429082465,7,6,892,1,0,0,7
1,0,1,DT,0.0,a,0,1,5.818257373408414,19.69218547190043,6.556670229096891,1,6,893,0,0,0,8
0,0,0,JJ,0.0,little,0,1,4.8142050839960575,15.70386302020348,12.310603251626194,6,6,894,0,0,0,9
0,0,0,NN,0.0,water,0,1,8.450663778930902,15.55179255272304,12.529994560925893,5,6,895,0,0,0,10
0,5,1,NN,4.0,"snail,",9,4,6.881344917404931,20.761843966764157,34.98048384259751,6,6,896,1,0,0,11
1,1,1,WRB,0.0,where,0,1,9.013479333661962,16.599322624688853,11.018728120918755,5,6,897,0,0,0,12
1,0,1,MD,0.0,would,0,1,10.129449226427823,17.12711793173308,10.257280448841584,5,6,898,0,0,0,13
1,1,1,PRP,0.0,she,1,1,1.0552331376820805,16.84690510554553,10.66154210357584,3,6,899,0,0,0,14
1,0,1,VB,5.0,hide,0,1,7.655229127034545,13.12170916345304,16.035863815572366,4,6,900,0,0,0,15
1,9,2,RP,1.0,out?,9,2,7.389268347993493,18.023493861587685,19.975225234781767,4,6,901,1,0,1,16
3,0,1,IN,0.0,At,0,0,7.941934937611222,15.132261360282495,13.1352501317581,2,6,902,0,1,0,0
1,0,1,CD,0.0,one,0,0,5.071579283569008,17.417661831348372,9.838114205706065,3,6,903,0,0,0,1
0,2,1,NN,2.0,point,2,2,1.3898672661744058,15.742561120634802,12.254773694042107,5,6,904,0,0,0,2
1,1,1,PRP,0.0,she,0,0,1.3427901631221175,16.84690510554553,10.66154210357584,3,6,905,0,0,0,3
1,0,1,VBD,2.0,thought,0,1,3.7270893836393952,15.353262762193182,12.816412505192044,7,6,906,0,0,0,4
3,1,2,PRP,0.0,she,0,1,1.6236638352274897,16.84690510554553,10.66154210357584,3,6,907,0,0,0,5
1,0,1,VBD,2.0,saw,0,1,3.766493213828653,14.882462918571155,13.49563310483684,3,6,908,0,0,0,6
1,6,3,PRP,1.0,"him,",5,2,11.249435335223096,20.776866855139865,15.896580060469269,4,6,909,1,0,0,7
0,0,0,CC,1.0,but,0,0,1.1920124666648917,17.553098244319884,9.64272076435627,3,6,910,0,0,0,8
2,1,2,PRP,0.0,it,0,1,4.023979114834219,18.431334787537676,8.375693258728493,2,6,911,0,0,0,9
1,0,1,VBD,0.0,wasn't,1,2,3.988864074344747,17.340735025747467,23.86596144889463,6,6,912,0,0,0,10
1,0,1,DT,0.0,the,0,1,6.479974962596316,20.651930178991396,5.17205129965733,3,6,913,0,0,0,11
0,0,0,NN,0.0,water,0,1,6.508625321264844,15.55179255272304,12.529994560925893,5,6,914,0,0,0,12
0,4,0,NN,6.0,snail.,8,4,4.891341226175427,20.844599619898464,34.8608629686466,6,6,915,1,0,1,13
2,1,2,PRP,0.0,It,0,0,3.072299435734749,16.818509266914305,10.702508639150992,2,6,916,0,1,0,0
1,0,1,VBD,0.0,was,0,1,0.387833702377975,18.521451560034553,8.24568223794633,3,6,917,0,0,0,1
2,0,1,DT,0.0,a,0,0,2.756569521734491,19.69218547190043,6.556670229096891,1,6,918,0,0,0,2
0,0,0,JJ,0.0,large,0,1,5.507563763065264,15.588818506740086,12.476577400681318,5,6,919,0,0,0,3
0,1,1,NN,4.0,speck,2,1,10.017666612751782,10.886370944359417,19.26077517896831,5,6,920,0,0,0,4
1,0,1,IN,0.0,of,0,1,1.027449568733573,20.087642241543257,5.986146708647226,2,6,921,0,0,0,5
1,2,1,NN,2.0,dust,2,2,9.238966712728145,13.32197951701787,15.746934769647307,4,6,922,0,0,0,6
2,1,2,WDT,0.0,that,0,1,2.8938878532499075,19.024464301341364,7.519988250559035,4,6,923,0,0,0,7
2,0,1,VBD,0.0,was,0,1,3.1199684757739305,18.521451560034553,8.24568223794633,3,6,924,0,0,0,8
1,1,1,RB,0.0,deceptively,0,1,18.796121788629534,16.78992102885932,42.68226906817437,11,6,925,0,0,0,9
1,0,1,VBG,4.0,bobbing,0,0,15.387624464929104,12.738998255641029,35.47181512519536,7,6,926,0,0,0,10
1,1,1,RP,1.0,around,1,1,2.1815146766602993,15.859577351277904,12.08595495838978,6,6,927,0,0,0,11
1,0,1,IN,0.0,in,0,1,1.981190023943782,19.583721360186956,6.713150865180346,2,6,928,0,0,0,12
1,0,1,DT,0.0,the,0,1,0.63998412451474,20.651930178991396,5.17205129965733,3,6,929,0,0,0,13
0,2,0,NN,3.0,water,3,2,4.867548533540685,15.55179255272304,12.529994560925893,5,6,930,0,0,0,14
1,0,1,IN,0.0,like,0,1,4.175414238823578,16.890367918306506,10.598838519142497,4,6,931,0,0,0,15
1,0,1,DT,0.0,a,0,1,0.7796811184380203,19.69218547190043,6.556670229096891,1,6,932,0,0,0,16
0,0,0,JJ,0.0,live,0,1,12.346325204707682,14.8424177289001,13.55340610138673,4,6,933,0,0,0,17
0,9,1,NN,4.0,animal.,11,2,7.377203987911344,20.84379539700481,19.702812165313674,7,6,934,1,0,1,18
2,1,2,PRP,0.0,They,0,0,7.005772531032562,15.747655108709292,12.247424622708692,4,6,935,0,1,0,0
1,0,1,VBD,0.0,were,0,0,2.485825230833143,17.723648827567594,9.39666828368408,4,6,936,0,0,0,1
1,0,1,JJ,2.0,ready,0,1,11.553707361686977,14.279208724497218,14.365944939022778,5,6,937,0,0,0,2
2,0,1,TO,0.0,to,0,1,0.3789735065656714,19.88357245739644,6.280557174231113,2,6,938,0,0,0,3
1,0,1,VB,2.0,call,0,1,9.675232978363056,15.252915246734323,12.96118336811007,4,6,939,0,0,0,4
1,1,1,PRP,1.0,it,1,1,1.898116361349821,18.431334787537676,8.375693258728493,2,6,940,0,0,0,5
1,5,2,NN,1.0,"quits,",5,3,7.623427612066735,20.764252065659495,32.699796713204414,6,6,941,1,0,0,6
2,1,2,WRB,0.0,when,0,1,6.895455359190237,17.09507037229838,10.303515303910618,4,6,942,0,0,0,7
2,1,2,RB,0.0,suddenly,0,1,5.863569932058454,13.46857375829518,15.535443984733654,8,6,943,0,0,0,8
1,1,1,NN,0.0,Mom,0,1,7.186633065342903,12.631654057223162,16.742863887092525,3,6,944,0,0,0,9
1,0,1,VBD,4.0,"cried,",1,1,13.919054279103875,20.760164745257217,21.6260227324309,6,6,945,1,0,0,10
1,0,1,``,1.0,'Ah,1,3,12.889750188216569,16.84926763755191,27.19642633252024,3,6,946,1,0,0,11
0,6,0,UH,1.0,ha!',9,3,8.264053344726562,14.506300963510444,30.66344051257625,4,6,947,1,0,1,12
2,0,1,RB,0.0,Tucked,0,0,16.98220561700873,16.66971676649337,29.22252343269385,6,6,948,0,1,0,0
1,0,1,IN,0.0,in,0,1,3.303028815658763,19.583721360186956,6.713150865180346,2,6,949,0,0,0,1
2,0,1,DT,0.0,a,0,0,4.168952262843959,19.69218547190043,6.556670229096891,1,6,950,0,0,0,2
0,1,1,NN,3.0,curve,1,2,14.691603076760655,13.742332153628483,15.140494105384573,5,6,951,0,0,0,3
1,0,1,IN,0.0,of,0,1,1.2226581491413526,20.087642241543257,5.986146708647226,2,6,952,0,0,0,4
1,0,1,DT,0.0,the,0,1,5.100451723556034,20.651930178991396,5.17205129965733,3,6,953,0,0,0,5
0,4,0,NN,3.0,"archway,",5,1,16.65318404114805,20.761978025630732,35.44074531012612,8,6,954,1,0,0,6
2,1,2,RB,0.0,perfectly,0,1,16.634196847851854,13.271390094987092,15.819919877932552,9,6,955,0,0,0,7
0,0,0,VBN,2.0,hidden,0,1,6.699425846338272,13.392746176553024,15.644840060875666,6,6,956,0,0,0,8
1,0,1,IN,0.0,against,0,1,9.72076942655258,15.917417844359774,12.002508765857996,7,6,957,0,0,0,9
1,0,1,DT,0.0,a,0,1,4.206632495042868,19.69218547190043,6.556670229096891,1,6,958,0,0,0,10
0,0,0,NN,0.0,pitch,0,1,14.157697097514756,12.846027360997962,16.43358858483764,5,6,959,0,0,0,11
0,0,0,JJ,0.0,dark,1,1,4.877428829669952,14.384930131362148,14.213421189622942,4,6,960,0,0,0,12
0,4,1,NN,5.0,"stone,",8,3,10.57063328503864,20.760455413738104,20.701146757968363,6,6,961,1,0,0,13
1,0,1,VBD,1.0,sat,0,1,8.153258913836908,14.028922106589988,14.727032201478412,3,6,962,0,0,0,14
2,0,1,NNP,0.0,Mr.,0,0,5.663272776408121,20.845638777078868,18.229751062886635,3,6,963,0,0,0,15
0,1,1,NNP,2.0,"Sticky,",2,3,2.058221357001458,20.76457303149809,36.04646429082465,7,6,964,1,0,0,16
1,0,1,JJ,1.0,safe,0,0,15.110937416029628,14.160240746506764,14.537579450894196,4,6,965,0,0,0,17
0,0,0,CC,1.0,and,0,0,2.046645006601466,19.93279149564298,6.2095491118355035,3,6,966,0,0,0,18
0,4,0,JJ,1.0,sound.,6,4,1.5944202901155222,20.844447495181253,18.99977826858871,6,6,967,1,0,1,19
3,1,3,``,0.0,"'You,",1,1,14.321831730660053,20.787508381474726,27.61647567200395,5,6,968,1,1,0,0
1,1,1,PRP,0.0,I,1,2,6.863369335886091,18.456613480707578,8.339223813452126,1,6,969,0,0,0,1
1,0,1,MD,0.0,can,0,0,6.592658758163452,17.65084217709616,9.501706077262956,3,6,970,0,0,0,2
1,1,1,RB,0.0,always,1,1,7.74518218729645,15.503668334268962,12.59942313223625,6,6,971,0,0,0,3
1,0,1,VB,4.0,count,0,0,3.810802144929766,14.24662456923867,14.412953938225844,5,6,972,0,0,0,4
1,4,1,RP,1.0,"on,'",5,4,10.576891830249224,18.54627766927978,22.47252610536669,4,6,973,1,0,0,5
1,1,1,NNP,0.0,Abby,0,1,1.443506671988871,15.17826501686784,28.61724351773128,4,6,974,0,0,0,6
1,0,1,VBD,2.0,said,0,0,1.8295107297599316,16.904210086999463,10.57886849101402,4,6,975,0,0,0,7
1,0,1,TO,0.0,to,0,1,3.836025112570496,19.88357245739644,6.280557174231113,2,6,976,0,0,0,8
1,0,1,PRP$,0.0,her,0,1,2.800327694712905,17.210354868203652,10.137194933376698,3,6,977,0,0,0,9
0,2,0,NN,3.0,"mom,",4,3,3.8615000781137496,20.760331344696706,21.026739191557336,4,6,978,1,0,0,10
1,0,1,IN,0.0,with,0,1,6.329398648755159,18.681580760008114,8.014664635242958,4,6,979,0,0,0,11
1,4,1,NN,2.0,relief.,6,3,10.50642061122926,20.843616981963056,19.974638760014848,7,6,980,1,0,1,12
1,0,1,RB,0.0,Then,0,0,6.6405289974063635,15.050992203716426,13.252496740913198,4,6,981,0,1,0,0
1,1,1,PRP,0.0,she,0,1,0.7181946027558297,16.84690510554553,10.66154210357584,3,6,982,0,0,0,1
2,0,1,VBD,2.0,noticed,0,0,7.950756780104712,13.48295245113292,15.51469991588218,7,6,983,0,0,0,2
3,0,1,DT,0.0,another,0,0,7.433056132867932,15.813822436865516,12.151965346508836,7,6,984,0,0,0,3
0,0,0,NN,0.0,water,0,1,5.873079419136047,15.55179255272304,12.529994560925893,5,6,985,0,0,0,4
0,1,1,NN,2.0,snail,2,2,0.6949897184967995,14.54764236611919,29.96411516466589,5,6,986,0,0,0,5
1,0,1,VBD,2.0,was,0,1,6.647477610153146,18.521451560034553,8.24568223794633,3,6,987,0,0,0,6
1,0,1,RB,0.0,right,0,1,7.78766877099406,16.228856578108523,11.553197649137935,5,6,988,0,0,0,7
0,0,0,JJ,2.0,next,0,1,1.9173782072030008,15.62799739018732,12.42005421982443,4,6,989,0,0,0,8
1,0,1,TO,0.0,to,0,1,0.1008247542195022,19.88357245739644,6.280557174231113,2,6,990,0,0,0,9
1,7,3,NNP,2.0,Sticky,6,1,10.483553847763687,15.40877579484841,31.03009561289304,6,6,991,0,0,0,10
0,0,0,CC,1.0,and,0,0,1.405099207535386,19.93279149564298,6.2095491118355035,3,6,992,0,0,0,11
1,0,1,VBD,1.0,asked,0,1,8.11902112327516,15.126720046841973,13.143244557178754,5,6,993,0,0,0,12
2,1,2,WRB,0.0,where,0,1,7.099812164902687,16.599322624688853,11.018728120918755,5,6,994,0,0,0,13
3,0,1,DT,0.0,this,0,0,8.497286644764245,18.084110076486997,8.876632627435416,4,6,995,0,0,0,14
0,0,0,JJ,0.0,new,0,1,6.751390087418258,16.69136483421134,10.885939281688206,3,6,996,0,0,0,15
0,1,1,NN,2.0,addition,2,1,7.359752987511456,15.104329897700328,13.175546714310167,8,6,997,0,0,0,16
1,0,1,TO,0.0,to,0,1,4.3091449700878,19.88357245739644,6.280557174231113,2,6,998,0,0,0,17
1,0,1,DT,0.0,the,0,1,0.3866509175859391,20.651930178991396,5.17205129965733,3,6,999,0,0,0,18
0,3,1,NN,3.0,family,3,2,6.014919099805411,15.422581872212715,12.716406168928025,6,6,1000,0,0,0,19
1,0,1,MD,0.0,could,0,1,6.475335382157937,16.68628345113659,10.893270167851,5,6,1001,0,0,0,20
1,0,1,VB,0.0,have,0,1,5.490739614120685,17.990997945585363,9.010965036933804,4,6,1002,0,0,0,21
1,0,1,VBN,5.0,come,0,1,0.9317047129152344,15.64928219317746,12.389346740104251,4,6,1003,0,0,0,22
1,9,1,IN,1.0,from.,11,4,0.2506432221271097,20.906770228082593,13.712536855888562,5,6,1004,1,0,1,23
5,1,3,``,0.0,'I'm,0,1,8.085825168993324,18.058141380729055,32.26347317192539,4,6,1005,1,1,0,0
1,0,1,VBG,2.0,beginning,0,1,12.647151440847663,14.175652584619597,14.515344868477827,9,6,1006,0,0,0,1
2,0,1,TO,0.0,to,0,1,0.0982855362817645,19.88357245739644,6.280557174231113,2,6,1007,0,0,0,2
1,0,1,VB,2.0,suspect,0,1,4.023420203477144,13.137584939390354,16.012959912357342,7,6,1008,0,0,0,3
2,0,1,DT,0.0,the,0,0,5.1566857672296464,20.651930178991396,5.17205129965733,3,6,1009,0,0,0,4
0,0,0,NN,0.0,pond,0,1,9.925383950117975,11.853147804016457,17.86601099789489,4,6,1010,0,0,0,5
0,1,1,NN,2.0,weed,2,2,1.266555979847908,11.40297666142236,18.51547067286671,4,6,1011,0,0,0,6
1,0,1,VBZ,0.0,is,0,1,1.6752229891717434,19.144004138058012,7.347528720939248,2,6,1012,0,0,0,7
1,9,3,JJ,3.0,"guilty,",8,3,17.832972694188356,20.76054911775837,20.496253933265525,7,6,1013,1,0,0,8
2,1,2,VB,2.0,don't,1,2,6.9424341295380145,17.574876247941308,21.589569414656246,5,6,1014,0,0,0,9
1,1,1,PRP,1.0,you,1,1,0.5390945137478411,18.198249039215252,8.711964911935151,3,6,1015,0,0,0,10
1,3,2,VBP,1.0,think?',5,3,1.008207866922021,16.169469427107128,26.599547717014826,7,6,1016,1,0,0,11
1,1,1,VBD,1.0,replied,0,1,10.10418759897584,13.247477695637016,15.85441817789066,7,6,1017,0,0,0,12
1,2,1,NN,1.0,Mom.,3,2,4.269108152424451,20.84302760517517,21.63961169107323,4,6,1018,1,0,1,13
3,1,2,PRP,0.0,They,0,0,6.772437291685492,15.747655108709292,12.247424622708692,4,6,1019,0,1,0,0
1,0,1,CC,0.0,both,0,1,3.965420555789024,16.265379148427403,11.500506718058377,4,6,1020,0,0,0,1
1,1,1,VBD,2.0,laughed,0,0,4.951171347871423,12.83443594152007,16.45031146823526,7,6,1021,0,0,0,2
0,0,0,CC,1.0,and,0,0,1.3229950251989069,19.93279149564298,6.2095491118355035,3,6,1022,0,0,0,3
1,0,1,VBD,1.0,climbed,0,0,10.27223465341376,12.056324759167708,17.57288861227526,7,6,1023,0,0,0,4
1,0,1,IN,0.0,into,0,1,2.0840485356166027,16.972256606338846,10.48069811501334,4,6,1024,0,0,0,5
2,1,2,NNP,1.0,Abby's,1,2,7.481458977446891,18.166105773017627,37.45018365121241,6,6,1025,0,0,0,6
0,2,0,NN,3.0,bed,3,2,3.191749956109561,14.248786663475435,14.409834695592522,3,6,1026,0,0,0,7
1,4,2,RB,1.0,together,5,3,7.595559477806091,15.218024910908849,13.011519482580432,8,6,1027,0,0,0,8
0,0,0,CC,1.0,"and,",1,1,7.962480955466162,21.122633720032468,11.225917789767117,4,6,1028,1,0,0,9
2,0,1,IN,0.0,though,0,1,7.184814746549819,15.33441482476998,12.843604331043483,6,6,1029,0,0,0,10
2,1,2,PRP,0.0,it,0,1,4.462780796224251,18.431334787537676,8.375693258728493,2,6,1030,0,0,0,11
1,0,1,VBD,2.0,was,0,1,0.8902163482271135,18.521451560034553,8.24568223794633,3,6,1031,0,0,0,12
1,4,2,RB,1.0,"cozy,",4,2,14.093317766906694,20.7598901573874,24.349322714512436,5,6,1032,1,0,0,13
1,1,1,PRP,0.0,it,0,1,3.22368131368421,18.431334787537676,8.375693258728493,2,6,1033,0,0,0,14
1,0,1,VBD,0.0,was,0,1,1.181900197872892,18.521451560034553,8.24568223794633,3,6,1034,0,0,0,15
2,0,1,DT,0.0,a,0,0,4.635913801379502,19.69218547190043,6.556670229096891,1,6,1035,0,0,0,16
0,1,1,NN,5.0,bit,1,2,2.9804052400868386,15.002377589211443,13.322632804174264,3,6,1036,0,0,0,17
1,0,1,IN,0.0,of,0,1,3.935257615026785,20.087642241543257,5.986146708647226,2,6,1037,0,0,0,18
1,0,1,DT,0.0,a,0,1,0.2055016402446199,19.69218547190043,6.556670229096891,1,6,1038,0,0,0,19
0,6,0,NN,3.0,squeeze.,9,3,10.575372899882495,20.842849982075336,23.1710022834648,8,6,1039,1,0,1,20
3,0,2,``,0.0,'Budge,0,1,23.694663695059717,17.834529956273176,38.225951168305826,6,6,1040,1,1,0,0
1,3,2,RP,1.0,"up,'",3,2,9.93093957315432,17.107085354239263,24.62281384319435,4,6,1041,1,0,0,1
1,1,1,NN,0.0,Mom,0,1,5.144921438244637,12.631654057223162,16.742863887092525,3,6,1042,0,0,0,2
1,0,1,VBD,2.0,"said,",1,2,2.5767457559122704,20.78078062588832,15.595237168945632,5,6,1043,1,0,0,3
2,0,1,VBG,1.0,giving,0,1,6.67696580325719,14.216334914422845,14.456652673018873,6,6,1044,0,0,0,4
1,1,1,NNP,1.0,Abby,1,1,0.6614125882624649,15.17826501686784,28.61724351773128,4,6,1045,0,0,0,5
2,0,1,DT,0.0,a,0,0,0.9300956823863088,19.69218547190043,6.556670229096891,1,6,1046,0,0,0,6
0,1,1,NN,2.0,push,1,2,8.902365372981876,13.61065868912223,15.330458759644417,4,6,1047,0,0,0,7
1,0,1,IN,0.0,with,0,1,5.441586510045454,18.681580760008114,8.014664635242958,4,6,1048,0,0,0,8
1,0,1,PRP$,0.0,her,0,1,0.8631458848249167,17.210354868203652,10.137194933376698,3,6,1049,0,0,0,9
0,7,1,NN,3.0,bottom.,9,3,11.657416621688752,20.844013268215004,19.42810431877103,7,6,1050,1,0,1,10
2,1,2,``,0.0,'I,0,1,5.315590925514698,17.920771799156284,20.387553075182257,2,6,1051,1,1,0,0
1,0,1,MD,2.0,can't,1,2,5.708094893023372,18.1714462525309,19.553361673429333,5,6,1052,0,0,0,1
1,0,1,IN,0.0,because,0,1,12.656166711822152,16.447210891125962,11.23817896459096,7,6,1053,0,0,0,2
3,1,3,PRP,0.0,I'm,0,1,3.6529825457837433,18.539269810234323,20.215143910195263,3,6,1054,0,0,0,3
1,1,1,RB,0.0,already,1,2,6.864125813823193,15.331490394390448,12.84782339224946,7,6,1055,0,0,0,4
1,0,1,IN,0.0,on,0,1,5.230245695216581,18.53086189167023,8.232105999162414,2,6,1056,0,0,0,5
1,0,1,DT,0.0,the,0,1,1.7017431260319429,20.651930178991396,5.17205129965733,3,6,1057,0,0,0,6
0,7,0,NN,7.0,edge.',10,3,7.012110153096728,15.40225797722867,27.744999698717344,6,6,1058,1,0,1,7
2,0,2,``,0.0,'Good,0,1,9.639976162463428,16.866581365380753,26.1886136285418,5,6,1059,1,1,0,0
0,1,0,NN,1.0,"heavens,",2,2,9.52440974349156,20.75991173522245,23.82294648608157,8,6,1060,1,0,0,1
2,1,2,PRP,0.0,you've,0,2,6.771400502184406,18.26681773774308,21.24049139679696,6,6,1061,0,0,0,2
1,0,1,VBN,3.0,grown,0,1,7.499958566622809,13.514431140526414,15.469285766800503,5,6,1062,0,0,0,3
1,4,1,RB,1.0,then.,6,2,17.62510418938473,20.85883604277809,15.740467593961744,5,6,1063,1,0,1,4
2,1,2,WRB,0.0,When,0,0,8.289601450320333,15.320069616500676,12.864300091874131,4,6,1064,0,1,0,0
1,0,1,VBD,0.0,did,0,1,2.671484924852848,16.320603258264402,11.420835168659025,3,6,1065,0,0,0,1
1,1,1,DT,0.0,that,1,1,3.893798630218953,19.024464301341364,7.519988250559035,4,6,1066,0,0,0,2
1,3,1,VB,3.0,happen?,3,2,5.201242616865784,17.530748382864196,24.238346991396806,7,6,1067,1,0,1,3
2,1,2,PRP,0.0,You,0,0,4.149762809276581,15.817160273501669,12.147149866146563,3,6,1068,0,1,0,0
2,0,2,MD,0.0,could've,0,2,10.10481100063771,16.9653635394678,23.421796652712807,8,6,1069,0,0,0,1
1,0,1,VBN,3.0,put,0,0,8.060036058304831,15.425693592725771,12.711916905175212,3,6,1070,0,0,0,2
1,0,1,DT,0.0,an,0,1,6.681135517079383,17.966326533280526,9.046558361117718,2,6,1071,0,0,0,3
0,1,0,NN,2.0,elephant,2,1,8.263010086258873,11.421215795542103,18.489157164522044,8,6,1072,0,0,0,4
1,0,1,IN,0.0,in,0,1,1.3260079976171255,19.583721360186956,6.713150865180346,2,6,1073,0,0,0,5
1,2,1,RB,2.0,here,2,2,4.7987306993454695,16.252920207086383,11.51848117094579,4,6,1074,0,0,0,6
2,0,1,JJ,0.0,last,0,1,8.166308894753456,15.887953038257791,12.045017495502083,4,6,1075,0,0,0,7
0,1,1,NN,2.0,time,0,1,5.327060863375664,17.075857868787498,10.33123308744883,4,6,1076,0,0,0,8
3,1,2,PRP,0.0,we,0,1,4.381382420659065,17.726018436166637,9.393249661109394,2,6,1077,0,0,0,9
1,0,1,VBD,2.0,did,0,1,5.2789621241390705,16.320603258264402,11.420835168659025,3,6,1078,0,0,0,10
1,9,2,DT,1.0,this.,9,2,6.689267933368683,20.904206209511084,13.773380431416122,5,6,1079,1,0,1,11
2,0,1,IN,0.0,Before,0,0,10.65813484415412,13.177900255042546,15.954797206394048,6,6,1080,0,1,0,0
2,1,2,PRP,0.0,I,0,1,2.9540843069553375,18.456613480707578,8.339223813452126,1,6,1081,0,0,0,1
1,0,1,VBP,2.0,know,0,1,4.938361176755279,16.39038930165751,11.320155189932528,4,6,1082,0,0,0,2
1,4,2,PRP,1.0,"it,",4,2,0.5055770881008357,20.85282241959478,13.392061936660106,3,6,1083,1,0,0,3
2,1,2,PRP,0.0,you'll,0,2,3.854286876274273,18.26760263871128,21.223498081490614,6,6,1084,0,0,0,4
1,0,1,VB,0.0,be,0,1,0.8886687573976815,18.381669296901407,8.447345415772759,2,6,1085,0,0,0,5
2,1,2,DT,0.0,all,0,1,6.299243847373873,17.469149055179013,9.763833843216451,3,6,1086,0,0,0,6
0,0,0,VBN,5.0,grown,0,1,4.277171785011888,13.514431140526414,15.469285766800503,5,6,1087,0,0,0,7
1,5,1,RP,1.0,up.',8,3,2.325931092724204,17.168068314125485,23.64119414803157,4,6,1088,1,0,1,8
2,0,1,IN,0.0,On,0,0,9.593943596817551,15.211089681961443,13.02152490299028,2,6,1089,0,1,0,0
2,0,1,PRP$,0.0,her,0,0,3.579426329350099,17.210354868203652,10.137194933376698,3,6,1090,0,0,0,1
0,1,1,NN,2.0,mom's,2,3,6.864917342551053,18.1212800626984,24.843310647106858,5,6,1091,0,0,0,2
0,2,1,NN,2.0,chest,2,1,8.85458242171444,13.369142202034894,15.67889339785824,5,6,1092,0,0,0,3
1,1,1,NNP,0.0,Abby,0,1,4.348377764225006,15.17826501686784,28.61724351773128,4,6,1093,0,0,0,4
3,1,2,RB,0.0,then,0,1,11.987738953437656,16.720629155852837,10.843719789981035,4,6,1094,0,0,0,5
0,0,0,VBD,3.0,put,0,0,7.154064948204905,15.425693592725771,12.711916905175212,3,6,1095,0,0,0,6
1,0,1,PRP$,0.0,her,0,1,1.082177459844388,17.210354868203652,10.137194933376698,3,6,1096,0,0,0,7
0,2,1,NN,2.0,head,2,1,3.848657138296403,15.404039391209997,12.743157314316427,4,6,1097,0,0,0,8
0,0,0,CC,1.0,and,0,0,6.879669806803577,19.93279149564298,6.2095491118355035,3,6,1098,0,0,0,9
1,3,1,VBD,1.0,smiled.,6,4,11.297260978142733,20.843161015568693,21.063012626750183,7,6,1099,1,0,1,10
2,0,1,DT,0.0,The,0,0,4.735232020262629,17.568222119701996,9.620901624343473,3,7,1,0,1,0,0
0,0,0,NN,0.0,text,0,1,12.148728055413812,14.808649732042944,13.602123022993307,4,7,2,0,0,0,1
0,1,1,NN,2.0,message,2,1,8.215901978313923,14.486782204240107,14.066479709177646,7,7,3,0,0,0,2
1,0,1,VBD,1.0,said,0,1,7.533549353480339,16.904210086999463,10.57886849101402,4,7,4,0,0,0,3
1,0,1,IN,0.0,that,0,1,2.0604380536824465,19.024464301341364,7.519988250559035,4,7,5,0,0,0,4
2,0,1,NNP,0.0,Lucy,0,0,14.348417369648814,11.821262742347043,17.91201141824379,4,7,6,0,0,0,5
0,1,1,NNP,1.0,Josephs,1,2,20.84203903377056,18.25905932921475,24.568523754497768,7,7,7,0,0,0,6
1,0,1,VBD,0.0,was,0,1,2.280598207609728,18.521451560034553,8.24568223794633,3,7,8,0,0,0,7
1,0,1,DT,0.0,a,0,1,4.317314756801352,19.69218547190043,6.556670229096891,1,7,9,0,0,0,8
0,6,0,NN,5.0,failure.,7,2,16.3606497971341,20.84426805701957,19.161696370213505,8,7,10,1,0,1,9
2,1,2,PRP,0.0,It,0,0,4.219611844047904,16.818509266914305,10.702508639150992,2,7,11,0,1,0,0
1,0,1,VBD,1.0,said,0,1,1.4421431962400677,16.904210086999463,10.57886849101402,4,7,12,0,0,0,1
3,1,2,PRP,0.0,she,0,0,2.318318199366331,16.84690510554553,10.66154210357584,3,7,13,0,0,0,2
2,0,1,VBD,0.0,was,0,0,1.877791678998619,18.521451560034553,8.24568223794633,3,7,14,0,0,0,3
1,2,2,JJ,4.0,"ugly,",1,1,14.024657572852448,20.760036537807597,22.35396319740613,5,7,15,0,0,0,4
1,0,1,VBD,1.0,had,0,1,4.9904302204959095,17.432489551576744,9.816722327264898,3,7,16,0,0,0,5
1,0,1,DT,0.0,no,0,1,3.624154625402298,17.036769620663787,10.387625509173944,2,7,17,0,0,0,6
0,4,1,NN,2.0,style,5,3,10.50431226642104,14.575812054236168,13.938036786097245,5,7,18,0,0,0,7
0,0,0,CC,1.0,and,0,0,0.4802489876747131,19.93279149564298,6.2095491118355035,3,7,19,0,0,0,8
2,0,1,DT,0.0,the,0,0,7.512502542580478,20.651930178991396,5.17205129965733,3,7,20,0,0,0,9
0,1,1,NN,1.0,world,1,2,8.704955783789046,15.72527748210927,12.279708713631408,5,7,21,0,0,0,10
1,0,1,VBD,2.0,hated,0,1,8.173615634790622,12.101050961351367,17.508362342187098,5,7,22,0,0,0,11
1,6,1,PRP,1.0,her.,7,4,1.3254029114032164,20.86886479250561,15.033942737357403,4,7,23,1,0,1,12
2,0,1,IN,0.0,At,0,0,8.296617745654657,15.132261360282495,13.1352501317581,2,7,24,0,1,0,0
0,1,1,JJS,1.0,least,1,1,3.720046476228162,15.523867403539716,12.57028203516876,5,7,25,0,0,0,1
1,1,1,DT,0.0,that,0,1,4.580169305205345,19.024464301341364,7.519988250559035,4,7,26,0,0,0,2
1,0,1,VBD,2.0,was,0,1,1.0719110445352271,18.521451560034553,8.24568223794633,3,7,27,0,0,0,3
2,1,2,WP,0.0,what,0,1,1.715082655660808,16.89144897198978,10.5972788883547,4,7,28,0,0,0,4
2,1,2,PRP,0.0,it,0,0,2.9314101490890607,18.431334787537676,8.375693258728493,2,7,29,0,0,0,5
1,0,1,VBD,3.0,said,0,0,2.561110165435821,16.904210086999463,10.57886849101402,4,7,30,0,0,0,6
1,0,1,TO,0.0,to,0,1,5.670632792869583,19.88357245739644,6.280557174231113,2,7,31,0,0,0,7
1,7,1,NNP,2.0,Lucy.,8,4,6.357747362693772,20.842876799148875,22.808759222224495,5,7,32,1,0,1,8
2,1,2,PRP,0.0,It,0,0,3.494895693846047,16.818509266914305,10.702508639150992,2,7,33,0,1,0,0
1,0,1,VBD,1.0,said,0,1,1.631224232725799,16.904210086999463,10.57886849101402,4,7,34,0,0,0,1
2,1,2,DT,1.0,that,0,0,2.045369353145361,19.024464301341364,7.519988250559035,4,7,35,0,0,0,2
0,0,0,CC,1.0,and,0,0,10.873184986412523,19.93279149564298,6.2095491118355035,3,7,36,0,0,0,3
2,0,1,DT,0.0,a,0,0,6.102455776650459,19.69218547190043,6.556670229096891,1,7,37,0,0,0,4
0,0,0,JJ,0.0,whole,0,1,6.256531823077239,15.072791021482022,13.221047694625527,5,7,38,0,0,0,5
0,0,0,NN,0.0,lot,0,1,0.5962512214900926,15.269776836241231,12.936857236546947,3,7,39,0,0,0,6
0,1,1,JJR,4.0,more,3,2,2.610267707845196,17.253429346216002,10.0750515975594,4,7,40,0,0,0,7
2,1,2,WDT,0.0,that,0,1,5.686430007219315,19.024464301341364,7.519988250559035,4,7,41,0,0,0,8
2,1,2,PRP,0.0,she,0,1,2.8013760950416327,16.84690510554553,10.66154210357584,3,7,42,0,0,0,9
1,0,1,VBD,0.0,was,0,1,1.39100634586066,18.521451560034553,8.24568223794633,3,7,43,0,0,0,10
1,0,1,VBG,3.0,struggling,0,1,11.74139918293804,12.546899671989229,16.865138618363115,10,7,44,0,0,0,11
2,0,1,TO,0.0,to,0,1,1.2337768075522035,19.88357245739644,6.280557174231113,2,7,45,0,0,0,12
1,11,2,VB,3.0,understand.,11,4,9.868150860304011,20.8453119133628,18.40360862958506,11,7,46,1,0,1,13
3,0,1,DT,0.0,The,0,0,3.4661139531526715,18.12053694573349,8.824079763818386,3,7,47,0,1,0,0
0,0,0,JJ,0.0,actual,0,1,10.283614304615185,14.304861441231672,14.328935891804653,6,7,48,0,0,0,1
0,1,1,NN,2.0,text,2,1,1.3081972049549222,14.808649732042944,13.602123022993307,4,7,49,0,0,0,2
1,0,1,IN,0.0,of,0,1,3.682194031833206,20.087642241543257,5.986146708647226,2,7,50,0,0,0,3
1,0,1,DT,0.0,the,0,1,0.352174393919995,20.651930178991396,5.17205129965733,3,7,51,0,0,0,4
0,3,1,NN,3.0,note,3,1,8.29372811302892,14.53502212365554,13.99688421666412,4,7,52,0,0,0,5
1,0,1,VBD,1.0,said,0,1,3.4055399894714355,16.904210086999463,10.57886849101402,4,7,53,0,0,0,6
1,0,1,IN,0.0,that,0,1,0.9293310083448888,19.024464301341364,7.519988250559035,4,7,54,0,0,0,7
2,1,2,NNP,0.0,Lucy,0,1,1.8743062503635883,11.821262742347043,17.91201141824379,4,7,55,0,0,0,8
2,0,1,RBR,0.0,better,0,1,16.94336515199393,15.577752300773827,12.492542561150294,6,7,56,0,0,0,9
0,1,1,RB,1.0,not,0,1,3.2728838329203427,18.05588478508421,8.917353115369856,3,7,57,0,0,0,10
0,0,0,VBP,4.0,show,0,0,8.060780420899391,15.708088945391284,12.304506530314583,4,7,58,0,0,0,11
1,1,1,RP,1.0,up,1,1,2.7554795858450234,17.040396008802368,10.382393736990077,2,7,59,0,0,0,12
1,0,1,IN,0.0,at,0,1,2.01043789437972,18.150223836201175,8.781250634161243,2,7,60,0,0,0,13
1,0,1,DT,0.0,the,0,1,1.6559829821344465,20.651930178991396,5.17205129965733,3,7,61,0,0,0,14
0,2,0,NN,3.0,party,3,1,5.7236893330700696,14.836320571758352,13.56220243975865,5,7,62,0,0,0,15
2,2,2,NN,1.0,"tonight,",2,3,11.79880024434533,20.760267280688183,21.22884402287616,8,7,63,1,0,0,16
1,0,1,IN,0.0,because,0,1,1.8966982547426596,16.447210891125962,11.23817896459096,7,7,64,0,0,0,17
2,1,2,PRP,0.0,it,0,1,3.92565964628011,18.431334787537676,8.375693258728493,2,7,65,0,0,0,18
1,0,1,VBD,0.0,was,0,1,1.546476574614644,18.521451560034553,8.24568223794633,3,7,66,0,0,0,19
1,0,1,VBG,4.0,going,0,1,3.731294348661322,15.87103254441788,12.069428608054311,5,7,67,0,0,0,20
2,0,1,TO,0.0,to,0,1,0.1055451755528338,19.88357245739644,6.280557174231113,2,7,68,0,0,0,21
1,0,1,VB,0.0,be,0,0,1.0800717562669888,18.381669296901407,8.447345415772759,2,7,69,0,0,0,22
1,0,1,JJ,3.0,bad,0,1,7.488158404128626,14.726166645001188,13.721120963625658,3,7,70,0,0,0,23
0,1,0,RB,1.0,enough,2,2,6.792245447635651,15.306116284576374,12.884430494645194,6,7,71,0,0,0,24
1,13,2,RB,1.0,already!,14,2,15.469043135643004,16.759925273678466,24.030179361525143,8,7,72,1,0,1,25
3,1,2,NNP,0.0,"Lucy,",1,1,8.788015289464965,20.759972368152873,22.928380096175403,5,7,73,1,1,0,0
2,1,2,WP,0.0,who,0,1,4.637511582812294,16.99990971408453,10.440803113603463,3,7,74,0,0,0,1
2,0,1,VBD,0.0,had,0,1,2.467306811711751,17.432489551576744,9.816722327264898,3,7,75,0,0,0,2
1,0,1,VBN,3.0,started,0,0,8.244269366492517,14.87390553036849,13.507978806359793,7,7,76,0,0,0,3
2,0,1,VBG,1.0,receiving,0,1,10.953754894668236,13.736511721933772,15.148891213326367,9,7,77,0,0,0,4
1,0,1,DT,0.0,these,0,1,7.599440389778465,16.716016513197467,10.85037442666533,5,7,78,0,0,0,5
0,1,0,NNS,2.0,messages,3,2,1.0419137317221612,13.500694328109171,15.48910379795248,8,7,79,0,0,0,6
2,0,1,DT,0.0,a,0,0,5.792647375026718,19.69218547190043,6.556670229096891,1,7,80,0,0,0,7
0,0,0,JJ,0.0,few,0,1,1.38881074328674,15.640373671735874,12.402199019809682,3,7,81,0,0,0,8
0,1,1,NNS,2.0,weeks,2,2,2.036307764297817,14.639309175554894,13.84642980405999,5,7,82,0,0,0,9
0,8,3,RB,2.0,"ago,",6,2,2.00112200609874,20.762041378910315,18.85928013359751,4,7,83,1,0,0,10
1,0,1,VBD,1.0,tapped,0,1,17.88955516985152,11.457021558024994,18.437500368552733,6,7,84,0,0,0,11
1,0,1,DT,0.0,the,0,1,2.4387413968797773,20.651930178991396,5.17205129965733,3,7,85,0,0,0,12
0,0,0,NN,0.0,mobile,0,1,10.103212029440328,13.903184382153963,14.908433392974924,6,7,86,0,0,0,13
0,1,0,NN,3.0,screen,3,1,6.719509910792112,14.247944061088155,14.411050313878093,6,7,87,0,0,0,14
2,0,1,TO,0.0,to,0,1,2.681354778527748,19.88357245739644,6.280557174231113,2,7,88,0,0,0,15
1,0,1,VB,2.0,make,0,1,5.897852364520077,16.32052950931665,11.420941565900218,4,7,89,0,0,0,16
2,0,1,DT,0.0,the,0,1,4.0448288397165015,20.651930178991396,5.17205129965733,3,7,90,0,0,0,17
0,1,1,NN,1.0,message,2,1,2.878939749323763,14.486782204240107,14.066479709177646,7,7,91,0,0,0,18
1,0,1,VB,2.0,disappear,0,1,5.1396984457969666,12.149518166931678,17.438438945050635,9,7,92,0,0,0,19
1,0,1,IN,0.0,from,0,1,3.506307249655947,18.126283629319108,8.815789051907856,4,7,93,0,0,0,20
1,9,2,NN,2.0,view.,7,2,9.51841881335713,20.845794547829502,18.153715386651143,5,7,94,1,0,1,21
2,1,2,PRP,0.0,She,0,0,2.4053988214582205,15.75878094018462,12.23137344081347,3,7,95,0,1,0,0
1,1,1,RB,0.0,only,1,1,8.499852712382562,16.873419471860046,10.623289958781577,4,7,96,0,0,0,1
1,0,1,VBD,2.0,wished,0,0,9.989998055039903,12.467505707332242,16.97967989745026,6,7,97,0,0,0,2
3,1,2,PRP,0.0,it,0,1,3.699126972816885,18.431334787537676,8.375693258728493,2,7,98,0,0,0,3
1,0,1,VBD,0.0,was,0,1,2.242002631071955,18.521451560034553,8.24568223794633,3,7,99,0,0,0,4
1,0,1,RB,0.0,as,0,1,7.148205810692161,18.455643172698917,8.340623672004352,2,7,100,0,0,0,5
0,0,0,JJ,4.0,easy,2,1,4.049212290439755,14.69242200411318,13.769804189691364,4,7,101,0,0,0,6
2,0,1,TO,0.0,to,0,1,3.0377859258442186,19.88357245739644,6.280557174231113,2,7,102,0,0,0,7
2,0,1,VB,2.0,tap,0,1,9.858697733900044,12.783918396201456,16.523192880344308,3,7,103,0,0,0,8
1,0,1,PRP$,0.0,her,0,1,6.605273760855198,17.210354868203652,10.137194933376698,3,7,104,0,0,0,9
0,2,1,NN,2.0,heart,6,1,10.22219630330801,14.852511592420909,13.538843734541851,5,7,105,0,0,0,10
0,0,0,CC,1.0,and,0,0,3.5201085577718914,19.93279149564298,6.2095491118355035,3,7,106,0,0,0,11
1,0,1,VB,1.0,erase,0,1,11.582848318386825,11.232841123193207,18.76092437014888,5,7,107,0,0,0,12
2,0,1,DT,0.0,the,0,0,2.5514581735478714,20.651930178991396,5.17205129965733,3,7,108,0,0,0,13
0,1,1,NN,2.0,trace,1,2,12.272503278101794,13.100825084712046,16.065993172405534,5,7,109,0,0,0,14
3,0,1,DT,0.0,the,0,0,8.595413904404268,20.651930178991396,5.17205129965733,3,7,110,0,0,0,15
0,1,1,NN,1.0,message,6,4,2.985754467314109,14.486782204240107,14.066479709177646,7,7,111,0,0,0,16
1,0,1,VBD,0.0,had,0,0,1.5980713260360062,17.432489551576744,9.816722327264898,3,7,112,0,0,0,17
1,0,1,VBN,3.0,left,0,1,1.95592650026083,15.67767241595403,12.348388306494764,4,7,113,0,0,0,18
1,16,4,RB,1.0,there.,4,3,8.384146243333817,20.86590241489911,15.20983554126759,6,7,114,1,0,1,19
3,0,2,``,0.0,'Was,0,1,20.29144236445427,16.843174834906442,27.82143663659759,4,7,115,1,1,0,0
1,1,1,DT,1.0,that,0,1,2.980283626355231,19.024464301341364,7.519988250559035,4,7,116,0,0,0,1
2,0,1,DT,0.0,another,0,0,9.339001582935452,15.813822436865516,12.151965346508836,7,7,117,0,0,0,2
0,1,1,NN,2.0,one,1,1,5.875446830876172,17.417661831348372,9.838114205706065,3,7,118,0,0,0,3
1,0,1,IN,0.0,of,0,1,0.6522963237366639,20.087642241543257,5.986146708647226,2,7,119,0,0,0,4
1,0,1,DT,0.0,those,0,1,0.973716284672264,16.253798758701542,11.51721368888743,5,7,120,0,0,0,5
0,5,1,NNS,3.0,messages?',8,4,5.808876950293779,14.46599811910509,30.27724845505403,10,7,121,1,0,0,6
1,0,1,PRP$,0.0,her,0,0,7.007716003688984,17.210354868203652,10.137194933376698,3,7,122,0,0,0,7
0,1,0,NN,1.0,mom,1,2,4.9743398242862895,13.13937977382052,16.010370513625723,3,7,123,0,0,0,8
1,1,1,VBD,2.0,"asked,",1,1,3.809858455089852,20.76341215813084,18.159613235110367,6,7,124,1,0,0,9
2,1,2,WP,0.0,who,0,1,7.495746377157047,16.99990971408453,10.440803113603463,3,7,125,0,0,0,10
2,0,1,VBD,0.0,was,0,1,1.8563482931349429,18.521451560034553,8.24568223794633,3,7,126,0,0,0,11
1,0,1,VBG,3.0,driving,0,1,9.809038951760158,13.873219875584422,14.951663038005492,7,7,127,0,0,0,12
1,0,1,DT,0.0,the,0,1,3.2626057914458215,20.651930178991396,5.17205129965733,3,7,128,0,0,0,13
0,6,1,NN,2.0,car.,8,3,2.3298819535411894,20.845757009246448,18.17167683962664,4,7,129,1,0,1,14
2,1,2,NNP,0.0,Lucy,0,0,2.0269715189933777,11.821262742347043,17.91201141824379,4,7,130,0,1,0,0
1,0,1,VBD,1.0,confirmed,0,0,10.74967935308814,13.981789958021407,14.795029518484744,9,7,131,0,0,0,1
4,0,1,PRP$,0.0,her,0,0,5.079241112340242,17.210354868203652,10.137194933376698,3,7,132,0,0,0,2
0,1,1,NN,2.0,mother's,2,2,5.090982636320405,18.14754913815953,22.55658371278734,8,7,133,0,0,0,3
0,1,1,NN,1.0,suspicion,1,2,6.69616725819651,12.272459457525365,17.26107215479064,9,7,134,0,0,0,4
1,0,1,VBD,0.0,was,0,1,6.684457517112605,18.521451560034553,8.24568223794633,3,7,135,0,0,0,5
1,4,2,VBN,3.0,founded,3,2,15.524635993991978,13.013913650599015,16.19137986739695,7,7,136,0,0,0,6
1,0,1,IN,0.0,as,0,1,6.549357685260475,18.455643172698917,8.340623672004352,2,7,137,0,0,0,7
2,1,2,PRP,0.0,she,0,1,2.478435565251857,16.84690510554553,10.66154210357584,3,7,138,0,0,0,8
1,0,1,VBD,3.0,answered,0,1,9.117705800104886,13.2923289119887,15.789711550482249,8,7,139,0,0,0,9
1,1,1,RB,1.0,"dejectedly,",2,2,17.5126146026887,20.78644959173984,45.45262254119335,11,7,140,1,0,0,10
3,1,3,``,0.0,'I'm,1,3,7.969727288233116,18.058141380729055,32.26347317192539,4,7,141,1,0,0,11
1,0,1,JJ,3.0,sorry,0,1,4.317782978294417,13.74709466285158,15.133623256946226,5,7,142,0,0,0,12
2,0,1,TO,0.0,to,0,1,4.156059640925378,19.88357245739644,6.280557174231113,2,7,143,0,0,0,13
1,0,1,VB,2.0,say,0,1,4.300416212994605,15.759564986234368,12.230242301465667,3,7,144,0,0,0,14
3,1,2,PRP,0.0,it,0,1,3.761702060699463,18.431334787537676,8.375693258728493,2,7,145,0,0,0,15
1,14,3,VBD,2.0,was.',13,3,6.469742566347122,18.551948889865123,21.50448264898782,5,7,146,1,0,1,16
4,1,3,``,0.0,'Haven't,1,1,16.45413532992825,18.066115587132497,48.29115680091777,8,7,147,1,1,0,0
1,1,1,PRP,0.0,you,1,2,0.913235500920564,18.198249039215252,8.711964911935151,3,7,148,0,0,0,1
1,0,1,VBD,3.0,reported,0,0,11.12260755803436,15.156772510698444,13.099888016606528,8,7,149,0,0,0,2
1,1,1,PRP,1.0,it,1,2,1.8110309280455112,18.431334787537676,8.375693258728493,2,7,150,0,0,0,3
1,4,2,RB,1.0,yet?',5,3,1.9428521934896708,15.386212631674486,27.96569189535966,5,7,151,1,0,0,4
1,1,1,VBD,1.0,asked,0,1,3.5587421564850956,15.126720046841973,13.143244557178754,5,7,152,0,0,0,5
2,1,2,NN,1.0,"Jill,",0,0,16.67714516277192,20.759914319749853,23.77106397437978,5,7,153,1,0,0,6
2,1,2,NNP,1.0,Lucy's,1,1,12.52764464059146,18.116242656963127,26.74495155172492,6,7,154,0,0,0,7
0,0,0,JJR,0.0,older,0,1,4.8667163332575,14.02524460236855,14.73233771858153,5,7,155,0,0,0,8
0,1,0,NN,3.0,sister,2,2,2.664490243594628,13.61270870430798,15.327501212902188,6,7,156,0,0,0,9
2,1,2,WP,0.0,who,0,1,1.7657685931771994,16.99990971408453,10.440803113603463,3,7,157,0,0,0,10
2,0,1,VBD,0.0,was,0,1,1.267445616889745,18.521451560034553,8.24568223794633,3,7,158,0,0,0,11
1,0,1,VBG,3.0,sitting,0,1,3.645627016434446,13.705741449838731,15.193283332284686,7,7,159,0,0,0,12
1,0,1,IN,0.0,in,0,1,2.42022876633564,19.583721360186956,6.713150865180346,2,7,160,0,0,0,13
1,0,1,DT,0.0,the,0,1,0.4447197155386675,20.651930178991396,5.17205129965733,3,7,161,0,0,0,14
0,0,0,NN,0.0,passenger,0,1,3.16523795077228,12.516431886294134,16.909094341692295,9,7,162,0,0,0,15
0,8,1,NN,4.0,seat.,12,4,1.1780415438115597,20.84351281770652,20.16075588219253,5,7,163,1,0,1,16
3,2,3,``,0.0,"'Yes,'",3,3,8.608206669450738,16.993916909502655,39.06504105185587,6,7,164,1,1,0,0
1,1,1,NNP,0.0,Lucy,0,1,2.9342648660531268,11.821262742347043,17.91201141824379,4,7,165,0,0,0,1
1,0,1,VBD,2.0,"replied,",1,2,3.3081927889725193,20.7603872885759,20.87078685582227,8,7,166,1,0,0,2
2,0,1,VBG,1.0,lying,0,0,11.50064959435258,13.10043878032187,16.066550491833514,5,7,167,0,0,0,3
1,0,1,IN,0.0,through,0,1,9.948715233942494,16.375970236499086,11.340957503730838,7,7,168,0,0,0,4
1,0,1,PRP$,0.0,her,0,1,0.8024977176683024,17.210354868203652,10.137194933376698,3,7,169,0,0,0,5
0,6,1,NNS,3.0,teeth.,7,3,1.943673974950798,20.843249461086444,20.777976575563272,6,7,170,1,0,1,6
3,0,1,IN,0.0,That,0,0,9.517556551843882,15.36211920764605,12.803635355257288,4,7,171,0,1,0,0
2,1,2,NNP,0.0,Lucy,0,1,14.170850045979025,11.821262742347043,17.91201141824379,4,7,172,0,0,0,1
1,0,1,MD,0.0,should,0,0,7.879259817302227,16.41027185963468,11.291470722138676,6,7,173,0,0,0,2
0,0,0,RB,0.0,not,1,1,4.585386654827744,18.05588478508421,8.917353115369856,3,7,174,0,0,0,3
1,0,1,VB,4.0,let,0,0,8.928931615897454,15.35930192229225,12.807699838865982,3,7,175,0,0,0,4
3,0,1,DT,0.0,the,0,1,3.907735688961111,20.651930178991396,5.17205129965733,3,7,176,0,0,0,5
0,1,1,NNS,1.0,messages,2,1,5.279103705193847,13.500694328109171,15.48910379795248,8,7,177,0,0,0,6
1,0,1,VBP,2.0,get,0,1,3.4359253993607126,16.65007205168175,10.94551217426815,3,7,178,0,0,0,7
1,0,1,TO,0.0,to,0,1,1.400809285318246,19.88357245739644,6.280557174231113,2,7,179,0,0,0,8
1,9,3,PRP,2.0,her,6,3,0.6682001012086403,17.210354868203652,10.137194933376698,3,7,180,0,0,0,9
0,0,0,CC,1.0,and,0,0,3.951849249191582,19.93279149564298,6.2095491118355035,3,7,181,0,0,0,10
1,0,1,IN,0.0,that,0,1,3.7985887960530818,19.024464301341364,7.519988250559035,4,7,182,0,0,0,11
2,0,1,DT,0.0,the,0,0,3.733272655750625,20.651930178991396,5.17205129965733,3,7,183,0,0,0,12
0,1,1,NN,1.0,sender,1,2,10.792689976864494,11.958521128609796,17.713989425062096,6,7,184,0,0,0,13
1,0,1,VBD,0.0,was,0,1,2.53228640416637,18.521451560034553,8.24568223794633,3,7,185,0,0,0,14
1,0,1,RB,0.0,only,0,1,6.946919717825949,16.873419471860046,10.623289958781577,4,7,186,0,0,0,15
0,5,1,JJ,5.0,jealous,6,2,11.325694736558944,11.498461362359404,18.377715368344067,7,7,187,0,0,0,16
1,0,1,VBD,0.0,were,0,1,8.79093425674364,17.723648827567594,9.39666828368408,4,7,188,0,0,0,17
3,1,2,NNP,1.0,Lucy's,1,1,11.665478053153493,18.116242656963127,26.74495155172492,6,7,189,0,0,0,18
0,1,1,NN,2.0,mom's,2,2,6.560642178519629,18.1212800626984,24.843310647106858,5,7,190,0,0,0,19
0,1,0,NNS,3.0,"arguments,",2,3,15.473094884539025,20.760682974634825,20.24632152052003,10,7,191,1,0,0,20
1,0,1,IN,0.0,in,0,1,8.022927152225748,19.583721360186956,6.713150865180346,2,7,192,0,0,0,21
1,0,1,DT,0.0,an,0,0,6.326824932359159,17.966326533280526,9.046558361117718,2,7,193,0,0,0,22
0,0,0,NN,3.0,effort,1,2,3.359874374931678,14.082152582831084,14.650236857381223,6,7,194,0,0,0,23
2,0,1,TO,0.0,to,0,1,0.0619225215632468,19.88357245739644,6.280557174231113,2,7,195,0,0,0,24
1,0,1,VB,2.0,comfort,0,1,9.788412433117628,13.024386645507954,16.17627052957857,7,7,196,0,0,0,25
1,0,1,PRP$,0.0,her,0,1,1.1646632067859173,17.210354868203652,10.137194933376698,3,7,197,0,0,0,26
0,8,1,NN,2.0,daughter.,9,2,5.027945391833782,20.843732851506804,19.79239476990679,9,7,198,1,0,1,27
3,1,2,NNP,1.0,Lucy's,1,1,6.853976102895103,18.116242656963127,26.74495155172492,6,7,199,0,1,0,0
0,1,1,NN,1.0,mom,1,1,1.4684729553991929,13.13937977382052,16.010370513625723,3,7,200,0,0,0,1
1,1,1,RB,0.0,suddenly,0,1,10.296200481243432,13.46857375829518,15.535443984733654,8,7,201,0,0,0,2
1,0,1,VBD,2.0,felt,0,0,5.163314399542287,14.66533194586157,13.808886882388355,4,7,202,0,0,0,3
1,1,1,JJ,1.0,"guilty,",2,3,8.554687761119567,20.76054911775837,20.496253933265525,7,7,203,1,0,0,4
1,0,1,IN,0.0,for,0,1,7.57598905719351,18.90419907432743,7.693494297163422,3,7,204,0,0,0,5
2,1,2,PRP,0.0,she,0,1,2.9468183987773955,16.84690510554553,10.66154210357584,3,7,205,0,0,0,6
1,0,1,VBD,0.0,had,0,1,1.775816838024184,17.432489551576744,9.816722327264898,3,7,206,0,0,0,7
1,0,1,VBN,0.0,been,0,1,3.243820774834603,17.198255400550867,10.154650775356767,4,7,207,0,0,0,8
1,0,1,DT,0.0,the,0,1,4.615581946520251,20.651930178991396,5.17205129965733,3,7,208,0,0,0,9
0,0,0,NN,6.0,one,2,1,0.3587327554560033,17.417661831348372,9.838114205706065,3,7,209,0,0,0,10
2,0,1,TO,0.0,to,0,1,2.127359184902162,19.88357245739644,6.280557174231113,2,7,210,0,0,0,11
1,0,1,VB,2.0,buy,0,0,10.782891491428018,14.13208397694888,14.578201082702808,3,7,211,0,0,0,12
2,0,1,DT,0.0,the,0,1,1.6369330084999092,20.651930178991396,5.17205129965733,3,7,212,0,0,0,13
0,1,1,NN,2.0,phone,2,1,3.848892400681507,14.348694364340933,14.265698351007256,5,7,213,0,0,0,14
1,0,1,IN,0.0,for,0,1,3.730593676213175,18.90419907432743,7.693494297163422,3,7,214,0,0,0,15
1,3,1,NNP,2.0,Lucy,2,2,4.3743971339426935,11.821262742347043,17.91201141824379,4,7,215,0,0,0,16
4,0,1,RB,0.0,just,0,0,6.375064165564254,16.69359693645768,10.882719038846648,4,7,216,0,0,0,17
0,0,0,DT,0.0,a,0,0,2.621998874528799,19.69218547190043,6.556670229096891,1,7,217,0,0,0,18
0,2,2,NN,3.0,couple,1,2,4.07773120055208,14.313683675286851,14.31620809848368,6,7,218,0,0,0,19
1,0,1,IN,0.0,of,0,1,1.0357612810767023,20.087642241543257,5.986146708647226,2,7,219,0,0,0,20
1,3,2,NNS,2.0,months,3,2,1.9334155828255464,15.078510379203502,13.212796405603685,6,7,220,0,0,0,21
0,11,1,IN,1.0,ago.,11,2,1.88685395848006,20.844781354218735,18.739659259646604,4,7,221,1,0,1,22
2,1,2,PRP,0.0,She,0,0,2.3985414719209075,15.75878094018462,12.23137344081347,3,7,222,0,1,0,0
1,1,1,RB,0.0,then,0,1,6.5097940703853965,16.720629155852837,10.843719789981035,4,7,223,0,0,0,1
1,0,1,VBD,2.0,admitted,0,0,9.620493159629405,13.442116627418669,15.573613556245348,8,7,224,0,0,0,2
4,0,1,PRP$,0.0,her,0,0,5.443270392308477,17.210354868203652,10.137194933376698,3,7,225,0,0,0,3
0,1,1,NN,1.0,regret,1,1,9.124055825581308,12.625148045322993,16.752250078196866,6,7,226,0,0,0,4
1,0,1,IN,0.0,about,0,1,4.922143126023002,17.10157168565105,10.294135891377458,5,7,227,0,0,0,5
1,0,1,DT,0.0,the,0,1,2.302202061400749,20.651930178991396,5.17205129965733,3,7,228,0,0,0,6
0,3,1,NN,3.0,phone,3,2,4.056726296665147,14.348694364340933,14.265698351007256,5,7,229,0,0,0,7
1,0,1,VBD,0.0,was,0,0,9.807103900238872,18.521451560034553,8.24568223794633,3,7,230,0,0,0,8
1,1,1,RB,0.0,still,1,1,7.927129394840449,16.012482992404035,11.865358748213168,5,7,231,0,0,0,9
1,0,1,VBG,4.0,bugging,0,0,12.863373287953436,14.403067196412335,30.482817480975367,7,7,232,0,0,0,10
1,5,2,PRP,1.0,her,1,1,1.05578883131966,17.210354868203652,10.137194933376698,3,7,233,0,0,0,11
1,0,1,RB,0.0,out,0,1,6.464216768741608,17.1329401691801,10.24888073574989,3,7,234,0,0,0,12
0,1,0,JJ,2.0,loud,5,4,9.99878877401352,12.814078517613687,16.479681022750267,4,7,235,0,0,0,13
1,0,1,IN,0.0,as,0,1,4.69082056148909,18.455643172698917,8.340623672004352,2,7,236,0,0,0,14
2,1,2,PRP,0.0,she,0,1,0.6007703191135079,16.84690510554553,10.66154210357584,3,7,237,0,0,0,15
1,0,1,VBD,3.0,"sighed,",1,2,11.159826836781576,20.760003976832415,22.61698763828864,7,7,238,1,0,0,16
2,1,2,``,0.0,'I,1,2,2.792479422641918,17.920771799156284,20.387553075182257,2,7,239,1,0,0,17
1,1,1,RB,0.0,never,0,1,5.528279731050134,15.696014914672944,12.321925674555477,5,7,240,0,0,0,18
1,0,1,MD,0.0,should,0,1,6.391685148701072,16.41027185963468,11.291470722138676,6,7,241,0,0,0,19
1,0,1,VB,0.0,have,0,1,0.0288454312831163,17.990997945585363,9.010965036933804,4,7,242,0,0,0,20
1,0,1,VBN,5.0,given,0,1,5.2175162743078545,15.677245149446344,12.349004721766544,5,7,243,0,0,0,21
1,1,1,PRP,1.0,you,1,1,5.1820609654532745,18.198249039215252,8.711964911935151,3,7,244,0,0,0,22
1,0,1,DT,0.0,that,0,1,1.973888281499967,19.024464301341364,7.519988250559035,4,7,245,0,0,0,23
0,4,0,NN,2.0,phone,0,1,2.5442964136600494,14.348694364340933,14.265698351007256,5,7,246,0,0,0,24
1,7,1,NN,1.0,Lucy.',15,3,17.45698105171323,15.085594926796066,31.17081182928528,6,7,247,1,0,1,25
3,1,2,``,0.0,"'No,",1,1,9.115259812679142,20.78375089984848,28.507101870592823,4,7,248,1,1,0,0
2,1,2,PRP,0.0,it's,0,2,5.460404054261744,18.978516394096555,17.208633392209624,4,7,249,0,0,0,1
1,2,1,JJ,3.0,fine.,3,1,6.0694601237773895,20.84451023516962,18.947189264534256,5,7,250,1,0,0,2
2,1,2,PRP,0.0,I,0,1,1.839563766028732,18.456613480707578,8.339223813452126,1,7,251,0,0,0,3
1,0,1,VBP,2.0,love,0,1,5.936980019323528,15.195811745844995,13.043566305660502,4,7,252,0,0,0,4
1,4,2,PRP,1.0,"it,'",5,4,4.758814358850941,18.44835015075947,22.61611336493277,4,7,253,1,0,0,5
1,1,1,VBD,1.0,said,0,1,1.3391259298077784,16.904210086999463,10.57886849101402,4,7,254,0,0,0,6
2,1,2,NNP,1.0,Lucy,3,1,2.559848633420188,11.821262742347043,17.91201141824379,4,7,255,0,0,0,7
2,0,1,VBG,1.0,knowing,0,1,10.125297889579087,13.38960802111612,15.649367462162022,7,7,256,0,0,0,8
1,0,1,IN,0.0,that,2,1,1.536020293366164,19.024464301341364,7.519988250559035,4,7,257,0,0,0,9
3,0,1,VBG,0.0,affording,0,1,24.230811264947988,13.375455557880317,33.985952572830755,9,7,258,0,0,0,10
1,0,1,DT,0.0,the,0,1,2.14542135753436,20.651930178991396,5.17205129965733,3,7,259,0,0,0,11
0,3,2,NN,2.0,phone,3,1,0.7750053654308431,14.348694364340933,14.265698351007256,5,7,260,0,0,0,12
1,0,1,VBD,0.0,had,0,0,5.91215485369321,17.432489551576744,9.816722327264898,3,7,261,0,0,0,13
1,0,1,VBN,0.0,been,0,0,2.019161520176567,17.198255400550867,10.154650775356767,4,7,262,0,0,0,14
2,0,1,DT,0.0,no,0,1,8.003134290222079,17.036769620663787,10.387625509173944,2,7,263,0,0,0,15
0,0,0,JJ,0.0,small,0,1,4.3637074118014425,15.662894719185696,12.3697080163382,5,7,264,0,0,0,16
0,1,1,NN,7.0,thing,3,2,4.774123917100951,15.328065254020496,12.85276482527554,5,7,265,0,0,0,17
1,0,1,IN,0.0,for,0,1,0.7580769258493092,18.90419907432743,7.693494297163422,3,7,266,0,0,0,18
1,0,1,PRP$,0.0,her,0,1,1.4155971211439464,17.210354868203652,10.137194933376698,3,7,267,0,0,0,19
0,11,1,NN,3.0,mother.,6,3,5.094776893034577,20.844955712732347,18.620391383286915,7,7,268,1,0,1,20
2,1,2,PRP,0.0,It,0,0,5.264922289177775,16.818509266914305,10.702508639150992,2,7,269,0,1,0,0
1,0,1,VBD,0.0,had,0,1,3.567411597818136,17.432489551576744,9.816722327264898,3,7,270,0,0,0,1
1,0,1,VBN,0.0,been,0,0,1.1986388117074966,17.198255400550867,10.154650775356767,4,7,271,0,0,0,2
2,1,2,NN,3.0,nothing,0,1,7.641186416149139,15.031440885305535,13.280703331027429,7,7,272,0,0,0,3
0,0,0,CC,1.0,but,0,1,2.2990540128666908,17.553098244319884,9.64272076435627,3,7,273,0,0,0,4
1,2,1,NN,1.0,trouble,3,2,8.043362061260268,13.624411793938478,15.310617223529189,7,7,274,0,0,0,5
1,4,1,RB,1.0,though.,4,2,10.146116178482773,20.846800654898537,17.74035213502419,7,7,275,1,0,1,6
3,1,2,NNP,0.0,Lucy,0,0,3.706203941255808,11.821262742347043,17.91201141824379,4,7,276,0,1,0,0
1,0,1,VBD,0.0,did,0,0,6.524476188234985,16.320603258264402,11.420835168659025,3,7,277,0,0,0,1
0,0,0,RB,0.0,not,1,1,0.5291472517419606,18.05588478508421,8.917353115369856,3,7,278,0,0,0,2
1,0,1,VB,3.0,know,0,0,3.137583813862875,16.39038930165751,11.320155189932528,4,7,279,0,0,0,3
2,1,2,WP,0.0,who,0,1,5.291364271659404,16.99990971408453,10.440803113603463,3,7,280,0,0,0,4
2,1,2,PRP,0.0,it,0,1,5.14584690425545,18.431334787537676,8.375693258728493,2,7,281,0,0,0,5
1,0,1,VBD,3.0,was,0,1,0.5081598618999124,18.521451560034553,8.24568223794633,3,7,282,0,0,0,6
2,1,2,WDT,0.0,that,0,1,1.8935134946368637,19.024464301341364,7.519988250559035,4,7,283,0,0,0,7
2,0,1,VBD,0.0,was,0,1,3.3475044202059507,18.521451560034553,8.24568223794633,3,7,284,0,0,0,8
1,0,1,VBG,3.0,sending,0,1,4.777931958902627,13.161978243638307,15.97776781328792,7,7,285,0,0,0,9
1,1,1,PRP,1.0,her,1,1,2.547989731654525,17.210354868203652,10.137194933376698,3,7,286,0,0,0,10
1,0,1,DT,0.0,the,0,1,2.199838851345703,20.651930178991396,5.17205129965733,3,7,287,0,0,0,11
0,11,2,NNS,2.0,"messages,",11,4,3.0643318266957067,20.760544609984716,20.505472475884098,9,7,288,1,0,0,12
0,0,0,CC,1.0,and,0,0,3.354362739541102,19.93279149564298,6.2095491118355035,3,7,289,0,0,0,13
2,1,2,PRP,0.0,she,0,1,2.1353108948096633,16.84690510554553,10.66154210357584,3,7,290,0,0,0,14
1,0,1,VBD,0.0,did,0,0,3.011110690305941,16.320603258264402,11.420835168659025,3,7,291,0,0,0,15
0,0,0,RB,0.0,not,1,1,0.0409047332359477,18.05588478508421,8.917353115369856,3,7,292,0,0,0,16
1,0,1,VB,4.0,know,0,0,1.2742039859294891,16.39038930165751,11.320155189932528,4,7,293,0,0,0,17
2,1,2,WRB,0.0,how,0,1,2.8140095642302185,16.442215191928913,11.245386235048318,3,7,294,0,0,0,18
2,1,2,PRP,0.0,they,0,1,4.819255891256034,17.366789695455783,9.911507183877728,4,7,295,0,0,0,19
1,0,1,VBD,0.0,had,0,1,2.3361024694750085,17.432489551576744,9.816722327264898,3,7,296,0,0,0,20
1,0,1,VBN,4.0,got,0,1,4.549819858279079,15.62456919665391,12.425000057634286,3,7,297,0,0,0,21
1,0,1,PRP$,0.0,her,0,1,7.3854294585762545,17.210354868203652,10.137194933376698,3,7,298,0,0,0,22
0,8,0,NN,2.0,"number,",11,5,15.119346738851164,20.770010473306726,16.64502793184878,7,7,299,1,0,0,23
0,0,0,CC,1.0,but,0,0,2.5229939068085514,17.553098244319884,9.64272076435627,3,7,300,0,0,0,24
3,1,2,WP,0.0,whoever,0,1,9.297030209098011,11.776896130791586,17.976018908715893,7,7,301,0,0,0,25
2,1,2,PRP,0.0,it,0,1,1.1027236555237323,18.431334787537676,8.375693258728493,2,7,302,0,0,0,26
1,3,2,VBD,2.0,"was,",3,2,2.06722619762877,20.86116058676723,13.262050915877944,4,7,303,1,0,0,27
1,0,1,PRP,0.0,he,0,0,6.6258201521704905,17.694798179754258,9.438290970210817,2,7,304,0,0,0,28
0,0,0,CC,1.0,or,0,0,2.7806072160292388,18.052589408876212,8.922107338283002,2,7,305,0,0,0,29
0,1,0,PRP,1.0,she,2,3,0.1351588508423447,16.84690510554553,10.66154210357584,3,7,306,0,0,0,30
1,0,1,VBD,0.0,had,0,1,2.3236959390342236,17.432489551576744,9.816722327264898,3,7,307,0,0,0,31
1,1,1,RB,0.0,slowly,0,1,13.303567137569187,13.575420471835994,15.381296760973036,6,7,308,0,0,0,32
1,0,1,VBN,5.0,taken,0,0,5.782421979238279,15.055020665394766,13.246684899227446,5,7,309,0,0,0,33
1,1,1,RP,1.0,over,1,2,2.5477189020020887,16.743434436833045,10.810818724204807,4,7,310,0,0,0,34
2,1,2,NNP,1.0,Lucy's,1,2,5.493693557800725,18.116242656963127,26.74495155172492,6,7,311,0,0,0,35
0,5,0,NN,2.0,life.,9,3,1.701072671217844,20.849462526783253,17.008878137639634,5,7,312,1,0,1,36
2,1,2,PRP,0.0,She,0,0,3.1139470553025603,15.75878094018462,12.23137344081347,3,7,313,0,1,0,0
1,0,1,VBD,0.0,was,0,1,3.0461050018202513,18.521451560034553,8.24568223794633,3,7,314,0,0,0,1
1,0,1,VBG,2.0,getting,0,0,7.276594497263432,14.911648120355064,13.453527758955854,7,7,315,0,0,0,2
3,0,1,JJ,0.0,several,0,0,12.200287577928975,15.389540750537888,12.76407443131371,7,7,316,0,0,0,3
0,1,1,NNS,2.0,texts,1,2,4.53721294272691,12.385218331246731,17.098395486856596,5,7,317,0,0,0,4
1,0,1,DT,0.0,a,0,1,1.315229223524511,19.69218547190043,6.556670229096891,1,7,318,0,0,0,5
0,1,0,NN,2.0,day,3,2,0.6345028901050682,15.919835791538643,11.999020405453908,3,7,319,0,0,0,6
1,2,2,RB,1.0,"now,",3,1,7.787036160356365,20.772029574099985,16.382280837938865,4,7,320,1,0,0,7
2,0,1,NP,0.0,all,0,0,5.160792089533061,17.469149055179013,9.763833843216451,3,7,321,0,0,0,8
1,0,1,IN,0.0,of,0,1,2.06323668636469,20.087642241543257,5.986146708647226,2,7,322,0,0,0,9
1,3,2,WDT,2.0,which,2,2,1.0360191531144665,17.599930483545194,9.57515612507219,5,7,323,0,0,0,10
2,0,1,VBD,0.0,were,0,1,1.5793182875495404,17.723648827567594,9.39666828368408,4,7,324,0,0,0,11
1,0,1,JJ,3.0,abusive,0,0,11.690310986014085,11.391153233040315,18.532528274359787,7,7,325,0,0,0,12
0,0,0,CC,1.0,and,0,0,1.158269273582846,19.93279149564298,6.2095491118355035,3,7,326,0,0,0,13
0,8,1,JJ,1.0,hurtful.,7,5,7.15941975871101,20.845195614084925,34.43365747336327,8,7,327,1,0,1,14
2,1,2,NNP,0.0,Lucy,0,0,4.539584601297975,11.821262742347043,17.91201141824379,4,7,328,0,1,0,0
1,0,1,VBD,1.0,wondered,0,1,7.870610795915127,12.722601972212845,16.611653781157724,8,7,329,0,0,0,1
2,1,2,WP,0.0,what,0,1,2.297355053946376,16.89144897198978,10.5972788883547,4,7,330,0,0,0,2
3,0,1,DT,0.0,the,0,0,3.5139341454487294,20.651930178991396,5.17205129965733,3,7,331,0,0,0,3
0,1,1,NN,1.0,person,1,1,6.510984058724716,15.233131575226476,12.989725172885016,6,7,332,0,0,0,4
2,1,2,WP,0.0,who,0,1,2.638704586774111,16.99990971408453,10.440803113603463,3,7,333,0,0,0,5
2,0,1,VBD,0.0,was,0,1,3.136829487513751,18.521451560034553,8.24568223794633,3,7,334,0,0,0,6
1,0,1,VBG,3.0,messaging,0,1,11.536017301259562,11.547645681448415,18.306757395104853,9,7,335,0,0,0,7
1,6,3,PRP,1.0,her,4,2,0.4609312617685646,17.210354868203652,10.137194933376698,3,7,336,0,0,0,8
1,0,1,MD,0.0,might,0,1,6.797190559562296,15.797195241662305,12.1759533185724,5,7,337,0,0,0,9
1,0,1,VB,0.0,be,0,1,1.9516546004451811,18.381669296901407,8.447345415772759,2,7,338,0,0,0,10
2,1,2,VBG,5.0,thinking,0,0,2.9890918731689453,14.287907570781185,14.353395156627446,8,7,339,0,0,0,11
0,0,0,CC,1.0,or,0,0,4.586721905041486,18.052589408876212,8.922107338283002,2,7,340,0,0,0,12
1,0,1,VBG,1.0,trying,0,1,5.761086830170825,14.989210529189297,13.341628856371308,6,7,341,0,0,0,13
2,0,1,TO,0.0,to,0,1,0.0219028044957667,19.88357245739644,6.280557174231113,2,7,342,0,0,0,14
1,0,1,VB,2.0,achieve,4,3,9.129275222308934,13.902977331245271,14.90873210429411,7,7,343,0,0,0,15
1,0,1,IN,0.0,with,0,1,2.053705196594819,18.681580760008114,8.014664635242958,4,7,344,0,0,0,16
2,1,2,DT,2.0,all,0,1,6.546794021851383,17.469149055179013,9.763833843216451,3,7,345,0,0,0,17
1,0,1,IN,0.0,of,0,1,1.602946176455589,20.087642241543257,5.986146708647226,2,7,346,0,0,0,18
1,0,1,PRP$,0.0,their,0,1,4.703932811593404,17.287357438148756,10.026103707581193,5,7,347,0,0,0,19
0,0,0,JJ,0.0,hateful,0,1,8.739380141254514,14.794655142718977,29.73416666951099,7,7,348,0,0,0,20
0,15,1,NNS,4.0,messages.,13,2,1.6243960000574589,20.843403524898612,20.385851601933187,9,7,349,1,0,1,21
2,0,1,IN,0.0,As,0,0,6.581698368769139,15.831493928052089,12.126470773808853,2,7,350,0,1,0,0
2,0,1,DT,0.0,the,0,0,3.7368937676073983,20.651930178991396,5.17205129965733,3,7,351,0,0,0,1
0,1,1,NN,1.0,car,1,2,8.849120597704314,15.035443321868938,13.274929035645936,3,7,352,0,0,0,2
1,0,1,VBD,2.0,pulled,0,0,2.3271373455645517,13.682342527887013,15.22704084094658,6,7,353,0,0,0,3
1,1,1,RP,1.0,up,1,2,1.6967018105788156,17.040396008802368,10.382393736990077,2,7,354,0,0,0,4
1,0,1,IN,0.0,outside,0,1,7.797638446092606,14.742859125993014,13.697038804078616,7,7,355,0,0,0,5
2,0,1,DT,0.0,the,0,0,1.7883495126734488,20.651930178991396,5.17205129965733,3,7,356,0,0,0,6
0,1,1,NN,3.0,"school,",2,3,7.513798721774947,20.76327838939681,18.214790857035908,7,7,357,1,0,0,7
2,1,2,WDT,0.0,which,0,1,8.851086876937188,17.599930483545194,9.57515612507219,5,7,358,0,0,0,8
2,0,1,VBD,2.0,looked,0,0,7.067548009450547,14.806781852602777,13.60481780339861,6,7,359,0,0,0,9
1,0,1,IN,0.0,like,0,1,1.6919362534536049,16.890367918306506,10.598838519142497,4,7,360,0,0,0,10
1,0,1,DT,0.0,a,0,1,1.7341660146485085,19.69218547190043,6.556670229096891,1,7,361,0,0,0,11
0,0,0,JJ,0.0,large,0,1,5.424136011453811,15.588818506740086,12.476577400681318,5,7,362,0,0,0,12
0,2,0,NN,4.0,shadow,4,2,12.120310552418232,12.925864191308165,16.318408385668818,6,7,363,0,0,0,13
1,0,1,IN,0.0,in,0,1,4.97635317791719,19.583721360186956,6.713150865180346,2,7,364,0,0,0,14
2,0,1,DT,0.0,the,0,0,0.2691020403435686,20.651930178991396,5.17205129965733,3,7,365,0,0,0,15
0,1,1,NNS,3.0,darkness,1,2,8.442736970479018,12.739259385572256,16.58762221351006,8,7,366,0,0,0,16
1,0,1,IN,0.0,of,0,1,1.6137063659261912,20.087642241543257,5.986146708647226,2,7,367,0,0,0,17
1,0,1,DT,0.0,a,0,1,3.564575633732602,19.69218547190043,6.556670229096891,1,7,368,0,0,0,18
0,0,0,NNP,0.0,November,0,1,15.6786360447295,14.286926938806364,14.354809909514458,8,7,369,0,0,0,19
0,12,2,NN,4.0,"evening,",13,2,3.757193246041425,20.760678481913708,20.254044871702614,8,7,370,1,0,0,20
1,1,1,NNP,0.0,Lucy,0,1,2.125119632924907,11.821262742347043,17.91201141824379,4,7,371,0,0,0,21
1,0,1,VBD,2.0,felt,0,1,4.706068511353806,14.66533194586157,13.808886882388355,4,7,372,0,0,0,22
2,0,1,DT,0.0,a,0,1,2.3603268941515125,19.69218547190043,6.556670229096891,1,7,373,0,0,0,23
0,1,1,NN,1.0,shiver,2,1,7.002660563390236,14.792573100822008,29.93538589581604,6,7,374,0,0,0,24
1,0,1,VB,2.0,run,0,1,1.170887873508036,15.295973765997644,12.899063055900854,3,7,375,0,0,0,25
1,1,1,RP,1.0,down,0,1,0.6630070892861113,16.107036220281262,11.728947275254644,4,7,376,0,0,0,26
1,0,1,PRP$,0.0,her,0,1,0.0346769071184098,17.210354868203652,10.137194933376698,3,7,377,0,0,0,27
0,5,0,NN,2.0,spine.,7,2,1.0839516083942726,20.84296843351079,21.99418478357631,6,7,378,1,0,1,28
3,0,1,VBN,0.0,Hastened,0,0,22.356773412786424,16.652014775269933,39.8544611996881,8,7,379,0,1,0,0
1,0,1,IN,0.0,by,0,1,1.4688835291890427,18.29067397824052,8.57862391074893,2,7,380,0,0,0,1
2,1,2,NNP,2.0,"Jill,",1,2,11.414006915991196,20.759914319749853,23.77106397437978,5,7,381,1,0,0,2
2,1,2,WP,0.0,who,0,1,2.0623029582202435,16.99990971408453,10.440803113603463,3,7,382,0,0,0,3
2,0,1,VBD,0.0,did,0,0,7.777055252343416,16.320603258264402,11.420835168659025,3,7,383,0,0,0,4
0,0,0,RB,0.0,not,1,1,0.2392374203773215,18.05588478508421,8.917353115369856,3,7,384,0,0,0,5
1,0,1,VB,4.0,want,0,0,3.9857472219737247,16.098587804210084,11.741135763223902,4,7,385,0,0,0,6
2,0,1,TO,0.0,to,0,1,0.3924201634945348,19.88357245739644,6.280557174231113,2,7,386,0,0,0,7
1,0,1,VB,0.0,be,0,1,3.4640128928003833,18.381669296901407,8.447345415772759,2,7,387,0,0,0,8
1,0,1,JJ,3.0,late,0,1,6.853889389662072,14.633189064276708,13.85525925825072,4,7,388,0,0,0,9
1,0,1,TO,0.0,to,0,1,1.9252317564678376,19.88357245739644,6.280557174231113,2,7,389,0,0,0,10
1,0,1,PRP$,0.0,her,0,1,4.0359135225298814,17.210354868203652,10.137194933376698,3,7,390,0,0,0,11
0,0,0,JJ,0.0,own,0,1,6.3640950582921505,15.855125703101672,12.092377329137417,3,7,391,0,0,0,12
0,14,4,NN,4.0,"concert,",13,4,11.388240401342046,20.76013630293121,21.758770744268567,8,7,392,1,0,0,13
1,1,1,NNP,0.0,Lucy,0,1,1.333677934773732,11.821262742347043,17.91201141824379,4,7,393,0,0,0,14
3,1,2,RB,0.0,hesitantly,0,0,12.871040746336805,13.221245352564356,34.69412702679112,10,7,394,0,0,0,15
0,0,0,VBD,3.0,stepped,0,0,5.777039048552979,12.93021206648754,16.312135727709126,7,7,395,0,0,0,16
1,1,1,RP,1.0,out,0,1,1.335575014760252,17.1329401691801,10.24888073574989,3,7,396,0,0,0,17
1,0,1,IN,0.0,of,0,1,0.3458290478156414,20.087642241543257,5.986146708647226,2,7,397,0,0,0,18
1,0,1,DT,0.0,the,0,1,0.2544467495608842,20.651930178991396,5.17205129965733,3,7,398,0,0,0,19
0,3,1,NN,3.0,car,4,1,1.1944285355712054,15.035443321868938,13.274929035645936,3,7,399,0,0,0,20
0,0,0,CC,1.0,and,0,0,0.7363459412008524,19.93279149564298,6.2095491118355035,3,7,400,0,0,0,21
1,0,1,VBD,1.0,walked,0,1,3.869922900106758,13.658999427798118,15.2607178156838,6,7,401,0,0,0,22
1,0,1,IN,0.0,toward,0,1,4.085390164575074,14.433417895276792,14.143468133079493,6,7,402,0,0,0,23
1,0,1,DT,0.0,the,0,1,0.3518455409212038,20.651930178991396,5.17205129965733,3,7,403,0,0,0,24
0,5,0,NN,3.0,school.,9,5,4.455053514393512,20.84592019022356,18.095169983085,7,7,404,1,0,1,25
3,1,2,PRP,0.0,It,0,0,4.5284466235898435,16.818509266914305,10.702508639150992,2,7,405,0,1,0,0
1,0,1,VBD,0.0,was,0,1,0.4774033832363784,18.521451560034553,8.24568223794633,3,7,406,0,0,0,1
2,1,2,NNP,2.0,Jill,1,1,19.079107218421996,11.23715878806636,18.754695296448165,4,7,407,0,0,0,2
2,1,2,WP,0.0,who,0,1,0.655414923094213,16.99990971408453,10.440803113603463,3,7,408,0,0,0,3
2,0,1,IN,0.0,in,0,1,10.480698161758482,19.583721360186956,6.713150865180346,2,7,409,0,0,0,4
2,0,1,PRP$,0.0,her,0,0,2.6257048533298075,17.210354868203652,10.137194933376698,3,7,410,0,0,0,5
0,0,0,JJ,0.0,final,0,1,8.34585467656143,15.090809669197933,13.195052280922262,5,7,411,0,0,0,6
0,1,1,NN,3.0,year,2,2,6.547945069381967,15.885074854870089,12.049169836402289,4,7,412,0,0,0,7
1,0,1,IN,0.0,of,0,1,2.3704974949359894,20.087642241543257,5.986146708647226,2,7,413,0,0,0,8
1,0,1,JJ,0.0,high,0,0,0.8914850819855928,16.09639059118449,11.7443056715597,4,7,414,0,0,0,9
0,4,1,NN,3.0,school,4,2,0.1027291407808661,15.088473833774282,13.198422179104297,6,7,415,0,0,0,10
1,0,1,VBD,0.0,had,0,1,2.155072806868702,17.432489551576744,9.816722327264898,3,7,416,0,0,0,11
1,0,1,VBN,4.0,become,0,1,5.476069031981751,15.149753179254834,13.11001477127058,6,7,417,0,0,0,12
2,0,1,VBN,1.0,involved,0,1,7.8921718874480575,14.807492265523514,13.60379289420088,8,7,418,0,0,0,13
1,0,1,IN,0.0,in,0,1,0.516282377357129,19.583721360186956,6.713150865180346,2,7,419,0,0,0,14
2,0,1,VBG,2.0,helping,0,1,8.288297205639537,13.373834682268347,15.672123579895963,7,7,420,0,0,0,15
2,0,1,VB,1.0,organize,0,1,7.909660092554987,11.90552145336903,17.790451793700676,8,7,421,0,0,0,16
2,0,1,DT,0.0,this,0,0,7.079911933280528,18.084110076486997,8.876632627435416,4,7,422,0,0,0,17
0,1,1,NN,2.0,year's,2,3,4.953645957633853,18.216592285698265,20.88210996988342,6,7,423,0,0,0,18
0,0,0,NN,0.0,school,0,1,5.380483591929078,15.088473833774282,13.198422179104297,6,7,424,0,0,0,19
0,0,0,NN,0.0,talent,0,1,12.819316547363997,12.844689719927382,16.435518392976654,6,7,425,0,0,0,20
0,15,4,NN,4.0,"show,",14,2,5.044256985769607,20.766218881086584,17.320875208246196,5,7,426,1,0,0,21
0,0,0,CC,1.0,and,0,0,1.7117558222962543,19.93279149564298,6.2095491118355035,3,7,427,0,0,0,22
2,1,2,PRP,0.0,she,0,1,1.6244505462236702,16.84690510554553,10.66154210357584,3,7,428,0,0,0,23
1,0,1,VBD,2.0,took,0,0,7.288208690064494,15.242026333292165,12.976892749533745,4,7,429,0,0,0,24
1,0,1,PRP$,0.0,her,0,1,3.227935972448904,17.210354868203652,10.137194933376698,3,7,430,0,0,0,25
0,1,0,NN,2.0,position,2,2,8.185615223483182,15.146210281907898,13.115126091703385,8,7,431,0,0,0,26
1,0,1,RB,0.0,very,0,1,5.778060829732567,16.298183548324726,11.453179973007163,4,7,432,0,0,0,27
0,4,0,RB,2.0,seriously.,6,3,0.6611990048550069,20.843220763894024,20.86443936177735,10,7,433,1,0,1,28
3,1,2,NNP,0.0,Lucy,0,0,3.951014421880245,11.821262742347043,17.91201141824379,4,7,434,0,1,0,0
1,0,1,VBN,1.0,hurried,0,0,9.29831476509571,11.753154229262249,18.010271232313546,7,7,435,0,0,0,1
1,0,1,IN,0.0,behind,0,1,8.680715320631862,14.808511558793102,13.602322364855636,6,7,436,0,0,0,2
1,2,1,NNP,2.0,"Jill,",3,2,5.1857066004304215,20.759914319749853,23.77106397437978,5,7,437,1,0,0,3
2,0,1,VBG,1.0,pulling,0,1,7.247206650616136,12.677518983570918,16.676694785299883,7,7,438,0,0,0,4
1,0,1,IN,0.0,on,0,1,4.265945550228935,18.53086189167023,8.232105999162414,2,7,439,0,0,0,5
2,0,1,DT,0.0,the,0,0,2.782258808671031,20.651930178991396,5.17205129965733,3,7,440,0,0,0,6
0,0,0,JJ,0.0,"worn,",1,2,17.073790622875094,20.760084309336115,22.03836820715425,5,7,441,1,0,0,7
0,0,0,JJ,0.0,oversized,0,1,9.741126693726985,16.75931517807281,27.586744692299753,9,7,442,0,0,0,8
0,1,1,NN,5.0,coat,3,1,7.613595463335514,12.748600404026678,16.57414597250901,4,7,443,0,0,0,9
2,1,2,WDT,0.0,that,0,1,2.4941852521151304,19.024464301341364,7.519988250559035,4,7,444,0,0,0,10
2,0,1,VBD,0.0,had,0,1,2.89037714805454,17.432489551576744,9.816722327264898,3,7,445,0,0,0,11
1,1,1,RB,0.0,originally,1,1,10.47392973623937,13.38235251579936,15.659834943701656,10,7,446,0,0,0,12
1,0,1,VBD,4.0,belonged,0,0,3.4476713466865476,12.140210582230305,17.451866951341962,8,7,447,0,0,0,13
1,0,1,TO,0.0,to,0,1,0.0095723067934159,19.88357245739644,6.280557174231113,2,7,448,0,0,0,14
1,8,2,NNP,2.0,"Jill,",9,5,5.83334323001327,20.759914319749853,23.77106397437978,5,7,449,1,0,0,15
1,0,1,IN,0.0,in,0,1,7.100369790801778,19.583721360186956,6.713150865180346,2,7,450,0,0,0,16
0,0,0,NN,1.0,order,1,1,1.4396448399638757,15.96097085282248,11.939675056533057,5,7,451,0,0,0,17
2,0,1,TO,0.0,to,0,1,0.0881753912253771,19.88357245739644,6.280557174231113,2,7,452,0,0,0,18
1,0,1,VB,3.0,keep,0,0,4.652181002165889,15.16300405778076,13.090897794533806,4,7,453,0,0,0,19
2,1,2,PRP,0.0,her,1,1,1.2370533781358972,17.210354868203652,10.137194933376698,3,7,454,0,0,0,20
1,1,1,JJ,0.0,dry,1,2,11.452445068163795,13.791670631733538,15.069313727697402,3,7,455,0,0,0,21
1,0,1,IN,0.0,as,0,1,4.009465425624512,18.455643172698917,8.340623672004352,2,7,456,0,0,0,22
2,0,1,DT,0.0,the,0,0,4.298630323901307,20.651930178991396,5.17205129965733,3,7,457,0,0,0,23
0,1,1,NNS,1.0,raindrops,1,2,14.401880024874115,14.946601330671903,47.508378615456145,9,7,458,0,0,0,24
1,0,1,VBD,5.0,fell,0,1,3.549382989294827,13.824855755266013,15.02143771454582,4,7,459,0,0,0,25
1,1,1,DT,1.0,all,0,1,7.56545390089741,17.469149055179013,9.763833843216451,3,7,460,0,0,0,26
1,0,1,IN,0.0,around,0,1,2.928394840157125,15.859577351277904,12.08595495838978,6,7,461,0,0,0,27
1,15,4,PRP,2.0,them.,11,2,4.944448148831725,20.86034685929956,15.609819837378044,5,7,462,1,0,1,28
2,0,1,IN,0.0,As,0,0,4.1911145654157735,15.831493928052089,12.126470773808853,2,7,463,0,1,0,0
2,0,1,DT,0.0,the,0,0,3.496814356301911,20.651930178991396,5.17205129965733,3,7,464,0,0,0,1
0,1,1,NNS,1.0,sisters,1,2,11.990455248218495,12.262906562282192,17.27485406938409,7,7,465,0,0,0,2
1,0,1,VBD,2.0,entered,0,1,5.464425267651677,13.95247031701885,14.837328819159776,7,7,466,0,0,0,3
1,0,1,DT,0.0,the,0,0,0.2224750380846671,20.651930178991396,5.17205129965733,3,7,467,0,0,0,4
0,1,0,NN,2.0,hall,1,2,7.660099110391457,13.165392215054018,15.97284249365674,4,7,468,0,0,0,5
2,1,2,WRB,0.0,where,0,1,5.007112122839317,16.599322624688853,11.018728120918755,5,7,469,0,0,0,6
2,0,1,DT,0.0,the,0,0,1.0875826038536616,20.651930178991396,5.17205129965733,3,7,470,0,0,0,7
0,1,1,NN,1.0,show,1,2,2.031383130175527,15.708088945391284,12.304506530314583,4,7,471,0,0,0,8
1,0,1,VBD,3.0,was,0,1,0.3576414119452238,18.521451560034553,8.24568223794633,3,7,472,0,0,0,9
2,0,1,TO,0.0,to,0,1,4.161167633894365,19.88357245739644,6.280557174231113,2,7,473,0,0,0,10
1,0,1,VB,2.0,take,0,1,1.814317044816562,15.951533854192489,11.95328976765742,4,7,474,0,0,0,11
1,10,3,NN,1.0,"place,",10,2,0.1336587079422315,20.76579945252724,17.41931995343559,6,7,475,1,0,0,12
1,1,1,NNP,0.0,Jill,0,1,3.226117049518507,11.23715878806636,18.754695296448165,4,7,476,0,0,0,13
1,0,1,VBD,2.0,filled,0,0,11.347627340699546,13.738880022205226,15.145474478269406,6,7,477,0,0,0,14
1,0,1,IN,0.0,with,0,1,5.965065075783059,18.681580760008114,8.014664635242958,4,7,478,0,0,0,15
1,2,1,NN,2.0,excitement,2,2,4.029883483774029,12.292323733573395,17.232414062245294,10,7,479,0,0,0,16
1,0,1,IN,0.0,while,0,1,7.516617960995063,16.10244024205133,11.735577870255009,5,7,480,0,0,0,17
2,1,2,NNP,0.0,Lucy,0,1,1.9968292193952948,11.821262742347043,17.91201141824379,4,7,481,0,0,0,18
1,0,1,VBD,3.0,regretted,0,1,18.085999178234488,13.369096884826146,33.36146155722739,9,7,482,0,0,0,19
1,0,1,IN,0.0,that,0,1,2.9251934927888215,19.024464301341364,7.519988250559035,4,7,483,0,0,0,20
2,1,2,PRP,0.0,she,0,1,1.0734942411072552,16.84690510554553,10.66154210357584,3,7,484,0,0,0,21
1,0,1,VBD,0.0,had,0,1,0.8513926323503256,17.432489551576744,9.816722327264898,3,7,485,0,0,0,22
1,0,1,VBN,4.0,promised,0,1,11.87535579269752,12.90599432725124,16.34707454000688,8,7,486,0,0,0,23
1,0,1,PRP$,0.0,her,0,1,2.0543277310207486,17.210354868203652,10.137194933376698,3,7,487,0,0,0,24
0,1,0,NN,2.0,mother,2,1,3.834109246730805,14.724418101054578,13.72364357930621,6,7,488,0,0,0,25
3,1,2,PRP,0.0,she,0,1,3.62876464612782,16.84690510554553,10.66154210357584,3,7,489,0,0,0,26
1,0,1,MD,0.0,would,0,1,0.3812529239803552,17.12711793173308,10.257280448841584,5,7,490,0,0,0,27
1,0,1,VB,3.0,participate,0,1,11.825959879904984,13.218415100379362,15.89634663994424,11,7,491,0,0,0,28
1,0,1,IN,0.0,in,0,1,0.6616369942203164,19.583721360186956,6.713150865180346,2,7,492,0,0,0,29
1,0,1,DT,0.0,the,0,1,0.8001075390493497,20.651930178991396,5.17205129965733,3,7,493,0,0,0,30
0,15,1,NN,3.0,show.,16,2,2.1617719946661964,20.84862776014231,17.20125433429529,5,7,494,1,0,1,31
4,0,2,``,0.0,'To,0,0,12.099180791527033,17.051342452721688,23.393010383066056,3,7,495,1,1,0,0
1,0,1,VB,1.0,waste,0,1,13.750000185100362,13.43398948965284,15.58533853759673,5,7,496,0,0,0,1
1,0,1,PRP$,0.0,your,0,1,2.9740679140377324,17.160045837897364,10.209775521911514,4,7,497,0,0,0,2
0,4,2,NN,2.0,talent,3,2,8.976883236813592,12.844689719927382,16.435518392976654,6,7,498,0,0,0,3
1,0,1,MD,0.0,would,0,1,6.911475477274507,17.12711793173308,10.257280448841584,5,7,499,0,0,0,4
1,0,1,VB,0.0,be,0,0,0.3535028309561312,18.381669296901407,8.447345415772759,2,7,500,0,0,0,5
1,0,1,DT,0.0,a,0,1,2.0238473772769794,19.69218547190043,6.556670229096891,1,7,501,0,0,0,6
0,0,0,JJ,0.0,real,0,1,7.194882401847281,15.367587118320795,12.795746827642809,4,7,502,0,0,0,7
0,1,0,NN,5.0,"shame,",4,3,4.440284997224808,20.760129089818715,21.794471221196975,6,7,503,1,0,0,8
1,0,1,IN,0.0,for,0,1,6.779311343561858,18.90419907432743,7.693494297163422,3,7,504,0,0,0,9
2,1,2,PRP,0.0,you,0,1,2.572305392939598,18.198249039215252,8.711964911935151,3,7,505,0,0,0,10
1,0,1,VBP,3.0,have,0,1,3.458780425833538,17.990997945585363,9.010965036933804,4,7,506,0,0,0,11
1,0,1,PDT,0.0,such,0,1,5.737058502971195,16.749195285324937,10.802507576654245,4,7,507,0,0,0,12
0,0,0,DT,0.0,a,0,1,0.9902891928795724,19.69218547190043,6.556670229096891,1,7,508,0,0,0,13
0,0,0,JJ,0.0,beautiful,0,1,3.944483238388784,13.98748038668931,14.786819965265028,9,7,509,0,0,0,14
0,7,0,NN,4.0,"voice,'",11,2,6.427663934417069,15.076342598047525,28.432256704864404,7,7,510,1,0,0,15
1,0,1,PRP$,0.0,her,0,0,7.180119665252278,17.210354868203652,10.137194933376698,3,7,511,0,0,0,16
0,1,0,NN,1.0,mother,1,2,1.1681453353667166,14.724418101054578,13.72364357930621,6,7,512,0,0,0,17
1,0,1,VBD,0.0,had,0,1,5.130216092453338,17.432489551576744,9.816722327264898,3,7,513,0,0,0,18
1,0,1,VBN,3.0,argued,0,1,10.743588694720527,13.355621998476757,15.698398928483376,6,7,514,0,0,0,19
2,0,1,CD,0.0,two,0,0,11.929065333213655,16.868943842570165,10.629746926962948,3,7,515,0,0,0,20
0,1,1,NNS,1.0,months,1,1,3.5953212666790932,15.078510379203502,13.212796405603685,6,7,516,0,0,0,21
0,1,0,RB,2.0,"back,",2,3,10.52464000461623,20.771774982586216,16.412919016035637,5,7,517,1,0,0,22
2,1,2,WRB,0.0,when,0,1,5.208981796866283,17.09507037229838,10.303515303910618,4,7,518,0,0,0,23
2,0,1,DT,0.0,the,0,0,3.778167160751764,20.651930178991396,5.17205129965733,3,7,519,0,0,0,24
0,1,1,NN,1.0,concert,1,2,9.61888915480813,12.63197416697781,16.742402066336954,7,7,520,0,0,0,25
1,0,1,VBD,0.0,was,0,0,1.109063746407628,18.521451560034553,8.24568223794633,3,7,521,0,0,0,26
1,1,1,RB,0.0,first,1,1,7.417586449766532,16.77947782339326,10.758819109157542,5,7,522,0,0,0,27
1,7,1,VBN,5.0,announced.,10,4,3.279445899417624,20.843729985427736,19.796636012377256,10,7,523,1,0,1,28
2,1,2,NNP,0.0,Lucy,0,0,2.3005233220756054,11.821262742347043,17.91201141824379,4,7,524,0,1,0,0
1,0,1,VBD,0.0,had,0,1,3.500040344428271,17.432489551576744,9.816722327264898,3,7,525,0,0,0,1
1,0,1,VBN,0.0,been,0,1,2.7307982835918665,17.198255400550867,10.154650775356767,4,7,526,0,0,0,2
1,0,1,VBG,3.0,considering,0,0,9.311080397572368,13.668959924481568,15.2463478565138,11,7,527,0,0,0,3
1,1,1,PRP,1.0,"it,",2,3,7.450203501794022,20.85282241959478,13.392061936660106,3,7,528,1,0,0,4
1,0,1,IN,0.0,for,0,1,5.724164509505499,18.90419907432743,7.693494297163422,3,7,529,0,0,0,5
2,1,2,PRP,0.0,she,0,1,2.9827861692756414,16.84690510554553,10.66154210357584,3,7,530,0,0,0,6
1,0,1,VBD,3.0,did,0,1,5.009419297566637,16.320603258264402,11.420835168659025,3,7,531,0,0,0,7
1,1,1,NN,1.0,love,0,1,9.088877463014796,15.195811745844995,13.043566305660502,4,7,532,0,0,0,8
2,0,1,TO,0.0,to,0,1,3.611624457873404,19.88357245739644,6.280557174231113,2,7,533,0,0,0,9
1,10,2,VB,2.0,sing.,10,2,5.7576150223612785,20.843082282933132,21.374941158042464,5,7,534,1,0,1,10
2,0,1,DT,0.0,That,0,0,6.869398871902376,15.36211920764605,12.803635355257288,4,7,535,0,1,0,0
0,0,0,JJ,0.0,very,0,1,9.611464916495606,16.298183548324726,11.453179973007163,4,7,536,0,0,0,1
0,1,1,NN,2.0,"night,",3,2,4.00178036064608,20.76337281206121,18.17562574923348,6,7,537,1,0,0,2
1,0,1,DT,0.0,the,0,0,4.061363762069959,20.651930178991396,5.17205129965733,3,7,538,0,0,0,3
0,0,0,JJ,0.0,first,0,1,6.23711077333428,16.77947782339326,10.758819109157542,5,7,539,0,0,0,4
0,0,0,NN,0.0,text,0,1,10.298700110521168,14.808649732042944,13.602123022993307,4,7,540,0,0,0,5
0,1,0,NN,3.0,message,3,2,2.9970410857349634,14.486782204240107,14.066479709177646,7,7,541,0,0,0,6
1,0,1,VBD,0.0,had,0,1,3.706570123322308,17.432489551576744,9.816722327264898,3,7,542,0,0,0,7
1,0,1,VBN,3.0,come,0,1,3.3243937296792865,15.64928219317746,12.389346740104251,4,7,543,0,0,0,8
1,4,1,IN,1.0,through.,5,2,7.597997048869729,20.854174747493825,16.237705307711543,8,7,544,1,0,1,9
3,1,2,``,0.0,'How,0,1,10.054506039246917,16.9797213895988,24.01605075749515,4,7,545,1,1,0,0
1,0,1,VBZ,0.0,does,0,1,6.9493575734086335,15.975047805913196,11.919366306118253,4,7,546,0,0,0,1
1,1,1,PRP,0.0,it,1,1,1.8312585060484707,18.431334787537676,8.375693258728493,2,7,547,0,0,0,2
1,0,1,VB,3.0,feel,0,1,0.5386062664911151,15.06601325969446,13.230825937944772,4,7,548,0,0,0,3
2,0,1,TO,0.0,to,0,1,0.647886818042025,19.88357245739644,6.280557174231113,2,7,549,0,0,0,4
1,0,1,VB,0.0,be,0,1,1.1545738854911178,18.381669296901407,8.447345415772759,2,7,550,0,0,0,5
1,0,1,JJ,3.0,tall,0,0,16.34365263255313,13.067184649750748,16.114526061097546,4,7,551,0,0,0,6
0,0,0,CC,1.0,and,0,0,1.2955107903108,19.93279149564298,6.2095491118355035,3,7,552,0,0,0,7
0,1,0,JJ,1.0,lanky,2,3,9.968095400370656,17.29176318440431,37.391140236543194,5,7,553,0,0,0,8
1,0,1,IN,0.0,like,0,1,4.290735772578046,16.890367918306506,10.598838519142497,4,7,554,0,0,0,9
1,0,1,DT,0.0,a,0,1,5.667528774822131,19.69218547190043,6.556670229096891,1,7,555,0,0,0,10
0,8,2,NN,3.0,giraffe?',10,3,8.72896177135408,14.149453885302544,51.813243707300394,9,7,556,1,0,0,11
1,1,1,PRP,0.0,it,0,1,5.276665669167414,18.431334787537676,8.375693258728493,2,7,557,0,0,0,12
1,0,1,VBD,0.0,had,0,0,2.8321998746832833,17.432489551576744,9.816722327264898,3,7,558,0,0,0,13
1,0,1,VBN,3.0,"asked,",1,1,7.4926837855018675,20.76341215813084,18.159613235110367,6,7,559,1,0,0,14
2,0,1,VBG,1.0,taking,0,1,8.296459891600534,14.811299110626528,13.598300777649332,6,7,560,0,0,0,15
1,1,1,NNP,1.0,Lucy,1,1,3.999394487706013,11.821262742347043,17.91201141824379,4,7,561,0,0,0,16
1,0,1,IN,0.0,by,0,1,1.1244332946225768,18.29067397824052,8.57862391074893,2,7,562,0,0,0,17
1,7,2,NN,2.0,surprise.,8,4,1.3933082597941393,20.84330217024202,20.63151828588687,9,7,563,1,0,1,18
4,1,2,CD,0.0,One,0,0,9.071084771305324,15.049604918777236,13.254498170015268,3,7,564,0,1,0,0
1,0,1,IN,0.0,of,0,1,1.169640654756222,20.087642241543257,5.986146708647226,2,7,565,0,0,0,1
1,0,1,DT,0.0,the,0,1,0.4814978088252246,20.651930178991396,5.17205129965733,3,7,566,0,0,0,2
0,0,0,JJ,0.0,popular,0,1,12.644974178110717,14.147475509161602,14.555995795507831,7,7,567,0,0,0,3
0,3,1,NNS,4.0,"girls,",4,1,7.741992220049724,20.760756889714624,20.124850427449733,6,7,568,1,0,0,4
1,1,1,NNP,0.0,Lucy,2,2,3.7062464088667184,11.821262742347043,17.91201141824379,4,7,569,0,0,0,5
1,0,1,VBD,0.0,had,0,0,2.0512018357403576,17.432489551576744,9.816722327264898,3,7,570,0,0,0,6
1,1,1,RB,0.0,always,1,1,4.010380297957454,15.503668334268962,12.59942313223625,6,7,571,0,0,0,7
1,0,1,VBN,4.0,known,0,0,4.806941285205539,15.485962475218937,12.624967287282402,5,7,572,0,0,0,8
3,1,2,PRP,0.0,she,0,1,4.4706776663661,16.84690510554553,10.66154210357584,3,7,573,0,0,0,9
1,6,3,VBD,3.0,"wasn't,",6,5,12.358506366377696,20.792058249009383,28.882330126826247,7,7,574,1,0,0,10
0,0,0,CC,1.0,but,0,0,1.3102421601070091,17.553098244319884,9.64272076435627,3,7,575,0,0,0,11
2,0,1,IN,0.0,before,0,1,9.468531339196488,16.28145242436684,11.477317882569707,6,7,576,0,0,0,12
2,0,1,DT,0.0,the,0,0,3.7570800475077704,20.651930178991396,5.17205129965733,3,7,577,0,0,0,13
0,1,1,NNS,1.0,messages,1,2,6.29790602310095,13.500694328109171,15.48910379795248,8,7,578,0,0,0,14
1,3,2,VBD,2.0,"began,",3,2,6.688919882813934,20.76219600020185,18.76118692498946,6,7,579,1,0,0,15
1,1,1,NNP,0.0,Lucy,0,1,2.871244643290993,11.821262742347043,17.91201141824379,4,7,580,0,0,0,16
1,0,1,VBD,0.0,had,0,0,1.392654706025496,17.432489551576744,9.816722327264898,3,7,581,0,0,0,17
1,1,1,RB,0.0,always,1,1,5.701081064296886,15.503668334268962,12.59942313223625,6,7,582,0,0,0,18
1,0,1,VBN,0.0,been,0,0,2.151795936515555,17.198255400550867,10.154650775356767,4,7,583,0,0,0,19
1,0,1,RB,0.0,quite,0,1,6.6056383990217,14.79680745161507,13.619207822239414,5,7,584,0,0,0,20
0,0,0,JJ,7.0,proud,0,1,6.280157821252942,13.055049809383403,16.13203293511749,5,7,585,0,0,0,21
1,0,1,IN,0.0,of,0,1,0.3138702400028705,20.087642241543257,5.986146708647226,2,7,586,0,0,0,22
2,0,1,VBG,0.0,being,0,1,4.279206664767116,16.21534685484689,11.57268805989128,5,7,587,0,0,0,23
2,0,1,DT,0.0,a,0,0,3.6537115814862777,19.69218547190043,6.556670229096891,1,7,588,0,0,0,24
0,1,1,RB,1.0,little,1,2,6.242805354413576,15.70386302020348,12.310603251626194,6,7,589,0,0,0,25
0,9,1,JJ,4.0,different.,12,5,9.562457280699164,20.852268006106133,16.50266652306752,10,7,590,1,0,1,26
2,0,1,CC,0.0,But,0,0,5.8307206984609365,15.989110480018432,11.89907815592499,3,7,591,0,1,0,0
2,1,2,NN,0.0,text,0,0,17.469784097280353,14.808649732042944,13.602123022993307,4,7,592,0,0,0,1
1,0,1,IN,0.0,by,0,1,14.551686583086848,18.29067397824052,8.57862391074893,2,7,593,0,0,0,2
1,3,1,NN,2.0,"text,",3,2,2.169604748953134,20.76244050577044,18.61849170092492,5,7,594,1,0,0,3
2,1,2,NNP,1.0,Lucy's,1,1,8.438679742859676,18.116242656963127,26.74495155172492,6,7,595,0,0,0,4
0,1,0,NN,1.0,self-confidence,1,2,13.434212968451902,19.673876453087708,38.44028954857866,15,7,596,0,0,0,5
1,0,1,VBD,0.0,had,0,1,1.3062689340440556,17.432489551576744,9.816722327264898,3,7,597,0,0,0,6
1,3,2,VBD,4.0,deflated,3,1,15.323750831303188,13.954673190354292,32.99677621926655,8,7,598,0,0,0,7
0,0,0,CC,1.0,"and,",1,1,10.468135072325822,21.122633720032468,11.225917789767117,4,7,599,1,0,0,8
2,0,1,IN,0.0,in,0,1,3.9546316923224367,19.583721360186956,6.713150865180346,2,7,600,0,0,0,9
1,0,1,DT,0.0,the,0,1,2.605812779031112,20.651930178991396,5.17205129965733,3,7,601,0,0,0,10
0,2,1,NN,2.0,"end,",3,2,1.3042328423034633,20.767658268105,17.026242144371817,4,7,602,1,0,0,11
1,1,1,PRP,0.0,it,0,1,3.525688903289847,18.431334787537676,8.375693258728493,2,7,603,0,0,0,12
1,0,1,VBD,0.0,had,0,1,1.7527654415462166,17.432489551576744,9.816722327264898,3,7,604,0,0,0,13
1,0,1,VBN,4.0,taken,0,1,4.566945916740224,15.055020665394766,13.246684899227446,5,7,605,0,0,0,14
1,0,1,DT,1.0,some,0,1,6.340775457909331,16.817709477619566,10.70366249120027,4,7,606,0,0,0,15
1,2,1,VBG,1.0,doing,2,1,9.679389347322283,15.14456238405907,13.117503505757782,5,7,607,0,0,0,16
2,0,1,TO,0.0,to,0,1,1.1578000612789765,19.88357245739644,6.280557174231113,2,7,608,0,0,0,17
1,0,1,VB,2.0,get,0,1,2.663060656923335,16.65007205168175,10.94551217426815,3,7,609,0,0,0,18
2,1,2,PRP,1.0,her,1,1,0.9912655443768016,17.210354868203652,10.137194933376698,3,7,610,0,0,0,19
1,0,1,TO,0.0,to,0,1,1.3805861067958176,19.88357245739644,6.280557174231113,2,7,611,0,0,0,20
1,0,1,VB,2.0,agree,0,1,6.570218560285866,14.08366495031843,14.648054972307229,5,7,612,0,0,0,21
2,0,1,TO,0.0,to,0,1,0.3309043375775218,19.88357245739644,6.280557174231113,2,7,613,0,0,0,22
1,0,1,VB,2.0,perform,0,1,8.997606632299721,14.051465294477676,14.694509256107017,7,7,614,0,0,0,23
1,0,1,IN,0.0,in,0,1,3.5076234850566834,19.583721360186956,6.713150865180346,2,7,615,0,0,0,24
1,0,1,DT,0.0,the,0,1,1.3646418723510578,20.651930178991396,5.17205129965733,3,7,616,0,0,0,25
0,15,2,NN,3.0,show.,16,4,1.3634619257645682,20.84862776014231,17.20125433429529,5,7,617,1,0,1,26
2,1,2,RB,0.0,"Now,",1,1,8.686599777021911,20.761724829294817,19.08360874502693,4,7,618,1,1,0,0
1,1,1,RB,0.0,"however,",1,2,4.8884835537173785,20.76392499100888,17.965647821932627,8,7,619,1,0,0,1
1,1,1,NNP,0.0,Lucy,0,1,3.853009589482099,11.821262742347043,17.91201141824379,4,7,620,0,0,0,2
1,0,1,VBD,3.0,had,0,0,2.3546851282007992,17.432489551576744,9.816722327264898,3,7,621,0,0,0,3
2,0,1,DT,0.0,no,0,1,5.065131406416185,17.036769620663787,10.387625509173944,2,7,622,0,0,0,4
0,1,1,NN,2.0,choice,2,2,2.348996345303022,14.38247584348515,14.216961978572002,6,7,623,0,0,0,5
0,0,0,CC,1.0,but,0,1,0.1330530271516181,17.553098244319884,9.64272076435627,3,7,624,0,0,0,6
2,0,1,TO,0.0,to,0,1,0.0135697612422518,19.88357245739644,6.280557174231113,2,7,625,0,0,0,7
1,0,1,VB,2.0,make,0,0,5.881363644846715,16.32052950931665,11.420941565900218,4,7,626,0,0,0,8
1,0,1,PRP$,0.0,her,0,1,3.414307810016908,17.210354868203652,10.137194933376698,3,7,627,0,0,0,9
0,1,0,NN,2.0,way,2,2,3.894887277390808,16.35686007861536,11.3685276337403,3,7,628,0,0,0,10
1,0,1,IN,0.0,towards,0,1,6.313435292919166,14.360321289915005,14.24892424314076,7,7,629,0,0,0,11
2,0,1,DT,0.0,the,0,0,0.4046639333246276,20.651930178991396,5.17205129965733,3,7,630,0,0,0,12
0,1,1,NN,3.0,stage,1,2,4.4653809648007154,14.517960830260362,14.021498460036494,5,7,631,0,0,0,13
2,1,2,WRB,0.0,where,0,1,2.544411987066269,16.599322624688853,11.018728120918755,5,7,632,0,0,0,14
2,1,2,NNP,0.0,Jill,0,1,6.044140912592411,11.23715878806636,18.754695296448165,4,7,633,0,0,0,15
1,0,1,VBD,0.0,was,0,1,1.4759753122925758,18.521451560034553,8.24568223794633,3,7,634,0,0,0,16
1,0,1,VBG,4.0,beckoning,0,0,16.73549177777022,18.402139747065743,39.85303824067146,9,7,635,0,0,0,17
1,1,1,RB,1.0,encouragingly,1,2,18.825137719511982,16.090175279755293,28.999181389074703,13,7,636,0,0,0,18
1,0,1,TO,0.0,to,0,1,1.8854913511313496,19.88357245739644,6.280557174231113,2,7,637,0,0,0,19
1,14,2,PRP,2.0,her.,15,2,5.438793231267482,20.86886479250561,15.033942737357403,4,7,638,1,0,1,20
2,1,2,PRP,0.0,She,0,0,3.314850051421672,15.75878094018462,12.23137344081347,3,7,639,0,1,0,0
1,0,1,VBD,0.0,was,0,1,3.4539741079788655,18.521451560034553,8.24568223794633,3,7,640,0,0,0,1
1,0,1,DT,0.0,the,0,1,6.6320748595753685,20.651930178991396,5.17205129965733,3,7,641,0,0,0,2
0,0,0,JJ,0.0,first,0,1,3.0628997340099886,16.77947782339326,10.758819109157542,5,7,642,0,0,0,3
0,3,0,NN,4.0,performer.,5,2,16.848902531899512,20.84281497789809,23.843428476949786,10,7,643,1,0,1,4
3,1,2,NNP,0.0,"Lucy,",1,1,9.373545836599078,20.759972368152873,22.928380096175403,5,7,644,1,1,0,0
1,0,1,VBN,1.0,announced,0,0,17.27238592231879,13.909107452751828,14.89988820839655,9,7,645,0,0,0,1
1,0,1,IN,0.0,by,0,1,4.856319378362969,18.29067397824052,8.57862391074893,2,7,646,0,0,0,2
1,0,1,PRP$,0.0,her,0,1,2.266519325086847,17.210354868203652,10.137194933376698,3,7,647,0,0,0,3
0,2,0,NN,3.0,sister,3,1,6.847626651171595,13.61270870430798,15.327501212902188,6,7,648,0,0,0,4
1,0,1,TO,0.0,to,0,1,4.006900811800733,19.88357245739644,6.280557174231113,2,7,649,0,0,0,5
1,0,1,DT,0.0,the,0,1,1.860974293551408,20.651930178991396,5.17205129965733,3,7,650,0,0,0,6
0,4,1,NN,3.0,"audience,",5,3,4.059796287911013,20.7605165850305,20.56414399016065,9,7,651,1,0,0,7
1,0,1,VBD,0.0,was,0,0,2.722634459962137,18.521451560034553,8.24568223794633,3,7,652,0,0,0,8
1,0,1,DT,0.0,all,0,1,8.448950846679509,17.469149055179013,9.763833843216451,3,7,653,0,0,0,9
0,1,0,NNS,3.0,nerves,2,2,10.941909903660417,11.996203103446502,17.659625826834276,6,7,654,0,0,0,10
1,0,1,IN,0.0,as,0,1,3.056781090563163,18.455643172698917,8.340623672004352,2,7,655,0,0,0,11
2,1,2,PRP,0.0,she,0,1,0.5076803786214441,16.84690510554553,10.66154210357584,3,7,656,0,0,0,12
1,0,1,VBD,3.0,walked,0,1,3.803777758497745,13.658999427798118,15.2607178156838,6,7,657,0,0,0,13
1,1,1,RP,1.0,out,0,1,4.940013315528631,17.1329401691801,10.24888073574989,3,7,658,0,0,0,14
1,0,1,IN,0.0,onto,0,1,4.709599289461039,14.23775083943414,14.425756024209026,4,7,659,0,0,0,15
2,0,1,DT,0.0,the,0,0,0.1314793063211254,20.651930178991396,5.17205129965733,3,7,660,0,0,0,16
0,1,1,NN,3.0,middle,1,1,14.314860275422689,14.261444958400588,14.3915726362779,6,7,661,0,0,0,17
1,0,1,IN,0.0,of,0,1,1.545178240252426,20.087642241543257,5.986146708647226,2,7,662,0,0,0,18
1,0,1,DT,0.0,the,0,1,0.0804983325942885,20.651930178991396,5.17205129965733,3,7,663,0,0,0,19
0,2,0,NN,3.0,"stage,",4,3,2.8503138046362437,20.761785450540668,19.037867137968107,6,7,664,1,0,0,20
2,1,2,WRB,0.0,where,0,1,4.506050950731151,16.599322624688853,11.018728120918755,5,7,665,0,0,0,21
2,1,2,EX,0.0,there,0,1,5.716069399146363,17.088435267092525,10.313087737286883,5,7,666,0,0,0,22
1,0,1,VBD,3.0,was,0,1,0.6642339369282126,18.521451560034553,8.24568223794633,3,7,667,0,0,0,23
2,1,2,NN,1.0,nothing,0,0,5.69404089380987,15.031440885305535,13.280703331027429,7,7,668,0,0,0,24
1,0,1,CC,0.0,but,0,0,0.936805267469026,17.553098244319884,9.64272076435627,3,7,669,0,0,0,25
2,0,1,DT,0.0,a,0,0,3.0886673285858706,19.69218547190043,6.556670229096891,1,7,670,0,0,0,26
0,1,1,NN,3.0,microphone,1,1,10.426149610662833,11.481011591724698,18.40289006590341,10,7,671,0,0,0,27
0,0,0,CC,1.0,and,0,0,2.090980644337833,19.93279149564298,6.2095491118355035,3,7,672,0,0,0,28
1,14,1,PRP,1.0,her.,16,6,15.785842842422426,20.86886479250561,15.033942737357403,4,7,673,1,0,1,29
2,1,2,PRP,0.0,She,0,0,3.034480893984437,15.75878094018462,12.23137344081347,3,7,674,0,1,0,0
2,0,1,VBD,1.0,heard,0,0,8.56208946928382,14.599815673314778,13.903406883889144,5,7,675,0,0,0,1
3,0,1,DT,0.0,the,0,1,1.8594828593777493,20.651930178991396,5.17205129965733,3,7,676,0,0,0,2
0,1,1,NN,1.0,audience,2,1,6.092904793913476,13.460026333409193,15.54777531222904,8,7,677,0,0,0,3
1,4,3,VB,2.0,applaud,1,1,3.906528636813164,11.16843315335278,18.853845428831395,7,7,678,0,0,0,4
0,0,0,CC,1.0,and,0,0,2.191461630165577,19.93279149564298,6.2095491118355035,3,7,679,0,0,0,5
1,0,1,MD,0.0,could,0,1,9.34424248849973,16.68628345113659,10.893270167851,5,7,680,0,0,0,6
1,0,1,VB,2.0,feel,0,1,2.685372818959877,15.06601325969446,13.230825937944772,4,7,681,0,0,0,7
3,0,1,DT,0.0,a,0,0,4.441885984851979,19.69218547190043,6.556670229096891,1,7,682,0,0,0,8
0,1,1,NN,1.0,sense,1,2,5.360402903374052,14.773601365880968,13.652687127046448,5,7,683,0,0,0,9
1,0,1,IN,0.0,of,0,1,0.0106369974382687,20.087642241543257,5.986146708647226,2,7,684,0,0,0,10
1,3,2,NN,2.0,anticipation,3,1,5.401423365343362,11.510121537637492,18.36089329129447,12,7,685,0,0,0,11
1,0,1,VB,2.0,emanate,0,1,12.18357826769352,15.735727737095765,31.072253299667903,7,7,686,0,0,0,12
1,0,1,IN,0.0,from,0,1,0.3107852374669164,18.126283629319108,8.815789051907856,4,7,687,0,0,0,13
2,0,1,DT,0.0,the,0,0,1.723353511071764,20.651930178991396,5.17205129965733,3,7,688,0,0,0,14
0,0,0,JJ,0.0,other,0,1,6.497666310402565,17.02036838824095,10.41128748585484,5,7,689,0,0,0,15
0,1,1,NN,4.0,side,2,2,5.430043639615178,15.448636676302163,12.678817032276848,4,7,690,0,0,0,16
1,0,1,IN,0.0,of,0,1,0.2357568555162288,20.087642241543257,5.986146708647226,2,7,691,0,0,0,17
1,0,1,DT,0.0,the,0,1,0.2369098680501338,20.651930178991396,5.17205129965733,3,7,692,0,0,0,18
0,0,0,JJ,0.0,heavy,0,1,15.219927357597044,14.050869595501348,14.695368668066024,5,7,693,0,0,0,19
0,10,0,NN,4.0,curtain.,12,4,4.309727180749178,20.842841837613285,23.301814150708942,8,7,694,1,0,1,20
2,0,1,IN,0.0,As,0,0,4.336706469533965,15.831493928052089,12.126470773808853,2,7,695,0,1,0,0
2,0,1,DT,0.0,the,0,0,2.6940674341167323,20.651930178991396,5.17205129965733,3,7,696,0,0,0,1
0,1,1,NNS,1.0,curtains,1,2,10.297978998918552,11.197652918513931,18.811690218537457,8,7,697,0,0,0,2
1,0,1,VBD,2.0,began,0,1,4.718967678491026,14.709740939803238,13.744818247057848,5,7,698,0,0,0,3
2,0,1,TO,0.0,to,0,1,0.2599667255854001,19.88357245739644,6.280557174231113,2,7,699,0,0,0,4
1,6,3,VB,2.0,"part,",5,2,15.178577872822643,20.768433533610043,16.889260585910584,5,7,700,1,0,0,5
1,1,1,PRP,0.0,she,0,1,3.174432402709499,16.84690510554553,10.66154210357584,3,7,701,0,0,0,6
1,0,1,VBD,2.0,cast,0,1,12.630257594399154,13.744675991597951,15.137112661969375,4,7,702,0,0,0,7
1,0,1,DT,0.0,a,0,1,2.3351807937724516,19.69218547190043,6.556670229096891,1,7,703,0,0,0,8
0,0,0,JJ,0.0,worried,0,1,8.783556213718839,12.950428491896773,16.282969591026728,7,7,704,0,0,0,9
0,1,0,NN,3.0,look,3,1,1.154038385488093,15.560851323885489,12.516925516693284,4,7,705,0,0,0,10
1,0,1,IN,0.0,at,0,1,1.7755981710506603,18.150223836201175,8.781250634161243,2,7,706,0,0,0,11
2,1,2,NNP,2.0,Jill,0,0,2.746643058140762,11.23715878806636,18.754695296448165,4,7,707,0,0,0,12
1,0,1,IN,0.0,in,0,1,4.5931092775426805,19.583721360186956,6.713150865180346,2,7,708,0,0,0,13
1,0,1,DT,0.0,the,0,1,1.907672263449058,20.651930178991396,5.17205129965733,3,7,709,0,0,0,14
0,2,0,NNS,3.0,"wings,",4,3,17.18868527992163,20.7601005115416,21.94529419154548,6,7,710,1,0,0,15
2,1,2,WP,0.0,who,0,1,3.6893417258979753,16.99990971408453,10.440803113603463,3,7,711,0,0,0,16
2,0,1,VBD,2.0,assured,0,0,12.56113675236702,12.362884068154036,17.130617017462335,7,7,712,0,0,0,17
1,1,1,PRP,1.0,her,1,2,0.2309307344257831,17.210354868203652,10.137194933376698,3,7,713,0,0,0,18
1,0,1,IN,0.0,with,0,1,7.448667912569363,18.681580760008114,8.014664635242958,4,7,714,0,0,0,19
1,0,1,DT,0.0,a,0,1,0.7424259888357483,19.69218547190043,6.556670229096891,1,7,715,0,0,0,20
0,0,0,JJ,0.0,positive,0,1,10.025069951778278,14.998270961730515,13.328557415275776,8,7,716,0,0,0,21
0,0,0,NNS,4.0,thumbs,0,1,10.997445611283185,10.815830502162186,19.362543525108364,6,7,717,0,0,0,22
0,9,1,JJ,1.0,up.,12,2,3.5247953860089183,20.86482865676792,15.27914154097078,3,7,718,1,0,1,23
2,1,2,NNP,0.0,Lucy,0,0,3.626448151655495,11.821262742347043,17.91201141824379,4,7,719,0,1,0,0
1,0,1,VBD,1.0,thought,0,1,7.34624619781971,15.353262762193182,12.816412505192044,7,7,720,0,0,0,1
1,0,1,TO,0.0,to,0,1,2.9845872160549334,19.88357245739644,6.280557174231113,2,7,721,0,0,0,2
1,2,1,PRP,2.0,herself,2,1,0.9880423329268524,13.943887941472797,14.849710569799118,7,7,722,0,0,0,3
2,0,1,IN,0.0,that,0,0,1.474433919414878,19.024464301341364,7.519988250559035,4,7,723,0,0,0,4
2,1,2,PRP,0.0,she,0,1,1.584421236999333,16.84690510554553,10.66154210357584,3,7,724,0,0,0,5
1,0,1,MD,0.0,could,0,0,4.24627325637266,16.68628345113659,10.893270167851,5,7,725,0,0,0,6
0,0,0,RB,0.0,not,1,1,2.6398562784306705,18.05588478508421,8.917353115369856,3,7,726,0,0,0,7
1,0,1,VB,5.0,go,0,0,6.894385852850974,16.02670389409771,11.844842323862729,2,7,727,0,0,0,8
1,1,1,RP,1.0,through,1,1,4.689760961802676,16.375970236499086,11.340957503730838,7,7,728,0,0,0,9
1,0,1,IN,0.0,with,0,1,0.8141441624611616,18.681580760008114,8.014664635242958,4,7,729,0,0,0,10
1,6,2,DT,2.0,this,5,3,2.6680853941943496,18.084110076486997,8.876632627435416,4,7,730,0,0,0,11
0,0,0,CC,1.0,and,0,0,3.7434298396110535,19.93279149564298,6.2095491118355035,3,7,731,0,0,0,12
1,0,1,IN,0.0,that,0,1,3.944825530052185,19.024464301341364,7.519988250559035,4,7,732,0,0,0,13
2,1,2,PRP,0.0,"she,",1,2,9.84075006461353,20.779625881896937,15.677910781507451,4,7,733,1,0,0,14
1,0,1,IN,0.0,unlike,0,1,9.461870020342758,12.89934481827827,16.356667753626528,6,7,734,0,0,0,15
1,0,1,PRP$,0.0,her,0,1,1.779272435232997,17.210354868203652,10.137194933376698,3,7,735,0,0,0,16
0,0,0,JJR,0.0,older,0,1,5.200906250858679,14.02524460236855,14.73233771858153,5,7,736,0,0,0,17
0,2,0,NN,3.0,"sister,",4,2,0.4764156042365357,20.76062795764012,20.3438698908338,7,7,737,1,0,0,18
1,0,1,VBD,0.0,was,0,0,2.0876650357386097,18.521451560034553,8.24568223794633,3,7,738,0,0,0,19
0,0,0,RB,0.0,not,1,1,2.1499428623355925,18.05588478508421,8.917353115369856,3,7,739,0,0,0,20
1,0,1,JJ,6.0,confident,0,0,9.986019158735871,12.804158865228173,16.493992056054193,9,7,740,0,0,0,21
0,0,0,RB,1.0,enough,1,1,1.3550637364387512,15.306116284576374,12.884430494645194,6,7,741,0,0,0,22
2,0,1,TO,0.0,to,0,1,0.4636657740920782,19.88357245739644,6.280557174231113,2,7,742,0,0,0,23
1,0,1,VB,2.0,put,0,1,7.785945834766608,15.425693592725771,12.711916905175212,3,7,743,0,0,0,24
1,1,1,PRP,1.0,herself,1,1,4.446927281969693,13.943887941472797,14.849710569799118,7,7,744,0,0,0,25
1,0,1,IN,0.0,before,0,1,7.873199013643898,16.28145242436684,11.477317882569707,6,7,745,0,0,0,26
1,0,1,DT,0.0,the,0,1,1.014675391605124,20.651930178991396,5.17205129965733,3,7,746,0,0,0,27
0,0,0,JJ,0.0,judging,0,1,9.734106065239756,11.418691705617482,18.492798656539055,7,7,747,0,0,0,28
0,12,1,NN,4.0,audience.,15,6,5.424208527430892,20.84337772848936,20.444523116209744,9,7,748,1,0,1,29
3,0,1,DT,0.0,The,0,0,4.007225513807498,18.12053694573349,8.824079763818386,3,7,749,0,1,0,0
0,1,1,NN,1.0,crowd,1,1,3.4194717645877972,13.290300303017949,15.792638214584258,5,7,750,0,0,0,1
1,0,1,VBD,1.0,looked,0,0,7.1224479102529585,14.806781852602777,13.60481780339861,6,7,751,0,0,0,2
1,1,1,RP,1.0,up,1,2,3.542401326354593,17.040396008802368,10.382393736990077,2,7,752,0,0,0,3
1,0,1,IN,0.0,at,0,1,1.8656766457716003,18.150223836201175,8.781250634161243,2,7,753,0,0,0,4
1,4,2,PRP,2.0,her,3,1,1.5973529251059515,17.210354868203652,10.137194933376698,3,7,754,0,0,0,5
0,0,0,CC,1.0,and,0,0,2.1559795551002026,19.93279149564298,6.2095491118355035,3,7,755,0,0,0,6
2,1,2,NNP,0.0,Lucy,0,1,3.669196415692568,11.821262742347043,17.91201141824379,4,7,756,0,0,0,7
1,0,1,VBD,0.0,was,0,0,3.4569439152255654,18.521451560034553,8.24568223794633,3,7,757,0,0,0,8
1,0,1,JJ,3.0,ready,0,1,7.531323662959039,14.279208724497218,14.365944939022778,5,7,758,0,0,0,9
2,0,1,TO,0.0,to,0,1,0.2673835065215826,19.88357245739644,6.280557174231113,2,7,759,0,0,0,10
1,0,1,VB,2.0,run,3,2,7.913515629246831,15.295973765997644,12.899063055900854,3,7,760,0,0,0,11
2,1,2,WRB,0.0,when,0,1,7.010050319135189,17.09507037229838,10.303515303910618,4,7,761,0,0,0,12
4,0,1,DT,0.0,the,0,0,2.0985210763756186,20.651930178991396,5.17205129965733,3,7,762,0,0,0,13
0,0,0,JJ,0.0,first,0,1,5.5792332326527685,16.77947782339326,10.758819109157542,5,7,763,0,0,0,14
0,1,1,NNS,2.0,notes,2,1,10.34452016837895,13.680522104341753,15.229667156967649,5,7,764,0,0,0,15
1,0,1,IN,0.0,of,0,1,3.3351770738954656,20.087642241543257,5.986146708647226,2,7,765,0,0,0,16
1,0,1,DT,0.0,the,0,1,0.5376601376920007,20.651930178991396,5.17205129965733,3,7,766,0,0,0,17
0,3,1,NN,3.0,music,3,1,6.037916705361567,14.56219850545225,13.9576769854167,5,7,767,0,0,0,18
1,0,1,VBD,3.0,sounded,0,1,9.30300031416118,12.423701016156274,17.042876708177506,7,7,768,0,0,0,19
1,3,2,RP,1.0,out,2,1,5.073900878429413,17.1329401691801,10.24888073574989,3,7,769,0,0,0,20
0,0,0,CC,1.0,and,0,0,2.6061341539025307,19.93279149564298,6.2095491118355035,3,7,770,0,0,0,21
2,0,1,DT,0.0,a,0,0,4.405501002329402,19.69218547190043,6.556670229096891,1,7,771,0,0,0,22
0,0,0,JJ,0.0,sudden,0,1,7.270502304774709,12.968706242430438,16.256600370973203,6,7,772,0,0,0,23
0,1,1,NN,2.0,calm,2,2,10.348626501858234,12.772113462972852,16.540223798971237,4,7,773,0,0,0,24
1,0,1,VBD,2.0,settled,0,1,7.262638796586543,13.01659611236852,16.18750989310471,7,7,774,0,0,0,25
1,1,1,RP,1.0,over,0,1,1.761713049840182,16.743434436833045,10.810818724204807,4,7,775,0,0,0,26
1,12,2,PRP,1.0,her.,11,5,1.9175389222800732,20.86886479250561,15.033942737357403,4,7,776,1,0,1,27
2,1,2,PRP,0.0,She,0,0,2.871099556330591,15.75878094018462,12.23137344081347,3,7,777,0,1,0,0
2,0,1,VBD,1.0,closed,0,0,7.504464696481591,14.306236734387372,14.326951763189154,6,7,778,0,0,0,1
1,0,1,PRP$,0.0,her,0,1,0.2214729451698076,17.210354868203652,10.137194933376698,3,7,779,0,0,0,2
0,2,1,NNS,2.0,eyes,2,1,0.3150966596258513,14.919029124476776,13.442879220912676,4,7,780,0,0,0,3
0,0,0,CC,1.0,and,0,0,0.8729485785588622,19.93279149564298,6.2095491118355035,3,7,781,0,0,0,4
1,0,1,VBD,1.0,shut,0,0,8.495963863329962,13.45326871900738,15.557524489014774,4,7,782,0,0,0,5
1,1,1,NN,1.0,everything,1,1,11.05642631254159,14.796565660470083,13.61955665312522,10,7,783,0,0,0,6
1,1,1,RP,1.0,"out,",2,3,6.128163783112541,20.786092045726072,15.265249413681502,4,7,784,1,0,0,7
1,0,1,VBG,0.0,including,0,1,9.833189905853942,15.664589900219264,12.367262387067662,9,7,785,0,0,0,8
2,0,1,DT,0.0,the,0,0,1.4558333840686828,20.651930178991396,5.17205129965733,3,7,786,0,0,0,9
0,1,1,NN,3.0,"audience,",1,1,7.749674825288821,20.7605165850305,20.56414399016065,9,7,787,1,0,0,10
2,0,1,DT,0.0,the,0,0,6.511765257746447,20.651930178991396,5.17205129965733,3,7,788,0,0,0,11
0,1,1,NNS,2.0,nerves,1,1,9.533474074327389,11.996203103446502,17.659625826834276,6,7,789,0,0,0,12
2,1,2,WDT,0.0,that,0,1,4.515912699047476,19.024464301341364,7.519988250559035,4,7,790,0,0,0,13
2,0,1,VBD,2.0,threatened,0,1,8.200577410287224,12.740956534389236,16.585173745328152,10,7,791,0,0,0,14
2,0,1,TO,0.0,to,0,1,0.1122007088852115,19.88357245739644,6.280557174231113,2,7,792,0,0,0,15
1,0,1,VB,2.0,take,0,1,5.972446633561049,15.951533854192489,11.95328976765742,4,7,793,0,0,0,16
1,8,3,RP,1.0,"over,",5,1,6.6183626897400245,20.77769834738521,15.82718740213642,5,7,794,1,0,0,17
1,0,1,DT,0.0,the,0,0,3.81261496595107,20.651930178991396,5.17205129965733,3,7,795,0,0,0,18
0,0,0,NN,0.0,text,0,1,13.97156662598718,14.808649732042944,13.602123022993307,4,7,796,0,0,0,19
0,1,0,NNS,3.0,"messages,",3,2,3.046467529144138,20.760544609984716,20.505472475884098,9,7,797,1,0,0,20
0,0,0,CC,1.0,and,0,0,1.6216295775957406,19.93279149564298,6.2095491118355035,3,7,798,0,0,0,21
2,0,1,DT,0.0,the,0,0,0.8446097221458331,20.651930178991396,5.17205129965733,3,7,799,0,0,0,22
0,1,1,NN,2.0,way,1,2,7.370469160727225,16.35686007861536,11.3685276337403,3,7,800,0,0,0,23
3,1,2,PRP,0.0,they,0,0,4.956933687441051,17.366789695455783,9.911507183877728,4,7,801,0,0,0,24
1,0,1,VBD,2.0,made,0,0,5.995145184046123,16.20496109229986,11.587671548013727,4,7,802,0,0,0,25
3,1,2,PRP,0.0,her,1,1,0.5787604774232022,17.210354868203652,10.137194933376698,3,7,803,0,0,0,26
1,12,3,VBP,2.0,feel.,15,12,1.537496158154681,20.84585002195119,18.127573741925477,5,7,804,1,0,1,27
3,1,2,PRP,0.0,It,0,0,4.384698333218694,16.818509266914305,10.702508639150992,2,7,805,0,1,0,0
1,0,1,VBD,0.0,was,0,1,0.8643379998393357,18.521451560034553,8.24568223794633,3,7,806,0,0,0,1
1,1,1,RB,0.0,just,0,1,5.62224984029308,16.69359693645768,10.882719038846648,4,7,807,0,0,0,2
1,0,1,PRP$,3.0,her,0,0,5.547138565219939,17.210354868203652,10.137194933376698,3,7,808,0,0,0,3
0,0,0,CC,1.0,and,0,0,4.3751628862228245,19.93279149564298,6.2095491118355035,3,7,809,0,0,0,4
0,0,0,DT,0.0,the,0,1,4.013082006829791,20.651930178991396,5.17205129965733,3,7,810,0,0,0,5
0,3,1,NN,2.0,"music,",7,4,6.963161474443041,20.76187330344855,18.974045663348313,6,7,811,1,0,0,6
0,0,0,CC,1.0,and,0,0,2.455145756714046,19.93279149564298,6.2095491118355035,3,7,812,0,0,0,7
2,1,2,PRP,0.0,it,0,1,2.8550560504663736,18.431334787537676,8.375693258728493,2,7,813,0,0,0,8
1,0,1,VBD,0.0,was,0,1,0.9294825235847384,18.521451560034553,8.24568223794633,3,7,814,0,0,0,9
2,0,1,DT,0.0,a,0,0,4.562044034944847,19.69218547190043,6.556670229096891,1,7,815,0,0,0,10
0,0,0,NN,0.0,love,0,1,8.680851310724393,15.195811745844995,13.043566305660502,4,7,816,0,0,0,11
0,1,1,NN,5.0,story,2,2,3.938493072986603,14.879676318898015,13.499653318366224,5,7,817,0,0,0,12
2,1,2,WDT,0.0,that,0,1,1.498165343888104,19.024464301341364,7.519988250559035,4,7,818,0,0,0,13
2,0,1,VBD,0.0,had,0,1,2.334708638722077,17.432489551576744,9.816722327264898,3,7,819,0,0,0,14
1,0,1,VBN,0.0,been,0,1,2.224368740571663,17.198255400550867,10.154650775356767,4,7,820,0,0,0,15
1,0,1,VBG,4.0,going,0,0,4.019685525097884,15.87103254441788,12.069428608054311,5,7,821,0,0,0,16
1,1,1,RP,1.0,on,1,2,0.0864778797840699,18.53086189167023,8.232105999162414,2,7,822,0,0,0,17
1,0,1,PRP$,0.0,her,0,1,7.891680167987943,17.210354868203652,10.137194933376698,3,7,823,0,0,0,18
0,0,0,JJ,0.0,whole,0,1,1.4241990541195264,15.072791021482022,13.221047694625527,5,7,824,0,0,0,19
0,10,1,NN,3.0,life.,12,3,0.7063468544656644,20.849462526783253,17.008878137639634,5,7,825,1,0,1,20
3,1,2,PRP,0.0,She,0,0,2.63830250967294,15.75878094018462,12.23137344081347,3,7,826,0,1,0,0
1,0,1,VBD,1.0,began,0,1,6.949499765876681,14.709740939803238,13.744818247057848,5,7,827,0,0,0,1
2,0,1,TO,0.0,to,0,1,0.424222273286432,19.88357245739644,6.280557174231113,2,7,828,0,0,0,2
1,5,3,VB,2.0,"sing,",4,2,7.073098209220916,20.760195611556647,21.49456203199337,5,7,829,1,0,0,3
0,0,0,CC,1.0,and,0,0,2.661062960047275,19.93279149564298,6.2095491118355035,3,7,830,0,0,0,4
4,0,1,PDT,0.0,all,0,0,7.517243289970793,17.469149055179013,9.763833843216451,3,7,831,0,0,0,5
0,0,0,DT,0.0,the,0,0,2.501170967705548,20.651930178991396,5.17205129965733,3,7,832,0,0,0,6
0,1,1,NN,2.0,pain,1,1,9.33465584309306,14.501841057657296,14.044754376031191,4,7,833,0,0,0,7
0,0,0,CC,1.0,and,0,0,1.501062516705133,19.93279149564298,6.2095491118355035,3,7,834,0,0,0,8
1,2,2,NN,1.0,confusion,3,3,5.563772700144909,12.75048777228972,16.571423075675593,9,7,835,0,0,0,9
2,1,2,WDT,0.0,that,1,1,2.3326596829574555,19.024464301341364,7.519988250559035,4,7,836,0,0,0,10
2,0,1,DT,0.0,the,0,0,5.865038066520356,20.651930178991396,5.17205129965733,3,7,837,0,0,0,11
0,1,1,NNS,1.0,messages,2,3,5.163979221950285,13.500694328109171,15.48910379795248,8,7,838,0,0,0,12
1,0,1,VBD,0.0,had,0,0,0.8577343279030174,17.432489551576744,9.816722327264898,3,7,839,0,0,0,13
1,0,1,VBN,0.0,been,0,1,5.294774460839108,17.198255400550867,10.154650775356767,4,7,840,0,0,0,14
1,0,1,VBG,5.0,causing,0,1,3.470877181738615,13.462907313395595,15.543618936689754,7,7,841,0,0,0,15
1,0,1,IN,0.0,inside,0,0,8.547552944160998,14.766782644983117,13.662524461870984,6,7,842,0,0,0,16
1,8,2,PRP$,2.0,her,4,2,0.7251855162903666,17.210354868203652,10.137194933376698,3,7,843,0,0,0,17
1,1,1,RB,0.0,just,0,0,7.934279339388013,16.69359693645768,10.882719038846648,4,7,844,0,0,0,18
1,0,1,VBD,3.0,flowed,2,3,8.032475039362907,11.060903197680217,19.00897836262721,6,7,845,0,0,0,19
1,4,1,RP,1.0,out.,5,3,4.120677173137665,20.86694317025165,15.145628539730597,4,7,846,1,0,1,20
2,0,1,DT,0.0,The,0,0,3.0874086098046973,18.12053694573349,8.824079763818386,3,7,847,0,1,0,0
0,1,1,NNS,1.0,words,1,1,6.3056763539789245,14.884419023875871,13.49281104141427,5,7,848,0,0,0,1
1,0,1,VBD,0.0,were,0,0,2.898199469782412,17.723648827567594,9.39666828368408,4,7,849,0,0,0,2
0,0,0,RB,0.0,not,1,1,4.907490945421159,18.05588478508421,8.917353115369856,3,7,850,0,0,0,3
1,1,1,JJ,3.0,"important,",2,3,13.26763606845634,20.765237551085697,17.562629442441377,10,7,851,1,0,0,4
1,0,1,IN,0.0,for,0,1,6.03641022433294,18.90419907432743,7.693494297163422,3,7,852,0,0,0,5
2,1,2,PRP,0.0,it,0,1,4.397974474122748,18.431334787537676,8.375693258728493,2,7,853,0,0,0,6
1,0,1,VBD,0.0,was,0,1,0.570030479109846,18.521451560034553,8.24568223794633,3,7,854,0,0,0,7
3,0,1,DT,0.0,the,0,0,3.5292341024032794,20.651930178991396,5.17205129965733,3,7,855,0,0,0,8
0,1,1,NN,5.0,feeling,1,2,8.517744547163602,14.053914672294496,14.690975550877424,7,7,856,0,0,0,9
1,0,1,IN,0.0,behind,0,1,9.068636778043585,14.808511558793102,13.602322364855636,6,7,857,0,0,0,10
1,3,2,PRP,2.0,them,3,1,1.7617773923557252,16.811187279975307,10.71307203339734,4,7,858,0,0,0,11
2,1,2,WDT,0.0,that,0,1,0.1925849220715463,19.024464301341364,7.519988250559035,4,7,859,0,0,0,12
2,1,2,PRP,0.0,she,0,1,4.721239237114787,16.84690510554553,10.66154210357584,3,7,860,0,0,0,13
1,0,1,VBD,3.0,latched,0,1,17.013557275553467,13.919458776800267,32.11493913511825,7,7,861,0,0,0,14
1,10,1,IN,1.0,onto.,9,2,1.795110102480976,20.844108681719792,19.32250382818973,5,7,862,1,0,1,15
2,1,2,NNP,0.0,Lucy,0,0,4.690755601041019,11.821262742347043,17.91201141824379,4,7,863,0,1,0,0
1,0,1,VBD,0.0,was,0,0,3.130211766343564,18.521451560034553,8.24568223794633,3,7,864,0,0,0,1
1,0,1,IN,0.0,in,0,1,5.386198061984032,19.583721360186956,6.713150865180346,2,7,865,0,0,0,2
2,0,1,DT,0.0,the,0,0,2.5816951173183043,20.651930178991396,5.17205129965733,3,7,866,0,0,0,3
0,1,1,NN,4.0,heart,1,2,6.426935530005721,14.852511592420909,13.538843734541851,5,7,867,0,0,0,4
1,0,1,IN,0.0,of,0,1,0.0286553102196194,20.087642241543257,5.986146708647226,2,7,868,0,0,0,5
1,0,1,DT,0.0,the,0,1,1.3973819284583442,20.651930178991396,5.17205129965733,3,7,869,0,0,0,6
0,4,0,NN,3.0,song,5,2,6.2072999405208975,13.926217953548433,14.875202973750168,4,7,870,0,0,0,7
1,0,1,IN,0.0,with,0,1,4.566640832228586,18.681580760008114,8.014664635242958,4,7,871,0,0,0,8
3,0,1,DT,0.0,the,0,0,2.908311615115963,20.651930178991396,5.17205129965733,3,7,872,0,0,0,9
0,1,1,NN,1.0,rest,1,2,5.884918265859596,14.802408857002382,13.611126702465132,4,7,873,0,0,0,10
1,0,1,IN,0.0,of,0,1,0.0208470249490346,20.087642241543257,5.986146708647226,2,7,874,0,0,0,11
1,0,1,DT,0.0,the,0,1,0.2082507357990835,20.651930178991396,5.17205129965733,3,7,875,0,0,0,12
0,3,1,NN,3.0,world,4,1,6.868412789423019,15.72527748210927,12.279708713631408,5,7,876,0,0,0,13
1,0,1,VBG,3.0,slipping,0,1,15.631436397321522,11.215543163720486,18.78588005049767,8,7,877,0,0,0,14
1,6,1,RP,1.0,away.,5,2,4.601931309327483,20.84729515942767,17.57358581379454,5,7,878,1,0,1,15
3,1,2,WRB,0.0,When,0,0,6.348257366102189,15.320069616500676,12.864300091874131,4,7,879,0,1,0,0
3,0,1,DT,0.0,the,0,0,1.9817070952849465,20.651930178991396,5.17205129965733,3,7,880,0,0,0,1
0,1,1,NN,1.0,song,1,2,3.0142372738337144,13.926217953548433,14.875202973750168,4,7,881,0,0,0,2
1,2,2,VBD,2.0,finished,1,1,4.664142293855548,13.780386880486644,15.085592739663923,8,7,882,0,0,0,3
0,0,0,CC,1.0,and,0,0,1.937171759083867,19.93279149564298,6.2095491118355035,3,7,883,0,0,0,4
2,0,1,DT,0.0,the,0,0,1.4570874558994549,20.651930178991396,5.17205129965733,3,7,884,0,0,0,5
0,0,0,JJ,0.0,last,0,1,7.476150450878777,15.887953038257791,12.045017495502083,4,7,885,0,0,0,6
0,1,1,NN,2.0,note,2,2,2.882272265618667,14.53502212365554,13.99688421666412,4,7,886,0,0,0,7
1,0,1,VBD,2.0,died,0,1,10.667410949245095,14.206350572187942,14.471057034047703,4,7,887,0,0,0,8
1,5,2,RP,1.0,"away,",6,3,5.403565679327585,20.764771727476468,17.693206687745448,5,7,888,1,0,0,9
1,1,1,PRP,0.0,she,0,1,1.9384944470366463,16.84690510554553,10.66154210357584,3,7,889,0,0,0,10
1,0,1,VBD,2.0,opened,0,1,6.421336979576154,14.06350046614716,14.677146173623203,6,7,890,0,0,0,11
1,0,1,PRP$,0.0,her,0,1,0.1611021023854846,17.210354868203652,10.137194933376698,3,7,891,0,0,0,12
0,3,0,NNS,2.0,eyes.,5,2,3.977663308163755,20.845427660148736,18.33962702489338,5,7,892,1,0,1,13
3,0,1,TO,0.0,To,0,0,8.16767217265442,15.407390833225026,12.738322205541518,2,7,893,0,1,0,0
1,0,1,VB,1.0,see,0,1,5.522118485998362,16.358742639435995,11.365811672580191,3,7,894,0,0,0,1
3,0,1,DT,0.0,the,0,1,2.231097416486591,20.651930178991396,5.17205129965733,3,7,895,0,0,0,2
0,0,0,JJ,0.0,whole,0,1,7.5759125291369855,15.072791021482022,13.221047694625527,5,7,896,0,0,0,3
0,1,1,NN,3.0,audience,4,1,6.611968549899757,13.460026333409193,15.54777531222904,8,7,897,0,0,0,4
1,0,1,IN,0.0,on,1,1,6.782391473650932,18.53086189167023,8.232105999162414,2,7,898,0,0,0,5
1,0,1,PRP$,0.0,their,0,0,4.730757911223918,17.287357438148756,10.026103707581193,5,7,899,0,0,0,6
0,3,1,NNS,3.0,feet,1,1,1.4381058025173843,14.29447516743106,14.343920117510107,4,7,900,0,0,0,7
0,0,0,CC,1.0,and,0,0,2.647332452237606,19.93279149564298,6.2095491118355035,3,7,901,0,0,0,8
2,0,1,DT,0.0,the,0,0,3.5727732515661046,20.651930178991396,5.17205129965733,3,7,902,0,0,0,9
0,1,1,NN,2.0,hall,1,2,12.211100999382325,13.165392215054018,15.97284249365674,4,7,903,0,0,0,10
1,0,1,VBN,1.0,filled,0,1,4.075930469669402,13.738880022205226,15.145474478269406,6,7,904,0,0,0,11
1,0,1,IN,0.0,with,0,1,0.0613765855086967,18.681580760008114,8.014664635242958,4,7,905,0,0,0,12
1,0,1,NNS,2.0,cheers,0,0,7.01240854721982,16.259860542612397,26.229756481559075,6,7,906,0,0,0,13
0,0,0,CC,1.0,and,0,0,1.0262620612047613,19.93279149564298,6.2095491118355035,3,7,907,0,0,0,14
0,8,2,NN,1.0,applause,8,5,3.094814343843609,10.99830933296292,19.09928222084493,8,7,908,0,0,0,15
1,0,1,VBD,0.0,was,0,0,2.943678440526128,18.521451560034553,8.24568223794633,3,7,909,0,0,0,16
1,0,1,RB,2.0,not,1,2,5.776467805728316,18.05588478508421,8.917353115369856,3,7,910,0,0,0,17
2,1,2,WP,0.0,what,0,0,3.9405159794259816,16.89144897198978,10.5972788883547,4,7,911,0,0,0,18
2,1,2,NNP,0.0,Lucy,0,1,3.298366375034675,11.821262742347043,17.91201141824379,4,7,912,0,0,0,19
1,0,1,VBD,0.0,had,0,1,1.9801994634326547,17.432489551576744,9.816722327264898,3,7,913,0,0,0,20
1,7,1,VBN,4.0,expected.,6,3,2.781577092828229,20.845068462328086,18.548194622019647,9,7,914,1,0,1,21
2,1,2,NNP,0.0,Lucy,0,0,6.730142321437597,11.821262742347043,17.91201141824379,4,7,915,0,1,0,0
1,0,1,VBD,1.0,allowed,0,1,12.071543629892403,14.445017480494185,14.126733469009988,7,7,916,0,0,0,1
2,1,2,PRP,1.0,herself,1,1,0.4367487808631267,13.943887941472797,14.849710569799118,7,7,917,0,0,0,2
1,0,1,TO,0.0,to,0,1,0.3945210964884609,19.88357245739644,6.280557174231113,2,7,918,0,0,0,3
1,0,1,VB,2.0,enjoy,0,1,7.511166310403496,13.748611920608829,15.131434316704093,5,7,919,0,0,0,4
2,0,1,DT,0.0,the,0,0,0.8809335767873563,20.651930178991396,5.17205129965733,3,7,920,0,0,0,5
0,1,1,NN,2.0,sense,1,1,9.756212390202563,14.773601365880968,13.652687127046448,5,7,921,0,0,0,6
1,0,1,IN,0.0,of,0,1,0.0681431362172588,20.087642241543257,5.986146708647226,2,7,922,0,0,0,7
2,1,2,NN,2.0,achievement,0,0,9.842680762871169,12.212680763744418,17.347314579859226,11,7,923,0,0,0,8
0,0,0,CC,1.0,and,0,0,2.4504731660708785,19.93279149564298,6.2095491118355035,3,7,924,0,0,0,9
1,3,1,VBG,1.0,belonging,4,4,11.998529531992972,12.528895002111694,16.891113866308277,9,7,925,0,0,0,10
2,1,2,WDT,0.0,that,0,1,1.2811460038647056,19.024464301341364,7.519988250559035,4,7,926,0,0,0,11
2,1,2,PRP,0.0,she,0,1,2.677773262374103,16.84690510554553,10.66154210357584,3,7,927,0,0,0,12
1,0,1,VBD,0.0,had,0,0,0.7983569391071796,17.432489551576744,9.816722327264898,3,7,928,0,0,0,13
0,0,0,RB,0.0,not,1,1,8.345187790691853,18.05588478508421,8.917353115369856,3,7,929,0,0,0,14
1,0,1,VBN,5.0,felt,0,0,3.6008960027247667,14.66533194586157,13.808886882388355,4,7,930,0,0,0,15
1,0,1,IN,0.0,in,0,1,2.2388160572154447,19.583721360186956,6.713150865180346,2,7,931,0,0,0,16
1,0,1,DT,0.0,a,0,1,2.8302526141051203,19.69218547190043,6.556670229096891,1,7,932,0,0,0,17
1,0,1,RB,0.0,very,0,1,4.3298316419823095,16.298183548324726,11.453179973007163,4,7,933,0,0,0,18
0,1,0,JJ,1.0,long,1,1,0.0191572152543813,16.0285797220134,11.842136076231204,4,7,934,0,0,0,19
0,12,0,NN,4.0,time.,13,4,0.559598422376439,20.86561639812891,15.227980891429535,5,7,935,1,0,1,20
1,0,1,RB,0.0,Then,0,0,7.603612031787634,15.050992203716426,13.252496740913198,4,7,936,0,1,0,0
1,1,1,PRP,0.0,she,0,1,0.9822577191516756,16.84690510554553,10.66154210357584,3,7,937,0,0,0,1
1,0,1,VBD,2.0,saw,0,1,5.134551455266774,14.882462918571155,13.49563310483684,3,7,938,0,0,0,2
3,0,1,PRP$,0.0,her,0,0,3.4029328674077988,17.210354868203652,10.137194933376698,3,7,939,0,0,0,3
0,1,1,NN,2.0,"mother,",2,2,5.607478496502154,20.762230776046145,18.740012257237822,7,7,940,1,0,0,4
2,1,2,WP,0.0,who,0,1,2.3207074488746,16.99990971408453,10.440803113603463,3,7,941,0,0,0,5
2,0,1,VBD,0.0,was,0,1,1.439148695440963,18.521451560034553,8.24568223794633,3,7,942,0,0,0,6
1,0,1,VBG,3.0,cheering,0,1,9.553355135722086,10.859537314183632,19.29948792415196,8,7,943,0,0,0,7
2,0,1,DT,0.0,the,0,0,4.899934786837548,20.651930178991396,5.17205129965733,3,7,944,0,0,0,8
0,1,1,JJS,2.0,loudest,1,2,12.09421068103984,15.508152943649826,29.17362094395894,7,7,945,0,0,0,9
1,0,1,IN,0.0,of,0,1,3.100533681979869,20.087642241543257,5.986146708647226,2,7,946,0,0,0,10
1,7,2,DT,2.0,all,0,1,3.1460941852419637,17.469149055179013,9.763833843216451,3,7,947,0,0,0,11
1,0,1,IN,0.0,in,0,1,5.284630683250725,19.583721360186956,6.713150865180346,2,7,948,0,0,0,12
1,0,1,DT,0.0,the,0,1,1.3310368102393113,20.651930178991396,5.17205129965733,3,7,949,0,0,0,13
0,3,1,NN,3.0,"crowd,",10,2,6.064531854179222,20.76041117684784,20.80900689251587,6,7,950,1,0,0,14
0,0,0,CC,1.0,and,0,0,2.1253749260213226,19.93279149564298,6.2095491118355035,3,7,951,0,0,0,15
2,1,2,NNP,1.0,"Jill,",1,2,11.67599603155395,20.759914319749853,23.77106397437978,5,7,952,1,0,0,16
2,1,2,WP,0.0,who,0,1,0.5389565993682481,16.99990971408453,10.440803113603463,3,7,953,0,0,0,17
2,0,1,VBD,0.0,was,0,1,0.8500645791646093,18.521451560034553,8.24568223794633,3,7,954,0,0,0,18
1,0,1,VBN,3.0,beaming,0,0,10.825779473641887,18.386442156176052,24.602177056755245,7,7,955,0,0,0,19
1,0,1,IN,0.0,at,0,1,3.133385168621317,18.150223836201175,8.781250634161243,2,7,956,0,0,0,20
1,2,1,PRP,2.0,her,2,1,1.4051014313008636,17.210354868203652,10.137194933376698,3,7,957,0,0,0,21
1,0,1,IN,0.0,with,0,1,1.6357770908507518,18.681580760008114,8.014664635242958,4,7,958,0,0,0,22
1,2,1,NN,2.0,pride,2,2,6.205594266590197,12.548832218222213,16.8623505434965,5,7,959,0,0,0,23
1,0,1,IN,0.0,from,0,1,7.429492940136697,18.126283629319108,8.815789051907856,4,7,960,0,0,0,24
1,0,1,DT,0.0,the,0,1,1.45747249876149,20.651930178991396,5.17205129965733,3,7,961,0,0,0,25
0,10,1,NNS,3.0,wings.,12,4,9.738423805509228,20.84299474793658,21.82567331759457,6,7,962,1,0,1,26
2,1,2,PRP,0.0,She,0,0,3.2538221133872867,15.75878094018462,12.23137344081347,3,7,963,0,1,0,0
1,0,1,VBD,1.0,knew,0,1,4.24546589422971,14.793058934782852,13.624615788883943,4,7,964,0,0,0,1
3,1,2,PRP,0.0,she,0,1,3.112506070174277,16.84690510554553,10.66154210357584,3,7,965,0,0,0,2
1,0,1,VBD,2.0,owed,0,0,11.273517204797828,11.992347105194222,17.665188856390515,4,7,966,0,0,0,3
1,1,1,PRP,1.0,them,1,1,3.4907078413525596,16.811187279975307,10.71307203339734,4,7,967,0,0,0,4
1,0,1,JJ,0.0,big,0,0,11.045598715543749,15.053278808336888,13.249197867766782,3,7,968,0,0,0,5
0,1,0,NN,2.0,time,2,3,3.333973228931427,17.075857868787498,10.33123308744883,4,7,969,0,0,0,6
1,0,1,IN,0.0,for,0,1,1.6251450456911698,18.90419907432743,7.693494297163422,3,7,970,0,0,0,7
2,0,1,VBG,2.0,reminding,0,1,9.410143281100318,11.044009244281447,19.033351185416624,9,7,971,0,0,0,8
1,1,1,PRP,1.0,her,1,1,0.4563058983767405,17.210354868203652,10.137194933376698,3,7,972,0,0,0,9
3,1,2,WP,0.0,what,0,1,6.989977333229035,16.89144897198978,10.5972788883547,4,7,973,0,0,0,10
2,1,2,PRP,0.0,she,0,0,1.4843807010911405,16.84690510554553,10.66154210357584,3,7,974,0,0,0,11
1,0,1,VBD,0.0,was,0,1,2.869058600626886,18.521451560034553,8.24568223794633,3,7,975,0,0,0,12
1,0,1,JJ,4.0,capable,0,1,3.088133034761995,13.716943580547248,15.17712207386412,7,7,976,0,0,0,13
1,5,2,IN,1.0,of,3,1,1.4853848139755428,20.087642241543257,5.986146708647226,2,7,977,0,0,0,14
0,0,0,CC,1.0,and,0,0,1.4224690068513155,19.93279149564298,6.2095491118355035,3,7,978,0,0,0,15
2,1,2,WP,0.0,who,0,1,7.374582151183859,16.99990971408453,10.440803113603463,3,7,979,0,0,0,16
2,1,2,PRP,0.0,she,0,1,0.1886475542560219,16.84690510554553,10.66154210357584,3,7,980,0,0,0,17
1,1,1,RB,0.0,really,0,1,4.204520340717863,15.69451183596385,12.324094158755152,6,7,981,0,0,0,18
1,12,3,VBD,4.0,was.,13,4,0.5767362220794894,20.936378846150618,13.142430041927035,4,7,982,1,0,1,19
4,0,1,DT,0.0,The,0,0,3.4967446220107377,18.12053694573349,8.824079763818386,3,7,983,0,1,0,0
0,0,0,JJ,0.0,next,0,0,5.919139374280348,15.62799739018732,12.42005421982443,4,7,984,0,0,0,1
0,1,1,NN,2.0,time,1,2,4.1276093639899045,17.075857868787498,10.33123308744883,4,7,985,0,0,0,2
3,0,1,PRP$,0.0,her,0,0,5.758242345880717,17.210354868203652,10.137194933376698,3,7,986,0,0,0,3
0,1,1,NN,1.0,phone,1,1,10.38421523058787,14.348694364340933,14.265698351007256,5,7,987,0,0,0,4
1,5,4,VBD,2.0,bleeped,3,2,19.152703940868378,16.829500884220078,41.72473661871407,7,7,988,0,0,0,5
1,1,1,PRP,0.0,she,0,1,5.477165214717388,16.84690510554553,10.66154210357584,3,7,989,0,0,0,6
1,0,1,MD,0.0,would,0,1,1.382513199001551,17.12711793173308,10.257280448841584,5,7,990,0,0,0,7
1,0,1,VB,3.0,tap,0,0,12.856514597311616,12.783918396201456,16.523192880344308,3,7,991,0,0,0,8
1,0,1,DT,0.0,the,0,1,2.884414734551683,20.651930178991396,5.17205129965733,3,7,992,0,0,0,9
0,1,0,NN,2.0,message,2,2,6.650145567720756,14.486782204240107,14.066479709177646,7,7,993,0,0,0,10
1,0,1,RB,0.0,straight,0,1,12.366748849861324,13.94036188760368,14.85479759023,8,7,994,0,0,0,11
0,0,0,IN,0.0,into,0,1,1.3976912631187588,16.972256606338846,10.48069811501334,4,7,995,0,0,0,12
2,1,2,NN,3.0,oblivion,0,1,20.55196301243268,15.047942239447536,32.223948672089534,8,7,996,0,0,0,13
2,1,2,WRB,0.0,where,0,1,9.397382218390703,16.599322624688853,11.018728120918755,5,7,997,0,0,0,14
2,1,2,PRP,0.0,it,0,1,1.1743330056779089,18.431334787537676,8.375693258728493,2,7,998,0,0,0,15
1,8,1,VBD,3.0,belonged.,10,2,6.126827966887504,20.84292216933077,22.348614755322668,9,7,999,1,0,1,16
2,0,1,DT,0.0,The,0,0,4.735232020262629,17.568222119701996,9.620901624343473,3,8,1,0,1,0,0
0,0,0,NNP,0.0,Roswell,0,1,16.718625207897276,14.254242149468276,31.294328513097746,7,8,2,0,0,0,1
0,0,0,NNP,0.0,UFO,0,1,4.743008721619844,10.878782770986689,19.27172259906255,3,8,3,0,0,0,2
0,1,1,NNP,3.0,Incident,3,1,4.754338230937719,14.864351200967528,29.546601511818757,8,8,4,0,0,0,3
1,0,1,VBD,0.0,was,0,1,3.2223865643609315,18.521451560034553,8.24568223794633,3,8,5,0,0,0,4
2,0,1,DT,0.0,the,0,0,3.0602703967597336,20.651930178991396,5.17205129965733,3,8,6,0,0,0,5
0,0,0,JJ,0.0,alleged,0,1,11.43869140278548,13.71907894959392,15.174041387530018,7,8,7,0,0,0,6
0,1,1,NN,4.0,recovery,2,1,14.606330009177327,13.671384958671604,15.242849271713848,8,8,8,0,0,0,7
1,0,1,IN,0.0,of,0,1,0.3611677724402398,20.087642241543257,5.986146708647226,2,8,9,0,0,0,8
2,0,1,JJ,0.0,extra-terrestrial,0,0,14.106279549421744,19.674756550298877,54.36178407347866,17,8,10,0,0,0,9
0,1,1,NN,3.0,"debris,",2,3,12.30916169367265,20.760009183960705,22.57156969590788,7,8,11,1,0,0,10
1,0,1,VBG,0.0,including,0,1,4.738627321203239,15.664589900219264,12.367262387067662,9,8,12,0,0,0,11
1,0,1,JJ,0.0,alien,0,0,6.109262840822339,12.69425073909852,16.65255596457484,5,8,13,0,0,0,12
0,2,0,NNS,3.0,"corpses,",6,4,9.745426300854888,20.771841954399957,34.122601046067984,8,8,14,1,0,0,13
1,0,1,IN,0.0,from,0,1,1.3660873319604434,18.126283629319108,8.815789051907856,4,8,15,0,0,0,14
2,0,1,DT,0.0,an,0,0,3.9567981343716383,17.966326533280526,9.046558361117718,2,8,16,0,0,0,15
0,1,1,NN,3.0,object,1,2,5.645629042293876,14.975812313065203,13.36095839633029,6,8,17,0,0,0,16
2,1,2,WDT,0.0,that,0,1,3.0652966937050223,19.024464301341364,7.519988250559035,4,8,18,0,0,0,17
2,0,1,VBD,2.0,crashed,0,0,4.334263757569715,11.802343529715058,17.939306072485476,7,8,19,0,0,0,18
1,0,1,IN,0.0,near,0,1,3.295503077795729,14.792142389113206,13.62593808477629,4,8,20,0,0,0,19
1,0,1,NNP,0.0,"Roswell,",0,0,1.3787758208927698,20.761335077794453,36.310697191029355,8,8,21,1,0,0,20
0,0,0,NNP,0.0,New,0,0,0.7793401932121924,15.639348629415965,12.40367784328132,3,8,22,0,0,0,21
0,2,0,NNP,4.0,"Mexico,",6,6,2.23621772705701,20.760450619383143,20.71245467438419,7,8,23,1,0,0,22
2,0,1,IN,0.0,on,0,0,1.3158162018225994,18.53086189167023,8.232105999162414,2,8,24,0,0,0,23
0,0,0,CC,1.0,or,0,0,12.05287850406603,18.052589408876212,8.922107338283002,2,8,25,0,0,0,24
0,1,1,IN,1.0,about,2,3,0.3005127551150508,17.10157168565105,10.294135891377458,5,8,26,0,0,0,25
1,0,1,NNP,2.0,July,0,0,3.5856690133805387,14.428912986457505,14.149967342692737,4,8,27,0,0,0,26
0,0,0,CD,1.0,"eighth,",1,1,24.51472924556583,20.759985018106633,22.795592158879327,7,8,28,1,0,0,27
0,0,0,CD,1.0,nineteen,0,0,13.643079009605572,11.02307824758943,19.06354823054506,8,8,29,0,0,0,28
0,12,1,CD,1.0,forty-seven.,12,5,14.192278437316418,21.110717525890475,45.9232337621594,12,8,30,1,0,1,29
2,0,1,IN,0.0,Since,0,0,7.417508646845818,14.492481607534137,14.058257208309325,5,8,31,0,1,0,0
1,0,1,DT,0.0,the,0,1,1.7088087517186068,20.651930178991396,5.17205129965733,3,8,32,0,0,0,1
0,0,0,JJ,0.0,late,0,1,7.188696454337332,14.633189064276708,13.85525925825072,4,8,33,0,0,0,2
0,0,0,CD,0.0,nineteen,0,1,2.397375705651939,11.02307824758943,19.06354823054506,8,8,34,0,0,0,3
0,2,1,NNS,4.0,"seventies,",5,2,4.595594590646215,20.76481642134059,37.95850825424425,10,8,35,1,0,0,4
1,0,1,DT,0.0,the,0,0,2.2625693867448717,20.651930178991396,5.17205129965733,3,8,36,0,0,0,5
0,1,0,NN,1.0,incident,1,2,8.022311873384751,13.626561890299715,15.307515290171398,8,8,37,0,0,0,6
1,0,1,VBZ,0.0,has,0,1,0.2052517739357426,17.47535718373814,9.754877406931,3,8,38,0,0,0,7
1,0,1,VBN,0.0,been,0,1,1.0509963256772608,17.198255400550867,10.154650775356767,4,8,39,0,0,0,8
3,0,1,DT,0.0,the,0,0,4.30544272068073,20.651930178991396,5.17205129965733,3,8,40,0,0,0,9
0,1,1,NN,5.0,subject,1,1,0.2763711423322093,14.717666665024517,13.73338384258566,7,8,41,0,0,0,10
1,0,1,IN,0.0,of,0,1,0.0053095378680154,20.087642241543257,5.986146708647226,2,8,42,0,0,0,11
1,0,1,JJ,0.0,intense,0,0,5.5293464253190905,12.86113366908454,16.411794789074992,7,8,43,0,0,0,12
0,3,1,NN,3.0,controversy,3,2,5.746640294324607,12.48116327746713,16.959976188746065,11,8,44,0,0,0,13
0,0,0,CC,1.0,and,0,0,1.132261648774147,19.93279149564298,6.2095491118355035,3,8,45,0,0,0,14
2,0,1,DT,0.0,the,0,0,5.281391547759995,20.651930178991396,5.17205129965733,3,8,46,0,0,0,15
0,1,1,NN,2.0,subject,1,2,4.285893187159672,14.717666665024517,13.73338384258566,7,8,47,0,0,0,16
1,0,1,IN,0.0,of,0,1,0.0881748737301677,20.087642241543257,5.986146708647226,2,8,48,0,0,0,17
2,0,1,NN,0.0,conspiracy,0,0,7.288540324894711,12.749065317590189,16.573475244016496,10,8,49,0,0,0,18
0,1,1,NNS,3.0,theories,1,2,1.4656858420930805,12.984732163414332,16.233479854244056,8,8,50,0,0,0,19
1,0,1,IN,0.0,as,0,1,5.2764191965106875,18.455643172698917,8.340623672004352,2,8,51,0,0,0,20
1,0,1,TO,0.0,to,0,1,2.8342096270644106,19.88357245739644,6.280557174231113,2,8,52,0,0,0,21
2,0,1,DT,0.0,the,0,0,1.929793629911728,20.651930178991396,5.17205129965733,3,8,53,0,0,0,22
0,0,0,JJ,0.0,true,0,1,4.9864733556169085,15.398799753202052,12.75071651408654,4,8,54,0,0,0,23
0,1,1,NN,5.0,nature,2,2,1.777761832694523,14.585906701169934,13.923473289026372,6,8,55,0,0,0,24
1,0,1,IN,0.0,of,0,1,0.2305545316194184,20.087642241543257,5.986146708647226,2,8,56,0,0,0,25
2,0,1,DT,0.0,the,0,0,0.5062295007519424,20.651930178991396,5.17205129965733,3,8,57,0,0,0,26
0,1,1,NN,3.0,object,1,2,4.693362985912245,14.975812313065203,13.36095839633029,6,8,58,0,0,0,27
2,1,2,WDT,0.0,that,0,1,3.032720328774303,19.024464301341364,7.519988250559035,4,8,59,0,0,0,28
2,15,2,VBD,2.0,crashed.,16,4,2.457453398499638,20.842874535731895,22.83605387646618,8,8,60,1,0,1,29
2,0,1,DT,0.0,The,0,0,2.5208192570134997,18.12053694573349,8.824079763818386,3,8,61,0,1,0,0
0,0,0,NNP,0.0,United,0,1,8.126750537834596,15.39471480448756,12.756609849339224,6,8,62,0,0,0,1
0,0,0,NNPS,0.0,States,0,1,0.0736809664522297,15.355954170338974,12.812529624007102,6,8,63,0,0,0,2
0,1,1,NN,3.0,military,3,1,6.223534867167473,14.269711860531563,14.379646017570025,8,8,64,0,0,0,3
1,0,1,VBZ,1.0,maintains,0,1,6.400385657325387,12.258622400240755,17.28103480871564,9,8,65,0,0,0,4
4,0,1,DT,0.0,the,0,0,4.637780955643393,20.651930178991396,5.17205129965733,3,8,66,0,0,0,5
0,1,1,NN,1.0,debris,1,1,7.738189242198132,12.068584865286942,17.555201017976266,6,8,67,0,0,0,6
1,2,2,VBN,1.0,recovered,1,2,3.745492676272988,12.896212809544108,16.361186287095325,9,8,68,0,0,0,7
1,0,1,VBD,0.0,was,0,1,4.070271545089781,18.521451560034553,8.24568223794633,3,8,69,0,0,0,8
1,0,1,IN,0.0,from,0,1,3.78127790777944,18.126283629319108,8.815789051907856,4,8,70,0,0,0,9
2,0,1,DT,0.0,an,0,0,2.061708123306744,17.966326533280526,9.046558361117718,2,8,71,0,0,0,10
0,0,0,JJ,0.0,experimental,0,1,10.8036475967383,14.014145819699582,14.74834987729795,12,8,72,0,0,0,11
0,0,0,JJ,0.0,high-altitude,0,1,11.673747778957477,19.693336134031615,49.49565636336472,13,8,73,0,0,0,12
0,0,0,NN,0.0,surveillance,0,1,12.283201339654624,12.787394010907862,16.518178628243334,12,8,74,0,0,0,13
0,1,1,NN,8.0,balloon,4,2,5.331961111165583,11.994474686616009,17.66211940522422,7,8,75,0,0,0,14
2,1,2,WDT,0.0,that,0,1,2.793078660964966,19.024464301341364,7.519988250559035,4,8,76,0,0,0,15
2,0,1,VBD,2.0,belonged,0,1,9.341781230759809,12.140210582230305,17.451866951341962,8,8,77,0,0,0,16
1,0,1,TO,0.0,to,0,1,0.0247689791722223,19.88357245739644,6.280557174231113,2,8,78,0,0,0,17
2,0,1,DT,0.0,a,0,0,2.233944199513644,19.69218547190043,6.556670229096891,1,8,79,0,0,0,18
0,0,0,JJ,0.0,classified,0,1,9.64577368600294,13.145591503523535,16.00140888198784,10,8,80,0,0,0,19
0,1,1,NN,4.0,program,2,2,4.937926845625043,15.05373724189112,13.24853648795152,7,8,81,0,0,0,20
1,0,1,VBN,1.0,named,0,1,5.5140894474461675,14.223171254004276,14.44678991980691,5,8,82,0,0,0,21
1,14,3,``,1.0,'Mogul'.,14,4,31.193902778439224,17.698840835999757,62.79694826487661,8,8,83,1,0,1,22
2,1,2,RB,0.0,"However,",1,1,5.368315293919295,20.765690481257153,17.446028317169958,8,8,84,1,1,0,0
1,0,1,JJ,0.0,many,0,0,6.798443296458572,16.22722338174218,11.555553853436455,4,8,85,0,0,0,1
0,0,0,NNP,0.0,UFO,0,1,3.5244925199076533,10.878782770986689,19.27172259906255,3,8,86,0,0,0,2
0,1,0,NNS,2.0,proponents,2,2,6.879411745816469,13.799277512124888,33.33695769333946,10,8,87,0,0,0,3
1,0,1,VBP,2.0,maintain,0,1,4.994542961940169,13.81268857992711,15.038991238068874,8,8,88,0,0,0,4
3,0,2,IN,0.0,"that,",1,1,7.2428025541012175,20.922243748275793,12.536356928490648,5,8,89,1,0,0,5
1,0,1,IN,0.0,in,0,1,3.2495427318499424,19.583721360186956,6.713150865180346,2,8,90,0,0,0,6
1,2,1,NN,1.0,"fact,",2,2,1.4178394940681756,20.76519599834288,17.57381130558838,5,8,91,1,0,0,7
2,0,1,DT,0.0,a,0,0,5.304874782101251,19.69218547190043,6.556670229096891,1,8,92,0,0,0,8
0,0,0,JJ,0.0,crashed,0,1,7.751087767537683,11.802343529715058,17.939306072485476,7,8,93,0,0,0,9
0,0,0,JJ,0.0,alien,0,1,6.771829613484442,12.69425073909852,16.65255596457484,5,8,94,0,0,0,10
0,1,1,NN,3.0,craft,3,1,2.5653897654265165,12.619988611007855,16.759693568497106,5,8,95,0,0,0,11
0,0,0,CC,1.0,and,0,0,7.378692040219903,19.93279149564298,6.2095491118355035,3,8,96,0,0,0,12
1,2,1,NNS,1.0,bodies,2,3,10.036181738600137,13.506034035854542,15.481400228068438,6,8,97,0,0,0,13
1,0,1,VBD,0.0,were,0,1,1.337698329007253,17.723648827567594,9.39666828368408,4,8,98,0,0,0,14
1,4,2,VBN,5.0,"recovered,",5,2,6.940181821526494,20.760225551737452,21.37755496502694,10,8,99,1,0,0,15
0,0,0,CC,1.0,and,0,0,2.601585947268177,19.93279149564298,6.2095491118355035,3,8,100,0,0,0,16
1,0,1,IN,0.0,that,0,1,0.903954453766346,19.024464301341364,7.519988250559035,4,8,101,0,0,0,17
2,0,1,DT,0.0,the,0,0,1.4621509037096985,20.651930178991396,5.17205129965733,3,8,102,0,0,0,18
0,1,1,NN,1.0,military,1,2,7.42105686821742,14.269711860531563,14.379646017570025,8,8,103,0,0,0,19
1,1,1,RB,0.0,then,0,1,9.669421665370464,16.720629155852837,10.843719789981035,4,8,104,0,0,0,20
1,0,1,VBD,4.0,engaged,0,1,9.704252666095272,13.280364918851603,15.806971944050368,7,8,105,0,0,0,21
1,0,1,IN,0.0,in,0,1,0.1283462750725448,19.583721360186956,6.713150865180346,2,8,106,0,0,0,22
1,0,1,DT,0.0,a,0,1,1.7443586209556088,19.69218547190043,6.556670229096891,1,8,107,0,0,0,23
0,8,0,NN,3.0,cover-up.,12,4,7.650862915674224,21.11508912916681,38.47507436341317,9,8,108,1,0,1,24
2,0,1,DT,0.0,The,0,0,2.550879729911685,18.12053694573349,8.824079763818386,3,8,109,0,1,0,0
0,1,1,NN,1.0,incident,1,1,7.246532829478383,13.626561890299715,15.307515290171398,8,8,110,0,0,0,1
1,0,1,VBZ,0.0,has,0,1,3.192919741384685,17.47535718373814,9.754877406931,3,8,111,0,0,0,2
1,0,1,VBN,2.0,turned,0,0,9.24789684312418,14.675245753055112,13.794584281913906,6,8,112,0,0,0,3
1,0,1,IN,0.0,into,0,1,2.0477997495327145,16.972256606338846,10.48069811501334,4,8,113,0,0,0,4
1,0,1,DT,0.0,a,0,1,0.6618282031267881,19.69218547190043,6.556670229096891,1,8,114,0,0,0,5
1,0,1,RB,0.0,widely,0,1,9.594562068814412,13.630543905988434,15.30177045588454,6,8,115,0,0,0,6
0,1,0,VBN,1.0,known,1,1,6.465631660073996,15.485962475218937,12.624967287282402,5,8,116,0,0,0,7
0,0,0,NN,0.0,pop,0,1,16.492026332765818,13.43492487426436,15.583989062856364,3,8,117,0,0,0,8
0,0,0,NN,0.0,culture,0,1,0.8864290751516819,14.35422660270619,14.257717018152686,7,8,118,0,0,0,9
0,2,0,NN,6.0,"phenomenon,",7,2,2.8327414426603355,20.760266336286488,21.232045584707397,11,8,119,1,0,0,10
2,0,1,VBG,1.0,making,0,0,8.456628485757392,15.192072714439746,13.048960587726585,6,8,120,0,0,0,11
2,0,1,DT,0.0,the,0,1,2.648193579749204,20.651930178991396,5.17205129965733,3,8,121,0,0,0,12
0,0,0,NN,0.0,name,0,1,8.113165480666794,15.87550446433082,12.062976991372665,4,8,122,0,0,0,13
0,1,1,NN,2.0,Roswell,3,1,4.019550029654056,14.254242149468276,31.294328513097746,7,8,123,0,0,0,14
1,0,1,JJ,2.0,synonymous,0,1,7.889612555503845,11.054107047362791,19.018783134987295,10,8,124,0,0,0,15
1,0,1,IN,0.0,with,0,1,0.0639927891315892,18.681580760008114,8.014664635242958,4,8,125,0,0,0,16
1,9,2,NNS,2.0,UFOs.,7,4,5.961148129659705,20.915138100199886,32.80181911852456,5,8,126,1,0,1,17
2,1,2,PRP,0.0,It,0,0,4.52299927175045,16.818509266914305,10.702508639150992,2,8,127,0,1,0,0
1,0,1,VBZ,1.0,ranks,0,1,13.82296816725284,12.400849643591474,17.075844270054247,5,8,128,0,0,0,1
1,0,1,IN,0.0,as,0,1,2.2435835951473564,18.455643172698917,8.340623672004352,2,8,129,0,0,0,2
2,1,2,CD,2.0,one,0,1,0.577288192755077,17.417661831348372,9.838114205706065,3,8,130,0,0,0,3
1,0,1,IN,0.0,of,0,1,0.0195082878344692,20.087642241543257,5.986146708647226,2,8,131,0,0,0,4
1,0,1,DT,0.0,the,0,1,0.0661252175923436,20.651930178991396,5.17205129965733,3,8,132,0,0,0,5
1,0,1,RBS,0.0,most,0,1,1.0633800904033706,16.424816014558168,11.270487941956638,4,8,133,0,0,0,6
0,0,0,JJ,1.0,publicized,1,1,6.721726352348924,15.969583229569794,25.881001544043176,10,8,134,0,0,0,7
0,0,0,CC,1.0,and,0,0,4.130664084106684,19.93279149564298,6.2095491118355035,3,8,135,0,0,0,8
0,1,0,JJ,1.0,controversial,2,2,3.742993984837085,12.548036916143042,16.863497921862127,13,8,136,0,0,0,9
0,0,0,JJ,0.0,alleged,0,1,11.204643706209026,13.71907894959392,15.174041387530018,7,8,137,0,0,0,10
0,0,0,NN,0.0,UFO,0,1,0.556845388491638,10.878782770986689,19.27172259906255,3,8,138,0,0,0,11
0,6,0,NNS,6.0,incidents.,10,2,6.5425523445010185,20.842957576978208,22.069880715347516,10,8,139,1,0,1,12
2,0,1,IN,0.0,On,0,0,6.310270388145,15.211089681961443,13.02152490299028,2,8,140,0,1,0,0
2,0,1,NNP,0.0,July,0,0,3.0653136181645095,14.428912986457505,14.149967342692737,4,8,141,0,0,0,1
0,1,1,NNP,2.0,"ninth,",3,3,9.390121080446988,20.759952507508668,23.165161533404444,6,8,142,1,0,0,2
1,0,1,CD,0.0,nineteen,0,1,1.8340434203855691,11.02307824758943,19.06354823054506,8,8,143,0,0,0,3
0,3,1,CD,2.0,"forty-seven,",2,2,2.316860872088,21.047919953882396,46.042854636110306,12,8,144,1,0,0,4
2,0,1,DT,0.0,a,0,0,2.163069423986599,19.69218547190043,6.556670229096891,1,8,145,0,0,0,5
0,0,0,NN,0.0,press,0,1,12.459935926366596,14.061677426931976,14.679776263258296,5,8,146,0,0,0,6
0,1,1,NN,2.0,release,2,1,1.9182938933372495,14.610387270130728,13.888155293588497,7,8,147,0,0,0,7
2,1,2,WDT,0.0,that,0,1,8.591602880973369,19.024464301341364,7.519988250559035,4,8,148,0,0,0,8
2,0,1,NNP,0.0,Roswell,0,0,12.653262460138649,14.254242149468276,31.294328513097746,7,8,149,0,0,0,9
0,0,0,NNP,0.0,Army,0,1,11.73103593289852,13.449813609287176,15.562509158673835,4,8,150,0,0,0,10
0,0,0,NNP,0.0,Air,0,1,4.4230154529213905,13.708950434175357,15.188653746495948,3,8,151,0,0,0,11
0,1,1,NNP,3.0,Field,3,2,5.511326529085636,13.497399518120377,15.493857203983984,5,8,152,0,0,0,12
1,4,1,VBN,3.0,issued,3,2,6.1276954263448715,13.761872411294991,15.11230347255141,6,8,153,0,0,0,13
1,0,1,VBD,2.0,stated,0,0,8.01323963701725,14.257388594932232,14.39742473173774,6,8,154,0,0,0,14
1,0,1,IN,0.0,that,0,1,0.7978337109088898,19.024464301341364,7.519988250559035,4,8,155,0,0,0,15
3,1,2,NNS,0.0,personnel,0,0,10.339509507641196,13.005625045854527,16.20333779635771,9,8,156,0,0,0,16
1,0,1,IN,0.0,from,0,1,2.7373875726480037,18.126283629319108,8.815789051907856,4,8,157,0,0,0,17
2,0,1,DT,0.0,the,0,0,0.9382942364318296,20.651930178991396,5.17205129965733,3,8,158,0,0,0,18
0,1,1,NN,2.0,field's,2,3,13.699023530236444,18.179372980157098,21.56266935882874,7,8,159,0,0,0,19
0,0,0,NNP,0.0,Bomb,0,1,11.91278888238594,11.525584993916985,18.33858423960505,4,8,160,0,0,0,20
0,3,1,NNP,4.0,Group,4,2,7.679025217890739,13.941833909968336,14.852673910864432,5,8,161,0,0,0,21
1,0,1,VBD,0.0,had,0,1,2.2458301903679967,17.432489551576744,9.816722327264898,3,8,162,0,0,0,22
1,0,1,VBN,4.0,recovered,0,1,5.146441322751343,12.896212809544108,16.361186287095325,9,8,163,0,0,0,23
1,0,1,DT,0.0,a,0,1,2.5468339369399473,19.69218547190043,6.556670229096891,1,8,164,0,0,0,24
0,0,0,VBG,0.0,crashed,0,1,5.615135372732766,11.802343529715058,17.939306072485476,7,8,165,0,0,0,25
0,0,0,``,0.0,'flying,0,2,10.886596051976085,17.62404904251105,37.47909776290973,7,8,166,1,0,0,26
0,1,0,NN,4.0,disc',6,2,7.504844709765166,17.326732332481352,25.316663905857496,5,8,167,1,0,0,27
1,0,1,IN,0.0,from,0,1,2.3380588275613263,18.126283629319108,8.815789051907856,4,8,168,0,0,0,28
2,0,1,DT,0.0,a,0,0,1.7440005302196369,19.69218547190043,6.556670229096891,1,8,169,0,0,0,29
0,1,1,NN,3.0,ranch,1,2,12.383869705721736,11.351993510854744,18.589023811359503,5,8,170,0,0,0,30
1,0,1,IN,0.0,near,0,1,3.1193674112437293,14.792142389113206,13.62593808477629,4,8,171,0,0,0,31
1,8,1,NNP,2.0,"Roswell,",9,3,0.8458330718567595,20.761335077794453,36.310697191029355,8,8,172,1,0,0,32
2,0,1,VBG,1.0,sparking,0,1,16.244651419459842,16.94023819565315,27.814305796619447,8,8,173,0,0,0,33
1,0,1,JJ,0.0,intense,0,0,6.210235856357031,12.86113366908454,16.411794789074992,7,8,174,0,0,0,34
0,0,0,NNS,0.0,media,0,1,4.484731215750799,14.707928591026873,13.74743291364987,5,8,175,0,0,0,35
0,5,1,NN,3.0,interest.,8,3,3.3882804804015905,20.845524907750143,18.287975959736393,9,8,176,1,0,1,36
2,0,1,RB,0.0,Later,0,0,8.74661349505186,12.58334059061188,16.812565485780777,5,8,177,0,1,0,0
1,0,1,DT,0.0,the,0,1,5.1843621988082305,20.651930178991396,5.17205129965733,3,8,178,0,0,0,1
0,0,0,JJ,0.0,same,0,1,1.2078166993014747,16.30410830393432,11.444632357470724,4,8,179,0,0,0,2
0,2,1,NN,3.0,"day,",4,2,1.614185316124349,20.767717064386662,17.01538908338552,4,8,180,1,0,0,3
2,0,1,DT,0.0,the,0,0,2.6189854296389967,20.651930178991396,5.17205129965733,3,8,181,0,0,0,4
0,0,0,NNP,0.0,Commanding,0,1,14.852573834592476,16.94269069886066,27.476589066110716,10,8,182,0,0,0,5
0,1,1,NNP,2.0,General,2,1,2.045098763424903,14.393668234821538,14.200814771095304,7,8,183,0,0,0,6
1,0,1,IN,0.0,of,0,1,0.2250400983612053,20.087642241543257,5.986146708647226,2,8,184,0,0,0,7
1,0,1,DT,0.0,the,0,1,0.5269673310103826,20.651930178991396,5.17205129965733,3,8,185,0,0,0,8
0,0,0,NNP,0.0,Eighth,0,1,12.210539337364024,11.300660031803202,18.663082367018745,6,8,186,0,0,0,9
0,0,0,NNP,0.0,Air,0,1,0.7728198347613215,13.708950434175357,15.188653746495948,3,8,187,0,0,0,10
0,3,0,NNP,5.0,Force,5,2,0.8651725985109806,13.117778884658224,16.04153400929896,5,8,188,0,0,0,11
1,0,1,VBD,2.0,stated,0,1,4.426043316721916,14.257388594932232,14.39742473173774,6,8,189,0,0,0,12
2,0,2,IN,0.0,"that,",1,2,4.067496333736926,20.922243748275793,12.536356928490648,5,8,190,1,0,0,13
1,0,1,IN,0.0,in,0,1,2.9288304259534925,19.583721360186956,6.713150865180346,2,8,191,0,0,0,14
1,2,1,NN,1.0,"fact,",2,2,3.1086718511069193,20.76519599834288,17.57381130558838,5,8,192,1,0,0,15
3,0,1,DT,0.0,a,0,0,1.83791966852732,19.69218547190043,6.556670229096891,1,8,193,0,0,0,16
0,0,0,NN,0.0,weather,0,1,12.48836634203326,13.445780769151742,15.568327317137928,7,8,194,0,0,0,17
0,2,2,NN,2.0,balloon,2,2,0.3975590728223324,11.994474686616009,17.66211940522422,7,8,195,0,0,0,18
1,0,1,VBD,0.0,had,0,1,2.301242610323243,17.432489551576744,9.816722327264898,3,8,196,0,0,0,19
1,0,1,VBN,0.0,been,0,1,1.487137850839645,17.198255400550867,10.154650775356767,4,8,197,0,0,0,20
1,0,1,VBN,6.0,recovered,0,0,0.8779555164510384,12.896212809544108,16.361186287095325,9,8,198,0,0,0,21
1,0,1,IN,0.0,by,0,1,5.634678050759248,18.29067397824052,8.57862391074893,2,8,199,0,0,0,22
1,0,1,DT,0.0,the,0,1,1.4018782736966386,20.651930178991396,5.17205129965733,3,8,200,0,0,0,23
0,0,0,NNP,0.0,Roswell,0,1,2.9649541843682528,14.254242149468276,31.294328513097746,7,8,201,0,0,0,24
0,0,0,NNP,0.0,Army,0,1,3.4833677913993597,13.449813609287176,15.562509158673835,4,8,202,0,0,0,25
0,0,0,NNP,0.0,Air,0,1,0.7698408663272858,13.708950434175357,15.188653746495948,3,8,203,0,0,0,26
0,0,0,NNP,0.0,Field,0,1,1.0845472365617752,13.497399518120377,15.493857203983984,5,8,204,0,0,0,27
0,6,0,NNS,7.0,"personnel,",8,3,9.32242315437179,20.760269987646875,21.219706474289325,10,8,205,1,0,0,28
1,0,1,RB,1.0,rather,0,1,10.605575253197458,15.095948725042549,13.187638190540383,6,8,206,0,0,0,29
0,1,0,IN,1.0,than,0,1,0.0277189984335564,16.958709278696364,10.500242777420445,4,8,207,0,0,0,30
2,0,1,DT,0.0,a,0,1,2.6916918590432033,19.69218547190043,6.556670229096891,1,8,208,0,0,0,31
0,0,0,``,0.0,'flying,0,2,5.830017121392302,17.62404904251105,37.47909776290973,7,8,209,1,0,0,32
0,6,1,NN,3.0,saucer'.,16,3,10.616760643199086,14.65875263333479,49.170052500835794,8,8,210,1,0,1,33
2,0,1,DT,0.0,A,0,0,4.794906159397215,17.13359437447058,10.24793691702159,1,8,211,0,1,0,0
0,0,0,JJ,0.0,subsequent,0,1,5.905955682974309,13.7655858003871,15.106946184523334,10,8,212,0,0,0,1
0,0,0,NN,0.0,press,0,1,4.134929402731359,14.061677426931976,14.679776263258296,5,8,213,0,0,0,2
0,1,1,NN,3.0,conference,3,1,4.78069594502449,13.52526787661661,15.453651661383756,10,8,214,0,0,0,3
1,0,1,VBD,0.0,was,0,1,2.856415207439568,18.521451560034553,8.24568223794633,3,8,215,0,0,0,4
1,0,1,VBN,2.0,"called,",1,2,11.371310080925468,20.764972518096023,17.63547484130501,7,8,216,1,0,0,5
2,0,1,VBG,1.0,featuring,0,1,10.942337576299906,12.53862650102749,16.87707428108204,9,8,217,0,0,0,6
2,1,2,NN,1.0,debris,0,0,14.889359665568918,12.068584865286942,17.555201017976266,6,8,218,0,0,0,7
1,0,1,IN,0.0,from,0,1,1.2524998928420246,18.126283629319108,8.815789051907856,4,8,219,0,0,0,8
1,0,1,DT,0.0,the,0,1,1.1839992217719555,20.651930178991396,5.17205129965733,3,8,220,0,0,0,9
0,0,0,JJ,0.0,crashed,0,1,3.2920017219148576,11.802343529715058,17.939306072485476,7,8,221,0,0,0,10
0,2,0,NN,4.0,object,4,2,5.289083077572286,14.975812313065203,13.36095839633029,6,8,222,0,0,0,11
2,1,2,WDT,0.0,that,0,1,4.184021543711424,19.024464301341364,7.519988250559035,4,8,223,0,0,0,12
2,0,1,VBD,2.0,confirmed,0,1,11.15577457472682,13.981789958021407,14.795029518484744,9,8,224,0,0,0,13
1,0,1,DT,0.0,the,0,1,1.115793380769901,20.651930178991396,5.17205129965733,3,8,225,0,0,0,14
0,0,0,NN,0.0,weather,0,1,7.65343542501796,13.445780769151742,15.568327317137928,7,8,226,0,0,0,15
0,0,0,NN,0.0,balloon,0,1,0.4455822510644793,11.994474686616009,17.66211940522422,7,8,227,0,0,0,16
0,10,2,NN,4.0,description.,11,2,11.240349918603895,20.84375797212111,19.75574468480348,12,8,228,1,0,1,17
2,0,1,DT,0.0,The,0,0,2.2727227702271193,18.12053694573349,8.824079763818386,3,8,229,0,1,0,0
0,1,1,NN,1.0,case,1,1,8.144171829568222,16.213420285203632,11.57546751236153,4,8,230,0,0,0,1
1,0,1,VBD,0.0,was,0,1,1.942711683921516,18.521451560034553,8.24568223794633,3,8,231,0,0,0,2
2,1,2,RB,0.0,quickly,0,1,4.681135295773856,14.320192749434794,14.30681748948967,7,8,232,0,0,0,3
1,1,1,VBN,3.0,forgotten,0,0,8.059053493780084,12.639794738008796,16.73111936729363,9,8,233,0,0,0,4
0,0,0,CC,1.0,and,0,0,2.2537408731877804,19.93279149564298,6.2095491118355035,3,8,234,0,0,0,5
1,0,1,RB,0.0,almost,0,1,8.553597090765834,15.0034237949964,13.32112344827656,6,8,235,0,0,0,6
0,1,0,RB,2.0,completely,1,1,4.055427421582863,14.398403043663624,14.193983885859268,10,8,236,0,0,0,7
1,0,1,VBN,1.0,"ignored,",1,2,4.819700467051007,20.76020759756661,21.446575861608967,8,8,237,1,0,0,8
1,0,1,RB,1.0,even,0,1,5.386862668325193,16.307134926601453,11.440265863958214,4,8,238,0,0,0,9
1,0,1,IN,0.0,by,0,1,1.535967821488157,18.29067397824052,8.57862391074893,2,8,239,0,0,0,10
1,0,1,NNP,0.0,UFO,0,0,2.598478199215606,10.878782770986689,19.27172259906255,3,8,240,0,0,0,11
0,3,0,NNS,3.0,"researchers,",8,5,7.222634827136062,20.76050218447096,20.5952458454465,12,8,241,1,0,0,12
1,0,1,IN,0.0,for,0,1,5.240427031880245,18.90419907432743,7.693494297163422,3,8,242,0,0,0,13
2,0,1,JJR,0.0,more,0,0,4.433099167756154,17.253429346216002,10.0750515975594,4,8,243,0,0,0,14
0,0,0,IN,1.0,than,1,1,0.0187173306258046,16.958709278696364,10.500242777420445,4,8,244,0,0,0,15
0,1,1,CD,1.0,thirty,1,1,3.803258791369444,13.15249483118366,15.991449485406946,6,8,245,0,0,0,16
0,6,0,NNS,3.0,years.,7,3,0.5689161829650402,20.852893979291135,16.41026546877383,6,8,246,1,0,1,17
2,1,2,RB,0.0,"Then,",1,1,11.081390871899202,20.763152149692974,18.26886541884481,5,8,247,1,1,0,0
1,0,1,IN,0.0,in,0,1,2.0325281462282874,19.583721360186956,6.713150865180346,2,8,248,0,0,0,1
1,0,1,CD,0.0,nineteen,0,0,8.638333450711798,11.02307824758943,19.06354823054506,8,8,249,0,0,0,2
0,2,0,CD,2.0,"seventy-eight,",3,3,5.747547938255593,21.047808990567933,47.10536110593493,14,8,250,1,0,0,3
3,0,1,JJ,0.0,nuclear,0,0,13.909363291459158,13.914877045273071,14.891564445878204,7,8,251,0,0,0,4
0,1,1,NN,1.0,physicist,1,1,1.2469520010054111,10.75609273272415,19.448726908830388,9,8,252,0,0,0,5
0,0,0,CC,1.0,and,0,0,3.2470443618949503,19.93279149564298,6.2095491118355035,3,8,253,0,0,0,6
1,2,2,NN,1.0,author,0,0,5.483056474709883,14.14464378697236,14.560081107067422,6,8,254,0,0,0,7
1,0,1,NNP,0.0,Stanton,0,1,12.340812865877524,10.603610346832498,19.66871249077919,7,8,255,0,0,0,8
0,2,0,NNP,2.0,Friedman,4,3,1.2730121274944397,11.140048546455215,18.894795760440093,8,8,256,0,0,0,9
1,0,1,VBD,3.0,interviewed,0,1,8.640232725068927,12.184838794521784,17.387482050785305,11,8,257,0,0,0,10
2,0,1,NNP,0.0,Jesse,0,0,13.540106063708665,11.565109862207676,18.28156190813028,5,8,258,0,0,0,11
0,1,1,NNP,2.0,"Marcel,",3,2,16.983896445133723,20.75989902264373,24.109437151389965,7,8,259,1,0,0,12
2,0,1,DT,0.0,the,0,0,2.670191240846179,20.651930178991396,5.17205129965733,3,8,260,0,0,0,13
0,0,0,JJ,0.0,only,0,1,7.79755168245174,16.873419471860046,10.623289958781577,4,8,261,0,0,0,14
0,1,1,NN,3.0,person,2,2,2.517314908793196,15.233131575226476,12.989725172885016,6,8,262,0,0,0,15
1,0,1,VBN,1.0,known,0,1,5.767578253755346,15.485962475218937,12.624967287282402,5,8,263,0,0,0,16
2,0,1,TO,0.0,to,0,1,0.1278178317588754,19.88357245739644,6.280557174231113,2,8,264,0,0,0,17
1,0,1,VB,0.0,have,0,1,0.1533870410057716,17.990997945585363,9.010965036933804,4,8,265,0,0,0,18
1,0,1,VBN,3.0,accompanied,0,0,12.218556677689776,12.984617401602348,16.23364542054109,11,8,266,0,0,0,19
1,0,1,DT,0.0,the,0,0,1.4888919868972152,20.651930178991396,5.17205129965733,3,8,267,0,0,0,20
0,0,0,NNP,0.0,Roswell,0,1,1.536392375594005,14.254242149468276,31.294328513097746,7,8,268,0,0,0,21
0,1,0,NN,3.0,debris,2,2,10.9796950975433,12.068584865286942,17.555201017976266,6,8,269,0,0,0,22
1,0,1,IN,0.0,from,0,1,6.956853266921826,18.126283629319108,8.815789051907856,4,8,270,0,0,0,23
2,1,2,WRB,0.0,where,0,1,9.917430520872584,16.599322624688853,11.018728120918755,5,8,271,0,0,0,24
2,1,2,PRP,0.0,it,0,1,0.371744530275464,18.431334787537676,8.375693258728493,2,8,272,0,0,0,25
1,0,1,VBD,0.0,was,0,1,1.7245650412514806,18.521451560034553,8.24568223794633,3,8,273,0,0,0,26
1,5,1,VBN,5.0,recovered,6,2,2.835376415401697,12.896212809544108,16.361186287095325,9,8,274,0,0,0,27
1,0,1,TO,0.0,to,0,1,1.3733716811984775,19.88357245739644,6.280557174231113,2,8,275,0,0,0,28
1,0,1,NNP,0.0,Fort,0,0,11.574999655596912,12.90939785379067,16.34216428914691,4,8,276,0,0,0,29
0,11,1,NNP,3.0,Worth.,12,5,6.582131744362414,20.842836878500457,23.38769290079623,6,8,277,1,0,1,30
2,0,1,IN,0.0,Over,0,0,8.772314060479403,13.52479187968823,15.454338379791803,4,8,278,0,1,0,0
1,0,1,DT,0.0,the,0,1,1.0178883640292042,20.651930178991396,5.17205129965733,3,8,279,0,0,0,1
0,0,0,JJ,0.0,next,0,1,0.9880711837067792,15.62799739018732,12.42005421982443,4,8,280,0,0,0,2
0,0,0,JJ,0.0,few,0,1,3.240140967915067,15.640373671735874,12.402199019809682,3,8,281,0,0,0,3
0,2,1,NNS,4.0,"years,",5,2,2.553931140282657,20.770850719817975,16.529886342724737,6,8,282,1,0,0,4
1,0,1,DT,0.0,the,0,0,2.508482352248393,20.651930178991396,5.17205129965733,3,8,283,0,0,0,5
0,0,0,NNS,1.0,accounts,1,1,13.82204396754969,13.450652221217522,15.561299297400698,8,8,284,0,0,0,6
4,1,2,PRP,0.0,he,0,0,9.009204267524185,17.694798179754258,9.438290970210817,2,8,285,0,0,0,7
0,0,0,CC,1.0,and,0,0,6.160759573627729,19.93279149564298,6.2095491118355035,3,8,286,0,0,0,8
1,2,2,NNS,1.0,others,3,4,2.7579682219657116,15.095516751067684,13.188261397251717,6,8,287,0,0,0,9
1,4,2,VBD,2.0,gave,0,1,3.579543442465365,14.669764170917484,13.802492533280088,4,8,288,0,0,0,10
1,0,1,VBD,2.0,elevated,0,1,14.134471594356,13.136220916652784,16.01492778119649,8,8,289,0,0,0,11
1,1,1,NN,1.0,Roswell,0,0,13.823974600876682,14.254242149468276,31.294328513097746,7,8,290,0,0,0,12
1,0,1,IN,0.0,from,0,1,10.42029577679932,18.126283629319108,8.815789051907856,4,8,291,0,0,0,13
1,0,1,DT,0.0,a,0,1,2.294742764555849,19.69218547190043,6.556670229096891,1,8,292,0,0,0,14
0,0,0,JJ,0.0,forgotten,0,1,10.659470651648007,12.639794738008796,16.73111936729363,9,8,293,0,0,0,15
0,2,0,NN,4.0,incident,3,1,5.31959199346602,13.626561890299715,15.307515290171398,8,8,294,0,0,0,16
1,0,1,TO,0.0,to,0,1,0.4072654924821108,19.88357245739644,6.280557174231113,2,8,295,0,0,0,17
2,0,1,RB,0.0,perhaps,0,0,9.459338701562956,14.225564454791984,14.44333726089863,7,8,296,0,0,0,18
0,0,0,DT,0.0,the,0,1,0.6630266057909466,20.651930178991396,5.17205129965733,3,8,297,0,0,0,19
1,0,1,RBS,0.0,most,0,1,0.6800910066231154,16.424816014558168,11.270487941956638,4,8,298,0,0,0,20
0,1,0,JJ,1.0,famous,1,1,1.9591220831498504,13.430709470752156,15.590070604598765,6,8,299,0,0,0,21
0,0,0,NNP,0.0,UFO,0,1,1.40637082234025,10.878782770986689,19.27172259906255,3,8,300,0,0,0,22
0,1,1,NN,6.0,case,4,2,3.662351854145527,16.213420285203632,11.57546751236153,4,8,301,0,0,0,23
1,0,1,IN,0.0,of,0,1,1.6834987055626698,20.087642241543257,5.986146708647226,2,8,302,0,0,0,24
1,0,1,DT,0.0,all,0,1,1.2821070004138164,17.469149055179013,9.763833843216451,3,8,303,0,0,0,25
0,6,0,NN,3.0,time.,11,3,0.7241464108228683,20.86561639812891,15.227980891429535,5,8,304,1,0,1,26
2,0,1,IN,0.0,By,0,0,7.575109402649105,14.788123398517127,13.631736262578634,2,8,305,0,1,0,0
1,0,1,DT,0.0,the,0,1,1.881475625676103,20.651930178991396,5.17205129965733,3,8,306,0,0,0,1
0,0,0,JJ,0.0,early,0,1,4.29200501262676,15.19156845479873,13.049688080609997,5,8,307,0,0,0,2
0,0,0,CD,0.0,nineteen,0,1,1.3092011623084543,11.02307824758943,19.06354823054506,8,8,308,0,0,0,3
0,2,1,NNS,4.0,"nineties,",5,2,3.153004819061607,20.764807131428412,38.61360184104862,9,8,309,1,0,0,4
1,0,1,NNP,0.0,UFO,0,0,6.982111788354814,10.878782770986689,19.27172259906255,3,8,310,0,0,0,5
0,1,0,NNS,1.0,researchers,1,2,3.432116039097309,13.438468170107624,15.578877167514886,11,8,311,0,0,0,6
1,0,1,VBD,0.0,had,0,1,1.6910769776441157,17.432489551576744,9.816722327264898,3,8,312,0,0,0,7
1,0,1,VBN,3.0,interviewed,0,1,9.139154534321278,12.184838794521784,17.387482050785305,11,8,313,0,0,0,8
3,0,1,JJ,0.0,several,0,0,4.253070620819926,15.389540750537888,12.76407443131371,7,8,314,0,0,0,9
0,1,1,CD,1.0,hundred,0,1,2.9057649271562696,13.885777950237776,14.933545565979983,7,8,315,0,0,0,10
0,1,1,NNS,2.0,people,2,2,2.862273412756622,16.493453036195575,11.171465651218966,6,8,316,0,0,0,11
3,1,2,WP,0.0,who,0,1,2.8707181625068188,16.99990971408453,10.440803113603463,3,8,317,0,0,0,12
2,3,3,VBD,2.0,"had,",2,2,8.781415516859852,20.795100203559617,14.833091005196511,4,8,318,1,0,0,13
0,0,0,CC,1.0,or,0,0,3.102217180770822,18.052589408876212,8.922107338283002,2,8,319,0,0,0,14
2,1,2,WP,0.0,who,0,1,4.04640451958403,16.99990971408453,10.440803113603463,3,8,320,0,0,0,15
3,0,1,VBN,2.0,claimed,0,1,6.278155175969005,13.619629485036564,15.317516636865978,7,8,321,0,0,0,16
2,0,1,TO,0.0,to,0,1,0.1757529815658927,19.88357245739644,6.280557174231113,2,8,322,0,0,0,17
1,0,1,VB,0.0,have,0,1,0.7966772066429257,17.990997945585363,9.010965036933804,4,8,323,0,0,0,18
1,8,4,VBN,3.0,"had,",7,3,4.9445630045374855,20.795100203559617,14.833091005196511,4,8,324,1,0,0,19
2,0,1,DT,0.0,a,0,0,3.5589289992349222,19.69218547190043,6.556670229096891,1,8,325,0,0,0,20
0,1,1,NN,2.0,connection,1,2,7.1139523717574775,14.310469570151277,14.320845072023673,10,8,326,0,0,0,21
1,0,1,IN,0.0,with,0,1,1.6348731610924006,18.681580760008114,8.014664635242958,4,8,327,0,0,0,22
2,0,1,DT,0.0,the,0,0,0.936957958037965,20.651930178991396,5.17205129965733,3,8,328,0,0,0,23
0,1,1,NNS,3.0,events,1,1,6.9285888011800125,14.7298950741632,13.715741977363315,6,8,329,0,0,0,24
1,0,1,IN,0.0,at,0,1,5.354878019308671,18.150223836201175,8.781250634161243,2,8,330,0,0,0,25
1,2,1,NNP,2.0,Roswell,2,2,2.789291991968639,14.254242149468276,31.294328513097746,7,8,331,0,0,0,26
1,0,1,IN,0.0,in,0,1,3.2534352531656623,19.583721360186956,6.713150865180346,2,8,332,0,0,0,27
1,0,1,CD,0.0,nineteen,0,0,1.9678812818601727,11.02307824758943,19.06354823054506,8,8,333,0,0,0,28
0,10,0,CD,3.0,forty-seven.,12,3,3.742125444114208,21.110717525890475,45.9232337621594,12,8,334,1,0,1,29
2,1,2,RB,0.0,"Additionally,",1,1,10.360455172136426,20.76042295118948,20.779502058760684,13,8,335,1,1,0,0
2,1,2,NNS,0.0,hundreds,0,0,7.00807117857039,13.48179292393935,15.516372760014118,8,8,336,0,0,0,1
1,0,1,IN,0.0,of,0,1,0.3739395006559789,20.087642241543257,5.986146708647226,2,8,337,0,0,0,2
1,3,1,NNS,2.0,documents,2,2,7.724852594081312,13.686465088524038,15.221093243159778,9,8,338,0,0,0,3
1,0,1,VBD,0.0,were,0,1,2.544981613289565,17.723648827567594,9.39666828368408,4,8,339,0,0,0,4
1,0,1,VBN,3.0,obtained,0,0,5.5979512934572995,14.993267304846794,13.335776166248234,8,8,340,0,0,0,5
1,0,1,IN,0.0,by,0,1,3.323393007274717,18.29067397824052,8.57862391074893,2,8,341,0,0,0,6
4,1,2,NNP,2.0,Freedom,0,0,11.412114447448404,12.137210122690323,17.456195699440677,7,8,342,0,0,0,7
1,0,1,IN,0.0,of,0,1,0.1166312658315291,20.087642241543257,5.986146708647226,2,8,343,0,0,0,8
1,3,2,NNP,2.0,Information,0,0,0.0669946650887141,13.46901646993236,15.534805286850151,11,8,344,0,0,0,9
1,2,2,NNP,1.0,Act,3,2,0.2448595501482486,14.468609402985994,14.092697519426018,3,8,345,0,0,0,10
1,3,1,NNS,1.0,"requests,",4,4,3.1706737332278863,20.76039420208856,20.852633589542258,9,8,346,1,0,0,11
1,0,1,IN,0.0,as,0,1,5.403857969620731,18.455643172698917,8.340623672004352,2,8,347,0,0,0,12
2,0,1,VBD,0.0,were,0,1,7.30577773594996,17.723648827567594,9.39666828368408,4,8,348,0,0,0,13
2,1,2,DT,3.0,some,0,1,6.446301823016256,16.817709477619566,10.70366249120027,4,8,349,0,0,0,14
2,1,2,WDT,0.0,that,0,1,9.740536694414914,19.024464301341364,7.519988250559035,4,8,350,0,0,0,15
2,1,2,NNS,0.0,insiders,0,1,16.469535977579653,13.805067215600902,32.2833203005406,8,8,351,0,0,0,16
2,1,2,RB,0.0,apparently,0,1,11.098578331526369,13.457577680301426,15.55130797192447,10,8,352,0,0,0,17
0,10,1,VBD,4.0,leaked.,11,2,13.651782293338329,20.842840439232912,23.325517445271764,7,8,353,1,0,1,18
2,0,1,PRP$,0.0,Their,0,0,9.92702204035595,13.676386412153638,15.23563369957808,5,8,354,0,1,0,0
0,1,1,NNS,1.0,conclusions,1,1,5.856571128126234,12.970109231352762,16.254576285812544,11,8,355,0,0,0,1
1,0,1,VBD,1.0,were,0,1,1.3609043695032597,17.723648827567594,9.39666828368408,4,8,356,0,0,0,2
2,0,1,IN,0.0,that,0,0,3.4834207706153393,19.024464301341364,7.519988250559035,4,8,357,0,0,0,3
3,0,1,IN,0.0,at,0,0,5.974157006246969,18.150223836201175,8.781250634161243,2,8,358,0,0,0,4
0,0,0,JJS,1.0,least,1,1,0.5937442381400615,15.523867403539716,12.57028203516876,5,8,359,0,0,0,5
0,1,1,CD,1.0,one,1,1,2.3451378978788853,17.417661831348372,9.838114205706065,3,8,360,0,0,0,6
0,0,0,JJ,0.0,alien,0,1,6.735388288274407,12.69425073909852,16.65255596457484,5,8,361,0,0,0,7
0,1,1,NN,2.0,craft,2,2,4.189671229571104,12.619988611007855,16.759693568497106,5,8,362,0,0,0,8
1,0,1,VBD,0.0,had,0,1,1.5900806309655309,17.432489551576744,9.816722327264898,3,8,363,0,0,0,9
1,0,1,VBN,4.0,crashed,0,1,1.2225816203281283,11.802343529715058,17.939306072485476,7,8,364,0,0,0,10
1,0,1,IN,0.0,in,0,1,2.5076175425201654,19.583721360186956,6.713150865180346,2,8,365,0,0,0,11
1,0,1,DT,0.0,the,0,1,1.7650269820005633,20.651930178991396,5.17205129965733,3,8,366,0,0,0,12
0,0,0,NNP,0.0,Roswell,0,1,4.7410254853894,14.254242149468276,31.294328513097746,7,8,367,0,0,0,13
0,6,1,NN,4.0,"vicinity,",7,1,8.757443717797287,20.76000524343368,22.60580772527381,9,8,368,1,0,0,14
1,0,1,IN,0.0,that,0,0,5.725017282064073,19.024464301341364,7.519988250559035,4,8,369,0,0,0,15
3,1,2,NNS,0.0,"aliens,",0,0,11.88663324143272,20.759950481224585,23.19165617971156,7,8,370,1,0,0,16
1,0,1,DT,1.0,some,0,1,5.786615315941162,16.817709477619566,10.70366249120027,4,8,371,0,0,0,17
2,1,2,RB,0.0,possibly,0,0,6.318246932700276,13.748963621309816,15.1309269198469,8,8,372,0,0,0,18
1,0,1,RB,0.0,still,0,1,9.82393247447908,16.012482992404035,11.865358748213168,5,8,373,0,0,0,19
0,4,1,JJ,3.0,"alive,",6,5,2.3554591740248725,20.76043307585619,20.754604553012957,6,8,374,1,0,0,20
1,0,1,VBD,0.0,were,0,1,2.068548310431652,17.723648827567594,9.39666828368408,4,8,375,0,0,0,21
1,4,1,VBN,4.0,"recovered,",4,2,9.465130499884252,20.760225551737452,21.37755496502694,10,8,376,1,0,0,22
0,0,0,CC,1.0,and,0,0,0.3291675391665194,19.93279149564298,6.2095491118355035,3,8,377,0,0,0,23
1,0,1,IN,0.0,that,0,1,0.1118316929787397,19.024464301341364,7.519988250559035,4,8,378,0,0,0,24
3,0,1,DT,0.0,a,0,0,4.086404065950774,19.69218547190043,6.556670229096891,1,8,379,0,0,0,25
0,0,0,JJ,0.0,massive,0,1,7.253066678182222,13.558139108625758,15.406228497976244,7,8,380,0,0,0,26
0,1,1,NN,2.0,cover-up,2,1,10.048952631652355,19.681281590162573,33.57832655943247,8,8,381,0,0,0,27
1,0,1,IN,0.0,of,0,1,3.7731426850659777,20.087642241543257,5.986146708647226,2,8,382,0,0,0,28
2,0,1,DT,0.0,any,0,0,8.081162873306312,16.78593097223423,10.749509183326555,3,8,383,0,0,0,29
0,1,1,NN,3.0,knowledge,1,2,9.897605925332757,14.599109316231734,13.904425941749947,9,8,384,0,0,0,30
1,0,1,IN,0.0,of,0,1,1.447473099920899,20.087642241543257,5.986146708647226,2,8,385,0,0,0,31
1,0,1,DT,0.0,the,0,1,1.074379687255714,20.651930178991396,5.17205129965733,3,8,386,0,0,0,32
0,5,1,NN,3.0,incident,5,2,3.3752988953492604,13.626561890299715,15.307515290171398,8,8,387,0,0,0,33
1,0,1,VBD,0.0,was,0,1,2.0343485409393907,18.521451560034553,8.24568223794633,3,8,388,0,0,0,34
1,0,1,VBN,4.0,put,0,1,11.14684070693329,15.425693592725771,12.711916905175212,3,8,389,0,0,0,35
1,0,1,IN,0.0,in,0,1,1.9648134995950384,19.583721360186956,6.713150865180346,2,8,390,0,0,0,36
1,9,1,NN,2.0,place.,12,6,1.0581931729102507,20.84824151674206,17.299699079484682,6,8,391,1,0,1,37
3,0,1,JJ,0.0,Numerous,0,0,7.905441184993833,10.871877254154263,19.281685153951457,8,8,392,0,1,0,0
0,1,1,NNS,1.0,"books,",1,1,10.683955052867532,20.761194879714097,19.560604558294298,6,8,393,1,0,0,1
1,1,1,NNS,1.0,"articles,",0,0,2.473159522167407,20.76061107422454,20.37517654619411,9,8,394,1,0,0,2
1,0,1,NN,0.0,television,0,0,6.939937256393023,13.659539555688278,15.259938575855225,10,8,395,0,0,0,3
0,1,0,NNS,2.0,specials,1,1,9.3425670042634,18.283122293604535,22.28542993840686,8,8,396,0,0,0,4
0,0,0,CC,1.0,and,0,0,0.1350468872115016,19.93279149564298,6.2095491118355035,3,8,397,0,0,0,5
1,0,1,RB,0.0,even,0,1,4.4872759487479925,16.307134926601453,11.440265863958214,4,8,398,0,0,0,6
0,0,0,DT,0.0,a,0,1,2.9119818401522934,19.69218547190043,6.556670229096891,1,8,399,0,0,0,7
1,1,1,JJ,0.0,made-for-TV,0,1,16.86293939081952,20.378387543822367,53.86714861950241,11,8,400,0,0,0,8
0,2,1,NN,4.0,movie,9,6,1.4555898271501064,13.852355373984835,14.981764150993827,5,8,401,0,0,0,9
1,0,1,VBD,1.0,brought,0,0,12.759566366206856,14.502266357090862,14.044140798647495,7,8,402,0,0,0,10
1,0,1,DT,0.0,the,0,1,1.904854144260753,20.651930178991396,5.17205129965733,3,8,403,0,0,0,11
0,0,0,CD,0.0,nineteen,0,1,19.825414334598463,11.02307824758943,19.06354823054506,8,8,404,0,0,0,12
0,0,0,CD,0.0,forty-seven,0,1,2.4643588718026876,19.662814845641105,41.02648595817869,11,8,405,0,0,0,13
0,1,0,NN,4.0,incident,4,1,2.69096883200109,13.626561890299715,15.307515290171398,8,8,406,0,0,0,14
2,1,2,NN,1.0,fame,0,0,16.466744132339954,11.9038926509219,17.792801658913735,4,8,407,0,0,0,15
0,0,0,CC,1.0,and,0,0,1.552010701969266,19.93279149564298,6.2095491118355035,3,8,408,0,0,0,16
1,2,1,NN,1.0,"notoriety,",4,5,4.482245478895493,20.825400820163072,46.560451583606635,10,8,409,1,0,0,17
1,0,1,RB,0.0,so,0,1,8.010107571142726,17.102955196419583,10.292139907252675,2,8,410,0,0,0,18
0,0,0,IN,1.0,that,0,1,1.935254868119955,19.024464301341364,7.519988250559035,4,8,411,0,0,0,19
2,0,1,IN,0.0,by,0,1,5.064385525882244,18.29067397824052,8.57862391074893,2,8,412,0,0,0,20
1,0,1,DT,0.0,the,0,1,0.4537991944525856,20.651930178991396,5.17205129965733,3,8,413,0,0,0,21
0,0,0,JJ,0.0,mid,0,1,3.6262730557646137,14.122640783128835,14.59182473159714,3,8,414,0,0,0,22
0,0,0,CD,0.0,nineteen,0,1,2.372801437973976,11.02307824758943,19.06354823054506,8,8,415,0,0,0,23
0,2,1,NNS,4.0,"nineties,",5,2,1.5754943205974996,20.764807131428412,38.61360184104862,9,8,416,1,0,0,24
2,0,1,JJ,0.0,strong,0,0,14.881964074447753,14.795056988510993,13.621733206678927,6,8,417,0,0,0,25
0,1,1,NNS,1.0,majorities,1,1,10.516736653167754,15.37557291492088,27.667477865084713,10,8,418,0,0,0,26
1,0,1,IN,0.0,in,0,1,2.5812369752675295,19.583721360186956,6.713150865180346,2,8,419,0,0,0,27
2,1,2,NNS,2.0,"polls,",1,2,17.20653996040346,20.76000109853772,22.64272026280616,6,8,420,1,0,0,28
1,0,1,JJ,0.0,such,0,1,8.293390421975346,16.749195285324937,10.802507576654245,4,8,421,0,0,0,29
0,0,0,IN,1.0,as,0,1,0.0124612707659252,18.455643172698917,8.340623672004352,2,8,422,0,0,0,30
1,0,1,DT,0.0,a,0,1,5.693103430327028,19.69218547190043,6.556670229096891,1,8,423,0,0,0,31
0,0,0,CD,0.0,nineteen,0,1,12.06010934850201,11.02307824758943,19.06354823054506,8,8,424,0,0,0,32
0,0,0,CD,0.0,ninety-seven,0,1,8.608912512660027,19.662157065779315,42.82924497326631,12,8,425,0,0,0,33
0,0,0,NNP,0.0,CNN,0,1,11.622023656964302,12.493110760685957,16.942739613955165,3,8,426,0,0,0,34
0,0,0,NNP,0.0,Time,0,1,13.611172080039978,13.67945483905024,15.231206895311026,4,8,427,0,0,0,35
0,5,0,NN,7.0,"poll,",11,3,3.9156591813080017,20.760199305579857,21.479602145395212,5,8,428,1,0,0,36
1,0,1,VBD,4.0,believed,0,1,7.336149934213608,13.810505051291862,15.042141404002589,8,8,429,0,0,0,37
2,0,1,IN,0.0,that,0,0,0.7130261445418,19.024464301341364,7.519988250559035,4,8,430,0,0,0,38
2,1,2,NNS,0.0,aliens,0,1,7.305564608424902,11.63877366733509,18.17528750177995,6,8,431,0,0,0,39
1,0,1,VBD,0.0,had,0,1,1.8336179284378888,17.432489551576744,9.816722327264898,3,8,432,0,0,0,40
1,0,1,VBN,4.0,visited,0,1,9.133903357200325,12.989752703645218,16.226236745750374,7,8,433,0,0,0,41
1,5,2,NN,1.0,earth,4,1,8.506272220984101,13.748324267911652,15.131849311823808,5,8,434,0,0,0,42
0,0,0,CC,1.0,and,0,0,2.4995042234659195,19.93279149564298,6.2095491118355035,3,8,435,0,0,0,43
2,1,2,RB,0.0,specifically,0,1,12.9302079975605,13.997922110708473,14.771755741804252,12,8,436,0,0,0,44
0,0,0,IN,0.0,that,0,1,5.242960794828832,19.024464301341364,7.519988250559035,4,8,437,0,0,0,45
2,1,2,NNS,0.0,aliens,0,0,3.5041659520938993,11.63877366733509,18.17528750177995,6,8,438,0,0,0,46
1,0,1,VBD,0.0,had,0,1,1.5460231686010957,17.432489551576744,9.816722327264898,3,8,439,0,0,0,47
1,0,1,VBN,5.0,landed,0,1,6.335391524247825,12.36510425137714,17.127413970136498,6,8,440,0,0,0,48
1,0,1,IN,0.0,at,0,1,4.337900245562196,18.150223836201175,8.781250634161243,2,8,441,0,0,0,49
1,5,1,NNP,2.0,Roswell,4,1,2.6050972951343283,14.254242149468276,31.294328513097746,7,8,442,0,0,0,50
0,0,0,CC,1.0,and,0,0,2.68477189168334,19.93279149564298,6.2095491118355035,3,8,443,0,0,0,51
2,0,1,DT,0.0,the,0,0,5.1448155015241355,20.651930178991396,5.17205129965733,3,8,444,0,0,0,52
0,1,1,NN,1.0,government,1,2,9.606888472335411,15.259702531871463,12.95139138550162,10,8,445,0,0,0,53
1,0,1,VBD,0.0,was,0,1,1.7861732535529882,18.521451560034553,8.24568223794633,3,8,446,0,0,0,54
1,0,1,VBG,3.0,covering,0,0,6.372179352445528,13.086319532656614,16.086920260421262,8,8,447,0,0,0,55
1,1,1,RP,1.0,up,1,2,0.6701364368200302,17.040396008802368,10.382393736990077,2,8,448,0,0,0,56
1,0,1,DT,0.0,the,0,1,0.8412714655278251,20.651930178991396,5.17205129965733,3,8,449,0,0,0,57
0,11,0,NN,2.0,fact.,18,6,7.564765999210067,20.847685830303735,17.45419043163747,5,8,450,1,0,1,58
2,0,1,IN,0.0,During,0,0,7.551912123453803,13.793667730875136,15.066432522669658,6,8,451,0,1,0,0
2,0,1,DT,0.0,the,0,0,0.9370145104476252,20.651930178991396,5.17205129965733,3,8,452,0,0,0,1
0,0,0,CD,0.0,nineteen,0,1,2.8073362263967283,11.02307824758943,19.06354823054506,8,8,453,0,0,0,2
0,1,1,NNS,3.0,eighties,2,1,6.9445561319589615,15.68449507668506,27.28953115588556,8,8,454,0,0,0,3
0,0,0,CC,1.0,and,0,0,0.4781859128270298,19.93279149564298,6.2095491118355035,3,8,455,0,0,0,4
1,0,1,CD,0.0,nineteen,0,0,3.807618437102065,11.02307824758943,19.06354823054506,8,8,456,0,0,0,5
0,3,1,NNS,2.0,"nineties,",5,5,1.0272365415876266,20.764807131428412,38.61360184104862,9,8,457,1,0,0,6
1,0,1,DT,0.0,a,0,0,4.103146770386957,19.69218547190043,6.556670229096891,1,8,458,0,0,0,7
0,0,0,JJ,0.0,new,0,1,5.625853078323416,16.69136483421134,10.885939281688206,3,8,459,0,0,0,8
0,1,0,NN,2.0,narrative,2,2,8.831720195710659,12.695863583327307,16.650229122204248,9,8,460,0,0,0,9
1,1,1,VBD,2.0,emerged,0,1,2.7359451577067375,12.8154740204047,16.47766773779413,7,8,461,0,0,0,10
2,1,2,WDT,0.0,which,0,1,4.93862571567297,17.599930483545194,9.57515612507219,5,8,462,0,0,0,11
2,0,1,VBD,0.0,was,0,1,3.4485292807221413,18.521451560034553,8.24568223794633,3,8,463,0,0,0,12
1,0,1,IN,0.0,at,0,1,8.777131985407323,18.150223836201175,8.781250634161243,2,8,464,0,0,0,13
2,0,1,JJ,0.0,strong,0,0,18.301891908980902,14.795056988510993,13.621733206678927,6,8,465,0,0,0,14
0,1,1,NNS,5.0,odds,1,2,0.557297392108012,12.74974486470111,16.572494864769517,4,8,466,0,0,0,15
1,0,1,IN,0.0,with,0,1,0.0099569898447953,18.681580760008114,8.014664635242958,4,8,467,0,0,0,16
2,1,2,WP,0.0,what,0,1,3.7713335005100816,16.89144897198978,10.5972788883547,4,8,468,0,0,0,17
2,0,1,VBD,0.0,was,0,1,3.422555035445839,18.521451560034553,8.24568223794633,3,8,469,0,0,0,18
1,0,1,VBN,4.0,reported,0,1,6.878216038923711,15.156772510698444,13.099888016606528,8,8,470,0,0,0,19
1,0,1,IN,0.0,in,0,1,1.9854142726399004,19.583721360186956,6.713150865180346,2,8,471,0,0,0,20
1,0,1,CD,0.0,nineteen,0,0,9.015814919490367,11.02307824758943,19.06354823054506,8,8,472,0,0,0,21
0,13,2,NN,3.0,forty-seven.,14,3,2.872451327741146,21.110717525890475,45.9232337621594,12,8,473,1,0,1,22
2,0,1,DT,0.0,This,0,0,5.2903323685750365,16.684097291579818,10.896424129402147,4,8,474,0,1,0,0
0,1,1,NN,1.0,narrative,1,1,2.1600075121968985,12.695863583327307,16.650229122204248,9,8,475,0,0,0,1
1,0,1,VBD,1.0,evolved,0,0,9.480405535548924,12.483950563944436,16.95595498436772,7,8,476,0,0,0,2
1,1,1,IN,1.0,over,0,1,2.7974993742536753,16.743434436833045,10.810818724204807,4,8,477,0,0,0,3
2,0,1,DT,0.0,the,0,1,1.01934813248954,20.651930178991396,5.17205129965733,3,8,478,0,0,0,4
0,1,1,NNS,2.0,years,3,1,2.8064391018633614,16.256360647381793,11.513517664793124,5,8,479,0,0,0,5
1,0,1,IN,0.0,from,0,1,3.274612926412374,18.126283629319108,8.815789051907856,4,8,480,0,0,0,6
2,0,1,DT,0.0,the,0,0,2.1134998209308833,20.651930178991396,5.17205129965733,3,8,481,0,0,0,7
0,1,1,NN,3.0,time,1,1,10.78837991761975,17.075857868787498,10.33123308744883,4,8,482,0,0,0,8
4,0,1,DT,0.0,the,0,0,3.246492976206355,20.651930178991396,5.17205129965733,3,8,483,0,0,0,9
0,0,0,JJ,0.0,first,0,1,5.215230728616007,16.77947782339326,10.758819109157542,5,8,484,0,0,0,10
0,1,1,NN,2.0,book,2,1,6.915973044000566,15.047450510172212,13.257606324625783,4,8,485,0,0,0,11
1,0,1,IN,0.0,on,0,1,5.143976834020577,18.53086189167023,8.232105999162414,2,8,486,0,0,0,12
1,3,2,NNP,2.0,Roswell,3,3,2.3282472799764946,14.254242149468276,31.294328513097746,7,8,487,0,0,0,13
1,0,1,VBD,0.0,was,0,1,1.0245986364316195,18.521451560034553,8.24568223794633,3,8,488,0,0,0,14
1,0,1,VBN,3.0,published,0,1,1.0698063292074949,14.5452461440398,13.982134073157798,9,8,489,0,0,0,15
1,0,1,IN,0.0,in,0,1,1.1279041394591331,19.583721360186956,6.713150865180346,2,8,490,0,0,0,16
1,0,1,CD,0.0,nineteen,0,0,2.640446402132511,11.02307824758943,19.06354823054506,8,8,491,0,0,0,17
0,9,1,NN,3.0,"eighty,",8,4,7.3608467483427376,20.7599279749283,23.524194298737132,7,8,492,1,0,0,18
1,0,1,IN,0.0,as,0,1,7.256107183871791,18.455643172698917,8.340623672004352,2,8,493,0,0,0,19
2,0,1,JJ,0.0,many,0,0,6.907215543091297,16.22722338174218,11.555553853436455,4,8,494,0,0,0,20
0,0,0,JJ,0.0,new,0,1,8.307892340701073,16.69136483421134,10.885939281688206,3,8,495,0,0,0,21
0,0,0,NNS,2.0,witnesses,2,1,5.0602827705442905,12.930522252965412,16.31168822321575,9,8,496,0,0,0,22
0,0,0,CC,1.0,and,0,0,3.5470273913815618,19.93279149564298,6.2095491118355035,3,8,497,0,0,0,23
0,1,1,NNS,1.0,accounts,2,3,6.424623171798885,13.450652221217522,15.561299297400698,8,8,498,0,0,0,24
1,1,1,VBD,3.0,"emerged,",1,1,4.916726873954758,20.76019574069831,21.49403641572574,8,8,499,1,0,0,25
2,0,1,VBN,1.0,drawn,0,0,14.262264816788957,13.485050412450736,15.51167319749299,5,8,500,0,0,0,26
1,1,1,RP,1.0,out,2,2,7.604315131437033,17.1329401691801,10.24888073574989,3,8,501,0,0,0,27
1,0,1,IN,0.0,in,0,1,4.1188454035436735,19.583721360186956,6.713150865180346,2,8,502,0,0,0,28
1,2,1,NN,2.0,part,2,2,8.658645733841695,16.00726140395166,11.872891907978971,4,8,503,0,0,0,29
1,0,1,IN,0.0,by,0,1,1.179276967421174,18.29067397824052,8.57862391074893,2,8,504,0,0,0,30
2,0,1,DT,0.0,the,0,0,2.1457574925152585,20.651930178991396,5.17205129965733,3,8,505,0,0,0,31
0,1,1,NN,3.0,publicity,1,2,7.462983997655101,11.573079387789976,18.27006431309446,9,8,506,0,0,0,32
1,0,1,IN,0.0,on,0,1,8.094645644538105,18.53086189167023,8.232105999162414,2,8,507,0,0,0,33
1,0,1,DT,0.0,the,0,1,0.9276545264874584,20.651930178991396,5.17205129965733,3,8,508,0,0,0,34
0,10,1,NN,3.0,incident.,10,2,8.051183327741455,20.84349034400671,20.204263094152104,9,8,509,1,0,1,35
2,0,1,IN,0.0,Of,0,0,9.398219712311402,14.240379521059053,14.421963638264693,2,8,510,0,1,0,0
2,0,1,DT,0.0,the,0,0,1.856446426245384,20.651930178991396,5.17205129965733,3,8,511,0,0,0,1
0,1,1,NNS,2.0,hundreds,1,1,5.512783927726559,13.48179292393935,15.516372760014118,8,8,512,0,0,0,2
1,0,1,IN,0.0,of,0,1,0.3703484199941158,20.087642241543257,5.986146708647226,2,8,513,0,0,0,3
2,1,2,NNS,2.0,witnesses,2,1,3.870270006358623,12.930522252965412,16.31168822321575,9,8,514,0,0,0,4
2,1,2,WDT,0.0,that,0,1,4.6071910336613655,19.024464301341364,7.519988250559035,4,8,515,0,0,0,5
2,0,1,DT,0.0,the,0,0,4.470001395791769,20.651930178991396,5.17205129965733,3,8,516,0,0,0,6
0,0,0,JJ,0.0,various,0,1,8.753505686763674,15.034184469521218,13.276745175685203,7,8,517,0,0,0,7
0,1,1,NNS,2.0,researchers,2,1,8.465112445410341,13.438468170107624,15.578877167514886,11,8,518,0,0,0,8
1,5,1,VBD,3.0,"interviewed,",3,2,2.846705368719995,20.760029897498217,22.40385072871692,12,8,519,1,0,0,9
1,0,1,DT,0.0,a,0,1,4.567810580891091,19.69218547190043,6.556670229096891,1,8,520,0,0,0,10
1,0,1,RB,0.0,seemingly,0,1,12.509603909391444,12.42949215876339,17.034521855457136,9,8,521,0,0,0,11
0,1,0,JJ,1.0,impressive,1,1,11.393343422561884,12.720167918163789,16.61516537886355,10,8,522,0,0,0,12
0,3,1,NN,3.0,"figure,",6,4,12.340519697405398,20.76139702890235,19.35966874218652,7,8,523,1,0,0,13
1,0,1,DT,0.0,a,0,0,5.17276802752167,19.69218547190043,6.556670229096891,1,8,524,0,0,0,14
1,0,1,JJ,0.0,comparable,0,1,17.40117025654763,13.109336900060246,16.053713218613723,10,8,525,0,0,0,15
0,2,0,JJ,2.0,few,2,2,11.748788457363844,15.640373671735874,12.402199019809682,3,8,526,0,0,0,16
1,0,1,VBD,0.0,were,0,1,7.35289141535759,17.723648827567594,9.39666828368408,4,8,527,0,0,0,17
2,0,1,JJ,0.0,true,0,0,11.509594306349754,15.398799753202052,12.75071651408654,4,8,528,0,0,0,18
0,1,1,``,4.0,'witnesses',3,4,15.784520538523791,17.997535188829676,51.35591449811336,11,8,529,1,0,0,19
2,1,2,WP,0.0,who,0,1,1.8954468052834272,16.99990971408453,10.440803113603463,3,8,530,0,0,0,20
2,0,1,VBD,2.0,claimed,0,1,2.816183341667056,13.619629485036564,15.317516636865978,7,8,531,0,0,0,21
2,0,1,TO,0.0,to,0,1,0.8960215835832059,19.88357245739644,6.280557174231113,2,8,532,0,0,0,22
1,0,1,VB,0.0,have,0,0,0.2611024756915867,17.990997945585363,9.010965036933804,4,8,533,0,0,0,23
2,1,2,RB,0.0,actually,1,1,6.91655398439616,15.045516247046152,13.260396876445522,8,8,534,0,0,0,24
0,0,0,VBN,4.0,seen,0,0,1.9455357352271676,15.24654474885531,12.970374053808117,4,8,535,0,0,0,25
1,0,1,NN,1.0,debris,0,0,10.08750494197011,12.068584865286942,17.555201017976266,6,8,536,0,0,0,26
0,0,0,CC,1.0,or,0,0,4.3608191553503275,18.052589408876212,8.922107338283002,2,8,537,0,0,0,27
0,11,2,NNS,1.0,aliens.,12,6,9.335502233356236,20.842856653581656,23.072035305760657,7,8,538,1,0,1,28
4,1,2,JJS,0.0,Most,0,0,6.097692312672734,14.005358718677638,14.7610269843661,4,8,539,0,1,0,0
1,0,1,IN,0.0,of,0,1,1.1615978276968235,20.087642241543257,5.986146708647226,2,8,540,0,0,0,1
1,0,1,DT,0.0,these,0,1,1.3549738691508535,16.716016513197467,10.85037442666533,5,8,541,0,0,0,2
0,0,0,JJ,0.0,so-called,0,1,10.580551516497508,19.737811528837508,32.510406498893374,9,8,542,0,0,0,3
0,3,1,NNS,4.0,witnesses,4,1,2.7950224429368973,12.930522252965412,16.31168822321575,9,8,543,0,0,0,4
1,0,1,VBD,0.0,were,0,1,1.9023394882678983,17.723648827567594,9.39666828368408,4,8,544,0,0,0,5
1,0,1,VBG,2.0,repeating,0,1,15.924865119159222,11.85973692428455,17.85650490676029,9,8,545,0,0,0,6
2,0,1,DT,0.0,the,0,0,1.8741746280575171,20.651930178991396,5.17205129965733,3,8,546,0,0,0,7
0,1,1,NNS,2.0,claims,1,2,4.870647270581685,14.53171926551986,14.001649233717224,6,8,547,0,0,0,8
1,0,1,IN,0.0,of,0,1,1.2263135957764462,20.087642241543257,5.986146708647226,2,8,548,0,0,0,9
1,6,2,NNS,2.0,"others,",6,2,6.193097963056061,20.763302641045332,18.204630075183328,7,8,549,1,0,0,10
0,0,0,CC,1.0,and,0,0,3.6202847695094538,19.93279149564298,6.2095491118355035,3,8,550,0,0,0,11
2,0,1,PRP$,0.0,their,0,0,6.03642450098414,17.287357438148756,10.026103707581193,5,8,551,0,0,0,12
0,1,1,NN,1.0,testimony,1,2,4.417948478716426,13.886708729322288,14.932202735610591,9,8,552,0,0,0,13
1,0,1,MD,0.0,would,0,1,5.853249134495854,17.12711793173308,10.257280448841584,5,8,553,0,0,0,14
1,0,1,VB,0.0,be,0,0,2.515917908400297,18.381669296901407,8.447345415772759,2,8,554,0,0,0,15
1,0,1,JJ,0.0,inadmissible,0,0,14.699652172625065,10.746820419859958,19.462104028617127,12,8,555,0,0,0,16
0,1,0,NN,5.0,hearsay,2,3,12.878942350536818,11.289056650716423,18.679822507370183,7,8,556,0,0,0,17
1,0,1,IN,0.0,in,0,1,2.4802223093574867,19.583721360186956,6.713150865180346,2,8,557,0,0,0,18
1,0,1,DT,0.0,an,0,1,6.729125445242971,17.966326533280526,9.046558361117718,2,8,558,0,0,0,19
0,0,0,JJ,0.0,American,0,1,7.06499529548455,15.162827576313909,13.09115240347084,8,8,559,0,0,0,20
0,6,0,NN,4.0,court.,9,3,3.299937372095883,20.849950786071673,16.907139238468734,6,8,560,1,0,1,21
2,0,1,IN,0.0,As,0,0,5.561619265703484,15.831493928052089,12.126470773808853,2,8,561,0,1,0,0
1,0,1,IN,0.0,for,0,1,5.616841334849596,18.90419907432743,7.693494297163422,3,8,562,0,0,0,1
2,0,1,DT,0.0,the,0,0,0.7235404991079122,20.651930178991396,5.17205129965733,3,8,563,0,0,0,2
0,0,0,JJ,0.0,several,0,1,10.318263952620327,15.389540750537888,12.76407443131371,7,8,564,0,0,0,3
0,1,1,NNS,4.0,accounts,2,2,8.294312880374491,13.450652221217522,15.561299297400698,8,8,565,0,0,0,4
1,0,1,IN,0.0,from,0,1,6.521675109048374,18.126283629319108,8.815789051907856,4,8,566,0,0,0,5
2,1,2,DT,2.0,those,0,1,4.560068671242334,16.253798758701542,11.51721368888743,5,8,567,0,0,0,6
2,1,2,WP,0.0,who,0,1,1.1446843615267426,16.99990971408453,10.440803113603463,3,8,568,0,0,0,7
2,0,1,VBD,2.0,claimed,0,1,2.4564130371436477,13.619629485036564,15.317516636865978,7,8,569,0,0,0,8
2,0,1,TO,0.0,to,0,1,0.4037791335722431,19.88357245739644,6.280557174231113,2,8,570,0,0,0,9
1,0,1,VB,0.0,have,0,1,0.2505385392578318,17.990997945585363,9.010965036933804,4,8,571,0,0,0,10
1,0,1,VBN,3.0,seen,0,1,1.2737556281499565,15.24654474885531,12.970374053808117,4,8,572,0,0,0,11
1,13,4,NNS,1.0,"aliens,",11,2,3.686420607031323,20.759950481224585,23.19165617971156,7,8,573,1,0,0,12
1,1,1,NNS,0.0,critics,0,1,13.367371344356798,12.419388058525405,17.049098990763124,7,8,574,0,0,0,13
1,0,1,VBD,2.0,identified,0,1,9.856468558777124,14.629323282425776,13.860836402556217,10,8,575,0,0,0,14
2,0,1,DT,0.0,a,0,0,3.944185561995255,19.69218547190043,6.556670229096891,1,8,576,0,0,0,15
0,1,1,NN,2.0,variety,1,2,5.08142356571625,14.136747321942709,14.571473298006254,7,8,577,0,0,0,16
1,0,1,IN,0.0,of,0,1,0.0323055353946983,20.087642241543257,5.986146708647226,2,8,578,0,0,0,17
2,1,2,NNS,2.0,problems,0,1,6.4239485445432365,14.801372500721572,13.612621848532047,8,8,579,0,0,0,18
1,0,1,IN,0.0,with,0,1,0.9354871163377538,18.681580760008114,8.014664635242958,4,8,580,0,0,0,19
1,7,1,PRP,2.0,them.,8,2,5.194258071365766,20.86034685929956,15.609819837378044,5,8,581,1,0,1,20
2,0,1,DT,0.0,These,0,0,5.310732594691217,15.377943232300195,12.780806113361848,5,8,582,0,1,0,0
0,1,1,NNS,1.0,problems,1,1,2.4589048200286925,14.801372500721572,13.612621848532047,8,8,583,0,0,0,1
1,0,1,VBD,1.0,ranged,0,1,5.278995543718338,12.334333925474184,17.17180616672323,6,8,584,0,0,0,2
1,0,1,IN,0.0,from,0,0,0.1006190562620759,18.126283629319108,8.815789051907856,4,8,585,0,0,0,3
2,0,1,DT,0.0,the,0,0,1.8932618398685008,20.651930178991396,5.17205129965733,3,8,586,0,0,0,4
0,1,1,NN,3.0,reliability,1,2,7.761960802366957,12.790885448440418,16.51314154862954,11,8,587,0,0,0,5
1,0,1,IN,0.0,of,0,1,0.1860535495798103,20.087642241543257,5.986146708647226,2,8,588,0,0,0,6
1,0,1,JJ,0.0,second-hand,0,0,16.90589022851782,19.685959502170608,34.005248771110715,11,8,589,0,0,0,7
0,4,0,NNS,3.0,"accounts,",4,3,4.410763781226706,20.760510285112293,20.57766797533231,9,8,590,1,0,0,8
1,0,1,TO,0.0,to,0,0,1.0004012248828076,19.88357245739644,6.280557174231113,2,8,591,0,0,0,9
2,0,1,JJ,0.0,serious,0,0,11.627920605591498,14.10489193577852,14.617430905650934,7,8,592,0,0,0,10
0,0,0,NN,0.0,credibility,0,1,9.480436131358148,12.328670736844323,17.179976420875146,11,8,593,0,0,0,11
0,1,1,NNS,4.0,problems,2,2,2.8382822945713997,14.801372500721572,13.612621848532047,8,8,594,0,0,0,12
1,0,1,IN,0.0,with,0,1,2.2473324174061418,18.681580760008114,8.014664635242958,4,8,595,0,0,0,13
2,1,2,NNS,0.0,witnesses,1,1,6.5583222871646285,12.930522252965412,16.31168822321575,9,8,596,0,0,0,14
1,0,1,VBG,3.0,making,0,1,8.38662639784161,15.192072714439746,13.048960587726585,6,8,597,0,0,0,15
3,0,1,RB,0.0,demonstrably,0,0,14.409406030608809,14.003810044611429,33.24441260092185,12,8,598,0,0,0,16
0,1,1,JJ,1.0,false,1,1,0.2531469299574382,14.793638164814292,13.62378013659005,5,8,599,0,0,0,17
0,0,0,CC,1.0,or,0,0,4.995152364950627,18.052589408876212,8.922107338283002,2,8,600,0,0,0,18
1,2,2,JJ,1.0,internally-inconsistent,2,2,36.34401557943784,19.738992069065493,53.34915601308408,23,8,601,0,0,0,19
0,6,0,NNS,2.0,"claims,",5,4,2.585679535754025,20.761812359422684,19.018017911648837,7,8,602,1,0,0,20
1,0,1,TO,0.0,to,0,0,0.7838940930087119,19.88357245739644,6.280557174231113,2,8,603,0,0,0,21
2,0,1,JJ,0.0,dubious,0,0,9.763209984172136,10.988761276765056,19.113057154171713,7,8,604,0,0,0,22
0,0,0,JJ,0.0,death-bed,0,1,22.752739157527685,19.672788506418563,35.36219846679667,9,8,605,0,0,0,23
0,1,1,``,4.0,'confessions',4,3,18.70117170084268,17.865384916536414,67.8512718678078,13,8,606,1,0,0,24
0,0,0,CC,1.0,or,0,0,3.7320307036861777,18.052589408876212,8.922107338283002,2,8,607,0,0,0,25
2,1,2,NNS,1.0,accounts,0,1,7.49135509505868,13.450652221217522,15.561299297400698,8,8,608,0,0,0,26
1,0,1,IN,0.0,from,0,1,4.958312222268432,18.126283629319108,8.815789051907856,4,8,609,0,0,0,27
3,1,2,JJ,0.0,elderly,0,0,10.057682810816914,12.729649624111516,16.601486168713596,7,8,610,0,0,0,28
0,0,0,CC,1.0,or,0,0,3.798308063996956,18.052589408876212,8.922107338283002,2,8,611,0,0,0,29
1,0,1,RB,0.0,easily,0,1,13.645768608199432,14.388169484562122,14.208747790825653,6,8,612,0,0,0,30
0,2,1,VBN,2.0,confused,3,2,5.839335863478482,12.77851157867053,16.530993269183163,8,8,613,0,0,0,31
0,7,0,NNS,3.0,witnesses.,13,7,2.940731354057789,20.843122189351003,21.208436027196456,10,8,614,1,0,1,32
3,0,1,DT,0.0,A,0,0,5.419117661193013,17.13359437447058,10.24793691702159,1,8,615,0,1,0,0
0,0,0,JJ,0.0,basic,0,1,10.479600480757654,14.187145146356686,14.498764606652616,5,8,616,0,0,0,1
0,1,1,NN,2.0,problem,2,1,2.3640206400305033,15.485096743484648,12.6262162741622,7,8,617,0,0,0,2
1,0,1,IN,0.0,with,0,1,1.6354287250433115,18.681580760008114,8.014664635242958,4,8,618,0,0,0,3
1,0,1,PDT,0.0,all,0,1,3.7038446890655905,17.469149055179013,9.763833843216451,3,8,619,0,0,0,4
0,0,0,DT,0.0,the,0,1,4.222436209209263,20.651930178991396,5.17205129965733,3,8,620,0,0,0,5
0,0,0,NN,0.0,witness,0,1,9.55479719908908,13.34534371539997,15.713227356507108,7,8,621,0,0,0,6
0,3,1,NNS,5.0,"accounts,",6,2,3.7551719746843446,20.760510285112293,20.57766797533231,9,8,622,1,0,0,7
1,0,1,VBG,0.0,according,0,1,5.1183923982825945,15.031791801707753,13.280197065674187,9,8,623,0,0,0,8
1,0,1,TO,1.0,to,0,1,0.0019180085873813,19.88357245739644,6.280557174231113,2,8,624,0,0,0,9
1,0,1,DT,0.0,the,0,1,2.537406748626381,20.651930178991396,5.17205129965733,3,8,625,0,0,0,10
0,3,0,NNS,2.0,"critics,",4,2,3.4070067551801912,20.760079785008887,22.065467668694737,8,8,626,1,0,0,11
1,0,1,VBZ,2.0,is,0,1,2.851725705957506,19.144004138058012,7.347528720939248,2,8,627,0,0,0,12
1,0,1,IN,0.0,that,0,1,0.4104803528171032,19.024464301341364,7.519988250559035,4,8,628,0,0,0,13
2,1,2,PRP,0.0,they,0,0,1.15123947057873,17.366789695455783,9.911507183877728,4,8,629,0,0,0,14
1,1,1,DT,0.0,all,1,2,4.541716638021171,17.469149055179013,9.763833843216451,3,8,630,0,0,0,15
2,0,1,VBD,4.0,came,0,0,5.968604374444112,15.304613280765835,12.886598870789095,4,8,631,0,0,0,16
4,0,1,DT,0.0,a,0,0,11.532541387015954,19.69218547190043,6.556670229096891,1,8,632,0,0,0,17
0,1,1,NN,1.0,minimum,0,1,13.30806813808158,13.944344308927736,14.849052170735051,7,8,633,0,0,0,18
1,0,1,IN,0.0,of,0,1,0.1670337615651078,20.087642241543257,5.986146708647226,2,8,634,0,0,0,19
1,3,2,CD,2.0,thirty-one,0,0,12.738785436551552,19.674834467756224,35.5762043863255,10,8,635,0,0,0,20
0,1,1,NNS,2.0,years,4,3,0.228946968447417,16.256360647381793,11.513517664793124,5,8,636,0,0,0,21
0,0,0,IN,1.0,after,0,1,0.8322963628452271,16.646807242872875,10.950222297746166,5,8,637,0,0,0,22
2,0,1,DT,0.0,the,0,0,0.3680488019017502,20.651930178991396,5.17205129965733,3,8,638,0,0,0,23
0,1,1,NNS,2.0,events,1,2,2.977005704655312,14.7298950741632,13.715741977363315,6,8,639,0,0,0,24
1,0,1,IN,0.0,in,0,1,3.7755275228992105,19.583721360186956,6.713150865180346,2,8,640,0,0,0,25
1,5,2,NN,2.0,"question,",6,2,4.788130478642415,20.7639940305875,17.941412302058126,9,8,641,1,0,0,26
0,0,0,CC,1.0,and,0,0,1.527685773849953,19.93279149564298,6.2095491118355035,3,8,642,0,0,0,27
1,0,1,IN,0.0,in,0,1,5.852844340726733,19.583721360186956,6.713150865180346,2,8,643,0,0,0,28
1,0,1,JJ,0.0,many,0,0,1.9979993952438235,16.22722338174218,11.555553853436455,4,8,644,0,0,0,29
0,2,0,NNS,3.0,cases,2,2,0.6192707633599639,15.295030882964106,12.90042334857748,5,8,645,0,0,0,30
1,0,1,VBD,0.0,were,0,1,2.8119283355772495,17.723648827567594,9.39666828368408,4,8,646,0,0,0,31
1,0,1,VBN,2.0,recounted,0,1,12.967274023219945,16.72021182298703,28.979898096606508,9,8,647,0,0,0,32
3,0,1,JJR,0.0,more,0,0,6.765927765518427,17.253429346216002,10.0750515975594,4,8,648,0,0,0,33
0,0,0,IN,1.0,than,1,1,0.90667337103514,16.958709278696364,10.500242777420445,4,8,649,0,0,0,34
0,1,1,CD,1.0,forty,1,1,4.505534286436159,12.673595074141897,16.68235578997403,5,8,650,0,0,0,35
0,1,1,NNS,2.0,years,1,2,0.4201590493321419,16.256360647381793,11.513517664793124,5,8,651,0,0,0,36
0,0,0,IN,1.0,after,0,1,1.1608276143670082,16.646807242872875,10.950222297746166,5,8,652,0,0,0,37
1,0,1,DT,0.0,the,0,1,0.6181407239928376,20.651930178991396,5.17205129965733,3,8,653,0,0,0,38
0,9,0,NN,2.0,fact.,14,4,6.650928939256119,20.847685830303735,17.45419043163747,5,8,654,1,0,1,39
4,0,1,RB,0.0,Not,0,0,9.709620953537524,14.486602806693387,14.066738525128647,3,8,655,0,1,0,0
0,1,1,RB,1.0,only,0,0,0.9340755471494048,16.873419471860046,10.623289958781577,4,8,656,0,0,0,1
1,0,1,VBP,0.0,are,0,1,5.5011430674931034,18.2277629932606,8.669385276796898,3,8,657,0,0,0,2
1,0,1,NNS,2.0,memories,1,1,14.344313257257454,12.808424937000495,16.48783741546419,8,8,658,0,0,0,3
2,0,1,DT,0.0,this,0,1,13.363549921661615,18.084110076486997,8.876632627435416,4,8,659,0,0,0,4
0,4,1,JJ,2.0,old,0,1,6.032011775299907,15.379287495206372,12.778866751933457,3,8,660,0,0,0,5
1,0,1,IN,0.0,of,0,1,7.750448543578386,20.087642241543257,5.986146708647226,2,8,661,0,0,0,6
1,0,1,JJ,0.0,dubious,0,0,7.635719191282988,10.988761276765056,19.113057154171713,7,8,662,0,0,0,7
0,4,2,NN,3.0,"reliability,",6,3,6.172060197626706,20.760187129611385,21.52951022656115,12,8,663,1,0,0,8
2,1,2,PRP,0.0,they,0,1,2.833516783604864,17.366789695455783,9.911507183877728,4,8,664,0,0,0,9
1,0,1,VBD,0.0,were,0,1,4.340312629006803,17.723648827567594,9.39666828368408,4,8,665,0,0,0,10
1,1,1,RB,0.0,also,5,2,2.045385000295937,17.098693889788326,10.2982876731973,4,8,666,0,0,0,11
1,0,1,VBN,4.0,subject,0,1,7.2853988176211715,14.717666665024517,13.73338384258566,7,8,667,0,0,0,12
1,0,1,TO,0.0,to,0,1,0.016020669369027,19.88357245739644,6.280557174231113,2,8,668,0,0,0,13
2,1,2,NN,2.0,contamination,0,1,8.206665395060554,12.32625280578628,17.183464758021803,13,8,669,0,0,0,14
1,0,1,IN,0.0,from,0,1,3.2258792612701654,18.126283629319108,8.815789051907856,4,8,670,0,0,0,15
2,0,1,JJ,0.0,other,0,0,3.542378632351756,17.02036838824095,10.41128748585484,5,8,671,0,0,0,16
0,1,1,NNS,3.0,accounts,6,2,6.721124075353146,13.450652221217522,15.561299297400698,8,8,672,0,0,0,17
3,0,1,DT,0.0,the,0,0,8.59039834944997,20.651930178991396,5.17205129965733,3,8,673,0,0,0,18
0,1,1,NNS,1.0,witnesses,1,2,5.425732753588818,12.930522252965412,16.31168822321575,9,8,674,0,0,0,19
1,0,1,MD,0.0,may,0,1,6.652076182188466,16.758305291362376,10.78936461612156,3,8,675,0,0,0,20
1,0,1,VB,0.0,have,0,1,0.0749567009042948,17.990997945585363,9.010965036933804,4,8,676,0,0,0,21
1,0,1,VBN,0.0,been,0,1,4.012117143254727,17.198255400550867,10.154650775356767,4,8,677,0,0,0,22
1,0,1,VBN,5.0,exposed,0,1,5.148564633447677,13.660509183065214,15.25853969924701,7,8,678,0,0,0,23
1,15,2,TO,1.0,to.,7,2,1.489039090462029,21.167159740236396,11.17730497821182,3,8,679,1,0,1,24
2,0,1,IN,0.0,Though,0,0,9.75482915341854,12.972630590965608,16.25093873280279,6,8,680,0,1,0,0
2,1,2,EX,0.0,there,0,1,4.482300981879234,17.088435267092525,10.313087737286883,5,8,681,0,0,0,1
1,0,1,VBD,0.0,had,0,0,5.975847936235368,17.432489551576744,9.816722327264898,3,8,682,0,0,0,2
1,1,1,RB,0.0,always,1,1,6.201974708063062,15.503668334268962,12.59942313223625,6,8,683,0,0,0,3
1,0,1,VBN,0.0,been,0,0,0.0278982096933759,17.198255400550867,10.154650775356767,4,8,684,0,0,0,4
2,1,2,NNS,5.0,skeptics,0,1,8.79505943134427,14.696867343357612,33.946638407286045,8,8,685,0,0,0,5
2,1,2,WP,0.0,who,0,1,2.167415427044034,16.99990971408453,10.440803113603463,3,8,686,0,0,0,6
2,0,1,VBD,2.0,had,0,1,4.42890388565138,17.432489551576744,9.816722327264898,3,8,687,0,0,0,7
2,0,1,JJ,0.0,many,0,0,10.647337926086038,16.22722338174218,11.555553853436455,4,8,688,0,0,0,8
0,1,1,NNS,2.0,objections,1,2,7.584451958537102,12.000996147647315,17.652710925735,10,8,689,0,0,0,9
1,0,1,TO,0.0,to,0,1,0.0900488939369097,19.88357245739644,6.280557174231113,2,8,690,0,0,0,10
2,0,1,DT,0.0,the,0,0,1.066133440937847,20.651930178991396,5.17205129965733,3,8,691,0,0,0,11
0,1,1,NN,3.0,plausibility,1,2,9.917035406804644,13.506670219753572,35.167116028596965,12,8,692,0,0,0,12
1,0,1,IN,0.0,of,0,1,0.1655913159484043,20.087642241543257,5.986146708647226,2,8,693,0,0,0,13
1,0,1,DT,0.0,these,0,1,3.686451285495423,16.716016513197467,10.85037442666533,5,8,694,0,0,0,14
0,13,2,NNS,3.0,"accounts,",13,4,2.0610274192295037,20.760510285112293,20.57766797533231,9,8,695,1,0,0,15
1,1,1,PRP,0.0,it,0,1,5.215623608382884,18.431334787537676,8.375693258728493,2,8,696,0,0,0,16
1,0,1,VBD,2.0,was,0,1,1.2370932349003851,18.521451560034553,8.24568223794633,3,8,697,0,0,0,17
0,0,0,RB,1.0,not,1,1,3.7430735242087394,18.05588478508421,8.917353115369856,3,8,698,0,0,0,18
1,0,1,IN,0.0,until,0,1,0.3704821267165243,15.481263584316432,12.631746353885124,5,8,699,0,0,0,19
1,0,1,DT,0.0,the,0,1,1.208782437199261,20.651930178991396,5.17205129965733,3,8,700,0,0,0,20
0,0,0,JJ,0.0,mid,0,1,3.855819742020685,14.122640783128835,14.59182473159714,3,8,701,0,0,0,21
0,0,0,CD,0.0,nineteen,0,1,1.416566487401724,11.02307824758943,19.06354823054506,8,8,702,0,0,0,22
0,2,0,NNS,5.0,nineties,5,1,2.3481516912579536,15.457180976659014,33.59723316311701,8,8,703,0,0,0,23
1,0,1,IN,0.0,that,0,1,0.2108660610392689,19.024464301341364,7.519988250559035,4,8,704,0,0,0,24
3,0,1,DT,0.0,a,0,0,3.985695972689427,19.69218547190043,6.556670229096891,1,8,705,0,0,0,25
0,0,0,JJ,0.0,strong,0,1,7.278351915883832,14.795056988510993,13.621733206678927,6,8,706,0,0,0,26
0,1,1,NN,2.0,counter-argument,2,1,13.853052865248172,19.6652665964908,39.07781816001996,16,8,707,0,0,0,27
1,0,1,TO,0.0,to,0,1,4.6699384756502695,19.88357245739644,6.280557174231113,2,8,708,0,0,0,28
2,0,1,DT,0.0,the,0,0,0.9973173624021,20.651930178991396,5.17205129965733,3,8,709,0,0,0,29
0,1,1,NN,3.0,presence,1,2,11.827877296018414,14.739213352507829,13.702298543405902,8,8,710,0,0,0,30
1,0,1,IN,0.0,of,0,1,0.1837629241636023,20.087642241543257,5.986146708647226,2,8,711,0,0,0,31
1,5,2,NNS,2.0,aliens,4,2,1.0855343957664445,11.63877366733509,18.17528750177995,6,8,712,0,0,0,32
1,0,1,VBD,3.0,was,0,1,2.016512200469151,18.521451560034553,8.24568223794633,3,8,713,0,0,0,33
1,0,1,RB,1.0,widely,0,1,9.75323122786358,13.630543905988434,15.30177045588454,6,8,714,0,0,0,34
1,7,1,VBN,1.0,publicized.,8,2,8.85123550076969,20.85037597298456,30.77774934802388,11,8,715,1,0,1,35
2,0,1,DT,0.0,The,0,0,2.666763929184526,18.12053694573349,8.824079763818386,3,8,716,0,1,0,0
0,0,0,NNP,0.0,General,0,1,13.406691862735896,14.393668234821538,14.200814771095304,7,8,717,0,0,0,1
0,0,0,NNP,0.0,Accounting,0,1,3.0727456394888577,16.94191089748277,27.57573792951275,10,8,718,0,0,0,2
0,1,1,NNP,3.0,Office,3,1,0.2932117389209452,13.602360653396769,15.34243029463466,6,8,719,0,0,0,3
2,0,1,VBD,1.0,launched,0,0,10.593002310255542,13.198546338136616,15.925011204700454,8,8,720,0,0,0,4
1,0,1,DT,0.0,an,0,1,1.8157000383071136,17.966326533280526,9.046558361117718,2,8,721,0,0,0,5
0,2,1,NN,2.0,inquiry,2,1,4.810163120535435,12.677250585003678,16.67708200258182,7,8,722,0,0,0,6
0,0,0,CC,1.0,and,0,0,5.348016560077667,19.93279149564298,6.2095491118355035,3,8,723,0,0,0,7
1,0,1,VBD,1.0,directed,0,1,10.905791120836511,13.75530397375794,15.121779724812503,8,8,724,0,0,0,8
3,0,1,DT,0.0,the,0,0,1.4878600208321586,20.651930178991396,5.17205129965733,3,8,725,0,0,0,9
0,1,1,NNP,2.0,Office,1,2,3.5235036584781483,13.602360653396769,15.34243029463466,6,8,726,0,0,0,10
1,0,1,IN,0.0,of,0,1,0.577362330222968,20.087642241543257,5.986146708647226,2,8,727,0,0,0,11
2,0,1,DT,0.0,the,0,0,1.9104511212644864,20.651930178991396,5.17205129965733,3,8,728,0,0,0,12
0,1,1,NNP,3.0,Secretary,1,2,5.8341766920202645,13.28469478932178,15.80072526139535,9,8,729,0,0,0,13
1,0,1,IN,0.0,of,0,1,0.2124330040242057,20.087642241543257,5.986146708647226,2,8,730,0,0,0,14
1,0,1,DT,0.0,the,0,1,2.0310594486509217,20.651930178991396,5.17205129965733,3,8,731,0,0,0,15
0,0,0,NNP,0.0,Air,0,1,3.6288879714993527,13.708950434175357,15.188653746495948,3,8,732,0,0,0,16
0,5,1,NNP,4.0,Force,7,1,0.2649950591148808,13.117778884658224,16.04153400929896,5,8,733,0,0,0,17
1,0,1,TO,0.0,to,0,1,0.2559134634211659,19.88357245739644,6.280557174231113,2,8,734,0,0,0,18
1,0,1,VB,2.0,conduct,0,1,2.7014710617950186,13.992951892488271,14.778926250982668,7,8,735,0,0,0,19
1,0,1,DT,0.0,an,0,1,1.706299405603204,17.966326533280526,9.046558361117718,2,8,736,0,0,0,20
0,0,0,JJ,0.0,internal,0,1,4.278470394725446,14.212402353361126,14.462326159360607,8,8,737,0,0,0,21
0,7,0,NN,3.0,investigation.,9,4,3.645964039955288,20.843794265892846,19.704383864212595,14,8,738,1,0,1,22
2,0,1,DT,0.0,The,0,0,1.8448019862407816,18.12053694573349,8.824079763818386,3,8,739,0,1,0,0
0,1,1,NN,1.0,result,1,1,6.540447264793329,15.57353328952028,12.498629307763242,6,8,740,0,0,0,1
1,0,1,VBD,0.0,was,0,1,0.9933270998299122,18.521451560034553,8.24568223794633,3,8,741,0,0,0,2
1,0,1,VBN,2.0,summarized,0,1,11.615264844149351,12.338555989143146,17.165715016405702,10,8,742,0,0,0,3
1,0,1,IN,0.0,in,0,1,0.7831729953177273,19.583721360186956,6.713150865180346,2,8,743,0,0,0,4
1,0,1,CD,0.0,two,0,0,5.509774199221283,16.868943842570165,10.629746926962948,3,8,744,0,0,0,5
0,5,0,NNS,3.0,reports.,6,3,9.661192246712744,20.84404921861532,19.387403991746048,8,8,745,1,0,1,6
3,0,1,DT,0.0,The,0,0,1.1886005431006197,18.12053694573349,8.824079763818386,3,8,746,0,1,0,0
0,1,1,JJ,1.0,"first,",2,2,2.022711356956279,20.77834769351069,15.775187787089155,6,8,747,1,0,0,1
1,0,1,VBN,1.0,released,0,0,5.204184840084054,14.363659133734986,14.244108752414409,8,8,748,0,0,0,2
1,0,1,IN,0.0,in,0,1,0.8391673872829415,19.583721360186956,6.713150865180346,2,8,749,0,0,0,3
1,0,1,CD,0.0,nineteen,0,0,4.431018007278908,11.02307824758943,19.06354823054506,8,8,750,0,0,0,4
0,4,1,CD,3.0,"ninety-five,",5,4,7.465464741457254,21.04795022984268,46.379968610032336,12,8,751,1,0,0,5
1,0,1,VBD,1.0,concluded,0,1,5.9171952730976045,13.543911786380662,15.426754185224375,9,8,752,0,0,0,6
1,0,1,IN,0.0,that,0,1,0.2595928981900215,19.024464301341364,7.519988250559035,4,8,753,0,0,0,7
3,0,1,DT,0.0,the,0,0,1.8524817847646773,20.651930178991396,5.17205129965733,3,8,754,0,0,0,8
0,0,0,VBN,0.0,reported,0,1,8.299529757583514,15.156772510698444,13.099888016606528,8,8,755,0,0,0,9
0,0,0,VBN,0.0,recovered,0,1,12.63455463037826,12.896212809544108,16.361186287095325,9,8,756,0,0,0,10
0,1,1,NN,3.0,material,3,1,5.50697064306587,14.94181777702114,13.410002144898382,8,8,757,0,0,0,11
1,0,1,IN,0.0,in,0,1,6.433676114771515,19.583721360186956,6.713150865180346,2,8,758,0,0,0,12
1,0,1,CD,0.0,nineteen,0,0,5.238875905517489,11.02307824758943,19.06354823054506,8,8,759,0,0,0,13
0,3,1,CD,3.0,forty-seven,3,3,2.812056156806648,19.662814845641105,41.02648595817869,11,8,760,0,0,0,14
1,0,1,VBD,0.0,was,0,0,1.2582855373620987,18.521451560034553,8.24568223794633,3,8,761,0,0,0,15
1,1,1,RB,0.0,likely,1,2,7.198985127732158,14.998676901321558,13.327971768240882,6,8,762,0,0,0,16
2,1,2,NN,5.0,debris,0,1,7.822675811126828,12.068584865286942,17.555201017976266,6,8,763,0,0,0,17
1,0,1,IN,0.0,from,0,1,0.8506879404885694,18.126283629319108,8.815789051907856,4,8,764,0,0,0,18
2,0,1,DT,0.0,a,0,0,1.336056325235404,19.69218547190043,6.556670229096891,1,8,765,0,0,0,19
0,0,0,JJ,0.0,secret,0,1,9.467323280405251,13.730304459569131,15.157846399957329,6,8,766,0,0,0,20
0,0,0,NN,0.0,government,0,1,5.546228684484959,15.259702531871463,12.95139138550162,10,8,767,0,0,0,21
0,1,1,NN,5.0,program,3,2,1.6669117137789726,15.05373724189112,13.24853648795152,7,8,768,0,0,0,22
1,0,1,VBN,1.0,called,0,1,1.5207344857044518,15.490025096731372,12.6191061633734,6,8,769,0,0,0,23
1,0,1,NNP,0.0,Project,0,0,8.026808197144419,13.437228130384169,15.580666166674424,7,8,770,0,0,0,24
0,2,0,NNP,2.0,"Mogul,",2,2,16.05876128433738,20.78184510162179,42.60685262140627,6,8,771,1,0,0,25
2,1,2,WDT,0.0,which,0,1,1.9081174231832847,17.599930483545194,9.57515612507219,5,8,772,0,0,0,26
2,0,1,VBD,2.0,involved,0,1,5.279976487159729,14.807492265523514,13.60379289420088,8,8,773,0,0,0,27
2,0,1,JJ,0.0,high,0,0,9.1810192912817,16.09639059118449,11.7443056715597,4,8,774,0,0,0,28
0,0,0,NN,0.0,altitude,0,1,0.5966963060200214,11.690117220134653,18.101214412774397,8,8,775,0,0,0,29
0,1,1,NNS,3.0,balloons,5,3,5.121455352753401,10.851296331126829,19.311377149540057,8,8,776,0,0,0,30
1,0,1,VBN,1.0,meant,0,1,9.564412840874866,13.934987269652446,14.862551524894917,5,8,777,0,0,0,31
2,0,1,TO,0.0,to,0,1,0.2045508270384743,19.88357245739644,6.280557174231113,2,8,778,0,0,0,32
1,0,1,VB,2.0,detect,0,1,5.681461842381395,13.47633025784685,15.5242537212958,6,8,779,0,0,0,33
2,0,1,JJ,0.0,sound,0,0,12.52121579181403,14.46144715116622,14.103030464608004,5,8,780,0,0,0,34
0,1,1,NNS,2.0,waves,1,2,1.1846702843904495,13.188738960110538,15.9391602603428,5,8,781,0,0,0,35
1,0,1,VBN,1.0,generated,0,0,6.560581422410905,14.320140830110168,14.306892393241837,9,8,782,0,0,0,36
1,0,1,IN,0.0,by,0,1,0.5806795370299369,18.29067397824052,8.57862391074893,2,8,783,0,0,0,37
2,0,1,JJ,0.0,Soviet,0,0,10.727443385636434,12.927044115224414,16.31670611528622,6,8,784,0,0,0,38
0,0,0,JJ,0.0,atomic,0,1,7.339851465076208,12.69201421338169,16.655782589135335,6,8,785,0,0,0,39
0,0,0,NN,0.0,bomb,0,1,3.7373029217123985,12.75000320375659,16.572122160295308,4,8,786,0,0,0,40
0,1,1,NNS,5.0,tests,3,1,3.560872510075569,14.146420209196975,14.557518271533446,5,8,787,0,0,0,41
0,0,0,CC,1.0,and,0,0,2.1307252421975136,19.93279149564298,6.2095491118355035,3,8,788,0,0,0,42
1,0,1,JJ,0.0,ballistic,0,0,10.745147758629171,10.903862046781908,19.235540852243695,9,8,789,0,0,0,43
0,21,2,NNS,2.0,missiles.,20,6,1.9817365184426308,20.842855047597368,23.095245928733128,9,8,790,1,0,1,44
3,0,1,DT,0.0,The,0,0,1.079806199122686,18.12053694573349,8.824079763818386,3,8,791,0,1,0,0
0,0,0,JJ,0.0,second,0,1,0.6933511203969829,15.864930682912982,12.07823173338762,6,8,792,0,0,0,1
0,1,1,NN,2.0,"report,",3,2,1.153493456891738,20.76282630391529,18.418562114878434,7,8,793,1,0,0,2
1,0,1,VBN,1.0,released,0,0,0.848698659799993,14.363659133734986,14.244108752414409,8,8,794,0,0,0,3
2,0,1,CD,0.0,two,0,0,7.040554245817475,16.868943842570165,10.629746926962948,3,8,795,0,0,0,4
0,1,1,NNS,1.0,years,1,2,0.7360332095413469,16.256360647381793,11.513517664793124,5,8,796,0,0,0,5
0,1,0,RB,2.0,"later,",3,2,0.6591810631216504,20.764239570353737,17.858361970703104,6,8,797,1,0,0,6
1,0,1,IN,0.0,in,0,1,8.594729505246505,19.583721360186956,6.713150865180346,2,8,798,0,0,0,7
1,0,1,CD,0.0,nineteen,0,0,0.8702147123403847,11.02307824758943,19.06354823054506,8,8,799,0,0,0,8
0,4,1,NN,3.0,"ninety-seven,",5,4,4.347214044304565,21.047755353824897,47.84561365119792,13,8,800,1,0,0,9
1,0,1,VBD,1.0,concluded,0,1,1.3142605528701097,13.543911786380662,15.426754185224375,9,8,801,0,0,0,10
1,0,1,IN,0.0,that,0,1,0.2257004268467426,19.024464301341364,7.519988250559035,4,8,802,0,0,0,11
3,1,2,NNS,0.0,reports,0,0,9.812636381480845,14.1927654740472,14.490656187765342,7,8,803,0,0,0,12
1,0,1,IN,0.0,of,0,1,1.313266634941101,20.087642241543257,5.986146708647226,2,8,804,0,0,0,13
1,0,1,VBN,0.0,recovered,0,0,7.682426674757153,12.896212809544108,16.361186287095325,9,8,805,0,0,0,14
0,0,0,JJ,0.0,alien,0,1,3.822844329290092,12.69425073909852,16.65255596457484,5,8,806,0,0,0,15
0,3,1,NNS,4.0,bodies,4,3,1.9295167811214924,13.506034035854542,15.481400228068438,6,8,807,0,0,0,16
1,0,1,VBD,0.0,were,0,0,2.2411822229623795,17.723648827567594,9.39666828368408,4,8,808,0,0,0,17
1,1,1,RB,0.0,likely,1,2,3.5167322997003794,14.998676901321558,13.327971768240882,6,8,809,0,0,0,18
2,0,1,DT,0.0,a,0,0,5.454449277371168,19.69218547190043,6.556670229096891,1,8,810,0,0,0,19
0,1,1,NN,6.0,combination,1,2,6.66023744083941,14.195377476904676,14.486887864196074,11,8,811,0,0,0,20
1,0,1,IN,0.0,of,0,1,0.0199827537871897,20.087642241543257,5.986146708647226,2,8,812,0,0,0,21
4,0,1,RB,0.0,innocently,0,0,22.960884561296552,13.56817292602198,34.619815249122865,10,8,813,0,0,0,22
0,1,1,VBN,1.0,transformed,1,1,14.566208615899086,12.752611878204029,16.5683586386067,11,8,814,0,0,0,23
0,1,1,NNS,3.0,memories,1,1,10.255283251404762,12.808424937000495,16.48783741546419,8,8,815,0,0,0,24
1,0,1,IN,0.0,of,0,1,2.1871646580984816,20.087642241543257,5.986146708647226,2,8,816,0,0,0,25
2,0,1,JJ,0.0,military,0,0,8.654694544733502,14.269711860531563,14.379646017570025,8,8,817,0,0,0,26
0,1,1,NNS,3.0,accidents,1,2,9.035776574164627,11.90190204807357,17.795673491771403,9,8,818,0,0,0,27
1,0,1,VBG,1.0,involving,0,1,6.113441975554451,13.600164030702288,15.345599351302688,9,8,819,0,0,0,28
2,0,1,VBN,0.0,injured,0,0,11.832970137009395,13.06870729382759,16.11232935003885,7,8,820,0,0,0,29
0,0,0,CC,1.0,or,0,0,2.3841849223244935,18.052589408876212,8.922107338283002,2,8,821,0,0,0,30
0,1,1,VBN,1.0,killed,2,2,2.944175841053948,14.105421893761063,14.616666337897636,6,8,822,0,0,0,31
0,5,1,NNS,2.0,"personnel,",5,2,5.295015239855275,20.760269987646875,21.219706474289325,10,8,823,1,0,0,32
3,0,1,RB,0.0,innocently,0,0,17.827834877418354,13.56817292602198,34.619815249122865,10,8,824,0,0,0,33
0,1,1,VBN,1.0,transformed,1,1,2.2668047812767327,12.752611878204029,16.5683586386067,11,8,825,0,0,0,34
0,1,1,NNS,2.0,memories,1,1,2.0217083669267595,12.808424937000495,16.48783741546419,8,8,826,0,0,0,35
1,0,1,IN,0.0,of,0,1,0.0956436936976388,20.087642241543257,5.986146708647226,2,8,827,0,0,0,36
2,0,1,DT,0.0,the,0,0,3.3519390017027035,20.651930178991396,5.17205129965733,3,8,828,0,0,0,37
0,1,1,NN,3.0,recovery,1,1,11.811471936525775,13.671384958671604,15.242849271713848,8,8,829,0,0,0,38
1,0,1,IN,0.0,of,0,1,0.2040892648510635,20.087642241543257,5.986146708647226,2,8,830,0,0,0,39
2,0,1,JJ,0.0,anthropomorphic,0,0,15.093254239764065,12.650412253020392,35.45196398804415,15,8,831,0,0,0,40
0,1,1,NNS,3.0,dummies,3,3,15.260520435869694,16.611233239701157,42.12852314980276,7,8,832,0,0,0,41
1,0,1,IN,0.0,in,0,1,5.115637347102165,19.583721360186956,6.713150865180346,2,8,833,0,0,0,42
2,0,1,JJ,0.0,military,0,0,6.581418894231319,14.269711860531563,14.379646017570025,8,8,834,0,0,0,43
0,1,1,NNS,3.0,programs,1,2,12.67274522036314,14.017916565083668,14.742909841631882,8,8,835,0,0,0,44
3,1,2,NNP,0.0,US,0,0,18.1738965511322,14.837407735253054,13.56063399437621,2,8,836,0,0,0,45
1,0,1,VBD,2.0,conducted,0,0,9.692906007170675,14.150887194634985,14.551073773794313,9,8,837,0,0,0,46
1,0,1,IN,0.0,in,0,1,2.078486281447113,19.583721360186956,6.713150865180346,2,8,838,0,0,0,47
1,0,1,DT,0.0,the,0,1,1.130504050757736,20.651930178991396,5.17205129965733,3,8,839,0,0,0,48
0,0,0,CD,0.0,nineteen,0,1,1.8098527356050909,11.02307824758943,19.06354823054506,8,8,840,0,0,0,49
0,12,1,NNS,4.0,"fifties,",11,4,8.769449509098195,20.7737265792086,45.726463184147306,8,8,841,1,0,0,50
0,0,0,CC,1.0,and,0,0,0.246633140486665,19.93279149564298,6.2095491118355035,3,8,842,0,0,0,51
2,1,2,NNS,1.0,hoaxes,0,1,11.808114297688007,13.455362446699445,34.892140402923744,6,8,843,0,0,0,52
2,1,2,WDT,0.0,that,0,1,3.7514591244980697,19.024464301341364,7.519988250559035,4,8,844,0,0,0,53
3,0,1,JJ,0.0,various,0,0,10.876176719553769,15.034184469521218,13.276745175685203,7,8,845,0,0,0,54
0,1,1,NNS,1.0,witnesses,1,1,4.246647195890546,12.930522252965412,16.31168822321575,9,8,846,0,0,0,55
0,0,0,CC,1.0,and,0,0,5.117244000080973,19.93279149564298,6.2095491118355035,3,8,847,0,0,0,56
1,0,1,NNP,0.0,UFO,0,0,8.824049029033631,10.878782770986689,19.27172259906255,3,8,848,0,0,0,57
0,2,1,NNS,2.0,proponents,3,3,7.153806457296014,13.799277512124888,33.33695769333946,10,8,849,0,0,0,58
1,12,1,VBD,3.0,perpetrated.,15,7,14.384294563904405,20.84321507225285,38.86999206171177,12,8,850,1,0,1,59
4,0,1,DT,0.0,The,0,0,1.8972993795759976,18.12053694573349,8.824079763818386,3,8,851,0,1,0,0
0,0,0,JJ,0.0,psychological,0,1,12.643693901132792,12.904369046072778,16.349419325103096,13,8,852,0,0,0,1
0,1,1,NNS,2.0,effects,2,1,3.7005383633077145,15.126141815262857,13.144078769010434,7,8,853,0,0,0,2
1,0,1,IN,0.0,of,0,1,0.3196512129798066,20.087642241543257,5.986146708647226,2,8,854,0,0,0,3
1,0,1,NN,0.0,time,0,0,12.278720262955176,17.075857868787498,10.33123308744883,4,8,855,0,0,0,4
0,3,1,NN,3.0,compression,3,2,10.813208177685738,12.707868624481504,16.632909508865417,11,8,856,0,0,0,5
0,0,0,CC,1.0,and,0,0,2.555419831071049,19.93279149564298,6.2095491118355035,3,8,857,0,0,0,6
2,1,2,NN,1.0,confusion,0,1,10.95761111518368,12.75048777228972,16.571423075675593,9,8,858,0,0,0,7
1,0,1,IN,0.0,about,0,1,6.017379810917191,17.10157168565105,10.294135891377458,5,8,859,0,0,0,8
2,1,2,WRB,0.0,when,0,1,7.790094891679473,17.09507037229838,10.303515303910618,4,8,860,0,0,0,9
2,1,2,NNS,0.0,events,0,1,8.03367583756335,14.7298950741632,13.715741977363315,6,8,861,0,0,0,10
1,6,2,VBD,4.0,occurred,6,2,1.556138765765354,13.974342549050004,14.80577385847526,8,8,862,0,0,0,11
1,0,1,VBD,1.0,explained,0,1,12.955507680773737,14.034984986271692,14.718285315028112,9,8,863,0,0,0,12
2,0,1,DT,0.0,the,0,0,2.6075480604777113,20.651930178991396,5.17205129965733,3,8,864,0,0,0,13
0,1,1,NN,2.0,discrepancy,1,2,7.558060285984539,11.76966625499496,17.98644941467393,11,8,865,0,0,0,14
1,0,1,IN,0.0,with,0,1,5.372941682115197,18.681580760008114,8.014664635242958,4,8,866,0,0,0,15
2,0,1,DT,0.0,the,0,0,1.252474140841514,20.651930178991396,5.17205129965733,3,8,867,0,0,0,16
0,1,1,NNS,3.0,years,1,2,13.060812139417976,16.256360647381793,11.513517664793124,5,8,868,0,0,0,17
1,0,1,IN,0.0,in,0,1,6.140821466688067,19.583721360186956,6.713150865180346,2,8,869,0,0,0,18
1,7,1,NN,2.0,question.,7,2,3.204493700992316,20.846579086077913,17.82179142810722,9,8,870,1,0,1,19
2,0,1,IN,0.0,In,0,0,3.8998030368238688,17.05486160741379,10.361524289609886,2,8,871,0,1,0,0
1,0,1,NNP,1.0,January,0,0,8.993922289460897,14.402619771225618,14.187900433916802,7,8,872,0,0,0,1
0,0,0,CD,1.0,nineteen,1,1,4.883804365992546,11.02307824758943,19.06354823054506,8,8,873,0,0,0,2
0,2,1,CD,1.0,"ninety-seven,",3,3,4.90922614838928,21.047755353824897,47.84561365119792,13,8,874,1,0,0,3
2,0,1,NNP,0.0,Karl,0,0,14.54921626765281,12.015946713671976,17.631141818272738,4,8,875,0,0,0,4
0,1,1,NNP,1.0,"Pflock,",1,1,24.631079288898036,20.777747065766892,45.633850816376224,7,8,876,1,0,0,5
2,1,2,CD,1.0,one,0,1,6.259342020144686,17.417661831348372,9.838114205706065,3,8,877,0,0,0,6
1,0,1,IN,0.0,of,0,1,0.0264584897959139,20.087642241543257,5.986146708647226,2,8,878,0,0,0,7
1,0,1,DT,0.0,the,0,1,0.2503680155787151,20.651930178991396,5.17205129965733,3,8,879,0,0,0,8
1,0,1,RBR,0.0,more,0,1,8.182714035676327,17.253429346216002,10.0750515975594,4,8,880,0,0,0,9
0,1,0,JJ,1.0,prominent,1,1,1.889154831180349,12.938327552091362,16.300427556874087,9,8,881,0,0,0,10
0,0,0,JJ,0.0,pro-UFO,0,1,14.381509660277516,19.69220563313049,49.26431693925968,7,8,882,0,0,0,11
0,4,0,NNS,5.0,"researchers,",8,4,5.266831569140777,20.76050218447096,20.5952458454465,12,8,883,1,0,0,12
1,0,1,VBD,2.0,"said,",1,2,10.165555802406743,20.78078062588832,15.595237168945632,5,8,884,1,0,0,13
3,0,1,``,0.0,'Based,1,2,13.885255992179736,16.847010860241436,27.398130334693956,6,8,885,1,0,0,14
1,0,1,IN,0.0,on,0,1,0.2644540797919035,18.53086189167023,8.232105999162414,2,8,886,0,0,0,15
2,0,1,PRP$,0.0,my,0,0,3.171262016054243,17.14653233326997,10.229271388022482,2,8,887,0,0,0,16
0,1,1,NN,3.0,research,1,1,3.8061720055993646,15.089865028954543,13.19641510871682,8,8,888,0,0,0,17
0,0,0,CC,1.0,and,0,0,3.3698465407360345,19.93279149564298,6.2095491118355035,3,8,889,0,0,0,18
2,1,2,DT,1.0,that,0,1,7.789357153233141,19.024464301341364,7.519988250559035,4,8,890,0,0,0,19
1,0,1,IN,0.0,of,0,1,0.1314068608917296,20.087642241543257,5.986146708647226,2,8,891,0,0,0,20
1,6,2,NNS,2.0,"others,",7,4,3.2885302037466317,20.763302641045332,18.204630075183328,7,8,892,1,0,0,21
2,1,2,PRP,0.0,I'm,0,2,7.773614392674062,18.539269810234323,20.215143910195263,3,8,893,0,0,0,22
1,0,1,RB,0.0,as,0,1,9.867749957717024,18.455643172698917,8.340623672004352,2,8,894,0,0,0,23
0,0,0,JJ,5.0,certain,1,1,1.8704882059828376,14.950213666776737,13.397889436384132,7,8,895,0,0,0,24
1,0,1,IN,0.0,as,0,1,1.568579976912588,18.455643172698917,8.340623672004352,2,8,896,0,0,0,25
3,1,3,PRP,0.0,it's,0,2,13.942291973624378,18.978516394096555,17.208633392209624,4,8,897,0,0,0,26
1,0,1,JJ,4.0,possible,1,1,1.2230376936495304,15.509099894953335,12.591587046572617,8,8,898,0,0,0,27
2,0,1,TO,0.0,to,0,1,3.183990240097046,19.88357245739644,6.280557174231113,2,8,899,0,0,0,28
1,0,1,VB,0.0,be,0,1,2.300196759402752,18.381669296901407,8.447345415772759,2,8,900,0,0,0,29
1,0,1,IN,0.0,without,0,1,7.712183381896466,16.050891072379166,11.80994760170298,7,8,901,0,0,0,30
1,0,1,JJ,0.0,absolute,0,0,13.32416036678478,13.561660345870902,15.401148426464882,8,8,902,0,0,0,31
0,9,1,NN,5.0,"proof,",9,3,8.177669621189125,20.761231399265803,19.52217437217968,6,8,903,1,0,0,32
1,0,1,IN,0.0,that,0,1,1.5462460125563666,19.024464301341364,7.519988250559035,4,8,904,0,0,0,33
3,0,1,DT,0.0,no,0,0,6.90142684429884,17.036769620663787,10.387625509173944,2,8,905,0,0,0,34
0,0,0,VBG,0.0,flying,0,1,9.006871494464576,12.929077127465684,16.31377309860767,6,8,906,0,0,0,35
0,1,1,NN,2.0,saucer,2,1,1.2035236777737737,13.980895327018182,34.32927253370735,6,8,907,0,0,0,36
0,0,0,CC,1.0,or,0,0,3.4645811300724745,18.052589408876212,8.922107338283002,2,8,908,0,0,0,37
1,2,2,NNS,1.0,saucers,2,3,13.989448023959994,16.36592205871775,40.93328626855843,7,8,909,0,0,0,38
1,0,1,VBD,3.0,crashed,0,0,6.381340637803078,11.802343529715058,17.939306072485476,7,8,910,0,0,0,39
2,0,1,IN,0.0,in,0,1,2.279279069509357,19.583721360186956,6.713150865180346,2,8,911,0,0,0,40
2,0,1,DT,0.0,the,0,0,2.163706883904524,20.651930178991396,5.17205129965733,3,8,912,0,0,0,41
0,0,0,JJ,0.0,general,0,1,12.562156788888387,15.262438246745056,12.947444583220197,7,8,913,0,0,0,42
0,1,1,NN,4.0,vicinity,2,2,0.2636338793672621,12.04485287176402,17.589439047342196,8,8,914,0,0,0,43
1,0,1,IN,0.0,of,0,1,0.0905849983682856,20.087642241543257,5.986146708647226,2,8,915,0,0,0,44
1,4,2,NNP,2.0,Roswell,3,1,1.8868983179563656,14.254242149468276,31.294328513097746,7,8,916,0,0,0,45
0,0,0,CC,1.0,or,0,0,2.9792326958850026,18.052589408876212,8.922107338283002,2,8,917,0,0,0,46
1,0,1,IN,0.0,on,0,1,6.077425769530237,18.53086189167023,8.232105999162414,2,8,918,0,0,0,47
2,0,1,DT,0.0,the,0,0,1.4076724343467504,20.651930178991396,5.17205129965733,3,8,919,0,0,0,48
0,1,1,NNPS,3.0,Plains,1,2,12.972878318978474,10.798799766025086,19.38711368367605,6,8,920,0,0,0,49
1,0,1,IN,0.0,of,0,1,0.373604170861654,20.087642241543257,5.986146708647226,2,8,921,0,0,0,50
1,0,1,NNP,0.0,San,0,0,10.620049178716728,14.148024255612556,14.555204121724335,3,8,922,0,0,0,51
0,5,0,NNP,3.0,Agustin,7,4,12.6978043243289,17.21359790848922,40.17646114050548,7,8,923,0,0,0,52
1,0,1,IN,0.0,in,0,1,3.3907951074652374,19.583721360186956,6.713150865180346,2,8,924,0,0,0,53
1,0,1,CD,0.0,nineteen,0,0,3.6387303196825087,11.02307824758943,19.06354823054506,8,8,925,0,0,0,54
0,11,1,NN,3.0,forty-seven.',14,4,7.108385717496276,19.672656642789654,54.28528636922018,13,8,926,1,0,1,55
2,1,2,PRP,0.0,He,0,0,3.8287476585246623,16.547839497404837,11.093002573340865,2,8,927,0,1,0,0
2,1,2,RB,0.0,then,0,1,4.637233410030603,16.720629155852837,10.843719789981035,4,8,928,0,0,0,1
0,0,0,VBD,2.0,"added,",1,2,3.4602011214010417,20.762864233576,18.40031919988493,6,8,929,1,0,0,2
3,0,1,``,0.0,'The,1,1,4.05808453541249,17.959482203882207,20.304178369368422,4,8,930,1,0,0,3
0,1,1,NN,1.0,debris,1,1,9.612939632497728,12.068584865286942,17.555201017976266,6,8,931,0,0,0,4
1,2,2,VBN,1.0,found,1,2,5.32456695381552,16.135319564070347,11.688143035430375,5,8,932,0,0,0,5
1,0,1,VBD,0.0,was,0,1,5.342360596172512,18.521451560034553,8.24568223794633,3,8,933,0,0,0,6
2,0,1,DT,0.0,the,0,0,6.089097521733493,20.651930178991396,5.17205129965733,3,8,934,0,0,0,7
0,1,1,NNS,4.0,remains,1,2,5.8020178084261715,14.318295945484351,14.309553999142508,7,8,935,0,0,0,8
1,0,1,IN,0.0,of,0,1,0.028020758414641,20.087642241543257,5.986146708647226,2,8,936,0,0,0,9
3,1,2,NN,2.0,something,0,0,7.938755757873878,15.723089952021756,12.28286465244046,9,8,937,0,0,0,10
1,0,1,RB,0.0,very,0,0,4.6878442987799644,16.298183548324726,11.453179973007163,4,8,938,0,0,0,11
0,2,1,JJ,2.0,"earthly,",1,1,16.943227841635235,20.769854616989704,31.93465642030076,8,8,939,1,0,0,12
1,0,1,DT,0.0,all,0,0,10.10000920749735,17.469149055179013,9.763833843216451,3,8,940,0,0,0,13
0,0,0,CC,1.0,but,0,0,6.513357610441744,17.553098244319884,9.64272076435627,3,8,941,0,0,0,14
0,1,0,RB,2.0,certainly,5,6,5.840931052342057,14.028738713815068,14.727296781325322,9,8,942,0,0,0,15
2,1,2,NN,1.0,something,0,0,8.20836750138551,15.723089952021756,12.28286465244046,9,8,943,0,0,0,16
1,0,1,IN,0.0,from,0,1,6.786786794196814,18.126283629319108,8.815789051907856,4,8,944,0,0,0,17
1,0,1,DT,0.0,the,0,1,1.9442365067079663,20.651930178991396,5.17205129965733,3,8,945,0,0,0,18
1,0,1,NNP,0.0,Top,0,1,14.732676289509982,13.195506026640912,15.92939744701806,3,8,946,0,0,0,19
0,1,0,NNP,1.0,Secret,0,1,1.4887397587299347,12.221911545274192,17.333997377122692,6,8,947,0,0,0,20
0,0,0,NNP,0.0,Project,0,1,5.772878736257553,13.437228130384169,15.580666166674424,7,8,948,0,0,0,21
0,10,0,NNP,5.0,Mogul.',16,4,5.602225107839331,17.092717439968556,50.84928435451615,7,8,949,1,0,1,22
2,0,1,IN,0.0,Although,0,0,6.432299648411572,14.390358882355306,14.20558915748689,8,8,950,0,1,0,0
2,1,2,JJS,0.0,most,0,1,6.936030814889818,16.424816014558168,11.270487941956638,4,8,951,0,0,0,1
1,1,1,RB,0.0,now,0,1,13.141218248289078,16.358672986859247,11.365912160007252,3,8,952,0,0,0,2
1,0,1,VBP,3.0,agree,0,1,3.1627271631732583,14.08366495031843,14.648054972307229,5,8,953,0,0,0,3
1,0,1,IN,0.0,with,0,1,3.7135470684152097,18.681580760008114,8.014664635242958,4,8,954,0,0,0,4
1,0,1,DT,0.0,this,0,1,2.7243700188118964,18.084110076486997,8.876632627435416,4,8,955,0,0,0,5
0,5,1,NN,3.0,"conclusion,",7,2,3.751140302279964,20.760827418732887,20.017756416522246,11,8,956,1,0,0,6
1,0,1,DT,0.0,each,0,1,11.050185431027783,16.39220140585557,11.317540876192414,4,8,957,0,0,0,7
0,1,0,NN,1.0,"year,",2,2,10.5493880166905,20.767449014755936,17.065538514333902,5,8,958,1,0,0,8
1,0,1,IN,0.0,during,0,1,8.293406566721387,16.031672464587032,11.83767419185748,6,8,959,0,0,0,9
1,0,1,NNP,1.0,July,0,0,11.076567318523304,14.428912986457505,14.149967342692737,4,8,960,0,0,0,10
0,1,0,JJ,1.0,Fourth,0,1,14.420292437076569,12.440322295184489,17.01889727135027,6,8,961,0,0,0,11
0,1,0,NN,1.0,"weekend,",4,3,11.62856612005271,20.76047868183451,20.647490867359153,8,8,962,1,0,0,12
2,0,1,DT,0.0,the,0,0,2.9968783063814044,20.651930178991396,5.17205129965733,3,8,963,0,0,0,13
0,1,1,NNP,1.0,City,1,1,12.288256003288552,14.698507553405632,13.76102459790606,4,8,964,0,0,0,14
1,0,1,IN,0.0,of,0,1,0.7433549923007376,20.087642241543257,5.986146708647226,2,8,965,0,0,0,15
1,3,1,NNP,2.0,Roswell,2,2,3.909954393922817,14.254242149468276,31.294328513097746,7,8,966,0,0,0,16
1,0,1,VBZ,4.0,hosts,0,1,9.439137077890337,12.632604287750038,16.7414929942237,5,8,967,0,0,0,17
2,0,1,DT,0.0,the,0,0,3.251988813746721,20.651930178991396,5.17205129965733,3,8,968,0,0,0,18
0,0,0,NNP,0.0,Roswell,0,1,5.827081309165806,14.254242149468276,31.294328513097746,7,8,969,0,0,0,19
0,0,0,NNP,0.0,UFO,0,1,2.2978698518127203,10.878782770986689,19.27172259906255,3,8,970,0,0,0,20
0,1,1,NNP,3.0,Festival,3,2,4.8058841824531555,12.606689352446836,16.77888034287059,8,8,971,0,0,0,21
1,0,1,VBG,2.0,celebrating,0,0,10.100433374755085,11.611919759174429,18.21402950191182,11,8,972,0,0,0,22
2,0,1,DT,0.0,all,0,1,7.096291996538639,17.469149055179013,9.763833843216451,3,8,973,0,0,0,23
0,1,1,NNS,1.0,things,2,1,2.062152400612831,15.551883806795406,12.52986290912823,6,8,974,0,0,0,24
1,3,1,NNP,2.0,"UFO,",1,1,5.599557401612401,20.759892282125417,24.28809127699416,4,8,975,1,0,0,25
2,0,1,VBG,1.0,featuring,0,1,8.335038567893207,12.53862650102749,16.87707428108204,9,8,976,0,0,0,26
2,0,1,JJ,0.0,prominent,0,0,10.01181060448289,12.938327552091362,16.300427556874087,9,8,977,0,0,0,27
0,1,1,NNS,2.0,UFOlogists,1,1,16.289779644459486,15.434155752982312,46.70261001918982,10,8,978,0,0,0,28
0,0,0,CC,1.0,and,0,0,1.8262179074808955,19.93279149564298,6.2095491118355035,3,8,979,0,0,0,29
1,7,2,NNS,1.0,discussions.,12,6,18.12411363143474,20.843126126948658,21.19300197042646,12,8,980,1,0,1,30
2,0,1,NNP,0.0,Tulip,0,0,17.83890950679779,17.143008258469568,36.889680229056495,5,9,1,0,1,0,0
0,1,1,NN,1.0,mania,1,1,16.60266825556755,16.528284318805394,24.24421596538532,5,9,2,0,0,0,1
1,0,1,VBD,0.0,was,0,1,5.324191955849528,18.521451560034553,8.24568223794633,3,9,3,0,0,0,2
2,0,1,DT,0.0,a,0,0,3.995055570965633,19.69218547190043,6.556670229096891,1,9,4,0,0,0,3
0,1,1,NN,3.0,period,1,1,10.87944388599135,15.06259428720944,13.235758472593847,6,9,5,0,0,0,4
1,0,1,IN,0.0,in,0,1,4.130944603239186,19.583721360186956,6.713150865180346,2,9,6,0,0,0,5
1,0,1,DT,0.0,the,0,1,2.6108762816002127,20.651930178991396,5.17205129965733,3,9,7,0,0,0,6
0,0,0,NNP,0.0,Dutch,0,1,11.490203524037495,12.70118648308788,16.64254980111652,5,9,8,0,0,0,7
0,0,0,NNP,0.0,Golden,0,1,12.680677212076262,12.516868035361403,16.908465111595856,6,9,9,0,0,0,8
0,2,0,NNP,5.0,Age,5,2,0.4006927914451808,12.740877456727608,16.58528783027843,3,9,10,0,0,0,9
2,0,1,IN,0.0,during,0,0,5.21767604679917,16.031672464587032,11.83767419185748,6,9,11,0,0,0,10
1,2,2,WDT,1.0,which,1,2,0.3502254127233755,17.599930483545194,9.57515612507219,5,9,12,0,0,0,11
3,0,1,NN,0.0,contract,0,0,17.704959305934608,14.29765086389012,14.339338555977251,8,9,13,0,0,0,12
0,1,1,NNS,1.0,prices,1,1,6.72162776067853,13.554818294923034,15.41101941943688,6,9,14,0,0,0,13
1,0,1,IN,0.0,for,0,1,4.232473421609029,18.90419907432743,7.693494297163422,3,9,15,0,0,0,14
2,1,2,NNS,2.0,bulbs,0,1,12.83343254053034,10.9285968142394,19.19985612589523,5,9,16,0,0,0,15
1,0,1,IN,0.0,of,0,1,6.339935966418125,20.087642241543257,5.986146708647226,2,9,17,0,0,0,16
1,0,1,DT,0.0,the,0,1,4.2922363065881655,20.651930178991396,5.17205129965733,3,9,18,0,0,0,17
1,0,1,RB,0.0,recently,0,1,14.995795464608818,14.463850208130063,14.099563586243292,8,9,19,0,0,0,18
0,1,0,VBN,1.0,introduced,1,1,2.4673492973670363,14.0207825602499,14.73877508461834,10,9,20,0,0,0,19
0,5,1,NN,4.0,tulip,6,2,9.609890673309565,16.705511858360644,37.866556576733785,5,9,21,0,0,0,20
2,0,1,VBD,3.0,reached,0,0,17.711456801276654,14.228927962579764,14.43848474489321,7,9,22,0,0,0,21
2,0,1,RB,0.0,extraordinarily,0,0,12.579727037256816,10.75919991152435,19.444244197384183,15,9,23,0,0,0,22
0,1,1,JJ,1.0,high,1,1,0.1880031033360865,16.09639059118449,11.7443056715597,4,9,24,0,0,0,23
0,2,1,NNS,2.0,levels,2,2,2.612579621374607,15.25310502594851,12.960909574578896,6,9,25,0,0,0,24
0,0,0,CC,1.0,and,0,0,2.434146646410227,19.93279149564298,6.2095491118355035,3,9,26,0,0,0,25
1,1,1,RB,1.0,then,0,1,7.31990410014987,16.720629155852837,10.843719789981035,4,9,27,0,0,0,26
1,1,1,RB,1.0,suddenly,0,1,7.624226327985525,13.46857375829518,15.535443984733654,8,9,28,0,0,0,27
1,7,1,VBD,1.0,collapsed.,10,4,5.8081011064350605,20.842904183337843,22.513920568713917,10,9,29,1,0,1,28
2,0,1,IN,0.0,At,0,0,6.7018376141786575,15.132261360282495,13.1352501317581,2,9,30,0,1,0,0
2,0,1,DT,0.0,the,0,0,1.5764738438738275,20.651930178991396,5.17205129965733,3,9,31,0,0,0,1
0,1,1,NN,2.0,peak,1,2,4.738669070778997,13.759807555088024,15.115282430361354,4,9,32,0,0,0,2
1,0,1,IN,0.0,of,0,1,0.3702081471274141,20.087642241543257,5.986146708647226,2,9,33,0,0,0,3
1,0,1,NN,0.0,tulip,0,0,2.7581927150895353,16.705511858360644,37.866556576733785,5,9,34,0,0,0,4
0,2,0,NN,3.0,mania,4,2,8.093001872301102,16.528284318805394,24.24421596538532,5,9,35,0,0,0,5
1,0,1,IN,0.0,in,0,1,1.465401739522349,19.583721360186956,6.713150865180346,2,9,36,0,0,0,6
1,0,1,NNP,0.0,February,0,0,8.128518208221067,14.169496389478988,14.524226380677929,8,9,37,0,0,0,7
0,0,0,NN,0.0,sixteen,1,1,18.84045367687941,11.813814934509129,17.922756333677043,7,9,38,0,0,0,8
0,4,1,NN,4.0,"thirty-seven,",3,3,24.4471985027194,21.04806167179648,45.35194833154321,13,9,39,1,0,0,9
1,0,1,NN,0.0,tulip,0,0,7.513945153914392,16.705511858360644,37.866556576733785,5,9,40,0,0,0,10
0,1,0,NNS,1.0,contracts,1,2,12.543454435653985,12.87003557869415,16.398952048226768,9,9,41,0,0,0,11
1,0,1,VBD,2.0,sold,0,1,7.091193744447082,13.797714136889931,15.060594792778687,4,9,42,0,0,0,12
1,0,1,IN,0.0,for,0,1,0.9108196839224548,18.90419907432743,7.693494297163422,3,9,43,0,0,0,13
3,0,1,JJR,0.0,more,0,0,5.062057230854407,17.253429346216002,10.0750515975594,4,9,44,0,0,0,14
0,0,0,IN,1.0,than,1,1,0.0265733213163912,16.958709278696364,10.500242777420445,4,9,45,0,0,0,15
0,0,0,CD,0.0,ten,0,1,3.450499034486711,14.476647328546774,14.081101244080443,3,9,46,0,0,0,16
0,1,1,NNS,2.0,times,2,1,1.9429839681833985,15.374907444227162,12.785185829760003,5,9,47,0,0,0,17
1,0,1,DT,0.0,the,0,1,1.3440930908545852,20.651930178991396,5.17205129965733,3,9,48,0,0,0,18
0,0,0,JJ,0.0,annual,0,1,7.443710469640791,13.564405964809296,15.397187335638291,6,9,49,0,0,0,19
0,0,0,NN,5.0,income,3,2,9.828691244125366,13.912758858398858,14.894620343577309,6,9,50,0,0,0,20
1,0,1,IN,0.0,of,0,1,0.4555150211090222,20.087642241543257,5.986146708647226,2,9,51,0,0,0,21
1,0,1,DT,0.0,a,0,1,3.118450025242055,19.69218547190043,6.556670229096891,1,9,52,0,0,0,22
0,0,0,JJ,0.0,skilled,0,1,14.23432135229814,12.320039520008285,17.19242863460134,7,9,53,0,0,0,23
0,8,1,NN,4.0,craftsman.,10,2,6.833687052130699,20.84732202627679,36.71131392905122,10,9,54,1,0,1,24
2,1,2,PRP,0.0,It,0,0,5.425385536625981,16.818509266914305,10.702508639150992,2,9,55,0,1,0,0
1,0,1,VBZ,0.0,is,0,0,2.2254767110571265,19.144004138058012,7.347528720939248,2,9,56,0,0,0,1
1,1,1,RB,0.0,generally,1,1,8.170248735288624,14.557220734035663,13.964858391554092,9,9,57,0,0,0,2
1,0,1,VBN,3.0,considered,0,0,3.9769307984388433,14.995153988720556,13.333054256779828,10,9,58,0,0,0,3
1,0,1,DT,0.0,the,0,1,3.772341702482663,20.651930178991396,5.17205129965733,3,9,59,0,0,0,4
0,0,0,JJ,0.0,first,0,1,4.267562642344274,16.77947782339326,10.758819109157542,5,9,60,0,0,0,5
0,0,0,JJ,0.0,recorded,0,1,7.416587240528315,13.957519539073274,14.830044331541515,8,9,61,0,0,0,6
0,0,0,JJ,0.0,economic,0,1,9.753307699458674,14.183212183975384,14.504438671976128,8,9,62,0,0,0,7
0,4,0,NN,5.0,bubble.,8,4,13.235985203878954,20.84293715711536,22.22400165027842,7,9,63,1,0,1,8
3,0,1,DT,0.0,The,0,0,2.321076640393585,18.12053694573349,8.824079763818386,3,9,64,0,1,0,0
0,1,1,NN,1.0,"tulip,",2,2,12.109066939912736,20.777039517032424,42.882925254665395,6,9,65,1,0,0,1
1,0,1,VBN,1.0,introduced,0,0,9.54370776982978,14.0207825602499,14.73877508461834,10,9,66,0,0,0,2
1,0,1,TO,0.0,to,0,1,4.905562215251848,19.88357245739644,6.280557174231113,2,9,67,0,0,0,3
1,2,1,NNP,2.0,Europe,2,1,3.4363645224366337,14.159452682516571,14.538716386904746,6,9,68,0,0,0,4
1,0,1,IN,0.0,in,0,1,1.1115404206793755,19.583721360186956,6.713150865180346,2,9,69,0,0,0,5
1,0,1,DT,0.0,the,0,1,2.474567159661092,20.651930178991396,5.17205129965733,3,9,70,0,0,0,6
0,0,0,JJ,0.0,mid,0,1,5.544244648539461,14.122640783128835,14.59182473159714,3,9,71,0,0,0,7
0,0,0,NN,0.0,sixteenth,0,1,7.181778630241752,14.85230382430356,31.08826390283972,9,9,72,0,0,0,8
0,2,0,NN,5.0,century,5,1,1.6268796753138304,14.091920336154171,14.636144968101377,7,9,73,0,0,0,9
1,0,1,IN,0.0,from,0,1,6.941453394771088,18.126283629319108,8.815789051907856,4,9,74,0,0,0,10
1,0,1,DT,0.0,the,0,1,2.4169356389320455,20.651930178991396,5.17205129965733,3,9,75,0,0,0,11
0,0,0,NNP,0.0,Ottoman,0,1,8.336224599042907,11.291967024561355,18.675623725456965,7,9,76,0,0,0,12
0,4,1,NNP,4.0,"Empire,",6,3,1.238861954654567,20.76015946087282,21.64978051870494,7,9,77,1,0,0,13
1,0,1,VBD,1.0,became,0,0,5.868558236979879,14.720031496767294,13.729972111557815,6,9,78,0,0,0,14
1,0,1,RB,0.0,very,0,1,7.738295031362213,16.298183548324726,11.453179973007163,4,9,79,0,0,0,15
0,1,0,JJ,2.0,popular,2,2,0.7664307401282713,14.147475509161602,14.555995795507831,7,9,80,0,0,0,16
1,0,1,IN,0.0,in,0,1,1.8745437788020352,19.583721360186956,6.713150865180346,2,9,81,0,0,0,17
2,0,1,DT,0.0,the,0,0,1.6019676170981256,20.651930178991396,5.17205129965733,3,9,82,0,0,0,18
0,0,0,NNP,0.0,United,0,1,4.641147718226421,15.39471480448756,12.756609849339224,6,9,83,0,0,0,19
0,1,1,NNP,4.0,"Provinces,",3,3,18.209917154570576,20.76259784198344,50.873075626742846,10,9,84,1,0,0,20
2,1,2,WDT,0.0,which,0,1,5.021918150829151,17.599930483545194,9.57515612507219,5,9,85,0,0,0,21
2,1,2,PRP,0.0,we,0,1,11.301666492596269,17.726018436166637,9.393249661109394,2,9,86,0,0,0,22
1,1,1,RB,0.0,now,0,1,2.223388828570023,16.358672986859247,11.365912160007252,3,9,87,0,0,0,23
1,0,1,VBP,4.0,know,0,1,1.6370495425071567,16.39038930165751,11.320155189932528,4,9,88,0,0,0,24
1,0,1,IN,0.0,as,0,1,1.0674813389778135,18.455643172698917,8.340623672004352,2,9,89,0,0,0,25
1,0,1,DT,0.0,the,0,1,1.4169292604346992,20.651930178991396,5.17205129965733,3,9,90,0,0,0,26
0,9,0,NNPS,3.0,Netherlands.,11,2,1.4611373836378334,20.84298755303577,21.869828009895723,12,9,91,1,0,1,27
3,0,1,JJ,0.0,Tulip,0,0,5.23424719274044,15.02713660140159,31.980484787821062,5,9,92,0,1,0,0
0,1,1,NN,1.0,cultivation,1,1,11.96545634418726,11.54813815672597,18.306046903464164,11,9,93,0,0,0,1
1,0,1,IN,0.0,in,0,1,3.176602367137093,19.583721360186956,6.713150865180346,2,9,94,0,0,0,2
1,0,1,DT,0.0,the,0,1,0.9030368708772584,20.651930178991396,5.17205129965733,3,9,95,0,0,0,3
0,0,0,NNP,0.0,United,0,1,4.856345040781889,15.39471480448756,12.756609849339224,6,9,96,0,0,0,4
0,3,1,NNPS,4.0,Provinces,4,1,0.7251993157260586,14.867496190390948,45.85670694881124,9,9,97,0,0,0,5
1,0,1,VBZ,0.0,is,0,0,4.711028790101409,19.144004138058012,7.347528720939248,2,9,98,0,0,0,6
1,1,1,RB,0.0,generally,1,1,7.019325629109517,14.557220734035663,13.964858391554092,9,9,99,0,0,0,7
1,0,1,VBN,3.0,thought,0,0,5.905197969870642,15.353262762193182,12.816412505192044,7,9,100,0,0,0,8
2,0,1,TO,0.0,to,0,1,0.2185161482193507,19.88357245739644,6.280557174231113,2,9,101,0,0,0,9
1,0,1,VB,0.0,have,0,1,0.3271637145371642,17.990997945585363,9.010965036933804,4,9,102,0,0,0,10
1,0,1,VBN,3.0,started,0,0,3.763298722304171,14.87390553036849,13.507978806359793,7,9,103,0,0,0,11
1,0,1,IN,0.0,in,0,1,1.07907491363585,19.583721360186956,6.713150865180346,2,9,104,0,0,0,12
1,2,1,NN,2.0,earnest,2,1,8.454026150517166,11.348581341406929,18.593946531300546,7,9,105,0,0,0,13
1,0,1,IN,0.0,around,0,1,3.6543197568971664,15.859577351277904,12.08595495838978,6,9,106,0,0,0,14
1,0,1,NN,0.0,fifteen,0,0,8.795819795457646,12.575457969266424,16.823937704505074,7,9,107,0,0,0,15
0,2,0,NN,3.0,"ninety-three,",4,4,20.64399976283312,21.04790371005327,46.61833230600229,13,9,108,1,0,0,16
1,0,1,IN,0.0,after,0,1,6.198611512547359,16.646807242872875,10.950222297746166,5,9,109,0,0,0,17
3,0,1,DT,0.0,the,0,0,1.477588862471748,20.651930178991396,5.17205129965733,3,9,110,0,0,0,18
0,0,0,JJ,0.0,Flemish,0,1,13.411641084530856,16.768760240220068,40.01794622273495,7,9,111,0,0,0,19
0,1,1,NN,2.0,botanist,0,1,12.267664782702925,15.618592683303032,31.65556333932994,8,9,112,0,0,0,20
1,0,1,NNP,0.0,Charles,0,1,6.682340422645211,13.44770388559699,15.565552846579315,7,9,113,0,0,0,21
0,0,0,NNP,0.0,de,0,1,4.871829563751817,16.723527497718262,10.839538366544986,2,9,114,0,0,0,22
0,2,1,NN,3.0,l'Ecluse,5,2,31.19436653330922,17.944001731832408,61.006757935679005,8,9,115,0,0,0,23
1,0,1,VBD,0.0,had,0,1,5.116682058665901,17.432489551576744,9.816722327264898,3,9,116,0,0,0,24
2,0,1,VBN,4.0,taken,0,0,7.328966456814669,15.055020665394766,13.246684899227446,5,9,117,0,0,0,25
1,1,1,RP,1.0,up,1,1,3.52504080592189,17.040396008802368,10.382393736990077,2,9,118,0,0,0,26
1,0,1,DT,0.0,a,0,0,3.833531229640357,19.69218547190043,6.556670229096891,1,9,119,0,0,0,27
0,1,0,NN,2.0,post,1,2,5.524901560158469,15.344856228164687,12.828540570146018,4,9,120,0,0,0,28
1,0,1,IN,0.0,at,0,1,2.2834817788098007,18.150223836201175,8.781250634161243,2,9,121,0,0,0,29
2,0,1,DT,0.0,the,0,0,1.2059473246335983,20.651930178991396,5.17205129965733,3,9,122,0,0,0,30
0,1,1,NNP,3.0,University,1,2,3.7965731730218977,15.14035415923466,13.1235746908429,10,9,123,0,0,0,31
1,0,1,IN,0.0,of,0,1,0.0740751452976837,20.087642241543257,5.986146708647226,2,9,124,0,0,0,32
1,5,2,NNP,2.0,Leiden,5,1,7.0862807523226365,14.744014800341702,30.24644826226322,6,9,125,0,0,0,33
0,0,0,CC,1.0,and,0,0,2.7785082049667835,19.93279149564298,6.2095491118355035,3,9,126,0,0,0,34
1,0,1,VBN,1.0,established,0,1,4.953411932103336,14.412645062026863,14.173436996594376,11,9,127,0,0,0,35
2,0,1,DT,0.0,a,0,0,1.4854197940439915,19.69218547190043,6.556670229096891,1,9,128,0,0,0,36
0,0,0,JJ,0.0,botanical,0,1,6.052199604630005,14.791620693436023,32.865835032591974,9,9,129,0,0,0,37
0,1,1,NN,3.0,"garden,",3,3,5.826675015268847,20.76033619744004,21.01252380274179,7,9,130,1,0,0,38
2,1,2,WDT,0.0,which,0,1,3.124332316685468,17.599930483545194,9.57515612507219,5,9,131,0,0,0,39
2,0,1,VBZ,0.0,is,0,1,4.852593551389873,19.144004138058012,7.347528720939248,2,9,132,0,0,0,40
1,0,1,JJ,3.0,famous,0,1,9.895172713324428,13.430709470752156,15.590070604598765,6,9,133,0,0,0,41
1,0,1,IN,0.0,as,0,1,4.294023711467162,18.455643172698917,8.340623672004352,2,9,134,0,0,0,42
2,1,2,CD,2.0,one,0,1,3.2717098647844978,17.417661831348372,9.838114205706065,3,9,135,0,0,0,43
1,0,1,IN,0.0,of,0,1,0.0163566432893276,20.087642241543257,5.986146708647226,2,9,136,0,0,0,44
2,0,1,DT,0.0,the,0,0,0.1221845779218711,20.651930178991396,5.17205129965733,3,9,137,0,0,0,45
0,1,1,JJS,3.0,oldest,1,2,4.460246206610464,12.38684717295771,17.096045564997773,6,9,138,0,0,0,46
1,0,1,IN,0.0,in,0,1,2.2374962854664773,19.583721360186956,6.713150865180346,2,9,139,0,0,0,47
1,0,1,DT,0.0,the,0,1,0.8276427639939357,20.651930178991396,5.17205129965733,3,9,140,0,0,0,48
0,23,2,NN,3.0,world.,23,6,1.3568623235623818,20.84872925569548,17.176456517612113,6,9,141,1,0,1,49
2,1,2,RB,0.0,"There,",1,1,11.4434465005761,20.765564320440163,17.477576528466283,6,9,142,1,1,0,0
1,1,1,PRP,0.0,he,0,1,2.7064174498664215,17.694798179754258,9.438290970210817,2,9,143,0,0,0,1
1,0,1,VBD,2.0,planted,0,1,5.79119029128924,11.911688162018718,17.78155511371316,7,9,144,0,0,0,2
2,0,1,PRP$,0.0,his,0,0,4.228322820621543,17.63767918161909,9.520696265560964,3,9,145,0,0,0,3
0,1,1,NN,2.0,collection,1,2,8.757934313383885,14.236190662078904,14.42800688434233,10,9,146,0,0,0,4
1,0,1,IN,0.0,of,0,1,0.0971068588551133,20.087642241543257,5.986146708647226,2,9,147,0,0,0,5
2,0,1,NN,0.0,tulip,0,0,4.265471130842343,16.705511858360644,37.866556576733785,5,9,148,0,0,0,6
0,1,1,NNS,3.0,bulbs,1,1,2.719858780503273,10.9285968142394,19.19985612589523,5,9,149,0,0,0,7
2,1,2,WDT,0.0,that,0,1,5.9411343820393085,19.024464301341364,7.519988250559035,4,9,150,0,0,0,8
3,0,1,DT,0.0,the,0,0,7.921319612418301,20.651930178991396,5.17205129965733,3,9,151,0,0,0,9
0,1,1,NN,2.0,Emperor's,2,2,15.994048936641777,18.116726555807485,26.408940615661187,9,9,152,0,0,0,10
0,1,1,NN,1.0,ambassador,1,2,10.74717663647607,11.701783942797809,18.08438288984484,10,9,153,0,0,0,11
1,0,1,VBD,3.0,sent,0,0,5.575825804844499,14.599969480674783,13.90318498677361,4,9,154,0,0,0,12
1,0,1,TO,0.0,to,0,1,0.7431975161889568,19.88357245739644,6.280557174231113,2,9,155,0,0,0,13
1,2,1,PRP,2.0,him,2,2,4.486745019792579,16.695335111358073,10.880211382537656,3,9,156,0,0,0,14
1,0,1,IN,0.0,from,0,1,4.609923551091924,18.126283629319108,8.815789051907856,4,9,157,0,0,0,15
1,5,1,NNP,2.0,"Turkey,",6,3,10.892980707692914,20.76014976617636,21.694410166368428,7,9,158,1,0,0,16
2,1,2,WDT,0.0,which,0,1,3.2762885353295133,17.599930483545194,9.57515612507219,5,9,159,0,0,0,17
2,0,1,VBD,0.0,were,0,1,3.60250545758754,17.723648827567594,9.39666828368408,4,9,160,0,0,0,18
1,0,1,JJ,3.0,able,0,1,8.361765494570136,15.368554188064982,12.794351640918675,4,9,161,0,0,0,19
2,0,1,TO,0.0,to,0,1,0.0131071190116927,19.88357245739644,6.280557174231113,2,9,162,0,0,0,20
1,0,1,VB,2.0,tolerate,0,1,9.746777133201247,11.471988880551468,18.415907086568403,8,9,163,0,0,0,21
2,0,1,DT,0.0,the,0,0,1.6252890944015237,20.651930178991396,5.17205129965733,3,9,164,0,0,0,22
0,0,0,JJR,0.0,harsher,0,1,12.59830656205304,16.286384288631837,40.0439640291778,7,9,165,0,0,0,23
0,1,1,NNS,3.0,conditions,2,2,2.459338214248419,15.135809604004058,13.130131098137138,10,9,166,0,0,0,24
1,0,1,IN,0.0,of,0,1,0.9906701275031082,20.087642241543257,5.986146708647226,2,9,167,0,0,0,25
1,0,1,DT,0.0,the,0,1,1.2227972778491676,20.651930178991396,5.17205129965733,3,9,168,0,0,0,26
0,0,0,JJ,0.0,northern,0,1,8.194806608196814,13.056550444549002,16.1298679762059,8,9,169,0,0,0,27
0,15,2,NN,4.0,climate.,16,2,7.106529723852873,20.84345951577745,20.2661604067238,8,9,170,1,0,1,28
2,1,2,PRP,0.0,It,0,0,5.049041196703911,16.818509266914305,10.702508639150992,2,9,171,0,1,0,0
1,0,1,VBD,1.0,was,0,1,1.4595926571637392,18.521451560034553,8.24568223794633,3,9,172,0,0,0,1
2,0,1,RB,0.0,shortly,0,1,9.324133090674875,12.76623399890342,16.548706072627294,7,9,173,0,0,0,2
0,1,1,RB,2.0,thereafter,2,1,3.7607889603823423,12.405796074295042,17.06870807900811,10,9,174,0,0,0,3
1,0,1,IN,0.0,that,0,1,0.2712103798985481,19.024464301341364,7.519988250559035,4,9,175,0,0,0,4
2,0,1,DT,0.0,the,0,0,1.6901065839920193,20.651930178991396,5.17205129965733,3,9,176,0,0,0,5
0,1,1,NNS,1.0,tulips,1,2,7.971625176956877,16.5515951637583,40.07150207553695,6,9,177,0,0,0,6
1,0,1,VBD,3.0,began,0,1,2.255329452571459,14.709740939803238,13.744818247057848,5,9,178,0,0,0,7
2,0,1,TO,0.0,to,0,1,0.314951324951835,19.88357245739644,6.280557174231113,2,9,179,0,0,0,8
1,0,1,VB,2.0,grow,0,1,5.017865972360596,13.813380290555004,15.037993310576285,4,9,180,0,0,0,9
1,0,1,IN,0.0,in,0,1,1.9942977540194988,19.583721360186956,6.713150865180346,2,9,181,0,0,0,10
1,11,2,NN,2.0,popularity.,9,2,8.415270823985338,20.84295044036516,22.1218944643192,11,9,182,1,0,1,11
3,0,1,DT,0.0,The,0,0,2.4525572776328772,18.12053694573349,8.824079763818386,3,9,183,0,1,0,0
0,1,1,NN,1.0,flower,1,1,8.817590299295262,12.383838005270691,17.100386876297037,6,9,184,0,0,0,1
1,1,1,RB,0.0,rapidly,0,1,12.27403324714396,13.37139141610972,15.67564846786659,7,9,185,0,0,0,2
1,0,1,VBD,2.0,became,0,1,2.357125247712247,14.720031496767294,13.729972111557815,6,9,186,0,0,0,3
2,0,1,DT,0.0,a,0,0,2.1042810656363145,19.69218547190043,6.556670229096891,1,9,187,0,0,0,4
0,0,0,JJ,0.0,coveted,0,1,11.47469080600422,12.670473106305474,35.67505284821199,7,9,188,0,0,0,5
0,0,0,NN,0.0,luxury,0,1,7.126190018840134,12.250845226198596,17.292254899138392,6,9,189,0,0,0,6
0,1,1,NN,4.0,item,3,1,2.4833933413028717,14.0533677310928,14.691764620236771,4,9,190,0,0,0,7
0,0,0,CC,1.0,and,0,0,3.973029099404812,19.93279149564298,6.2095491118355035,3,9,191,0,0,0,8
1,0,1,DT,0.0,a,0,1,4.356187232304364,19.69218547190043,6.556670229096891,1,9,192,0,0,0,9
0,0,0,NN,0.0,status,0,1,11.696111778030172,14.578203390533195,13.934586817080422,6,9,193,0,0,0,10
0,4,1,NN,3.0,"symbol,",8,4,4.3198820417164825,20.760427723516127,20.76771294128934,7,9,194,1,0,0,11
0,0,0,CC,1.0,and,0,0,3.2246010511298664,19.93279149564298,6.2095491118355035,3,9,195,0,0,0,12
3,0,1,DT,0.0,a,0,0,5.20522201503627,19.69218547190043,6.556670229096891,1,9,196,0,0,0,13
0,1,1,NN,1.0,profusion,1,1,14.620410261908546,13.636635056694612,32.58636689771556,9,9,197,0,0,0,14
1,0,1,IN,0.0,of,0,1,0.1054137835162691,20.087642241543257,5.986146708647226,2,9,198,0,0,0,15
1,3,2,NNS,2.0,varieties,2,2,7.61008621082874,12.271654372339444,17.262233647195856,9,9,199,0,0,0,16
1,3,1,VBD,2.0,followed.,4,3,11.102134302258492,20.844814585840748,18.716155678086015,9,9,200,1,0,1,17
3,1,2,PRP,0.0,They,0,0,7.966759255155921,15.747655108709292,12.247424622708692,4,9,201,0,1,0,0
1,0,1,VBD,0.0,were,0,1,1.5552095603197813,17.723648827567594,9.39666828368408,4,9,202,0,0,0,1
1,0,1,VBN,2.0,classified,0,1,10.115371356718242,13.145591503523535,16.00140888198784,10,9,203,0,0,0,2
1,0,1,IN,0.0,in,0,1,4.6276602073339745,19.583721360186956,6.713150865180346,2,9,204,0,0,0,3
1,5,2,NNS,2.0,groups:,4,2,18.791714315419085,18.85959750098959,20.845902106471573,7,9,205,1,0,0,4
4,0,1,JJ,0.0,one-colored,0,0,23.97309971228242,19.762512060278688,34.79658008940541,11,9,206,0,0,0,5
0,1,1,NNS,1.0,tulips,1,1,5.485724210739136,16.5515951637583,40.07150207553695,6,9,207,0,0,0,6
1,0,1,IN,0.0,of,0,1,4.806114552309737,20.087642241543257,5.986146708647226,2,9,208,0,0,0,7
2,1,2,JJ,2.0,"red,",0,0,6.648207903956063,20.76239338133654,18.644920706377334,4,9,209,1,0,0,8
1,1,1,JJ,1.0,"yellow,",1,1,4.3392709256731905,20.76046486171036,20.679118839675628,7,9,210,1,0,0,9
0,0,0,CC,1.0,or,0,0,3.7425503322738223,18.052589408876212,8.922107338283002,2,9,211,0,0,0,10
1,4,2,JJ,1.0,white,6,5,6.000282770371996,14.820759703454794,13.584652027292124,5,9,212,0,0,0,11
1,0,1,VBD,0.0,were,0,1,3.4098462662659585,17.723648827567594,9.39666828368408,4,9,213,0,0,0,12
1,0,1,VBN,3.0,known,0,1,5.435174772981554,15.485962475218937,12.624967287282402,5,9,214,0,0,0,13
1,0,1,IN,0.0,as,0,1,0.9620046322233976,18.455643172698917,8.340623672004352,2,9,215,0,0,0,14
1,5,2,NNP,2.0,"Couleren,",5,2,34.5551059008576,20.770147016353818,49.004602203672064,9,9,216,1,0,0,15
0,0,0,CC,1.0,but,0,0,6.8377388613298535,17.553098244319884,9.64272076435627,3,9,217,0,0,0,16
2,1,2,PRP,0.0,it,0,1,6.35640958044678,18.431334787537676,8.375693258728493,2,9,218,0,0,0,17
1,0,1,VBD,0.0,was,0,1,0.8679040328133851,18.521451560034553,8.24568223794633,3,9,219,0,0,0,18
2,0,1,DT,0.0,the,0,0,3.846383319469169,20.651930178991396,5.17205129965733,3,9,220,0,0,0,19
0,0,0,JJ,0.0,multicolored,0,1,12.184025591704994,14.336285126443858,48.739429016718134,12,9,221,0,0,0,20
2,1,2,NNP,5.0,Rosen,2,1,21.489996001124386,11.967548923427229,17.70096507024882,5,9,222,0,0,0,21
4,0,2,-LRB-,1.0,(red,1,1,9.826917707920074,19.00801843030092,21.275240002868127,4,9,223,1,0,0,22
0,0,0,CC,1.0,or,0,0,4.756198369665071,18.052589408876212,8.922107338283002,2,9,224,0,0,0,23
0,2,2,JJ,1.0,pink,2,2,7.734593129949644,12.640031263738551,16.73077813279627,4,9,225,0,0,0,24
1,0,1,IN,0.0,on,0,1,8.958312902599573,18.53086189167023,8.232105999162414,2,9,226,0,0,0,25
1,0,1,JJ,0.0,white,0,0,5.597360696643591,14.820759703454794,13.584652027292124,5,9,227,0,0,0,26
0,5,0,NN,3.0,"background),",3,2,9.028464006260036,17.197023329365965,24.647356789226944,12,9,228,1,0,0,27
2,1,2,NNP,1.0,Violetten,0,0,29.176937414333224,13.888104670524866,34.286571059129805,9,9,229,0,0,0,28
4,0,2,-LRB-,1.0,(purple,1,1,5.270223060622811,18.9992298963304,40.181491457485016,7,9,230,1,0,0,29
0,0,0,CC,1.0,or,0,0,1.3042709766887128,18.052589408876212,8.922107338283002,2,9,231,0,0,0,30
0,2,2,JJ,1.0,lilac,2,2,12.017057421151549,16.812879890805203,37.02671718663688,5,9,232,0,0,0,31
1,0,1,IN,0.0,on,0,1,0.6586721008061431,18.53086189167023,8.232105999162414,2,9,233,0,0,0,32
1,0,1,JJ,0.0,white,0,0,0.9645307129831052,14.820759703454794,13.584652027292124,5,9,234,0,0,0,33
0,5,0,NN,3.0,"background),",4,3,0.614144432824105,17.197023329365965,24.647356789226944,12,9,235,1,0,0,34
1,0,1,CC,1.0,"and,",1,1,9.512799087387975,21.122633720032468,11.225917789767117,4,9,236,1,0,0,35
1,0,1,TO,0.0,to,0,0,6.23355846182676,19.88357245739644,6.280557174231113,2,9,237,0,0,0,36
1,0,1,DT,0.0,a,0,1,0.4939216246420983,19.69218547190043,6.556670229096891,1,9,238,0,0,0,37
0,0,0,JJR,0.0,lesser,0,1,0.2437431349826511,12.469689970742875,16.976528671459747,6,9,239,0,0,0,38
0,2,0,NN,3.0,"extent,",4,2,0.4958825104404241,20.76090993000253,19.901784748827293,7,9,240,1,0,0,39
2,0,1,DT,0.0,the,0,1,2.5309498771093786,20.651930178991396,5.17205129965733,3,9,241,0,0,0,40
0,1,1,NNP,3.0,Bizarden,0,1,31.85550244990736,16.789933185239196,41.94341914622416,8,9,242,0,0,0,41
4,0,2,-LRB-,1.0,"(red,",3,1,7.693056310643442,20.91979566073008,26.29160868079974,5,9,243,1,0,0,42
0,0,0,JJ,1.0,brown,0,0,7.072268341551535,13.412855996566936,15.615827723268424,5,9,244,0,0,0,43
0,0,0,CC,1.0,or,0,0,0.3775161150842905,18.052589408876212,8.922107338283002,2,9,245,0,0,0,44
0,2,2,JJ,1.0,purple,4,5,4.775950497016311,12.235014752800089,17.315093444605342,6,9,246,0,0,0,45
1,0,1,IN,0.0,on,0,1,0.4663519889581948,18.53086189167023,8.232105999162414,2,9,247,0,0,0,46
1,0,1,JJ,0.0,yellow,0,0,7.101204116595909,13.380331840632582,15.662750161744016,6,9,248,0,0,0,47
0,7,1,NN,3.0,background),8,6,2.414395405910909,18.87866516225014,22.157868905676104,11,9,249,1,0,0,48
2,1,2,WDT,0.0,that,0,1,0.8281656475737691,19.024464301341364,7.519988250559035,4,9,250,0,0,0,49
2,0,1,VBD,0.0,were,0,1,3.760370362782851,17.723648827567594,9.39666828368408,4,9,251,0,0,0,50
1,0,1,DT,0.0,the,0,1,3.4331660063471645,20.651930178991396,5.17205129965733,3,9,252,0,0,0,51
1,0,1,RBS,0.0,most,0,1,1.6130231213755906,16.424816014558168,11.270487941956638,4,9,253,0,0,0,52
0,10,1,JJ,5.0,popular.,11,4,2.2008531778119504,20.84399199159832,19.45274359948854,8,9,254,1,0,1,53
2,0,1,DT,0.0,These,0,0,4.949583095498383,15.377943232300195,12.780806113361848,5,9,255,0,1,0,0
2,1,2,JJ,0.0,spectacular,0,1,12.34879422467202,11.966571027603148,17.702375875704732,11,9,256,0,0,0,1
0,0,0,CC,1.0,and,0,0,4.803169401362538,19.93279149564298,6.2095491118355035,3,9,257,0,0,0,2
1,0,1,RB,0.0,highly,0,1,4.387108637019992,14.45657939922743,14.110053146190374,6,9,258,0,0,0,3
0,2,0,JJ,2.0,sought-after,3,2,5.9933838695287704,19.66566844611152,37.583636563977294,12,9,259,0,0,0,4
0,0,0,NN,0.0,tulip,0,1,7.039735974743962,16.705511858360644,37.866556576733785,5,9,260,0,0,0,5
0,1,1,NNS,3.0,bulbs,3,1,1.2475543729960918,10.9285968142394,19.19985612589523,5,9,261,0,0,0,6
1,0,1,MD,0.0,would,0,1,7.244839730672538,17.12711793173308,10.257280448841584,5,9,262,0,0,0,7
1,0,1,VB,2.0,grow,0,0,5.85974513925612,13.813380290555004,15.037993310576285,4,9,263,0,0,0,8
2,1,2,NNS,1.0,flowers,0,1,11.954963116906583,12.892784161554884,16.366132780546334,7,9,264,0,0,0,9
1,0,1,IN,0.0,with,0,1,5.1475194280501455,18.681580760008114,8.014664635242958,4,9,265,0,0,0,10
3,0,1,JJ,0.0,vivid,0,0,8.676757566863671,11.810582620444087,17.927419577149273,5,9,266,0,0,0,11
0,1,1,NNS,3.0,"colors,",1,1,3.597200902644545,20.76037594934809,20.90106435379973,7,9,267,1,0,0,12
1,1,1,NNS,1.0,"lines,",1,1,15.662777071702294,20.762518859193133,18.575589986094432,6,9,268,1,0,0,13
0,0,0,CC,1.0,and,0,0,0.6527293702820316,19.93279149564298,6.2095491118355035,3,9,269,0,0,0,14
1,2,2,NNS,1.0,flames,4,5,14.138096465729175,11.78326553031541,17.966829807609432,6,9,270,0,0,0,15
1,0,1,IN,0.0,on,0,1,5.116943757981062,18.53086189167023,8.232105999162414,2,9,271,0,0,0,16
1,0,1,DT,0.0,the,0,1,2.3056234348914586,20.651930178991396,5.17205129965733,3,9,272,0,0,0,17
0,5,0,NNS,3.0,"petals,",7,3,12.01309472048888,20.76333016531014,34.18600816355239,7,9,273,1,0,0,18
1,0,1,IN,0.0,as,0,1,5.095137466443703,18.455643172698917,8.340623672004352,2,9,274,0,0,0,19
2,0,1,DT,0.0,a,0,0,6.848317391355522,19.69218547190043,6.556670229096891,1,9,275,0,0,0,20
0,1,1,NN,3.0,"result,",1,1,10.99917240650393,20.76541818615232,17.514997985694855,7,9,276,1,0,0,21
3,1,2,PRP,0.0,it,0,0,7.1068204989423975,18.431334787537676,8.375693258728493,2,9,277,0,0,0,22
1,0,1,VBZ,0.0,is,0,0,1.4401266520144418,19.144004138058012,7.347528720939248,2,9,278,0,0,0,23
1,1,1,RB,0.0,now,1,1,6.931006582803093,16.358672986859247,11.365912160007252,3,9,279,0,0,0,24
1,4,2,VBN,4.0,"understood,",3,4,5.943904900632333,20.760686090822116,20.240988703918696,11,9,280,1,0,0,25
1,0,1,IN,0.0,of,0,1,0.4282580237486399,20.087642241543257,5.986146708647226,2,9,281,0,0,0,26
2,0,1,VBG,0.0,being,0,1,10.346792639466004,16.21534685484689,11.57268805989128,5,9,282,0,0,0,27
1,0,1,VBN,3.0,infected,0,1,12.78211960196495,13.25227347103332,15.847499336509198,8,9,283,0,0,0,28
1,0,1,IN,0.0,with,0,1,0.5574364745989442,18.681580760008114,8.014664635242958,4,9,284,0,0,0,29
2,0,1,JJ,0.0,tulip-specific,0,0,16.62950600218028,19.715189769947397,59.36539797716016,14,9,285,0,0,0,30
0,1,1,NN,3.0,virus,1,2,8.373762853443623,13.79937406218795,15.058200026782991,5,9,286,0,0,0,31
1,0,1,VBN,1.0,known,0,1,6.043955698842183,15.485962475218937,12.624967287282402,5,9,287,0,0,0,32
1,0,1,IN,0.0,as,0,1,0.0861298597883433,18.455643172698917,8.340623672004352,2,9,288,0,0,0,33
1,0,1,DT,0.0,the,0,1,4.368176273070276,20.651930178991396,5.17205129965733,3,9,289,0,0,0,34
0,0,0,``,0.0,'Tulip,0,2,12.109692759811878,17.692625919568826,47.57295697408146,6,9,290,1,0,0,35
0,0,0,JJ,0.0,breaking,0,1,22.30588248372078,13.194764035784123,15.930467913547536,8,9,291,0,0,0,36
0,14,1,NN,5.0,virus'.,20,5,1.5326692461967468,14.570709576676837,29.898979993911432,7,9,292,1,0,1,37
2,0,1,DT,0.0,The,0,0,2.343023558962159,18.12053694573349,8.824079763818386,3,9,293,0,1,0,0
0,0,0,JJ,0.0,Dutch,0,1,8.009517639991827,12.70118648308788,16.64254980111652,5,9,294,0,0,0,1
0,0,0,NNP,0.0,Golden,0,1,5.800308840814978,12.516868035361403,16.908465111595856,6,9,295,0,0,0,2
0,0,0,NNP,0.0,Age,0,1,0.1349640931002795,12.740877456727608,16.58528783027843,3,9,296,0,0,0,3
0,1,1,NNS,4.0,growers,4,1,13.58948451280594,16.222799751222695,26.735780538315623,7,9,297,0,0,0,4
1,0,1,VBD,1.0,named,0,1,11.215379908215256,14.223171254004276,14.44678991980691,5,9,298,0,0,0,5
1,0,1,PRP$,0.0,their,0,1,2.0568438309710473,17.287357438148756,10.026103707581193,5,9,299,0,0,0,6
0,0,0,JJ,0.0,new,0,1,5.816740004112944,16.69136483421134,10.885939281688206,3,9,300,0,0,0,7
0,1,0,NNS,3.0,varieties,3,1,2.859399300068617,12.271654372339444,17.262233647195856,9,9,301,0,0,0,8
1,0,1,IN,0.0,with,0,1,8.138528238749132,18.681580760008114,8.014664635242958,4,9,302,0,0,0,9
1,0,1,JJ,0.0,exalted,0,0,14.942141508916391,14.467705006291496,32.91741541791565,7,9,303,0,0,0,10
0,4,0,NNS,3.0,titles.,5,3,5.785532204434276,20.84303774770108,21.5867075236298,7,9,304,1,0,1,11
2,0,1,JJ,0.0,Many,0,0,7.286653611809015,13.75257927785592,15.12571063007828,4,9,305,0,1,0,0
0,0,0,JJ,0.0,early,0,1,8.337960727512836,15.19156845479873,13.049688080609997,5,9,306,0,0,0,1
0,1,1,NNS,2.0,forms,2,1,9.188230507075788,14.213328500895813,14.460990010905183,5,9,307,0,0,0,2
1,0,1,VBD,0.0,were,0,1,3.968055507168174,17.723648827567594,9.39666828368408,4,9,308,0,0,0,3
1,0,1,VBN,2.0,prefixed,0,0,14.607675440609457,15.21482059646343,30.373072684920515,8,9,309,0,0,0,4
1,0,1,IN,0.0,with,0,1,0.775998068973422,18.681580760008114,8.014664635242958,4,9,310,0,0,0,5
1,2,1,``,2.0,"'admiral',",4,3,25.716056399978697,17.153018977511376,59.24824998733456,10,9,311,1,0,0,6
1,1,1,RB,1.0,often,0,1,8.119246266782284,15.298674564108453,12.895166627859949,5,9,312,0,0,0,7
1,0,1,VBN,1.0,combined,0,1,11.900353417731822,14.00512048990741,14.761370675831508,8,9,313,0,0,0,8
1,0,1,IN,0.0,with,0,1,0.1218715470749884,18.681580760008114,8.014664635242958,4,9,314,0,0,0,9
2,0,1,DT,0.0,the,0,0,2.6498052356764674,20.651930178991396,5.17205129965733,3,9,315,0,0,0,10
0,1,1,NNS,2.0,growers',2,3,22.01946333260275,17.59439864073472,36.741091758256985,8,9,316,0,0,0,11
0,6,0,NNS,3.0,names.,9,4,4.470379009377211,20.843923200871725,19.535410734274155,6,9,317,1,0,1,12
2,1,2,``,0.0,'General',2,2,17.096379588358104,17.794456221465566,37.11602754390184,9,9,318,1,1,0,0
1,0,1,VBD,0.0,was,0,1,2.821587943471968,18.521451560034553,8.24568223794633,3,9,319,0,0,0,1
2,0,1,DT,0.0,another,0,0,7.65701306052506,15.813822436865516,12.151965346508836,7,9,320,0,0,0,2
0,1,1,NN,3.0,prefix,1,2,9.145446004346011,12.266118276234188,17.270220545592796,6,9,321,0,0,0,3
2,1,2,WDT,0.0,that,0,1,2.726911343634129,19.024464301341364,7.519988250559035,4,9,322,0,0,0,4
2,0,1,VBD,2.0,found,0,0,10.619454763713293,16.135319564070347,11.688143035430375,5,9,323,0,0,0,5
1,0,1,PRP$,0.0,its,0,1,0.5669670841889456,16.89741080294139,10.588677784406196,3,9,324,0,0,0,6
0,1,0,NN,2.0,way,2,2,0.723962742369622,16.35686007861536,11.3685276337403,3,9,325,0,0,0,7
1,0,1,IN,0.0,into,0,1,0.5733691302593797,16.972256606338846,10.48069811501334,4,9,326,0,0,0,8
2,0,1,DT,0.0,the,0,0,1.4801695350906812,20.651930178991396,5.17205129965733,3,9,327,0,0,0,9
0,1,1,NNS,3.0,names,1,2,5.1531030659680255,14.09017501775998,14.63866293029345,5,9,328,0,0,0,10
1,0,1,IN,0.0,of,0,1,0.2360725135658867,20.087642241543257,5.986146708647226,2,9,329,0,0,0,11
1,0,1,IN,0.0,around,0,0,11.655110308260191,15.859577351277904,12.08595495838978,6,9,330,0,0,0,12
0,0,0,CD,0.0,thirty,1,1,3.501091110869311,13.15249483118366,15.991449485406946,6,9,331,0,0,0,13
0,10,1,NNS,4.0,varieties.,10,3,3.126548834145069,20.84294550663261,22.15898145117656,10,9,332,1,0,1,14
2,1,2,RB,0.0,Later,0,0,8.218559436500072,12.58334059061188,16.812565485780777,5,9,333,0,1,0,0
1,1,1,VBD,1.0,came,0,1,9.795565782114863,15.304613280765835,12.886598870789095,4,9,334,0,0,0,1
2,1,2,NNS,1.0,varieties,0,0,9.665246846154332,12.271654372339444,17.262233647195856,9,9,335,0,0,0,2
1,0,1,IN,0.0,with,0,1,2.929253784241155,18.681580760008114,8.014664635242958,4,9,336,0,0,0,3
3,0,1,RB,0.0,even,0,0,8.454581027152017,16.307134926601453,11.440265863958214,4,9,337,0,0,0,4
0,0,0,RBR,0.0,more,1,1,0.6702758437022567,17.253429346216002,10.0750515975594,4,9,338,0,0,0,5
0,1,1,JJ,2.0,superb,1,1,14.1003912598826,11.55781278484612,18.29208936545278,6,9,339,0,0,0,6
0,1,1,NNS,3.0,"names,",4,4,6.157409589039162,20.761109167328033,19.655031608225062,6,9,340,1,0,0,7
1,0,1,JJ,0.0,such,0,1,1.2185759503336158,16.749195285324937,10.802507576654245,4,9,341,0,0,0,8
0,0,0,IN,1.0,as,0,1,0.0156588427780661,18.455643172698917,8.340623672004352,2,9,342,0,0,0,9
2,1,2,RB,0.0,even,0,1,12.990248607471583,16.307134926601453,11.440265863958214,4,9,343,0,0,0,10
2,1,2,``,3.0,'Admiral,0,1,13.629156820476055,17.700919305123108,53.435936877494434,8,9,344,1,0,0,11
1,0,1,IN,0.0,of,0,1,3.614550898782909,20.087642241543257,5.986146708647226,2,9,345,0,0,0,12
1,3,1,NN,2.0,Admirals',4,2,10.53596887551248,17.43235562701755,55.636744409128866,9,9,346,1,0,0,13
0,0,0,CC,1.0,and,0,0,1.4930367721244693,19.93279149564298,6.2095491118355035,3,9,347,0,0,0,14
2,1,2,``,1.0,'General,0,2,3.9504254199564457,16.85032459271048,27.11071632396047,8,9,348,1,0,0,15
1,0,1,IN,0.0,of,0,1,0.8367687715217471,20.087642241543257,5.986146708647226,2,9,349,0,0,0,16
1,9,1,NNP,2.0,Generals'.,13,5,8.487512054853141,15.266706030727851,46.38101198053507,10,9,350,1,0,1,17
3,1,2,JJS,0.0,Most,0,0,7.217778583988547,14.005358718677638,14.7610269843661,4,9,351,0,1,0,0
1,0,1,IN,0.0,of,0,1,1.3447012912365608,20.087642241543257,5.986146708647226,2,9,352,0,0,0,1
1,0,1,DT,0.0,these,0,1,1.266382028174121,16.716016513197467,10.85037442666533,5,9,353,0,0,0,2
0,3,1,NNS,3.0,varieties,3,1,2.496059238910675,12.271654372339444,17.262233647195856,9,9,354,0,0,0,3
1,0,1,VBP,0.0,have,0,0,5.9380027721636,17.990997945585363,9.010965036933804,4,9,355,0,0,0,4
1,1,1,RB,0.0,now,1,1,4.225052138324827,16.358672986859247,11.365912160007252,3,9,356,0,0,0,5
1,0,1,VBN,3.0,died,0,0,6.726965854875743,14.206350572187942,14.471057034047703,4,9,357,0,0,0,6
1,1,1,RP,1.0,"out,",2,2,1.948647210083436,20.786092045726072,15.265249413681502,4,9,358,1,0,0,7
1,0,1,IN,0.0,though,0,1,4.6566949247499,15.33441482476998,12.843604331043483,6,9,359,0,0,0,8
2,0,1,JJ,0.0,similar,0,0,12.040891271084549,15.278732163352888,12.92393743053342,7,9,360,0,0,0,9
0,0,0,``,0.0,'broken',2,3,21.983151060179807,17.7892447852334,39.00255361172694,8,9,361,1,0,0,10
0,1,1,NNS,2.0,tulips,2,2,4.381514068110846,16.5515951637583,40.07150207553695,6,9,362,0,0,0,11
1,0,1,VBP,3.0,continue,0,1,5.113130168057978,14.43256579960932,14.144697447273312,8,9,363,0,0,0,12
1,0,1,IN,0.0,in,0,1,5.868331030593254,19.583721360186956,6.713150865180346,2,9,364,0,0,0,13
1,0,1,DT,0.0,the,0,1,2.5071027200319804,20.651930178991396,5.17205129965733,3,9,365,0,0,0,14
0,8,0,NN,3.0,trade.,9,4,9.13541948312195,20.84389315534844,19.5730566010784,6,9,366,1,0,1,15
2,1,2,NNS,0.0,Tulips,0,0,8.87075725197792,13.582411363282786,34.185430286624225,6,9,367,0,1,0,0
2,0,1,VBP,1.0,grow,0,0,7.681793715804815,13.813380290555004,15.037993310576285,4,9,368,0,0,0,1
1,0,1,IN,0.0,from,0,1,5.313451408408582,18.126283629319108,8.815789051907856,4,9,369,0,0,0,2
1,3,2,NNS,2.0,"bulbs,",3,2,14.631094024982303,20.75989489369604,24.216224803826844,6,9,370,1,0,0,3
0,0,0,CC,1.0,and,0,0,3.2823269399814308,19.93279149564298,6.2095491118355035,3,9,371,0,0,0,4
1,0,1,MD,0.0,can,0,1,5.760211420245469,17.65084217709616,9.501706077262956,3,9,372,0,0,0,5
1,0,1,VB,0.0,be,0,1,1.0435695925261823,18.381669296901407,8.447345415772759,2,9,373,0,0,0,6
1,0,1,VBN,3.0,propagated,0,1,8.154687222908251,10.815469012822184,19.363065043986516,10,9,374,0,0,0,7
1,0,1,IN,0.0,through,0,1,4.765531839802861,16.375970236499086,11.340957503730838,7,9,375,0,0,0,8
1,0,1,CC,0.0,both,0,1,8.401890505105257,16.265379148427403,11.500506718058377,4,9,376,0,0,0,9
0,0,0,NNS,3.0,seeds,0,0,7.715185942128301,12.856419313092372,16.418596167085877,5,9,377,0,0,0,10
0,0,0,CC,1.0,and,0,0,0.0758590353652834,19.93279149564298,6.2095491118355035,3,9,378,0,0,0,11
0,7,0,NNS,1.0,buds.,11,6,8.395424061454833,20.842809266200344,23.990441257805777,5,9,379,1,0,1,12
3,1,2,NNS,0.0,Seeds,0,0,7.422679789364338,14.566454837250436,30.431200509203254,5,9,380,0,1,0,0
1,0,1,IN,0.0,from,0,1,6.28470219601877,18.126283629319108,8.815789051907856,4,9,381,0,0,0,1
1,0,1,DT,0.0,a,0,1,4.250601919367909,19.69218547190043,6.556670229096891,1,9,382,0,0,0,2
0,3,1,NN,3.0,tulip,3,1,3.86737805348821,16.705511858360644,37.866556576733785,5,9,383,0,0,0,3
1,0,1,MD,0.0,will,0,1,5.389254794921726,17.38540358388539,9.884653019348672,4,9,384,0,0,0,4
1,0,1,VB,2.0,form,0,0,6.819791761692613,15.668394445658237,12.361773588230022,4,9,385,0,0,0,5
1,0,1,DT,0.0,a,0,1,1.6084978296421468,19.69218547190043,6.556670229096891,1,9,386,0,0,0,6
0,0,0,JJ,0.0,flowering,0,1,10.133438799064606,11.221569987152138,18.777185182220517,9,9,387,0,0,0,7
0,1,0,NN,3.0,bulb,3,2,6.3631571643054485,11.49650132415606,18.38054310573999,4,9,388,0,0,0,8
1,0,1,IN,0.0,after,0,1,6.25514625152573,16.646807242872875,10.950222297746166,5,9,389,0,0,0,9
1,0,1,JJ,0.0,seven-twelve,0,0,24.84618513705209,19.667163800728815,56.53655000119761,12,9,390,0,0,0,10
0,5,0,NNS,3.0,years.,6,3,8.47906162776053,20.852893979291135,16.41026546877383,6,9,391,1,0,1,11
4,1,2,WRB,0.0,When,0,0,5.7696089337114245,15.320069616500676,12.864300091874131,4,9,392,0,1,0,0
2,0,1,DT,0.0,a,0,0,3.0166929319966584,19.69218547190043,6.556670229096891,1,9,393,0,0,0,1
0,1,1,NN,1.0,bulb,1,2,4.66515837656334,11.49650132415606,18.38054310573999,4,9,394,0,0,0,2
1,0,1,VBZ,2.0,grows,0,1,6.756810486316681,12.4022888891819,17.07376787757832,5,9,395,0,0,0,3
1,0,1,IN,0.0,into,0,1,4.649215716461185,16.972256606338846,10.48069811501334,4,9,396,0,0,0,4
1,0,1,DT,0.0,the,0,1,3.1842012735432945,20.651930178991396,5.17205129965733,3,9,397,0,0,0,5
0,5,1,NN,3.0,"flower,",6,2,5.44476145360386,20.760071451479977,22.11675555422865,7,9,398,1,0,0,6
1,0,1,DT,0.0,the,0,0,2.193032230657991,20.651930178991396,5.17205129965733,3,9,399,0,0,0,7
0,0,0,JJ,0.0,original,0,1,7.6808543029474095,14.792607730418949,13.625266739182177,8,9,400,0,0,0,8
0,1,0,NN,2.0,bulb,2,2,3.15202116407454,11.49650132415606,18.38054310573999,4,9,401,0,0,0,9
1,0,1,MD,0.0,will,0,1,1.9990720972418785,17.38540358388539,9.884653019348672,4,9,402,0,0,0,10
1,3,2,VB,3.0,"disappear,",4,2,10.455578695225997,20.76002334775227,22.454807622982248,10,9,403,1,0,0,11
0,0,0,CC,1.0,but,0,0,3.4776139592868276,17.553098244319884,9.64272076435627,3,9,404,0,0,0,12
2,0,1,DT,0.0,a,0,0,3.711881897645071,19.69218547190043,6.556670229096891,1,9,405,0,0,0,13
0,0,0,NN,0.0,clone,0,1,11.32043475448154,12.231165178141872,17.320647206874284,5,9,406,0,0,0,14
0,1,1,NN,2.0,bulb,2,2,8.476061806082726,11.49650132415606,18.38054310573999,4,9,407,0,0,0,15
1,0,1,VBZ,2.0,forms,0,0,9.206258926540611,14.213328500895813,14.460990010905183,5,9,408,0,0,0,16
1,0,1,IN,0.0,in,0,1,3.4076971983304247,19.583721360186956,6.713150865180346,2,9,409,0,0,0,17
1,0,1,PRP$,0.0,its,0,1,4.957286598626524,16.89741080294139,10.588677784406196,3,9,410,0,0,0,18
0,2,0,NN,3.0,"place,",4,3,3.427579048846382,20.76579945252724,17.41931995343559,6,9,411,1,0,0,19
1,0,1,IN,0.0,as,0,1,5.550539706891868,18.455643172698917,8.340623672004352,2,9,412,0,0,0,20
2,1,2,VBP,2.0,do,0,1,8.002128056017682,17.017821743590243,10.414961517463322,2,9,413,0,0,0,21
1,0,1,JJ,0.0,several,0,0,7.355593719985336,15.389540750537888,12.76407443131371,7,9,414,0,0,0,22
0,6,0,NNS,2.0,buds.,8,4,10.744215494953096,20.842809266200344,23.990441257805777,5,9,415,1,0,1,23
3,0,1,RB,0.0,Properly,0,0,13.910548120737076,16.451143029442573,39.64865717833047,8,9,416,0,1,0,0
0,2,2,JJ,1.0,"cultivated,",2,2,6.928713381523266,20.759944406203644,23.2741370472962,11,9,417,1,0,0,1
1,0,1,DT,0.0,these,0,0,3.465096222469583,16.716016513197467,10.85037442666533,5,9,418,0,0,0,2
0,1,0,NNS,1.0,buds,2,2,6.150385731365532,11.00218317106554,19.093693453825068,4,9,419,0,0,0,3
1,0,1,MD,0.0,will,0,1,1.9487315374426544,17.38540358388539,9.884653019348672,4,9,420,0,0,0,4
1,0,1,VB,3.0,become,0,1,5.271157705690712,15.149753179254834,13.11001477127058,6,9,421,0,0,0,5
2,1,2,NNS,1.0,bulbs,0,1,8.55384477879852,10.9285968142394,19.19985612589523,5,9,422,0,0,0,6
1,0,1,IN,0.0,of,0,1,2.1531399769010022,20.087642241543257,5.986146708647226,2,9,423,0,0,0,7
1,0,1,PRP$,0.0,their,0,1,8.630282190337311,17.287357438148756,10.026103707581193,5,9,424,0,0,0,8
0,6,0,JJ,3.0,own.,7,2,3.032645301136654,20.84955466842822,16.989125133118122,4,9,425,1,0,1,9
4,0,1,DT,0.0,The,0,0,2.419366323389113,18.12053694573349,8.824079763818386,3,9,426,0,1,0,0
0,0,0,``,0.0,'tulip,0,2,12.814377429895105,18.044758700097827,46.5619984209304,6,9,427,1,0,0,1
0,0,0,NN,0.0,breaking',2,2,4.520293808775023,17.31809272252206,25.935779133488893,9,9,428,1,0,0,2
0,1,1,NN,3.0,"virus,",4,2,4.121259211678989,20.7607893529828,20.074568704714604,6,9,429,1,0,0,3
2,1,2,WDT,0.0,which,0,1,2.083354062982835,17.599930483545194,9.57515612507219,5,9,430,0,0,0,4
2,0,1,JJ,0.0,many,0,0,9.770782234612852,16.22722338174218,11.555553853436455,4,9,431,0,0,0,5
0,1,1,NNS,1.0,botanists,1,2,7.940844425465912,14.72653424326949,32.96180504576188,9,9,432,0,0,0,6
1,0,1,VBP,0.0,have,0,1,3.30454693431966,17.990997945585363,9.010965036933804,4,9,433,0,0,0,7
1,5,2,VBN,4.0,"studied,",5,2,9.126737452344967,20.76110339398014,19.661619433818444,8,9,434,1,0,0,8
1,0,1,VBZ,1.0,spreads,0,1,7.16446681227535,11.251508751434526,18.733992675459973,7,9,435,0,0,0,9
1,1,1,RB,1.0,only,0,1,8.220357697922736,16.873419471860046,10.623289958781577,4,9,436,0,0,0,10
1,0,1,IN,0.0,through,0,1,2.2825269335880876,16.375970236499086,11.340957503730838,7,9,437,0,0,0,11
2,1,2,NNS,2.0,"buds,",0,0,9.335104001453146,20.75989899757895,24.11006213175668,5,9,438,1,0,0,12
0,0,0,RB,0.0,not,0,1,4.581910575274378,18.05588478508421,8.917353115369856,3,9,439,0,0,0,13
1,5,2,NNS,2.0,"seeds,",8,4,5.746560029743705,20.76021055814773,21.43496484501749,6,9,440,1,0,0,14
0,0,0,CC,1.0,and,0,0,1.0709215450915508,19.93279149564298,6.2095491118355035,3,9,441,0,0,0,15
0,0,0,IN,1.0,so,0,1,7.0791171584278345,17.102955196419583,10.292139907252675,2,9,442,0,0,0,16
3,0,1,VBG,0.0,cultivating,0,0,16.5449209921062,15.3069229803523,31.362093208490258,11,9,443,0,0,0,17
1,0,1,DT,0.0,the,0,1,3.2591824732953683,20.651930178991396,5.17205129965733,3,9,444,0,0,0,18
1,0,1,RBS,0.0,most,0,1,8.468939367565326,16.424816014558168,11.270487941956638,4,9,445,0,0,0,19
0,1,0,JJ,1.0,appealing,1,1,12.764773214701563,11.944980571485171,17.733524319676665,9,9,446,0,0,0,20
0,3,2,NNS,3.0,varieties,3,2,1.614415716379881,12.271654372339444,17.262233647195856,9,9,447,0,0,0,21
1,0,1,VBZ,2.0,takes,0,1,7.280454011866823,14.516884307325142,14.02305155433654,5,9,448,0,0,0,22
1,4,1,NNS,1.0,years.,6,3,6.121073687216267,20.852893979291135,16.41026546877383,6,9,449,1,0,1,23
2,1,2,NN,0.0,Propagation,0,0,14.648963928222656,16.149236695939003,42.93596542027106,11,9,450,0,1,0,0
1,0,1,VBZ,0.0,is,0,1,2.6555541697889566,19.144004138058012,7.347528720939248,2,9,451,0,0,0,1
1,1,1,RB,0.0,greatly,0,1,12.02627106779255,13.18622792147037,15.942782923336448,7,9,452,0,0,0,2
1,0,1,VBN,3.0,slowed,0,0,8.18940115137957,11.63010387343198,18.187795370449496,6,9,453,0,0,0,3
1,1,1,RP,1.0,down,1,2,2.8596424609422684,16.107036220281262,11.728947275254644,4,9,454,0,0,0,4
1,0,1,IN,0.0,by,0,1,1.3867423099000007,18.29067397824052,8.57862391074893,2,9,455,0,0,0,5
1,0,1,DT,0.0,the,0,1,1.5256358453189025,20.651930178991396,5.17205129965733,3,9,456,0,0,0,6
0,5,0,NN,3.0,virus.,7,2,11.833823618886528,20.843628808371292,19.954947830763697,6,9,457,1,0,1,7
3,1,2,NNS,0.0,Tulips,0,0,8.161271402612329,13.582411363282786,34.185430286624225,6,9,458,0,1,0,0
1,0,1,VBP,1.0,bloom,0,0,8.43956839106977,11.48640693640942,18.395106228882877,5,9,459,0,0,0,1
1,0,1,IN,0.0,in,0,1,2.275243654381484,19.583721360186956,6.713150865180346,2,9,460,0,0,0,2
1,0,1,NNP,2.0,April,0,0,9.943392599467188,14.419928158996935,14.162929708713335,5,9,461,0,0,0,3
0,0,0,CC,1.0,and,0,0,1.1127229421399534,19.93279149564298,6.2095491118355035,3,9,462,0,0,0,4
0,2,0,NNP,1.0,May,4,4,2.287033847067505,14.74858603457119,13.68877662147326,3,9,463,0,0,0,5
1,0,1,IN,0.0,for,0,1,6.773936560377479,18.90419907432743,7.693494297163422,3,9,464,0,0,0,6
1,0,1,RB,0.0,about,0,1,5.277302137576044,17.10157168565105,10.294135891377458,5,9,465,0,0,0,7
0,0,0,DT,0.0,a,0,1,3.5460282991698477,19.69218547190043,6.556670229096891,1,9,466,0,0,0,8
0,4,1,NN,4.0,"week,",6,2,4.555831539531937,20.763245638841997,18.22862662338473,5,9,467,1,0,0,9
0,0,0,CC,1.0,and,0,0,1.6710546528920531,19.93279149564298,6.2095491118355035,3,9,468,0,0,0,10
2,0,1,DT,0.0,the,0,0,3.898938304744661,20.651930178991396,5.17205129965733,3,9,469,0,0,0,11
0,0,0,JJ,0.0,secondary,0,1,11.766801157966256,13.8141426227674,15.036893497673947,9,9,470,0,0,0,12
0,1,1,NNS,2.0,buds,2,2,4.982727931812406,11.00218317106554,19.093693453825068,4,9,471,0,0,0,13
1,0,1,VBP,2.0,appear,0,1,7.311267593875527,14.322605230379011,14.303337015195208,6,9,472,0,0,0,14
1,0,1,RB,0.0,shortly,0,1,7.9501478131860495,12.76623399890342,16.548706072627294,7,9,473,0,0,0,15
0,4,0,RB,2.0,thereafter.,6,3,2.560250859707594,20.84297270529383,21.965455882988817,11,9,474,1,0,1,16
3,1,2,NNS,0.0,Bulbs,0,0,13.127170292660594,14.14332902996978,32.23394039643411,5,9,475,0,1,0,0
3,0,1,MD,0.0,can,0,1,3.791110692545771,17.65084217709616,9.501706077262956,3,9,476,0,0,0,1
1,0,1,VB,0.0,be,0,1,1.4582811748841775,18.381669296901407,8.447345415772759,2,9,477,0,0,0,2
1,3,2,JJ,3.0,uprooted,0,0,9.847784813202452,17.222115724497815,40.01652883394884,8,9,478,0,0,0,3
0,0,0,CC,1.0,and,0,0,2.7105139791965485,19.93279149564298,6.2095491118355035,3,9,479,0,0,0,4
1,0,1,VBD,1.0,moved,0,1,7.9756069630384445,14.375568533834484,14.226927119950895,5,9,480,0,0,0,5
1,3,2,RP,1.0,about,3,3,3.509916603565216,17.10157168565105,10.294135891377458,5,9,481,0,0,0,6
1,0,1,IN,0.0,from,0,1,6.498366748914123,18.126283629319108,8.815789051907856,4,9,482,0,0,0,7
1,2,1,NNP,2.0,June,1,1,12.721639866009356,14.484020724388223,14.070463682465473,4,9,483,0,0,0,8
1,0,1,TO,0.0,to,0,1,0.92387826659251,19.88357245739644,6.280557174231113,2,9,484,0,0,0,9
1,4,2,NNP,2.0,"September,",7,2,3.578507372236345,20.76149414436644,19.27224667604554,10,9,485,1,0,0,10
0,0,0,CC,1.0,and,0,0,2.233791599806864,19.93279149564298,6.2095491118355035,3,9,486,0,0,0,11
2,1,2,RB,0.0,thus,0,1,10.00844541285187,14.88908773372881,13.48607551686209,4,9,487,0,0,0,12
1,0,1,JJ,0.0,actual,0,0,14.491871698759496,14.304861441231672,14.328935891804653,6,9,488,0,0,0,13
0,1,0,NNS,1.0,purchases,1,2,15.599166455678642,12.030271782726349,17.610475112187604,9,9,489,0,0,0,14
1,0,1,VBD,3.0,occurred,0,1,14.325957978144288,13.974342549050004,14.80577385847526,8,9,490,0,0,0,15
1,0,1,IN,0.0,during,0,1,4.694595772190951,16.031672464587032,11.83767419185748,6,9,491,0,0,0,16
1,0,1,DT,0.0,these,0,1,3.680131368455477,16.716016513197467,10.85037442666533,5,9,492,0,0,0,17
0,5,0,NNS,3.0,months.,8,3,3.190475129056722,20.845888869785817,18.10954420958439,7,9,493,1,0,1,18
2,0,1,IN,0.0,As,0,0,6.319657079875469,15.831493928052089,12.126470773808853,2,9,494,0,1,0,0
2,0,1,DT,0.0,the,0,0,2.3063044253503904,20.651930178991396,5.17205129965733,3,9,495,0,0,0,1
0,1,1,NNS,1.0,flowers,1,2,3.626430914388038,12.892784161554884,16.366132780546334,7,9,496,0,0,0,2
1,0,1,VBD,2.0,grew,0,1,7.891761529259384,13.391782696345498,15.646230068993056,4,9,497,0,0,0,3
1,0,1,IN,0.0,in,0,1,2.805497955996543,19.583721360186956,6.713150865180346,2,9,498,0,0,0,4
1,5,2,NN,2.0,"popularity,",5,2,4.242256073397584,20.760052374512053,22.24151533827011,11,9,499,1,0,0,5
1,0,1,JJ,0.0,professional,0,0,13.474779080948792,14.024868320451104,14.7328805786378,12,9,500,0,0,0,6
0,1,0,NNS,1.0,growers,1,2,2.1497740680351853,16.222799751222695,26.735780538315623,7,9,501,0,0,0,7
1,0,1,VBD,2.0,paid,0,1,9.381787955760956,14.168104987918104,14.526233748809702,4,9,502,0,0,0,8
2,0,1,JJR,0.0,higher,0,0,7.575593201443553,15.32640510949247,12.85515990755328,6,9,503,0,0,0,9
0,0,0,CC,1.0,and,0,0,7.125488026998937,19.93279149564298,6.2095491118355035,3,9,504,0,0,0,10
0,1,1,JJR,1.0,higher,2,2,0.3148825074313208,15.32640510949247,12.85515990755328,6,9,505,0,0,0,11
0,1,0,NNS,2.0,prices,2,2,0.999010008876212,13.554818294923034,15.41101941943688,6,9,506,0,0,0,12
1,0,1,IN,0.0,for,0,1,0.7987877937266603,18.90419907432743,7.693494297163422,3,9,507,0,0,0,13
2,1,2,NNS,2.0,bulbs,0,1,4.719282218604349,10.9285968142394,19.19985612589523,5,9,508,0,0,0,14
1,0,1,IN,0.0,with,0,1,6.341731291264296,18.681580760008114,8.014664635242958,4,9,509,0,0,0,15
1,0,1,DT,0.0,the,0,1,2.987142617814243,20.651930178991396,5.17205129965733,3,9,510,0,0,0,16
0,6,0,NN,3.0,virus.,8,2,7.638334725983441,20.843628808371292,19.954947830763697,6,9,511,1,0,1,17
2,0,1,IN,0.0,By,0,0,6.2326966053806245,14.788123398517127,13.631736262578634,2,9,512,0,1,0,0
1,0,1,NN,0.0,sixteen,0,0,11.144774487707764,11.813814934509129,17.922756333677043,7,9,513,0,0,0,1
0,2,1,NN,2.0,"thirty-four,",3,3,9.630867724190466,21.048204071969657,44.15798922355829,12,9,514,1,0,0,2
1,0,1,IN,0.0,in,0,1,6.85520321468357,19.583721360186956,6.713150865180346,2,9,515,0,0,0,3
1,2,1,NN,1.0,part,1,1,8.774648777674884,16.00726140395166,11.872891907978971,4,9,516,0,0,0,4
1,0,1,IN,0.0,as,0,1,6.583110135266907,18.455643172698917,8.340623672004352,2,9,517,0,0,0,5
2,0,1,DT,0.0,a,0,0,0.0949304591485997,19.69218547190043,6.556670229096891,1,9,518,0,0,0,6
0,1,1,NN,2.0,result,1,2,0.8191170537902508,15.57353328952028,12.498629307763242,6,9,519,0,0,0,7
1,0,1,IN,0.0,of,0,1,0.0103762940270826,20.087642241543257,5.986146708647226,2,9,520,0,0,0,8
2,1,2,NN,2.0,demand,0,1,10.38709542446304,13.8417570845559,14.99705425059486,6,9,521,0,0,0,9
1,0,1,IN,0.0,from,0,1,2.4862252661259845,18.126283629319108,8.815789051907856,4,9,522,0,0,0,10
1,0,1,DT,0.0,the,0,1,1.937109426537063,20.651930178991396,5.17205129965733,3,9,523,0,0,0,11
0,6,0,NNP,3.0,"French,",8,2,9.714724244724492,20.76120180497568,19.553237998539455,7,9,524,1,0,0,12
1,1,1,NNS,0.0,speculators,0,1,15.493106405017896,13.003408655591734,34.8236279042726,11,9,525,0,0,0,13
1,0,1,VBD,4.0,began,0,1,2.3581569297239184,14.709740939803238,13.744818247057848,5,9,526,0,0,0,14
2,0,1,TO,0.0,to,0,1,0.8320503197028302,19.88357245739644,6.280557174231113,2,9,527,0,0,0,15
1,0,1,VB,2.0,enter,0,1,7.942280202230904,13.944246721834476,14.849192959150557,5,9,528,0,0,0,16
1,0,1,DT,0.0,the,0,1,0.5774803512322251,20.651930178991396,5.17205129965733,3,9,529,0,0,0,17
0,6,1,NN,2.0,market.,8,2,3.978401235624915,20.844892244489017,18.662675947842633,7,9,530,1,0,1,18
2,0,1,IN,0.0,In,0,0,3.454153660684824,17.05486160741379,10.361524289609886,2,9,531,0,1,0,0
1,0,1,NN,0.0,sixteen,0,0,9.866520366631448,11.813814934509129,17.922756333677043,7,9,532,0,0,0,1
0,2,1,NN,2.0,"thirty-six,",3,3,8.4393603206845,21.04812885951396,44.6670489956428,11,9,533,1,0,0,2
1,0,1,DT,0.0,the,0,0,1.8891445128247144,20.651930178991396,5.17205129965733,3,9,534,0,0,0,3
0,1,0,NNPS,1.0,Dutch,1,2,3.399478579754941,12.70118648308788,16.64254980111652,5,9,535,0,0,0,4
1,0,1,VBD,2.0,created,0,1,11.139500413555652,14.657456551196196,13.820248675217137,7,9,536,0,0,0,5
2,0,1,DT,0.0,a,0,0,1.4108636866440063,19.69218547190043,6.556670229096891,1,9,537,0,0,0,6
0,1,1,NN,2.0,type,1,2,10.136685033503454,15.765536653450154,12.221627006787616,4,9,538,0,0,0,7
1,0,1,IN,0.0,of,0,1,0.0638499114429578,20.087642241543257,5.986146708647226,2,9,539,0,0,0,8
2,0,1,JJ,0.0,formal,0,0,13.025046411552466,13.351315625526578,15.704611711382814,6,9,540,0,0,0,9
0,0,0,NNS,0.0,futures,0,1,16.088868049904704,11.255099885073664,18.728811764767617,7,9,541,0,0,0,10
0,1,1,NNS,4.0,"markets,",3,3,10.78857566282386,20.76036348163777,20.935104919274185,8,9,542,1,0,0,11
2,1,2,WDT,0.0,which,0,1,2.1821427153772675,17.599930483545194,9.57515612507219,5,9,543,0,0,0,12
2,1,2,NNS,0.0,merchants,0,1,13.591666515916586,11.5244587007839,18.340209137122734,9,9,544,0,0,0,13
1,0,1,VBD,3.0,used,0,1,4.821452203206718,16.57386279565365,11.055458890009728,4,9,545,0,0,0,14
2,0,1,TO,0.0,to,0,1,0.3863517917925492,19.88357245739644,6.280557174231113,2,9,546,0,0,0,15
2,0,1,VB,2.0,sell,0,0,3.053283936693333,13.723821713203955,15.16719902598971,4,9,547,0,0,0,16
0,0,0,CC,1.0,and,0,0,5.941422610078007,19.93279149564298,6.2095491118355035,3,9,548,0,0,0,17
0,1,1,VB,1.0,buy,2,3,3.5487945727072656,14.13208397694888,14.578201082702808,3,9,549,0,0,0,18
1,0,1,NNS,1.0,contracts,1,1,9.4632565677166,12.87003557869415,16.398952048226768,9,9,550,0,0,0,19
2,0,1,TO,0.0,to,0,1,3.9058333160355687,19.88357245739644,6.280557174231113,2,9,551,0,0,0,20
1,0,1,VB,2.0,buy,0,0,3.878960314206779,14.13208397694888,14.578201082702808,3,9,552,0,0,0,21
1,1,1,NNS,1.0,bulbs,1,2,5.547582998871803,10.9285968142394,19.19985612589523,5,9,553,0,0,0,22
1,0,1,IN,0.0,at,0,1,3.862017309293151,18.150223836201175,8.781250634161243,2,9,554,0,0,0,23
2,0,1,DT,0.0,the,0,0,4.343912907905178,20.651930178991396,5.17205129965733,3,9,555,0,0,0,24
0,1,1,NN,3.0,end,1,2,7.415534332365496,15.912313022915548,12.009873466440204,3,9,556,0,0,0,25
1,0,1,IN,0.0,of,0,1,0.0145313002285547,20.087642241543257,5.986146708647226,2,9,557,0,0,0,26
1,0,1,DT,0.0,the,0,1,1.0760372159420513,20.651930178991396,5.17205129965733,3,9,558,0,0,0,27
0,19,2,NN,3.0,season.,18,2,5.4921396432910115,20.845209216137395,18.462847820977817,7,9,559,1,0,1,28
3,1,2,NNS,0.0,Traders,0,0,7.311221695505083,14.206246387551024,32.295486905264475,7,9,560,0,1,0,0
1,0,1,VBD,1.0,met,0,1,12.301098797470331,14.724562351835212,13.723435469420345,3,9,561,0,0,0,1
1,0,1,IN,0.0,at,0,1,3.4770039522554725,18.150223836201175,8.781250634161243,2,9,562,0,0,0,2
1,4,2,NNS,2.0,taverns,3,1,12.46302448422648,16.30686529077665,42.63406549328883,7,9,563,0,0,0,3
0,0,0,CC,1.0,and,0,0,1.570359823293984,19.93279149564298,6.2095491118355035,3,9,564,0,0,0,4
2,1,2,NNS,0.0,buyers,0,1,13.387028719298542,12.001603634480771,17.651834507492968,6,9,565,0,0,0,5
1,0,1,VBD,0.0,were,0,1,3.430795938591473,17.723648827567594,9.39666828368408,4,9,566,0,0,0,6
1,0,1,VBN,3.0,required,0,1,5.818957913783379,15.173605270274992,13.075603477840968,8,9,567,0,0,0,7
2,0,1,TO,0.0,to,0,1,0.0386367854662239,19.88357245739644,6.280557174231113,2,9,568,0,0,0,8
1,0,1,VB,2.0,pay,0,0,2.3061359669081867,14.786382652599524,13.634247628081408,3,9,569,0,0,0,9
2,0,1,DT,0.0,a,0,1,2.1458388160099275,19.69218547190043,6.556670229096891,1,9,570,0,0,0,10
0,1,1,NN,2.0,fee,2,2,3.4607077787513845,13.235718848066886,15.871382608966655,3,9,571,0,0,0,11
1,0,1,IN,0.0,per,0,1,7.42403160687536,15.707220635655288,12.305759236464665,3,9,572,0,0,0,12
1,10,2,NN,2.0,trade.,9,3,11.049095781520007,20.84389315534844,19.5730566010784,6,9,573,1,0,1,13
2,1,2,NNS,0.0,People,0,0,9.490010269917548,13.814036472033258,15.03704664081168,6,9,574,0,1,0,0
1,0,1,VBD,0.0,were,0,1,3.470098969526589,17.723648827567594,9.39666828368408,4,9,575,0,0,0,1
2,0,1,VBG,2.0,purchasing,0,0,10.409165340475738,12.105495117572582,17.501950780045814,10,9,576,0,0,0,2
1,1,1,NNS,1.0,bulbs,1,1,2.535314230248332,10.9285968142394,19.19985612589523,5,9,577,0,0,0,3
1,0,1,IN,0.0,at,0,1,2.5694391894503497,18.150223836201175,8.781250634161243,2,9,578,0,0,0,4
2,0,1,JJR,0.0,higher,0,0,6.675644575676415,15.32640510949247,12.85515990755328,6,9,579,0,0,0,5
0,0,0,CC,1.0,and,0,0,3.161910943395924,19.93279149564298,6.2095491118355035,3,9,580,0,0,0,6
0,1,1,JJR,1.0,higher,2,2,0.2308234174852259,15.32640510949247,12.85515990755328,6,9,581,0,0,0,7
0,3,1,NNS,3.0,"prices,",3,2,2.0833489994402044,20.76058371874847,20.427388097368492,7,9,582,1,0,0,8
1,0,1,VBG,1.0,intending,0,1,13.296876373060512,10.75562368956358,19.449403595072106,9,9,583,0,0,0,9
2,0,1,TO,0.0,to,0,1,0.2677943598246202,19.88357245739644,6.280557174231113,2,9,584,0,0,0,10
1,0,1,VB,2.0,re-sell,0,1,12.99327768071089,19.67883850293352,37.89314689852575,7,9,585,0,0,0,11
1,1,1,PRP,1.0,them,1,1,1.21133928373456,16.811187279975307,10.71307203339734,4,9,586,0,0,0,12
1,0,1,IN,0.0,for,0,1,3.2526938582304865,18.90419907432743,7.693494297163422,3,9,587,0,0,0,13
1,0,1,DT,0.0,a,0,1,2.230775284784613,19.69218547190043,6.556670229096891,1,9,588,0,0,0,14
0,9,1,NN,3.0,profit.,10,4,3.7844752935052384,20.84315398684973,21.08827561074295,7,9,589,1,0,1,15
2,1,2,RB,0.0,"However,",1,1,5.763468462275341,20.765690481257153,17.446028317169958,8,9,590,1,1,0,0
1,0,1,PDT,0.0,such,0,0,7.425577181973495,16.749195285324937,10.802507576654245,4,9,591,0,0,0,1
0,0,0,DT,0.0,a,0,1,2.576166366809048,19.69218547190043,6.556670229096891,1,9,592,0,0,0,2
0,1,0,NN,2.0,scheme,2,2,3.937671053688973,13.726950345784791,15.162685363280572,6,9,593,0,0,0,3
1,0,1,MD,0.0,could,0,0,6.266048964578658,16.68628345113659,10.893270167851,5,9,594,0,0,0,4
0,0,0,RB,0.0,not,1,1,1.1447884845547378,18.05588478508421,8.917353115369856,3,9,595,0,0,0,5
1,0,1,VB,4.0,last,0,0,4.758017115294933,15.887953038257791,12.045017495502083,4,9,596,0,0,0,6
1,0,1,IN,0.0,unless,0,1,8.68111489340663,14.000522658663304,14.76800394416622,6,9,597,0,0,0,7
2,1,2,NN,0.0,someone,0,1,8.940494522452354,14.860948837440512,13.526671362993302,7,9,598,0,0,0,8
1,0,1,VBD,0.0,was,0,0,3.051037314115092,18.521451560034553,8.24568223794633,3,9,599,0,0,0,9
1,1,1,RB,0.0,ultimately,1,1,12.818843138462398,13.350596355586353,15.705649398558638,10,9,600,0,0,0,10
1,0,1,JJ,5.0,willing,0,0,3.592433163139503,13.4733568120921,15.528543496740529,7,9,601,0,0,0,11
2,0,1,TO,0.0,to,0,1,0.0421765200735535,19.88357245739644,6.280557174231113,2,9,602,0,0,0,12
2,0,1,VB,2.0,pay,0,0,1.4970207972510252,14.786382652599524,13.634247628081408,3,9,603,0,0,0,13
1,0,1,JJ,0.0,such,0,1,7.28123676776886,16.749195285324937,10.802507576654245,4,9,604,0,0,0,14
0,0,0,JJ,0.0,high,0,0,3.2102427054196596,16.09639059118449,11.7443056715597,4,9,605,0,0,0,15
0,2,1,NNS,3.0,prices,3,2,1.3581985216587782,13.554818294923034,15.41101941943688,6,9,606,0,0,0,16
0,0,0,CC,1.0,and,0,0,4.0308427680283785,19.93279149564298,6.2095491118355035,3,9,607,0,0,0,17
1,0,1,VB,1.0,take,0,1,6.561498132068664,15.951533854192489,11.95328976765742,4,9,608,0,0,0,18
2,1,2,NN,1.0,possession,0,1,6.158333049621433,13.205369075697826,15.915168075055607,10,9,609,0,0,0,19
1,0,1,IN,0.0,of,0,1,0.0443538713734597,20.087642241543257,5.986146708647226,2,9,610,0,0,0,20
1,0,1,DT,0.0,the,0,1,0.5330680864281021,20.651930178991396,5.17205129965733,3,9,611,0,0,0,21
0,14,1,NNS,3.0,bulbs.,16,8,1.4295350516331382,20.842805488848683,24.096603929875936,6,9,612,1,0,1,22
2,0,1,IN,0.0,In,0,0,3.2509330715984106,17.05486160741379,10.361524289609886,2,9,613,0,1,0,0
1,0,1,NNP,0.0,February,0,0,5.673617580905557,14.169496389478988,14.524226380677929,8,9,614,0,0,0,1
0,0,0,NN,0.0,sixteen,1,1,3.269903525710106,11.813814934509129,17.922756333677043,7,9,615,0,0,0,2
0,2,1,NN,3.0,"thirty-seven,",3,3,2.742589426226914,21.04806167179648,45.35194833154321,13,9,616,1,0,0,3
1,0,1,NN,0.0,tulip,0,0,4.809257513843477,16.705511858360644,37.866556576733785,5,9,617,0,0,0,4
0,1,0,NNS,1.0,traders,1,2,5.461512226611376,11.586863422672312,18.25017815432627,7,9,618,0,0,0,5
1,0,1,MD,0.0,could,0,0,9.431636831723154,16.68628345113659,10.893270167851,5,9,619,0,0,0,6
1,0,1,RB,0.0,no,0,1,2.5475594213457953,17.036769620663787,10.387625509173944,2,9,620,0,0,0,7
0,1,0,RB,1.0,longer,2,1,0.0124788393040944,14.742073549065116,13.698172152016731,6,9,621,0,0,0,8
1,0,1,VB,4.0,find,0,0,6.655632224632427,15.844254285817549,12.108061468940654,4,9,622,0,0,0,9
1,0,1,JJ,0.0,new,0,0,6.564532418502495,16.69136483421134,10.885939281688206,3,9,623,0,0,0,10
0,1,0,NNS,2.0,buyers,2,2,3.1635172367095947,12.001603634480771,17.651834507492968,6,9,624,0,0,0,11
2,0,1,VBG,1.0,willing,0,1,5.425891503458843,13.4733568120921,15.528543496740529,7,9,625,0,0,0,12
2,0,1,TO,0.0,to,0,1,0.0124556216615019,19.88357245739644,6.280557174231113,2,9,626,0,0,0,13
1,0,1,VB,2.0,pay,0,1,1.020353629559395,14.786382652599524,13.634247628081408,3,9,627,0,0,0,14
2,0,1,RB,0.0,increasingly,0,0,14.616223987657577,13.28843867551988,15.795323975343702,12,9,628,0,0,0,15
0,1,1,JJ,1.0,inflated,1,1,7.101122053805739,11.027345146560275,19.057392396559848,8,9,629,0,0,0,16
0,1,0,NNS,2.0,prices,2,2,1.440198847092688,13.554818294923034,15.41101941943688,6,9,630,0,0,0,17
1,0,1,IN,0.0,for,0,1,1.2117417262634262,18.90419907432743,7.693494297163422,3,9,631,0,0,0,18
1,0,1,PRP$,0.0,their,0,1,3.103163494670298,17.287357438148756,10.026103707581193,5,9,632,0,0,0,19
0,10,2,NNS,3.0,bulbs.,10,4,1.0102937535266392,20.842805488848683,24.096603929875936,6,9,633,1,0,1,20
2,0,1,IN,0.0,As,0,0,5.222824185620993,15.831493928052089,12.126470773808853,2,9,634,0,1,0,0
2,0,1,DT,0.0,this,0,0,6.577912151813507,18.084110076486997,8.876632627435416,4,9,635,0,0,0,1
0,1,1,NN,1.0,realization,1,2,14.28352120006457,11.963140841816465,17.707324587728504,11,9,636,0,0,0,2
1,0,1,VBD,2.0,set,0,1,6.8670576508156955,16.183831985680683,11.618154405351628,3,9,637,0,0,0,3
1,4,2,RP,1.0,"in,",4,2,0.7320000522304326,21.02870223373578,11.72951954311196,3,9,638,1,0,0,4
3,0,1,DT,0.0,the,0,0,2.002443891891744,20.651930178991396,5.17205129965733,3,9,639,0,0,0,5
0,1,1,NN,1.0,demand,1,1,7.1377070062444545,13.8417570845559,14.99705425059486,6,9,640,0,0,0,6
1,0,1,IN,0.0,for,0,1,0.2633571315091103,18.90419907432743,7.693494297163422,3,9,641,0,0,0,7
1,3,2,NNS,2.0,tulips,2,1,5.284483979921788,16.5515951637583,40.07150207553695,6,9,642,0,0,0,8
1,2,1,VBD,2.0,"collapsed,",2,2,10.782612831069857,20.76000211934044,22.633541442664825,10,9,643,1,0,0,9
0,0,0,CC,1.0,and,0,0,1.0491604537528474,19.93279149564298,6.2095491118355035,3,9,644,0,0,0,10
2,1,2,NNS,0.0,prices,0,1,3.949369395617395,13.554818294923034,15.41101941943688,6,9,645,0,0,0,11
1,3,1,VBD,2.0,plummeted.,5,4,6.113630642648786,20.85951343471854,49.422637075460685,10,9,646,1,0,1,12
2,0,1,DT,0.0,The,0,0,2.4154646530514583,18.12053694573349,8.824079763818386,3,9,647,0,1,0,0
0,0,0,JJ,0.0,speculative,0,1,11.369813042343594,11.30475672933072,18.65717208181177,11,9,648,0,0,0,1
0,1,1,NN,2.0,bubble,2,1,5.278450666926801,12.226585804652544,17.327253846297715,6,9,649,0,0,0,2
1,2,1,VB,1.0,burst.,2,2,7.111285403370857,20.843036865013545,21.591235410429668,6,9,650,1,0,1,3
2,1,2,DT,0.0,Some,0,0,7.279795724898577,14.445272685220107,14.126365286417489,4,9,651,0,1,0,0
1,0,1,VBD,0.0,were,0,1,6.343486948404461,17.723648827567594,9.39666828368408,4,9,652,0,0,0,1
1,0,1,VBN,2.0,left,0,0,6.407883965875953,15.67767241595403,12.348388306494764,4,9,653,0,0,0,2
2,0,1,VBG,1.0,holding,0,1,5.4534763265401125,13.97187393083686,14.809335321729217,7,9,654,0,0,0,3
1,1,1,NNS,1.0,contracts,0,1,9.800869604572654,12.87003557869415,16.398952048226768,9,9,655,0,0,0,4
2,0,1,TO,0.0,to,0,0,3.772933214670047,19.88357245739644,6.280557174231113,2,9,656,0,0,0,5
1,0,1,VB,2.0,purchase,0,1,3.645243106642738,13.64067610274385,15.287152785872191,8,9,657,0,0,0,6
1,1,1,NNS,1.0,tulips,2,1,6.580579461529851,16.5515951637583,40.07150207553695,6,9,658,0,0,0,7
1,0,1,IN,0.0,at,0,1,1.8982370733865537,18.150223836201175,8.781250634161243,2,9,659,0,0,0,8
2,1,2,NNS,2.0,prices,0,1,5.3047759006149136,13.554818294923034,15.41101941943688,6,9,660,0,0,0,9
1,1,1,RB,1.0,now,0,0,10.13256166689098,16.358672986859247,11.365912160007252,3,9,661,0,0,0,10
2,0,1,CD,0.0,ten,0,1,8.655391589738429,14.476647328546774,14.081101244080443,3,9,662,0,0,0,11
0,1,1,NNS,1.0,times,5,2,0.9163824832066894,15.374907444227162,12.785185829760003,5,9,663,0,0,0,12
0,0,0,JJR,2.0,greater,0,0,6.667991769500077,14.611383085172,13.886718636166808,7,9,664,0,0,0,13
1,0,1,IN,0.0,than,0,1,0.028164614457637,16.958709278696364,10.500242777420445,4,9,665,0,0,0,14
2,1,2,DT,2.0,those,0,1,1.7190071418881416,16.253798758701542,11.51721368888743,5,9,666,0,0,0,15
1,0,1,IN,0.0,on,0,1,6.278673761989921,18.53086189167023,8.232105999162414,2,9,667,0,0,0,16
1,0,1,DT,0.0,the,0,1,1.2794894769758685,20.651930178991396,5.17205129965733,3,9,668,0,0,0,17
0,0,0,JJ,0.0,open,0,1,4.722525778066483,15.331926410849183,12.847194353466698,4,9,669,0,0,0,18
0,14,2,NN,4.0,"market,",11,5,2.2368060293374583,20.762161833923564,18.78229682179354,7,9,670,1,0,0,19
1,0,1,IN,0.0,while,0,1,2.985796541441232,16.10244024205133,11.735577870255009,5,9,671,0,0,0,20
2,1,2,NNS,0.0,others,0,1,0.4102136176079511,15.095516751067684,13.188261397251717,6,9,672,0,0,0,21
1,0,1,VBD,3.0,found,0,1,7.762907539261505,16.135319564070347,11.688143035430375,5,9,673,0,0,0,22
1,1,1,PRP,1.0,themselves,1,1,2.361194883706048,14.59139742147286,13.915551854074431,10,9,674,0,0,0,23
1,0,1,IN,0.0,in,0,1,3.356912072747946,19.583721360186956,6.713150865180346,2,9,675,0,0,0,24
2,1,2,NN,2.0,possession,0,1,7.485684619285166,13.205369075697826,15.915168075055607,10,9,676,0,0,0,25
1,0,1,IN,0.0,of,0,1,0.0477988447528332,20.087642241543257,5.986146708647226,2,9,677,0,0,0,26
2,1,2,NNS,2.0,bulbs,0,1,4.8659351042006165,10.9285968142394,19.19985612589523,5,9,678,0,0,0,27
2,1,2,RB,0.0,now,0,1,8.763340534642339,16.358672986859247,11.365912160007252,3,9,679,0,0,0,28
0,0,0,IN,0.0,worth,0,1,3.7256270423531537,14.115335852155225,14.602363519286804,5,9,680,0,0,0,29
2,0,1,DT,0.0,a,0,0,4.853153598844074,19.69218547190043,6.556670229096891,1,9,681,0,0,0,30
0,1,1,NN,4.0,fraction,1,2,4.1477508718380705,13.583722248166271,15.369319829430772,8,9,682,0,0,0,31
1,0,1,IN,0.0,of,0,1,0.0952364845434203,20.087642241543257,5.986146708647226,2,9,683,0,0,0,32
2,0,1,DT,0.0,the,0,0,2.127757040259894,20.651930178991396,5.17205129965733,3,9,684,0,0,0,33
0,1,1,NN,3.0,price,1,2,3.1526956818415783,14.378032974701313,14.223371683333763,5,9,685,0,0,0,34
3,1,2,PRP,0.0,they,0,0,1.577839322388172,17.366789695455783,9.911507183877728,4,9,686,0,0,0,35
1,0,1,VBD,0.0,had,0,0,2.201853211969137,17.432489551576744,9.816722327264898,3,9,687,0,0,0,36
1,16,2,VBN,3.0,paid.,18,4,3.844318125396967,20.844017737602965,19.422981552790407,5,9,688,1,0,1,37
2,0,1,DT,0.0,The,0,0,2.3383042422356084,18.12053694573349,8.824079763818386,3,9,689,0,1,0,0
0,1,1,NN,1.0,event,1,1,12.061456957715563,14.892730316109628,13.480820381325252,5,9,690,0,0,0,1
1,0,1,VBD,0.0,was,0,0,2.895287643186748,18.521451560034553,8.24568223794633,3,9,691,0,0,0,2
1,0,1,VBN,2.0,popularized,0,1,14.54357714112848,15.449090492417184,27.6923301117932,11,9,692,0,0,0,3
1,0,1,IN,0.0,in,0,0,2.36430529889185,19.583721360186956,6.713150865180346,2,9,693,0,0,0,4
1,0,1,CD,0.0,eighteen,0,0,9.598537651705556,11.816867130874003,17.918352945117615,8,9,694,0,0,0,5
0,2,0,CD,3.0,forty-one,3,3,9.003932874649763,19.67427483839543,36.267110690892586,9,9,695,0,0,0,6
1,0,1,IN,0.0,by,0,1,1.6660217777825892,18.29067397824052,8.57862391074893,2,9,696,0,0,0,7
3,0,1,DT,0.0,the,0,0,1.8553880131221376,20.651930178991396,5.17205129965733,3,9,697,0,0,0,8
0,1,1,NN,3.0,book,1,1,8.135598380176816,15.047450510172212,13.257606324625783,4,9,698,0,0,0,9
2,0,1,``,0.0,'Extraordinary,0,1,16.195634324103594,16.84067075140868,47.73440399877225,14,9,699,1,0,0,10
0,0,0,JJ,0.0,Popular,0,1,11.240976821631191,11.253053093157714,18.73176466131449,7,9,700,0,0,0,11
0,1,1,NNS,3.0,Delusions,2,1,11.26626181602478,13.72118009807762,32.67844115040384,9,9,701,0,0,0,12
0,0,0,CC,1.0,and,0,0,2.7490089151542634,19.93279149564298,6.2095491118355035,3,9,702,0,0,0,13
1,0,1,DT,0.0,the,0,0,4.798331377794966,20.651930178991396,5.17205129965733,3,9,703,0,0,0,14
0,0,0,NNP,0.0,Madness,1,2,8.919015939813107,15.087498676123335,29.49895428759808,7,9,704,0,0,0,15
0,0,0,IN,0.0,of,0,1,0.1255285968072712,20.087642241543257,5.986146708647226,2,9,705,0,0,0,16
0,3,1,NNP,4.0,"Crowds',",12,7,12.547284369939009,16.029880422357305,44.20520137946578,8,9,706,1,0,0,17
2,1,2,WDT,0.0,that,0,0,8.652900704066269,19.024464301341364,7.519988250559035,4,9,707,0,0,0,18
3,0,1,DT,0.0,a,0,0,8.851020659203641,19.69218547190043,6.556670229096891,1,9,708,0,0,0,19
0,0,0,JJ,0.0,British,0,1,7.841909496230073,14.242725416102042,14.418579227119722,7,9,709,0,0,0,20
0,1,1,NN,2.0,journalist,0,1,5.908748298883438,12.391900547903395,17.08875508602388,10,9,710,0,0,0,21
1,0,1,NNP,0.0,Charles,0,1,9.09054947621189,13.44770388559699,15.565552846579315,7,9,711,0,0,0,22
0,2,1,NNP,2.0,Mackay,6,3,12.200016163522378,14.947961151863607,31.22820745461506,6,9,712,0,0,0,23
1,8,1,VBD,3.0,wrote.,2,2,5.3980502295307815,20.844396705019538,19.04379865126746,6,9,713,1,0,1,24
3,0,1,IN,0.0,That,0,0,9.022775674704462,15.36211920764605,12.803635355257288,4,9,714,0,1,0,0
3,1,2,NNS,0.0,crowds,0,0,16.29809463955462,11.824651158975444,17.907122966377532,6,9,715,0,0,0,1
1,0,1,IN,0.0,of,0,1,1.9919262368930504,20.087642241543257,5.986146708647226,2,9,716,0,0,0,2
1,3,2,NNS,2.0,people,2,2,2.0766218836652115,16.493453036195575,11.171465651218966,6,9,717,0,0,0,3
1,1,1,RB,0.0,often,0,1,7.734247608110309,15.298674564108453,12.895166627859949,5,9,718,0,0,0,4
1,0,1,VBP,3.0,behave,0,1,11.1597290225327,12.083255082883952,17.5340363678003,6,9,719,0,0,0,5
1,4,2,RB,1.0,irrationally,4,1,7.978273348533548,15.130882866494854,45.47953676728214,12,9,720,0,0,0,6
1,0,1,VBD,0.0,was,0,1,3.964038608595729,18.521451560034553,8.24568223794633,3,9,721,0,0,0,7
2,0,1,DT,0.0,the,0,0,3.676790347002679,20.651930178991396,5.17205129965733,3,9,722,0,0,0,8
0,0,0,JJ,0.0,main,0,1,4.010782827012008,15.126186036849685,13.144014970746415,4,9,723,0,0,0,9
0,1,1,NN,4.0,thesis,2,2,11.019032679498196,11.970464229570885,17.696759172532694,6,9,724,0,0,0,10
1,0,1,IN,0.0,of,0,1,0.4075448432704434,20.087642241543257,5.986146708647226,2,9,725,0,0,0,11
1,0,1,DT,0.0,the,0,1,1.5601337950211018,20.651930178991396,5.17205129965733,3,9,726,0,0,0,12
0,5,1,NN,3.0,"book,",6,2,2.06397588737309,20.76314046317501,18.273975002557396,5,9,727,1,0,0,13
0,0,0,CC,1.0,and,0,0,2.1863872593967244,19.93279149564298,6.2095491118355035,3,9,728,0,0,0,14
2,0,1,NN,0.0,tulip,0,0,12.490680739283562,16.705511858360644,37.866556576733785,5,9,729,0,0,0,15
0,1,1,NN,1.0,mania,1,2,8.345162847079337,16.528284318805394,24.24421596538532,5,9,730,0,0,0,16
1,0,1,VBD,0.0,was,0,1,1.8679258488118649,18.521451560034553,8.24568223794633,3,9,731,0,0,0,17
2,1,2,CD,3.0,one,0,1,4.352097743190825,17.417661831348372,9.838114205706065,3,9,732,0,0,0,18
1,0,1,IN,0.0,of,0,1,0.3048529423394939,20.087642241543257,5.986146708647226,2,9,733,0,0,0,19
1,0,1,DT,0.0,the,0,1,0.6955230885214405,20.651930178991396,5.17205129965733,3,9,734,0,0,0,20
0,0,0,JJ,0.0,primary,0,1,5.450768937764224,14.636412226922914,13.85060921748506,7,9,735,0,0,0,21
0,6,0,NNS,4.0,examples.,9,3,9.164151643868536,20.84362712826559,19.95772889018473,9,9,736,1,0,1,22
2,0,1,VBG,0.0,According,0,0,7.53434219173505,13.770445198090204,15.099935555555362,9,9,737,0,1,0,0
1,0,1,TO,1.0,to,0,1,0.0037192739837337,19.88357245739644,6.280557174231113,2,9,738,0,0,0,1
1,3,2,NNP,1.0,"Mackay,",3,2,1.2223475449718535,20.762828482980137,36.24457613254667,7,9,739,1,0,0,2
1,0,1,IN,0.0,at,0,1,6.324244374874979,18.150223836201175,8.781250634161243,2,9,740,0,0,0,3
1,0,1,CD,0.0,one,0,0,3.820611190865747,17.417661831348372,9.838114205706065,3,9,741,0,0,0,4
0,2,0,NN,2.0,point,2,2,1.6312371088424698,15.742561120634802,12.254773694042107,5,9,742,0,0,0,5
2,0,1,CD,0.0,twelve,0,0,10.919451154768469,12.794395277887183,16.508077935092327,6,9,743,0,0,0,6
0,1,1,NNS,1.0,acres,1,1,10.868096770718694,12.17346164005174,17.403895815118663,5,9,744,0,0,0,7
1,0,1,IN,0.0,of,0,1,0.5375167123274878,20.087642241543257,5.986146708647226,2,9,745,0,0,0,8
1,3,1,NN,2.0,land,2,2,3.2782712866319343,14.613623426247754,13.883486507206918,4,9,746,0,0,0,9
1,0,1,VBD,0.0,were,0,1,1.677237148862332,17.723648827567594,9.39666828368408,4,9,747,0,0,0,10
1,0,1,VBN,4.0,offered,0,1,7.3813405693508685,13.96343647552415,14.821507996666584,7,9,748,0,0,0,11
1,0,1,IN,0.0,for,0,1,2.2176924340892583,18.90419907432743,7.693494297163422,3,9,749,0,0,0,12
1,0,1,DT,0.0,a,0,1,3.9763804794638418,19.69218547190043,6.556670229096891,1,9,750,0,0,0,13
0,0,0,FW,0.0,Semper,0,1,24.36856331845047,14.941030565038998,30.39813362452147,6,9,751,0,0,0,14
0,0,0,FW,0.0,Augustus,0,1,10.77064783871174,10.67627736074827,19.5638761501667,8,9,752,0,0,0,15
0,5,0,NN,5.0,bulb.,10,2,8.894143377430737,20.842843308749917,23.277290909720698,5,9,753,1,0,1,16
3,1,2,PRP,0.0,He,0,0,4.204095819965005,16.547839497404837,11.093002573340865,2,9,754,0,1,0,0
1,0,1,VBZ,1.0,claims,0,1,8.393001546151936,14.53171926551986,14.001649233717224,6,9,755,0,0,0,1
1,0,1,IN,0.0,that,0,1,0.8811692781746387,19.024464301341364,7.519988250559035,4,9,756,0,0,0,2
3,0,1,JJ,0.0,many,0,0,7.330492720007896,16.22722338174218,11.555553853436455,4,9,757,0,0,0,3
0,0,0,JJ,0.0,such,0,1,7.442908086813986,16.749195285324937,10.802507576654245,4,9,758,0,0,0,4
0,1,1,NNS,2.0,investors,2,1,7.8087123548612,12.857757001281987,16.41666629096846,9,9,759,0,0,0,5
1,0,1,VBN,1.0,ruined,0,0,12.658568259794263,11.658850982128431,18.146322059293222,6,9,760,0,0,0,6
1,0,1,IN,0.0,by,0,1,10.465880185947752,18.29067397824052,8.57862391074893,2,9,761,0,0,0,7
2,0,1,DT,0.0,the,0,0,3.286512556951493,20.651930178991396,5.17205129965733,3,9,762,0,0,0,8
0,1,1,NN,3.0,fall,1,2,6.663991178735159,14.334330541512667,14.2864209669698,4,9,763,0,0,0,9
1,0,1,IN,0.0,in,0,1,3.883389580150834,19.583721360186956,6.713150865180346,2,9,764,0,0,0,10
1,6,2,NNS,2.0,prices,5,2,0.9453246378398036,13.554818294923034,15.41101941943688,6,9,765,0,0,0,11
1,0,1,VBD,0.0,were,0,1,2.577318599447608,17.723648827567594,9.39666828368408,4,9,766,0,0,0,12
1,3,1,JJ,4.0,"desperate,",3,2,15.140890629321802,20.76005301645717,22.237136957615274,10,9,767,1,0,0,13
0,0,0,CC,1.0,and,0,0,1.4111208698595874,19.93279149564298,6.2095491118355035,3,9,768,0,0,0,14
2,0,1,JJ,0.0,Dutch,0,0,19.83540654182434,12.70118648308788,16.64254980111652,5,9,769,0,0,0,15
0,1,1,NN,1.0,commerce,1,2,14.733225367963314,12.17110846049408,17.407290735596824,8,9,770,0,0,0,16
1,0,1,VBD,2.0,suffered,0,1,8.455638356506824,13.27433053221785,15.815677723721691,8,9,771,0,0,0,17
1,0,1,DT,0.0,a,0,1,4.35336443898268,19.69218547190043,6.556670229096891,1,9,772,0,0,0,18
0,0,0,JJ,0.0,severe,0,1,3.719135685823858,13.866724449199475,14.961033957439508,6,9,773,0,0,0,19
0,7,1,NN,3.0,shock.,10,4,9.283346395706758,20.84329772958288,20.643299775554816,6,9,774,1,0,1,20
2,0,1,IN,0.0,In,0,0,3.7556611075997353,17.05486160741379,10.361524289609886,2,9,775,0,1,0,0
2,1,2,NNP,1.0,Mackay's,1,2,15.29499067069264,18.155684784611697,40.06114758809619,8,9,776,0,0,0,1
0,2,1,NN,2.0,"account,",3,2,4.602265937544871,20.76228885940633,18.70532292930904,8,9,777,1,0,0,2
1,0,1,DT,0.0,the,0,0,2.168567264394369,20.651930178991396,5.17205129965733,3,9,778,0,0,0,3
0,0,0,JJ,0.0,panicked,0,1,14.343148127838504,13.65302456910042,32.98304308944712,8,9,779,0,0,0,4
0,0,0,NN,0.0,tulip,0,1,6.318370455875993,16.705511858360644,37.866556576733785,5,9,780,0,0,0,5
0,1,0,NNS,3.0,speculators,3,2,9.560782242566347,13.003408655591734,34.8236279042726,11,9,781,0,0,0,6
1,0,1,VBD,2.0,sought,0,1,8.180670072324574,13.57530349953668,15.381465516329175,6,9,782,0,0,0,7
2,1,2,NN,1.0,help,3,1,9.092157590202987,15.690273578009746,12.330208672487544,4,9,783,0,0,0,8
1,0,1,IN,0.0,from,0,1,0.2831901928875595,18.126283629319108,8.815789051907856,4,9,784,0,0,0,9
2,0,1,DT,0.0,the,0,0,2.002872310928069,20.651930178991396,5.17205129965733,3,9,785,0,0,0,10
0,1,1,NN,3.0,government,1,1,7.1782447745790705,15.259702531871463,12.95139138550162,10,9,786,0,0,0,11
1,0,1,IN,0.0,of,0,1,2.7574613909819163,20.087642241543257,5.986146708647226,2,9,787,0,0,0,12
1,0,1,DT,0.0,the,0,1,2.195593877346255,20.651930178991396,5.17205129965733,3,9,788,0,0,0,13
0,2,0,NNPS,3.0,"Netherlands,",4,3,2.141803275735583,20.760092694805397,21.98944888384663,12,9,789,1,0,0,14
2,1,2,WDT,0.0,which,0,1,2.352008586633019,17.599930483545194,9.57515612507219,5,9,790,0,0,0,15
2,0,1,VBD,2.0,responded,0,1,6.772442253306508,13.08178926882448,16.093456049585797,9,9,791,0,0,0,16
1,0,1,IN,0.0,by,0,1,0.7735357373021543,18.29067397824052,8.57862391074893,2,9,792,0,0,0,17
2,0,1,VBG,2.0,declaring,6,1,7.104248139541596,11.668166978193774,18.132881917968817,9,9,793,0,0,0,18
1,0,1,IN,0.0,that,0,0,1.626868492923677,19.024464301341364,7.519988250559035,4,9,794,0,0,0,19
3,1,2,NN,0.0,anyone,0,0,8.52679050853476,14.606449835821676,13.893835810539994,6,9,795,0,0,0,20
2,1,2,WP,0.0,who,0,1,0.9080401370301844,16.99990971408453,10.440803113603463,3,9,796,0,0,0,21
2,0,1,VBD,0.0,had,0,1,3.8190279426053166,17.432489551576744,9.816722327264898,3,9,797,0,0,0,22
1,0,1,VBN,3.0,bought,0,1,4.732661245856434,13.429037454568917,15.592482814054613,6,9,798,0,0,0,23
1,1,1,NNS,1.0,contracts,6,3,9.39783183671534,12.87003557869415,16.398952048226768,9,9,799,0,0,0,24
2,0,1,TO,0.0,to,0,0,2.6884223397355527,19.88357245739644,6.280557174231113,2,9,800,0,0,0,25
1,0,1,VB,2.0,purchase,0,0,1.9235401048790663,13.64067610274385,15.287152785872191,8,9,801,0,0,0,26
1,1,1,NNS,1.0,bulbs,1,2,1.954156280029565,10.9285968142394,19.19985612589523,5,9,802,0,0,0,27
1,0,1,IN,0.0,in,0,1,3.853320059482939,19.583721360186956,6.713150865180346,2,9,803,0,0,0,28
1,0,1,DT,0.0,the,0,1,1.402060249936767,20.651930178991396,5.17205129965733,3,9,804,0,0,0,29
0,10,3,NN,3.0,future,5,2,6.320960200158879,14.95677484567248,13.38842365612886,6,9,805,0,0,0,30
1,0,1,MD,0.0,could,0,0,4.696598002687097,16.68628345113659,10.893270167851,5,9,806,0,0,0,31
1,0,1,VB,4.0,void,0,0,13.70925447018817,14.734465338108544,13.709148480233818,4,9,807,0,0,0,32
1,0,1,PRP$,0.0,their,0,1,3.809235650463961,17.287357438148756,10.026103707581193,5,9,808,0,0,0,33
0,1,0,NN,2.0,contract,2,2,4.940766396117397,14.29765086389012,14.339338555977251,8,9,809,0,0,0,34
1,0,1,IN,0.0,by,0,1,3.867558516096324,18.29067397824052,8.57862391074893,2,9,810,0,0,0,35
2,1,2,NN,2.0,payment,0,1,9.731162854004651,13.549515610536696,15.418669575904453,7,9,811,0,0,0,36
1,0,1,IN,0.0,of,0,1,0.4418865822954103,20.087642241543257,5.986146708647226,2,9,812,0,0,0,37
1,0,1,DT,0.0,a,0,1,1.5391027138684876,19.69218547190043,6.556670229096891,1,9,813,0,0,0,38
0,0,0,CD,0.0,ten,0,1,8.287187333975453,14.476647328546774,14.081101244080443,3,9,814,0,0,0,39
0,0,0,NN,0.0,percent,1,1,1.5161769709084183,14.726604208375427,13.720489693115567,7,9,815,0,0,0,40
0,19,2,NN,5.0,fee.,9,3,3.345060929423198,20.843252839416003,20.76813041294736,4,9,816,1,0,1,41
3,1,2,NNS,0.0,Attempts,0,0,11.379321534652265,18.25343082920665,27.76900024477328,8,9,817,0,1,0,0
2,1,2,WDT,0.0,that,0,1,10.75473079783842,19.024464301341364,7.519988250559035,4,9,818,0,0,0,1
2,0,1,VBD,0.0,were,0,1,3.8164054160006344,17.723648827567594,9.39666828368408,4,9,819,0,0,0,2
1,0,1,VBN,3.0,made,0,1,2.975338973570615,16.20496109229986,11.587671548013727,4,9,820,0,0,0,3
2,0,1,TO,0.0,to,0,1,0.5752297271392308,19.88357245739644,6.280557174231113,2,9,821,0,0,0,4
1,0,1,VB,2.0,resolve,0,0,6.738538004050497,13.005013497922263,16.204220073526855,7,9,822,0,0,0,5
1,0,1,DT,0.0,the,0,1,0.858054345502751,20.651930178991396,5.17205129965733,3,9,823,0,0,0,6
0,1,0,NN,2.0,situation,2,2,2.9238470559648704,14.45660257504073,14.110019710559456,9,9,824,0,0,0,7
1,0,1,TO,0.0,to,0,1,9.160011256113648,19.88357245739644,6.280557174231113,2,9,825,0,0,0,8
2,0,1,DT,0.0,the,0,0,2.7804863063356606,20.651930178991396,5.17205129965733,3,9,826,0,0,0,9
0,1,1,NN,3.0,satisfaction,1,2,4.600200112021412,12.79802008682886,16.502848441208002,12,9,827,0,0,0,10
1,0,1,IN,0.0,of,0,1,0.0044827116362284,20.087642241543257,5.986146708647226,2,9,828,0,0,0,11
1,0,1,DT,0.0,all,0,1,5.2548010328901,17.469149055179013,9.763833843216451,3,9,829,0,0,0,12
0,12,3,NNS,3.0,parties,10,1,2.5214642211794853,14.286951279098629,14.354774793895512,7,9,830,0,0,0,13
1,0,1,VBD,0.0,were,0,1,1.2829996994696558,17.723648827567594,9.39666828368408,4,9,831,0,0,0,14
1,3,1,JJ,2.0,unsuccessful.,3,2,2.7805589833296835,20.842859479575367,23.03207758763894,13,9,832,1,0,1,15
3,0,1,DT,0.0,The,0,0,2.462379932985641,18.12053694573349,8.824079763818386,3,9,833,0,1,0,0
0,1,1,NN,1.0,mania,1,1,11.870742041035555,16.528284318805394,24.24421596538532,5,9,834,0,0,0,1
1,1,1,RB,0.0,finally,0,0,7.049264381639659,14.261109423812083,14.39205671036478,7,9,835,0,0,0,2
1,2,2,VBD,2.0,"ended,",0,0,6.277364513807697,20.76066491404313,20.27762309815654,6,9,836,1,0,0,3
3,1,2,NNP,0.0,Mackay,0,1,10.325642992247596,14.947961151863607,31.22820745461506,6,9,837,0,0,0,4
1,3,2,VBZ,2.0,"says,",4,4,3.8226379561820063,20.763946247684157,17.958142627425556,5,9,838,1,0,0,5
1,0,1,IN,0.0,with,0,1,4.523442995210644,18.681580760008114,8.014664635242958,4,9,839,0,0,0,6
2,1,2,NNS,2.0,individuals,4,2,12.130659706890585,14.390406155616716,14.20552095658709,11,9,840,0,0,0,7
1,0,1,VBN,1.0,stuck,0,1,13.487518573645502,13.100373359512714,16.066644874110455,5,9,841,0,0,0,8
1,0,1,IN,0.0,with,0,1,3.6762807751074433,18.681580760008114,8.014664635242958,4,9,842,0,0,0,9
2,0,1,DT,0.0,the,0,0,2.718637331330683,20.651930178991396,5.17205129965733,3,9,843,0,0,0,10
0,1,1,NNS,3.0,bulbs,1,2,2.343504061514978,10.9285968142394,19.19985612589523,5,9,844,0,0,0,11
3,1,2,PRP,0.0,they,4,1,5.135825890116394,17.366789695455783,9.911507183877728,4,9,845,0,0,0,12
1,0,1,VBD,2.0,held,0,0,7.203106236644089,14.93110909334876,13.425451509726976,4,9,846,0,0,0,13
1,0,1,IN,0.0,at,0,0,4.603786097490229,18.150223836201175,8.781250634161243,2,9,847,0,0,0,14
2,0,1,DT,0.0,the,0,0,2.537688497832278,20.651930178991396,5.17205129965733,3,9,848,0,0,0,15
0,1,1,NN,3.0,end,1,2,3.0879730470187496,15.912313022915548,12.009873466440204,3,9,849,0,0,0,16
1,0,1,IN,0.0,of,0,1,0.0215551495784893,20.087642241543257,5.986146708647226,2,9,850,0,0,0,17
1,0,1,DT,0.0,the,0,1,0.4038616588222794,20.651930178991396,5.17205129965733,3,9,851,0,0,0,18
0,13,1,NN,3.0,crash.,7,4,19.366249250422698,20.84308557489365,21.360455045068733,6,9,852,1,0,1,19
2,0,1,DT,0.0,No,0,0,8.759486556053162,15.64518090853136,12.395263643124457,2,9,853,0,1,0,0
0,1,1,NN,1.0,court,1,1,10.20544657111168,15.91195399482358,12.010391434488028,5,9,854,0,0,0,1
1,0,1,MD,0.0,would,0,1,5.719709177035838,17.12711793173308,10.257280448841584,5,9,855,0,0,0,2
1,0,1,VB,2.0,enforce,0,0,6.104233605321497,12.3144471146637,17.200496770058614,7,9,856,0,0,0,3
2,1,2,NN,1.0,payment,0,1,11.108483454212546,13.549515610536696,15.418669575904453,7,9,857,0,0,0,4
1,0,1,IN,0.0,of,0,1,0.5702430538949557,20.087642241543257,5.986146708647226,2,9,858,0,0,0,5
1,0,1,DT,0.0,a,0,1,2.5624069825862534,19.69218547190043,6.556670229096891,1,9,859,0,0,0,6
0,3,0,NN,3.0,"contract,",5,3,10.38031681580469,20.761401303740524,19.355707233908863,9,9,860,1,0,0,7
1,0,1,IN,0.0,since,0,1,7.448253250098787,15.75044079061078,12.243405733243922,5,9,861,0,0,0,8
2,1,2,NNS,0.0,judges,0,1,13.25093338266015,12.525235216271623,16.89639382119046,6,9,862,0,0,0,9
1,0,1,VBD,3.0,regarded,0,1,8.80938235623762,12.922679972188508,16.32300224280185,8,9,863,0,0,0,10
1,0,1,DT,0.0,the,0,1,1.7987006159091834,20.651930178991396,5.17205129965733,3,9,864,0,0,0,11
0,1,0,NNS,2.0,debts,2,1,10.0227201183734,11.748455980095326,18.017049373087524,5,9,865,0,0,0,12
1,0,1,IN,0.0,as,0,1,1.8392620410304517,18.455643172698917,8.340623672004352,2,9,866,0,0,0,13
2,0,1,VBD,2.0,contracted,0,0,12.51800505281426,11.608335639774886,18.219200293195495,10,9,867,0,0,0,14
1,0,1,IN,0.0,through,0,1,8.155499436659738,16.375970236499086,11.340957503730838,7,9,868,0,0,0,15
1,3,2,NN,2.0,"gambling,",3,2,11.985505432938226,20.759974391500737,22.906302562199635,9,9,869,1,0,0,16
0,0,0,CC,1.0,and,0,0,1.3801613656105474,19.93279149564298,6.2095491118355035,3,9,870,0,0,0,17
0,0,0,RB,1.0,thus,0,1,5.047177717089653,14.88908773372881,13.48607551686209,4,9,871,0,0,0,18
2,0,1,RB,0.0,not,0,1,5.157860095845535,18.05588478508421,8.917353115369856,3,9,872,0,0,0,19
0,1,1,JJ,2.0,enforceable,0,1,9.004466463578865,10.75047107781094,19.45683724249526,11,9,873,0,0,0,20
1,0,1,IN,0.0,by,0,1,1.862694368173834,18.29067397824052,8.57862391074893,2,9,874,0,0,0,21
1,11,1,NN,2.0,law.,14,4,3.0785243395366706,20.846866836271513,17.71688894367343,4,9,875,1,0,1,22
2,0,1,IN,0.0,Although,0,0,6.914025750011206,14.390358882355306,14.20558915748689,8,9,876,0,1,0,0
3,1,2,NNP,1.0,Mackay's,1,1,7.251971974503249,18.155684784611697,40.06114758809619,8,9,877,0,0,0,1
0,1,1,NN,1.0,book,1,2,2.5408950618002564,15.047450510172212,13.257606324625783,4,9,878,0,0,0,2
1,0,1,VBZ,0.0,is,0,1,2.723246414912865,19.144004138058012,7.347528720939248,2,9,879,0,0,0,3
1,0,1,DT,0.0,a,0,0,3.2654219283140264,19.69218547190043,6.556670229096891,1,9,880,0,0,0,4
0,1,0,JJ,4.0,classic,1,2,4.902614386577625,13.139139861918167,16.0107166333375,7,9,881,0,0,0,5
2,1,2,WDT,0.0,that,0,1,8.628186683636159,19.024464301341364,7.519988250559035,4,9,882,0,0,0,6
2,0,1,JJ,0.0,many,0,0,6.446181837469339,16.22722338174218,11.555553853436455,4,9,883,0,0,0,7
0,0,0,NN,0.0,publishing,0,1,15.511332088615744,12.339164566601218,17.164837024724942,10,9,884,0,0,0,8
0,1,1,NNS,2.0,houses,2,2,0.4608361748978495,13.210310150108285,15.90803961150698,6,9,885,0,0,0,9
1,0,1,VBP,2.0,continue,0,1,6.146175090223551,14.43256579960932,14.144697447273312,8,9,886,0,0,0,10
2,2,2,VBG,2.0,reprinting,0,1,19.7366753667593,17.205979023421,37.83305124455778,10,9,887,0,0,0,11
1,7,2,NN,1.0,"today,",9,2,2.3892348733497784,20.762587286371776,18.539136630948377,6,9,888,1,0,0,12
1,0,1,PRP$,0.0,his,0,0,4.268578591872938,17.63767918161909,9.520696265560964,3,9,889,0,0,0,13
0,1,0,NN,1.0,account,1,2,3.023722814396024,14.748462910903932,13.688954251377428,7,9,890,0,0,0,14
1,0,1,VBZ,0.0,is,0,1,1.592716671992093,19.144004138058012,7.347528720939248,2,9,891,0,0,0,15
1,3,1,VBN,3.0,contested.,4,2,17.124504228588194,20.842844225325504,23.262220071346665,10,9,892,1,0,1,16
2,0,1,JJ,0.0,Many,0,0,5.972512715496123,13.75257927785592,15.12571063007828,4,9,893,0,1,0,0
0,0,0,JJ,0.0,modern,0,1,9.487816126085818,14.200202728177151,14.479926498114231,6,9,894,0,0,0,1
0,1,1,NNS,2.0,scholars,2,1,4.34310607612133,12.385853477414376,17.097479164630293,8,9,895,0,0,0,2
1,0,1,VBP,1.0,believe,0,0,3.2800451032817364,14.954526833799736,13.391666851709523,7,9,896,0,0,0,3
3,0,1,DT,0.0,the,0,0,3.7327575423405506,20.651930178991396,5.17205129965733,3,9,897,0,0,0,4
0,1,1,NN,1.0,mania,1,2,7.456120584101882,16.528284318805394,24.24421596538532,5,9,898,0,0,0,5
1,0,1,VBD,0.0,was,0,0,2.007533888798207,18.521451560034553,8.24568223794633,3,9,899,0,0,0,6
0,0,0,RB,0.0,not,1,1,5.34287479147315,18.05588478508421,8.917353115369856,3,9,900,0,0,0,7
1,0,1,RB,0.0,as,0,0,5.514214246883057,18.455643172698917,8.340623672004352,2,9,901,0,0,0,8
0,1,0,JJ,5.0,extraordinary,1,1,11.09400540322531,12.55633507316336,16.851526211880397,13,9,902,0,0,0,9
1,0,1,IN,0.0,as,0,1,0.1764639290049672,18.455643172698917,8.340623672004352,2,9,903,0,0,0,10
2,1,2,NNP,0.0,Mackay,0,1,3.7680281736538745,14.947961151863607,31.22820745461506,6,9,904,0,0,0,11
1,6,2,VBD,3.0,"described,",7,5,9.516053033759816,20.76339524960721,18.166472741828965,10,9,905,1,0,0,12
1,0,1,IN,0.0,with,0,1,6.887109611416236,18.681580760008114,8.014664635242958,4,9,906,0,0,0,13
2,1,2,DT,0.0,some,1,1,2.9546496495604515,16.817709477619566,10.70366249120027,4,9,907,0,0,0,14
1,0,1,VBG,3.0,arguing,0,1,4.251369949430227,12.45935735375637,16.991435486745583,7,9,908,0,0,0,15
1,0,1,IN,0.0,that,0,1,0.2544719967991113,19.024464301341364,7.519988250559035,4,9,909,0,0,0,16
2,0,1,DT,0.0,the,0,0,1.981816328538116,20.651930178991396,5.17205129965733,3,9,910,0,0,0,17
0,0,0,NN,0.0,price,0,1,5.469200695457403,14.378032974701313,14.223371683333763,5,9,911,0,0,0,18
0,1,1,NNS,2.0,changes,2,2,9.130601258948444,15.121714626945172,13.150465851641435,7,9,912,0,0,0,19
1,0,1,MD,0.0,may,0,0,6.7278918258380145,16.758305291362376,10.78936461612156,3,9,913,0,0,0,20
0,0,0,RB,0.0,not,1,1,5.010005455114879,18.05588478508421,8.917353115369856,3,9,914,0,0,0,21
1,0,1,VB,0.0,have,0,0,0.2592447795323096,17.990997945585363,9.010965036933804,4,9,915,0,0,0,22
1,0,1,VBN,6.0,constituted,0,1,10.353440584323836,12.221192758319258,17.33503436749803,11,9,916,0,0,0,23
1,0,1,DT,0.0,a,0,1,1.476169738569297,19.69218547190043,6.556670229096891,1,9,917,0,0,0,24
0,11,0,NN,2.0,bubble.,11,4,10.111659811693244,20.84293715711536,22.22400165027842,7,9,918,1,0,1,25
3,1,2,NNP,0.0,Research,0,0,12.27159153111279,14.046869867322744,14.701139056074204,8,9,919,0,1,0,0
1,0,1,IN,0.0,on,0,1,4.064250566472765,18.53086189167023,8.232105999162414,2,9,920,0,0,0,1
1,0,1,DT,0.0,the,0,1,1.2470326155307705,20.651930178991396,5.17205129965733,3,9,921,0,0,0,2
0,0,0,NN,0.0,tulip,0,1,4.473262086859904,16.705511858360644,37.866556576733785,5,9,922,0,0,0,3
0,3,1,NN,4.0,mania,4,1,2.5862706834450364,16.528284318805394,24.24421596538532,5,9,923,0,0,0,4
1,0,1,VBZ,0.0,is,0,0,4.082864560186863,19.144004138058012,7.347528720939248,2,9,924,0,0,0,5
1,0,1,JJ,2.0,difficult,1,2,6.1602246686816216,14.626030912420967,13.865586288434926,9,9,925,0,0,0,6
1,0,1,RB,0.0,because,0,1,1.7408876344561577,16.447210891125962,11.23817896459096,7,9,926,0,0,0,7
0,0,0,IN,1.0,of,0,1,2.0978567333659157,20.087642241543257,5.986146708647226,2,9,927,0,0,0,8
2,0,1,DT,0.0,the,0,0,1.053168184880633,20.651930178991396,5.17205129965733,3,9,928,0,0,0,9
0,0,0,VBN,0.0,limited,0,1,5.313944067165721,14.600355492276352,13.9026280897503,7,9,929,0,0,0,10
0,1,1,NNS,4.0,data,2,2,5.843288266565651,16.495802916789216,11.168075490139838,4,9,930,0,0,0,11
1,0,1,IN,0.0,from,0,1,7.723354264977388,18.126283629319108,8.815789051907856,4,9,931,0,0,0,12
1,0,1,DT,0.0,the,0,1,1.6235285365837626,20.651930178991396,5.17205129965733,3,9,932,0,0,0,13
0,0,0,NN,0.0,sixteen,0,1,12.768575604946818,11.813814934509129,17.922756333677043,7,9,933,0,0,0,14
0,7,0,NNS,4.0,thirties.,9,2,11.363756680861115,20.842956200052356,41.63810464284532,9,9,934,1,0,1,15
2,1,2,RB,0.0,"However,",1,1,3.99572434311267,20.765690481257153,17.446028317169958,8,9,935,1,1,0,0
1,0,1,DT,0.0,some,0,0,4.83854517492,16.817709477619566,10.70366249120027,4,9,936,0,0,0,1
0,0,0,JJ,0.0,modern,0,1,7.324294818565249,14.200202728177151,14.479926498114231,6,9,937,0,0,0,2
0,1,0,NNS,2.0,economists,2,2,5.511271867901087,11.299855999227493,18.66424234082843,10,9,938,0,0,0,3
1,0,1,VBP,0.0,have,0,1,2.3570505876559764,17.990997945585363,9.010965036933804,4,9,939,0,0,0,4
1,0,1,VBN,3.0,proposed,0,1,6.294566118856892,14.474214315925073,14.084611339324194,8,9,940,0,0,0,5
3,0,1,JJ,0.0,rational,0,0,11.607706123031676,13.124109851430338,16.032400354932797,8,9,941,0,0,0,6
0,1,1,NNS,2.0,"explanations,",2,2,4.028411160979886,20.759992315157223,22.72420839234035,13,9,942,1,0,0,7
1,0,1,RB,1.0,rather,0,1,10.424466899305116,15.095948725042549,13.187638190540383,6,9,943,0,0,0,8
0,1,0,IN,1.0,than,0,1,0.0840958189219236,16.958709278696364,10.500242777420445,4,9,944,0,0,0,9
1,0,1,DT,0.0,a,0,1,4.787519638543017,19.69218547190043,6.556670229096891,1,9,945,0,0,0,10
0,0,0,JJ,0.0,speculative,0,1,4.8246273373952135,11.30475672933072,18.65717208181177,11,9,946,0,0,0,11
0,2,1,NN,3.0,"mania,",6,3,12.646183068864048,20.774266356479583,29.260584643316932,6,9,947,1,0,0,12
1,0,1,IN,0.0,for,0,1,2.760577013075818,18.90419907432743,7.693494297163422,3,9,948,0,0,0,13
2,0,1,DT,0.0,the,0,0,0.9378714914782904,20.651930178991396,5.17205129965733,3,9,949,0,0,0,14
0,0,0,NN,3.0,rise,1,1,6.770552402129397,13.926150811245668,14.875299839617398,4,9,950,0,0,0,15
0,0,0,CC,1.0,and,0,0,2.890459862916032,19.93279149564298,6.2095491118355035,3,9,951,0,0,0,16
0,1,1,NN,1.0,fall,2,3,0.1569167623238172,14.334330541512667,14.2864209669698,4,9,952,0,0,0,17
1,0,1,IN,0.0,in,0,1,2.603462709004816,19.583721360186956,6.713150865180346,2,9,953,0,0,0,18
1,8,1,NNS,2.0,prices.,9,2,1.3693302107203635,20.84343952382872,20.307767223417585,7,9,954,1,0,1,19
2,0,1,IN,0.0,For,0,0,4.323998320731334,16.00406857783531,11.877498182383452,3,9,955,0,1,0,0
1,2,2,NN,1.0,"example,",2,2,0.6597980672959238,20.76620861174156,17.323207505884778,8,9,956,1,0,0,1
2,0,1,JJ,0.0,other,0,0,10.541063916054554,17.02036838824095,10.41128748585484,5,9,957,0,0,0,2
0,1,1,NNS,1.0,"flowers,",2,2,17.9413693153474,20.760224236265667,21.382501458477947,8,9,958,1,0,0,3
1,0,1,JJ,0.0,such,0,1,0.914941919312696,16.749195285324937,10.802507576654245,4,9,959,0,0,0,4
0,0,0,IN,1.0,as,0,1,0.0046707945730304,18.455643172698917,8.340623672004352,2,9,960,0,0,0,5
1,0,1,DT,0.0,the,0,1,3.433043565833941,20.651930178991396,5.17205129965733,3,9,961,0,0,0,6
0,3,0,NN,3.0,"hyacinth,",5,3,11.148089877649909,20.765373136627986,52.90953281870652,9,9,962,1,0,0,7
1,1,1,RB,0.0,also,0,1,7.570532698184252,17.098693889788326,10.2982876731973,4,9,963,0,0,0,8
1,0,1,VBD,3.0,had,0,1,5.340736455284059,17.432489551576744,9.816722327264898,3,9,964,0,0,0,9
2,0,1,JJ,0.0,high,0,0,5.287766234949231,16.09639059118449,11.7443056715597,4,9,965,0,0,0,10
0,1,1,NNS,2.0,prices,1,2,1.7130081988871098,13.554818294923034,15.41101941943688,6,9,966,0,0,0,11
1,0,1,IN,0.0,on,0,1,7.141492898692377,18.53086189167023,8.232105999162414,2,9,967,0,0,0,12
2,0,1,DT,0.0,the,0,0,1.146150211832719,20.651930178991396,5.17205129965733,3,9,968,0,0,0,13
0,1,1,NN,2.0,flower's,2,2,23.235136695409892,18.11763541878298,25.933327009778168,8,9,969,0,0,0,14
0,2,0,NN,3.0,"introduction,",2,3,13.04023133328883,20.76035157747437,20.96837356695306,13,9,970,1,0,0,15
2,1,2,WDT,0.0,which,0,1,4.368168577959295,17.599930483545194,9.57515612507219,5,9,971,0,0,0,16
2,1,2,RB,0.0,then,0,1,8.303912974894047,16.720629155852837,10.843719789981035,4,9,972,0,0,0,17
1,0,1,VBD,3.0,fell,0,1,6.05783524364233,13.824855755266013,15.02143771454582,4,9,973,0,0,0,18
1,7,1,RB,1.0,dramatically.,11,2,8.807957610115409,20.842980487610536,21.91454403611248,13,9,974,1,0,1,19
2,0,1,DT,0.0,The,0,0,3.23375804675743,18.12053694573349,8.824079763818386,3,9,975,0,1,0,0
0,0,0,JJ,0.0,high,0,1,6.866708429995924,16.09639059118449,11.7443056715597,4,9,976,0,0,0,1
0,1,1,NNS,2.0,prices,2,1,1.6932967379689217,13.554818294923034,15.41101941943688,6,9,977,0,0,0,2
1,0,1,MD,0.0,may,0,0,4.2758406065404415,16.758305291362376,10.78936461612156,3,9,978,0,0,0,3
1,1,1,RB,0.0,also,1,1,4.029503437690437,17.098693889788326,10.2982876731973,4,9,979,0,0,0,4
1,0,1,VB,0.0,have,0,0,0.3439914631890133,17.990997945585363,9.010965036933804,4,9,980,0,0,0,5
1,0,1,VBN,0.0,been,0,1,1.9542325827060267,17.198255400550867,10.154650775356767,4,9,981,0,0,0,6
1,0,1,VBN,5.0,driven,0,1,5.226997845806181,13.40242851451694,15.630871399910909,6,9,982,0,0,0,7
1,0,1,IN,0.0,by,0,1,0.2141266099642962,18.29067397824052,8.57862391074893,2,9,983,0,0,0,8
2,1,2,NNS,2.0,expectations,0,1,10.780483946437016,12.872557524936228,16.395313648889932,12,9,984,0,0,0,9
1,0,1,IN,0.0,of,0,1,1.7273581656627357,20.087642241543257,5.986146708647226,2,9,985,0,0,0,10
2,0,1,DT,0.0,a,0,0,3.0409315356519073,19.69218547190043,6.556670229096891,1,9,986,0,0,0,11
0,0,0,JJ,0.0,parliamentary,0,1,17.852756088832393,11.502440691327951,18.37197441017508,13,9,987,0,0,0,12
0,1,1,NN,4.0,decree,2,2,10.208093725610524,12.066218448899722,17.558615035162788,6,9,988,0,0,0,13
1,0,1,IN,0.0,that,0,1,2.385409137234092,19.024464301341364,7.519988250559035,4,9,989,0,0,0,14
2,1,2,NNS,0.0,contracts,0,1,13.187014557421207,12.87003557869415,16.398952048226768,9,9,990,0,0,0,15
1,0,1,MD,0.0,could,0,1,4.04857481084764,16.68628345113659,10.893270167851,5,9,991,0,0,0,16
1,0,1,VB,0.0,be,0,1,0.9396026603644714,18.381669296901407,8.447345415772759,2,9,992,0,0,0,17
1,0,1,VBN,5.0,voided,0,0,7.808265301689971,16.843183600448604,24.562770439508455,6,9,993,0,0,0,18
1,0,1,IN,0.0,for,0,1,4.102615313138813,18.90419907432743,7.693494297163422,3,9,994,0,0,0,19
1,0,1,DT,0.0,a,0,1,3.666214238503017,19.69218547190043,6.556670229096891,1,9,995,0,0,0,20
0,0,0,JJ,0.0,small,0,1,7.274278103257529,15.662894719185696,12.3697080163382,5,9,996,0,0,0,21
0,2,0,NN,4.0,"cost,",5,3,10.580560394271744,20.76244266163661,18.61729409202827,5,9,997,1,0,0,22
2,1,2,RB,0.0,thus,0,1,6.353390502103139,14.88908773372881,13.48607551686209,4,9,998,0,0,0,23
1,0,1,VBG,2.0,lowering,0,1,6.012281837174669,11.93097110528372,17.753735707090996,8,9,999,0,0,0,24
2,0,1,DT,0.0,the,0,0,1.0026885816332651,20.651930178991396,5.17205129965733,3,9,1000,0,0,0,25
0,1,1,NN,2.0,risk,1,2,6.838578096780111,15.12086787411022,13.15168745775728,4,9,1001,0,0,0,26
1,0,1,TO,0.0,to,0,1,5.592681775306119,19.88357245739644,6.280557174231113,2,9,1002,0,0,0,27
1,19,1,NNS,2.0,buyers.,19,4,6.332443537685322,20.842900666307333,22.548582311473673,7,9,1003,1,0,1,28
2,0,1,IN,0.0,Despite,0,0,9.002682218211703,13.189610726352818,15.937902567508246,7,9,1004,0,1,0,0
2,0,1,DT,0.0,these,0,0,2.393306573969312,16.716016513197467,10.85037442666533,5,9,1005,0,0,0,1
0,1,1,NNS,2.0,disagreements,1,2,13.23356018215418,12.017674664607618,37.262241577037685,13,9,1006,0,0,0,2
1,0,1,IN,0.0,about,0,1,2.96190188699984,17.10157168565105,10.294135891377458,5,9,1007,0,0,0,3
1,0,1,IN,0.0,whether,0,1,4.828322456305614,15.517598022961934,12.579326839437773,7,9,1008,0,0,0,4
2,0,1,DT,0.0,the,0,0,1.898014775768388,20.651930178991396,5.17205129965733,3,9,1009,0,0,0,5
0,1,1,NN,1.0,phenomenon,1,2,9.464028791466262,12.997072226257623,16.215676906775784,10,9,1010,0,0,0,6
1,1,1,RB,0.0,technically,0,1,17.9065599325113,12.029013219409874,17.612290835242927,11,9,1011,0,0,0,7
1,0,1,VBD,5.0,constituted,0,1,5.786740310519235,12.221192758319258,17.33503436749803,11,9,1012,0,0,0,8
1,0,1,DT,0.0,an,0,1,3.9559881832974497,17.966326533280526,9.046558361117718,2,9,1013,0,0,0,9
0,0,0,JJ,0.0,economic,0,1,4.499244779639412,14.183212183975384,14.504438671976128,8,9,1014,0,0,0,10
0,7,1,NN,3.0,"bubble,",10,2,1.100423131370917,20.760037943168623,22.34362252422933,7,9,1015,1,0,0,11
2,0,1,DT,0.0,the,0,0,3.032145051751286,20.651930178991396,5.17205129965733,3,9,1016,0,0,0,12
0,1,1,NN,1.0,term,1,1,8.084918243112043,14.993263301244168,13.33578194222589,4,9,1017,0,0,0,13
1,0,1,``,0.0,'tulip,0,1,6.266259003896266,18.044758700097827,46.5619984209304,6,9,1018,1,0,0,14
0,2,0,NN,2.0,mania',4,4,0.4949217070825398,17.68116601232469,34.24952718532668,6,9,1019,1,0,0,15
1,0,1,VBZ,0.0,is,0,0,2.2871293406933546,19.144004138058012,7.347528720939248,2,9,1020,0,0,0,16
1,1,1,RB,0.0,still,1,1,3.2580692396732047,16.012482992404035,11.865358748213168,5,9,1021,0,0,0,17
2,1,2,RB,0.0,often,1,1,6.990613505622605,15.298674564108453,12.895166627859949,5,9,1022,0,0,0,18
0,0,0,VBN,5.0,used,0,0,0.3607967793650459,16.57386279565365,11.055458890009728,4,9,1023,0,0,0,19
1,1,1,RB,1.0,metaphorically,1,1,13.878510026144795,14.668069270057856,31.935074998117837,14,9,1024,0,0,0,20
2,0,1,TO,0.0,to,0,0,2.6998596337907657,19.88357245739644,6.280557174231113,2,9,1025,0,0,0,21
1,0,1,VB,2.0,refer,0,1,3.657686037495296,13.59609753955123,15.351466057920138,5,9,1026,0,0,0,22
1,0,1,TO,0.0,to,0,1,0.0274088096339255,19.88357245739644,6.280557174231113,2,9,1027,0,0,0,23
2,0,1,DT,0.0,any,0,0,5.519053924595937,16.78593097223423,10.749509183326555,3,9,1028,0,0,0,24
0,0,0,JJ,0.0,large,0,1,7.485191665356979,15.588818506740086,12.476577400681318,5,9,1029,0,0,0,25
0,0,0,JJ,0.0,economic,0,1,6.399182910099626,14.183212183975384,14.504438671976128,8,9,1030,0,0,0,26
0,1,1,NN,5.0,"bubble,",4,3,5.190844074590132,20.760037943168623,22.34362252422933,7,9,1031,1,0,0,27
2,1,2,WRB,0.0,when,0,1,7.444636086234823,17.09507037229838,10.303515303910618,4,9,1032,0,0,0,28
2,0,1,NN,0.0,asset,0,0,16.37848024442792,12.50439416777376,16.926461098505257,5,9,1033,0,0,0,29
0,1,1,NNS,1.0,prices,1,2,0.3843796225264668,13.554818294923034,15.41101941943688,6,9,1034,0,0,0,30
1,0,1,VB,3.0,deviate,0,1,13.519776299595833,14.10830777572568,31.36922922688031,7,9,1035,0,0,0,31
1,0,1,IN,0.0,from,0,1,0.3781792274676263,18.126283629319108,8.815789051907856,4,9,1036,0,0,0,32
1,0,1,JJ,0.0,intrinsic,0,0,13.207273720297962,12.584598118382386,16.81075125670249,9,9,1037,0,0,0,33
0,13,1,NNS,3.0,values.,14,6,3.6737077739089727,20.84671840505406,17.770051906285243,7,9,1038,1,0,1,34
4,1,2,NNP,1.0,Tourette's,1,1,23.08977547287941,18.39045179861509,52.13755853927524,10,10,1,0,1,0,0
0,1,1,NN,1.0,"syndrome,",1,1,8.7074338166276,20.760436367217963,20.746602404992895,9,10,2,1,0,0,1
2,0,1,DT,0.0,a,0,0,2.4323647876735777,19.69218547190043,6.556670229096891,1,10,3,0,0,0,2
0,0,0,JJ,0.0,neurological,0,1,4.842272019363008,12.107671192660815,17.498811367307415,12,10,4,0,0,0,3
0,1,1,NN,3.0,disorder,2,2,1.2611974861938506,13.393806305805024,15.6433106176611,8,10,5,0,0,0,4
1,0,1,VBN,1.0,characterized,0,0,2.896556278792559,13.544448275172844,15.425980195504398,13,10,6,0,0,0,5
1,0,1,IN,0.0,by,0,1,0.0104048898356268,18.29067397824052,8.57862391074893,2,10,7,0,0,0,6
1,0,1,JJ,0.0,"repetitive,",1,1,11.22615797704202,20.75994815802989,23.22264408339868,11,10,8,1,0,0,7
0,0,0,JJ,0.0,involuntary,0,1,4.87282582159969,11.25840733889688,18.724040117538895,11,10,9,0,0,0,8
0,5,1,NNS,4.0,"movements,",8,5,3.849299771420192,20.760287239156636,21.162793602625815,10,10,10,1,0,0,9
1,0,1,VBD,0.0,was,0,1,7.317550334264524,18.521451560034553,8.24568223794633,3,10,11,0,0,0,10
1,0,1,VBN,2.0,named,0,1,7.925120553176384,14.223171254004276,14.44678991980691,5,10,12,0,0,0,11
1,0,1,IN,0.0,for,0,1,2.864608212257735,18.90419907432743,7.693494297163422,3,10,13,0,0,0,12
2,0,1,NNP,0.0,Dr.,0,0,8.080724493775051,20.844773310487664,18.745406220615628,3,10,14,0,0,0,13
0,0,0,NNP,0.0,Georges,0,1,10.156480637320785,16.345022596203208,28.897705909479953,7,10,15,0,0,0,14
0,0,0,NNP,0.0,Gilles,0,1,15.19724503159523,16.392612769438134,28.566727275998613,6,10,16,0,0,0,15
0,0,0,FW,0.0,de,0,1,6.18040263094008,16.723527497718262,10.839538366544986,2,10,17,0,0,0,16
0,0,0,FW,0.0,la,0,1,3.701551550067961,15.802575537572356,12.168191192344455,2,10,18,0,0,0,17
0,1,1,NNP,7.0,"Tourette,",5,1,5.751110414043069,20.759946814237622,43.46705759100337,9,10,19,1,0,0,18
2,0,1,DT,0.0,the,0,0,2.7920871385431383,20.651930178991396,5.17205129965733,3,10,20,0,0,0,19
0,0,0,JJ,0.0,pioneering,0,1,8.167738823656691,10.901173922614277,19.23941899564963,10,10,21,0,0,0,20
0,0,0,JJ,0.0,French,0,1,2.6784540597582236,14.16073297131258,14.536869320607842,6,10,22,0,0,0,21
0,1,1,NN,4.0,neurologist,3,2,1.783855167683214,15.62536940740075,30.852563352422408,11,10,23,0,0,0,22
2,1,2,WP,0.0,who,0,1,0.5160310752689838,16.99990971408453,10.440803113603463,3,10,24,0,0,0,23
2,1,2,RB,0.0,first,0,1,3.1492215142352507,16.77947782339326,10.758819109157542,5,10,25,0,0,0,24
1,0,1,VBD,3.0,described,0,0,2.609718295512721,15.121965399099944,13.150104063897352,9,10,26,0,0,0,25
1,0,1,DT,0.0,the,0,1,1.4075238811055897,20.651930178991396,5.17205129965733,3,10,27,0,0,0,26
0,1,0,NN,2.0,condition,2,2,1.572997876399313,14.74615182656089,13.69228844129821,9,10,28,0,0,0,27
1,0,1,IN,0.0,in,0,1,0.4539787604880985,19.583721360186956,6.713150865180346,2,10,29,0,0,0,28
1,0,1,DT,0.0,an,0,1,9.499918266927123,17.966326533280526,9.046558361117718,2,10,30,0,0,0,29
0,0,0,JJ,0.0,eighty-six-year-old,0,1,24.06632595497649,20.765267356992844,82.7509606165113,19,10,31,0,0,0,30
0,0,0,JJ,0.0,French,0,1,5.894314708188176,14.16073297131258,14.536869320607842,6,10,32,0,0,0,31
0,11,0,NN,5.0,noblewoman.,15,4,18.362790435552597,20.843103121188623,39.71186019194356,11,10,33,1,0,1,32
2,1,2,PRP,0.0,It,0,0,4.056403823196888,16.818509266914305,10.702508639150992,2,10,34,0,1,0,0
1,0,1,VBZ,0.0,is,0,1,1.4474701257422566,19.144004138058012,7.347528720939248,2,10,35,0,0,0,1
1,0,1,RB,0.0,almost,0,1,9.297278132289648,15.0034237949964,13.32112344827656,6,10,36,0,0,0,2
0,1,0,RB,1.0,always,2,1,3.9201165722915903,15.503668334268962,12.59942313223625,6,10,37,0,0,0,3
1,0,1,IN,0.0,in,0,1,8.95391751860734,19.583721360186956,6.713150865180346,2,10,38,0,0,0,4
1,2,1,NN,4.0,childhood,2,1,8.057794019579887,12.9666938780878,16.259503599030786,9,10,39,0,0,0,5
1,0,1,IN,0.0,that,0,1,2.02524564077612,19.024464301341364,7.519988250559035,4,10,40,0,0,0,6
3,0,1,DT,0.0,the,0,0,2.940426054177806,20.651930178991396,5.17205129965733,3,10,41,0,0,0,7
0,0,0,JJ,0.0,early,0,1,11.420286578009836,15.19156845479873,13.049688080609997,5,10,42,0,0,0,8
0,1,1,NNS,2.0,symptoms,2,1,0.904157167300582,13.962811834090283,14.822409163765547,8,10,43,0,0,0,9
1,0,1,IN,0.0,of,0,1,0.981309790193336,20.087642241543257,5.986146708647226,2,10,44,0,0,0,10
1,3,2,NNP,3.0,Tourette's,3,3,0.2519557124542189,18.11588316665491,47.28362904655289,10,10,45,0,0,0,11
1,0,1,VBP,0.0,are,0,1,2.0841192239895463,18.2277629932606,8.669385276796898,3,10,46,0,0,0,12
1,1,1,RB,0.0,first,0,1,5.878746901638806,16.77947782339326,10.758819109157542,5,10,47,0,0,0,13
1,0,1,VBN,5.0,"noticed,",1,2,4.243425403139554,20.76053224360925,20.531068593813792,8,10,48,1,0,0,14
1,0,1,IN,0.0,with,0,1,5.372039548587054,18.681580760008114,8.014664635242958,4,10,49,0,0,0,15
2,0,1,DT,0.0,the,0,0,2.510820778523339,20.651930178991396,5.17205129965733,3,10,50,0,0,0,16
0,0,0,JJ,0.0,average,0,1,8.759402241004864,14.730886871885737,13.71431111570745,7,10,51,0,0,0,17
0,1,1,NN,4.0,onset,2,2,6.161714820889756,13.012468151025455,16.193465282463332,5,10,52,0,0,0,18
1,0,1,IN,0.0,between,0,1,6.708785517374054,16.64447683717128,10.95358436249511,7,10,53,0,0,0,19
2,0,1,DT,0.0,the,0,0,2.9543127863726113,20.651930178991396,5.17205129965733,3,10,54,0,0,0,20
0,1,1,NNS,3.0,ages,1,2,0.8955053720856085,12.96545924363292,16.26128480003615,4,10,55,0,0,0,21
1,0,1,IN,0.0,of,0,1,0.0042421081743668,20.087642241543257,5.986146708647226,2,10,56,0,0,0,22
1,0,1,CD,0.0,seven,0,0,4.475516011938453,14.160963065266266,14.536537365201925,5,10,57,0,0,0,23
0,0,0,CC,1.0,and,0,0,0.1462474662039312,19.93279149564298,6.2095491118355035,3,10,58,0,0,0,24
0,0,0,CD,1.0,ten,2,2,5.452280367615458,14.476647328546774,14.081101244080443,3,10,59,0,0,0,25
0,12,0,NNS,3.0,years.,14,3,2.1839610040187836,20.852893979291135,16.41026546877383,6,10,60,1,0,1,26
3,1,2,PRP,0.0,It,0,0,4.07970954105258,16.818509266914305,10.702508639150992,2,10,61,0,1,0,0
1,0,1,VBZ,0.0,is,0,1,0.803360927850008,19.144004138058012,7.347528720939248,2,10,62,0,0,0,1
1,0,1,VBN,2.0,estimated,0,1,6.344056680798531,13.9476881596272,14.844228013913462,9,10,63,0,0,0,2
1,0,1,IN,0.0,that,0,1,0.0936799701303243,19.024464301341364,7.519988250559035,4,10,64,0,0,0,3
3,0,1,CD,0.0,two,0,0,8.019952522590756,16.868943842570165,10.629746926962948,3,10,65,0,0,0,4
0,0,0,CD,0.0,hundred,0,1,4.104778960347176,13.885777950237776,14.933545565979983,7,10,66,0,0,0,5
0,1,1,CD,2.0,thousand,2,1,1.9204978412017224,13.54100134122274,15.430953070020486,8,10,67,0,0,0,6
0,1,1,NNS,1.0,Americans,1,1,4.375809417106211,13.701915117081166,15.198803563578815,9,10,68,0,0,0,7
1,0,1,VBP,3.0,have,0,1,2.296102113672532,17.990997945585363,9.010965036933804,4,10,69,0,0,0,8
2,0,1,DT,0.0,the,0,0,2.281867449601122,20.651930178991396,5.17205129965733,3,10,70,0,0,0,9
1,0,1,RBS,0.0,most,0,1,12.215501254344415,16.424816014558168,11.270487941956638,4,10,71,0,0,0,10
0,1,0,JJ,1.0,severe,1,1,1.021229156292975,13.866724449199475,14.961033957439508,6,10,72,0,0,0,11
0,1,1,NN,3.0,form,2,2,1.128213558346033,15.668394445658237,12.361773588230022,4,10,73,0,0,0,12
1,0,1,IN,0.0,of,0,1,0.0351656437269412,20.087642241543257,5.986146708647226,2,10,74,0,0,0,13
1,9,2,NNP,3.0,"Tourette's,",6,3,2.281092434859602,20.828508056707555,52.2999977244845,11,10,75,1,0,0,14
0,0,0,CC,1.0,and,0,0,1.7244389050174505,19.93279149564298,6.2095491118355035,3,10,76,0,0,0,15
3,0,1,RB,0.0,as,0,0,6.341544456547126,18.455643172698917,8.340623672004352,2,10,77,0,0,0,16
0,0,0,JJ,1.0,many,1,1,2.5201043159759138,16.22722338174218,11.555553853436455,4,10,78,0,0,0,17
0,0,0,IN,1.0,as,0,1,0.0211779003439005,18.455643172698917,8.340623672004352,2,10,79,0,0,0,18
1,0,1,CD,1.0,one,0,1,3.2175556886941195,17.417661831348372,9.838114205706065,3,10,80,0,0,0,19
1,0,1,IN,0.0,in,0,1,2.039992862657527,19.583721360186956,6.713150865180346,2,10,81,0,0,0,20
1,0,1,DT,0.0,a,0,1,7.276525065848546,19.69218547190043,6.556670229096891,1,10,82,0,0,0,21
0,4,1,CD,3.0,hundred,5,1,1.9500598740924031,13.885777950237776,14.933545565979983,7,10,83,0,0,0,22
0,1,1,NNS,1.0,people,1,2,4.644468918442726,16.493453036195575,11.171465651218966,6,10,84,0,0,0,23
1,0,1,VBP,2.0,exhibit,0,1,10.466572956647724,13.121204706404267,16.036591593254975,7,10,85,0,0,0,24
4,1,2,JJ,0.0,milder,0,0,11.343164679128677,14.614374040882453,30.372765930689955,6,10,86,0,0,0,25
0,0,0,CC,1.0,and,0,0,5.800979706458747,19.93279149564298,6.2095491118355035,3,10,87,0,0,0,26
1,0,1,RBR,0.0,less,0,1,1.2507263198494911,15.542518149962632,12.543374695795542,4,10,88,0,0,0,27
0,2,1,JJ,2.0,complex,3,2,8.736890590749681,14.79711663417072,13.618761766099652,7,10,89,0,0,0,28
0,1,1,NNS,2.0,symptoms,1,2,2.5872620940208435,13.962811834090283,14.822409163765547,8,10,90,0,0,0,29
2,1,2,WDT,0.0,that,0,1,4.945493640378118,19.024464301341364,7.519988250559035,4,10,91,0,0,0,30
2,0,1,VBP,2.0,include,0,1,6.632170420140028,15.134678251583376,13.131763294663951,7,10,92,0,0,0,31
4,0,1,JJ,0.0,chronic,0,0,9.502325801178811,13.762299636631203,15.111687116677516,7,10,93,0,0,0,32
0,1,1,JJ,1.0,motor,0,1,7.644437033683062,13.922081640590145,14.881170411942652,5,10,94,0,0,0,33
0,0,0,CC,1.0,and,0,0,2.552433484233916,19.93279149564298,6.2095491118355035,3,10,95,0,0,0,34
1,2,2,JJ,1.0,vocal,2,2,7.995858022011816,12.354854654082814,17.142201013324133,5,10,96,0,0,0,35
0,1,1,NN,2.0,tics,2,1,7.450279368087649,16.348030250814986,25.465032320845573,4,10,97,0,0,0,36
0,0,0,CC,1.0,or,0,0,3.671837229281664,18.052589408876212,8.922107338283002,2,10,98,0,0,0,37
2,0,1,JJ,0.0,transient,0,0,11.95733991265297,12.55615540871266,16.851785412892447,9,10,99,0,0,0,38
0,1,1,NN,2.0,tics,1,2,6.747041951864958,16.348030250814986,25.465032320845573,4,10,100,0,0,0,39
1,0,1,IN,0.0,of,0,1,2.769056968216318,20.087642241543257,5.986146708647226,2,10,101,0,0,0,40
1,11,2,NN,2.0,childhood.,16,6,14.8218207435566,20.843135674161495,21.156251403011492,10,10,102,1,0,1,41
2,0,1,IN,0.0,For,0,0,7.10719730425626,16.00406857783531,11.877498182383452,3,10,103,0,1,0,0
2,0,1,DT,0.0,the,0,0,3.3061144393286668,20.651930178991396,5.17205129965733,3,10,104,0,0,0,1
0,1,1,NN,2.0,majority,1,2,4.1770836026989855,14.198054300564053,14.483026023977365,8,10,105,0,0,0,2
1,0,1,IN,0.0,of,0,1,0.0175569944549351,20.087642241543257,5.986146708647226,2,10,106,0,0,0,3
2,1,2,NNS,2.0,people,0,1,2.610191673738882,16.493453036195575,11.171465651218966,6,10,107,0,0,0,4
1,0,1,VBN,1.0,diagnosed,0,1,3.636751264333725,13.041478648663864,16.15161198138668,9,10,108,0,0,0,5
1,0,1,IN,0.0,with,0,1,0.0933338295435532,18.681580760008114,8.014664635242958,4,10,109,0,0,0,6
1,0,1,DT,0.0,the,0,1,4.278702985946438,20.651930178991396,5.17205129965733,3,10,110,0,0,0,7
0,7,1,NN,3.0,"disorder,",8,2,1.4448139990709024,20.760473320103777,20.659679295592714,9,10,111,1,0,0,8
1,1,1,NNP,1.0,Tourette's,1,2,3.412318095768569,18.11588316665491,47.28362904655289,10,10,112,0,0,0,9
1,0,1,VBZ,0.0,is,0,0,1.8554678910877556,19.144004138058012,7.347528720939248,2,10,113,0,0,0,10
0,0,0,RB,0.0,not,1,2,3.5761168289463967,18.05588478508421,8.917353115369856,3,10,114,0,0,0,11
2,0,1,DT,0.0,a,0,0,2.5640576158766635,19.69218547190043,6.556670229096891,1,10,115,0,0,0,12
0,0,0,JJ,0.0,chronic,0,1,7.048767597589176,13.762299636631203,15.111687116677516,7,10,116,0,0,0,13
0,1,1,NN,6.0,condition,2,2,3.926384501159191,14.74615182656089,13.69228844129821,9,10,117,0,0,0,14
1,0,1,IN,0.0,with,0,1,5.4648190040607005,18.681580760008114,8.014664635242958,4,10,118,0,0,0,15
2,1,2,NNS,2.0,symptoms,5,1,4.601713995216414,13.962811834090283,14.822409163765547,8,10,119,0,0,0,16
1,0,1,VBG,1.0,lasting,0,0,2.2311454224400222,12.06340247836584,17.562677621887307,7,10,120,0,0,0,17
1,0,1,DT,0.0,a,0,1,3.4336651128542144,19.69218547190043,6.556670229096891,1,10,121,0,0,0,18
0,7,0,NN,2.0,lifetime.,4,3,3.907005819695769,20.84309393825202,21.324293439760584,9,10,122,1,0,1,19
2,1,2,RB,0.0,Rather,0,0,10.026983618736269,12.675329120725824,16.679854089566724,6,10,123,0,1,0,0
1,1,1,PRP,0.0,it,0,1,1.4117294996976852,18.431334787537676,8.375693258728493,2,10,124,0,0,0,1
1,0,1,VBZ,0.0,is,0,0,0.4126209546811878,19.144004138058012,7.347528720939248,2,10,125,0,0,0,2
2,0,1,DT,0.0,a,0,0,0.8946572370477952,19.69218547190043,6.556670229096891,1,10,126,0,0,0,3
0,1,1,NN,4.0,condition,1,2,5.267104588390794,14.74615182656089,13.69228844129821,9,10,127,0,0,0,4
2,0,1,WP$,0.0,whose,0,1,7.589258045947645,14.618015604122643,13.877149933968113,5,10,128,0,0,0,5
0,1,1,NNS,1.0,severity,1,1,5.529613283404615,12.930052088981006,16.31236652646446,8,10,129,0,0,0,6
2,0,1,VBZ,2.0,peaks,0,1,9.115107825025916,12.77139497727119,16.541260354729978,5,10,130,0,0,0,7
1,0,1,IN,0.0,in,0,1,3.321657194755971,19.583721360186956,6.713150865180346,2,10,131,0,0,0,8
1,0,1,DT,0.0,the,0,1,2.3778693117783405,20.651930178991396,5.17205129965733,3,10,132,0,0,0,9
0,0,0,JJ,0.0,early,0,1,2.555757666879799,15.19156845479873,13.049688080609997,5,10,133,0,0,0,10
0,2,0,NNS,4.0,"teens,",8,3,7.977901165664662,20.759952211567335,23.169000901977913,6,10,134,1,0,0,11
1,0,1,IN,0.0,with,0,1,4.476745220774319,18.681580760008114,8.014664635242958,4,10,135,0,0,0,12
2,1,2,NN,2.0,improvement,1,1,13.309392992174253,13.592701950550094,15.356364857332975,11,10,136,0,0,0,13
2,0,1,VBG,1.0,occurring,0,0,5.047745471587405,12.825680922755248,16.462942290390156,9,10,137,0,0,0,14
1,0,1,IN,0.0,in,0,1,2.598152462451253,19.583721360186956,6.713150865180346,2,10,138,0,0,0,15
1,0,1,DT,0.0,the,0,1,2.316651464032475,20.651930178991396,5.17205129965733,3,10,139,0,0,0,16
0,0,0,JJ,0.0,late,0,1,1.8395587332779544,14.633189064276708,13.85525925825072,4,10,140,0,0,0,17
0,3,1,NNS,4.0,teens,4,1,1.5224390737712383,11.654477109220972,18.1526322240463,5,10,141,0,0,0,18
0,0,0,CC,1.0,and,0,0,0.9002582617104053,19.93279149564298,6.2095491118355035,3,10,142,0,0,0,19
1,0,1,VBG,1.0,continuing,0,1,8.942596455104649,13.022951798348911,16.17834057645935,10,10,143,0,0,0,20
1,0,1,IN,0.0,into,0,1,3.8620271200779825,16.972256606338846,10.48069811501334,4,10,144,0,0,0,21
1,12,2,NN,2.0,adulthood.,9,4,1.4271888236980883,20.842837076368554,23.38416662917731,10,10,145,1,0,1,22
2,1,2,RB,0.0,"However,",1,1,5.816914886236191,20.765690481257153,17.446028317169958,8,10,146,1,1,0,0
3,0,1,RB,0.0,approximately,0,0,10.388225405826232,14.051533216383309,14.694411265510595,13,10,147,0,0,0,1
0,1,1,CD,1.0,ten,1,1,5.690767594263889,14.476647328546774,14.081101244080443,3,10,148,0,0,0,2
0,1,1,NN,1.0,percent,1,1,1.0586169138550758,14.726604208375427,13.720489693115567,7,10,149,0,0,0,3
1,0,1,IN,0.0,of,0,1,0.1093691397109068,20.087642241543257,5.986146708647226,2,10,150,0,0,0,4
2,1,2,DT,2.0,those,0,1,3.5843705123406835,16.253798758701542,11.51721368888743,5,10,151,0,0,0,5
1,4,1,VBN,1.0,affected,3,2,6.84214271849487,13.966620906378653,14.816913834064737,8,10,152,0,0,0,6
1,0,1,VBP,2.0,have,0,1,3.3463528798893094,17.990997945585363,9.010965036933804,4,10,153,0,0,0,7
1,0,1,DT,0.0,a,0,0,3.08569203899242,19.69218547190043,6.556670229096891,1,10,154,0,0,0,8
1,0,1,JJ,0.0,progressive,0,1,7.206270183203742,12.773531878783729,16.538177457514966,11,10,155,0,0,0,9
0,0,0,CC,1.0,or,0,0,3.816714822081849,18.052589408876212,8.922107338283002,2,10,156,0,0,0,10
0,1,0,VBG,1.0,disabling,2,2,5.460112360538915,10.9404194539302,19.182799662243095,9,10,157,0,0,0,11
0,0,0,NN,3.0,course,2,2,10.785359855741262,15.270813123786896,12.935362189643882,6,10,158,0,0,0,12
2,1,2,WDT,0.0,that,0,1,3.9161767717450857,19.024464301341364,7.519988250559035,4,10,159,0,0,0,13
2,0,1,VBZ,2.0,lasts,0,1,3.0585241592489183,11.315802911844116,18.64123580907894,5,10,160,0,0,0,14
1,0,1,IN,0.0,into,0,1,5.728843887365656,16.972256606338846,10.48069811501334,4,10,161,0,0,0,15
1,8,2,NN,2.0,adulthood.,8,2,1.4337454582273494,20.842837076368554,23.38416662917731,10,10,162,1,0,1,16
2,1,2,PRP,0.0,It,0,0,5.087146019563079,16.818509266914305,10.702508639150992,2,10,163,0,1,0,0
1,0,1,VBZ,0.0,is,0,1,0.4618810936808586,19.144004138058012,7.347528720939248,2,10,164,0,0,0,1
0,0,0,RB,0.0,not,0,1,2.897536024916917,18.05588478508421,8.917353115369856,3,10,165,0,0,0,2
1,0,1,JJ,3.0,uncommon,2,1,1.7150232992134988,11.86595978989042,17.847527209410583,8,10,166,0,0,0,3
1,0,1,IN,0.0,for,0,1,0.5215897929156199,18.90419907432743,7.693494297163422,3,10,167,0,0,0,4
1,3,1,NNS,2.0,symptoms,1,1,6.11539440730121,13.962811834090283,14.822409163765547,8,10,168,0,0,0,5
2,0,1,TO,0.0,to,0,1,0.5786636105622165,19.88357245739644,6.280557174231113,2,10,169,0,0,0,6
1,0,1,VB,0.0,be,0,0,3.4020008295192383,18.381669296901407,8.447345415772759,2,10,170,0,0,0,7
1,0,1,JJ,3.0,present,1,1,4.7932157184695825,15.678877566343534,12.3466496420043,7,10,171,0,0,0,8
1,0,1,IN,0.0,for,0,1,2.334961729182396,18.90419907432743,7.693494297163422,3,10,172,0,0,0,9
2,0,1,DT,0.0,an,0,0,6.244550378527492,17.966326533280526,9.046558361117718,2,10,173,0,0,0,10
0,0,0,VBN,0.0,extended,0,1,3.292218178685289,13.820768709623254,15.027334075026513,8,10,174,0,0,0,11
0,1,1,NN,4.0,period,2,2,0.2460282316897064,15.06259428720944,13.235758472593847,6,10,175,0,0,0,12
1,0,1,IN,0.0,of,0,1,0.2087550433061551,20.087642241543257,5.986146708647226,2,10,176,0,0,0,13
1,5,1,NN,2.0,time,4,2,1.2820346090302337,17.075857868787498,10.33123308744883,4,10,177,0,0,0,14
1,0,1,IN,0.0,before,0,1,3.1340401489287615,16.28145242436684,11.477317882569707,6,10,178,0,0,0,15
3,0,1,DT,0.0,a,0,0,4.246284506167285,19.69218547190043,6.556670229096891,1,10,179,0,0,0,16
0,0,0,JJ,0.0,formal,0,1,12.503027283470146,13.351315625526578,15.704611711382814,6,10,180,0,0,0,17
0,1,1,NN,2.0,diagnosis,2,1,0.45384312258102,13.909433412241048,14.899417948257929,9,10,181,0,0,0,18
1,0,1,IN,0.0,of,0,1,2.4491161970072426,20.087642241543257,5.986146708647226,2,10,182,0,0,0,19
1,3,2,NNP,3.0,Tourette's,3,3,1.2960662137484178,18.11588316665491,47.28362904655289,10,10,183,0,0,0,20
1,0,1,VBZ,0.0,is,0,1,1.552808755193837,19.144004138058012,7.347528720939248,2,10,184,0,0,0,21
1,9,2,VBN,4.0,obtained.,9,2,8.039852148736827,20.84563324960353,18.23252397022894,9,10,185,1,0,1,22
3,0,1,DT,0.0,The,0,0,3.1028693213593215,18.12053694573349,8.824079763818386,3,10,186,0,1,0,0
0,1,1,NNS,1.0,reasons,1,1,10.387828214792536,14.314506688356657,14.315020741609292,7,10,187,0,0,0,1
1,0,1,IN,0.0,for,0,1,0.2944644044036977,18.90419907432743,7.693494297163422,3,10,188,0,0,0,2
1,3,2,DT,2.0,this,2,1,1.5001032667350955,18.084110076486997,8.876632627435416,4,10,189,0,0,0,3
2,0,1,VBP,0.0,are,0,0,2.193095383234322,18.2277629932606,8.669385276796898,3,10,190,0,0,0,4
1,2,2,JJ,2.0,many,1,1,7.855367007665336,16.22722338174218,11.555553853436455,4,10,191,0,0,0,5
0,0,0,CC,1.0,and,0,0,0.4995656466344371,19.93279149564298,6.2095491118355035,3,10,192,0,0,0,6
1,0,1,MD,0.0,may,0,1,9.25531990104355,16.758305291362376,10.78936461612156,3,10,193,0,0,0,7
1,0,1,VB,2.0,include,0,1,1.7019239730434492,15.134678251583376,13.131763294663951,7,10,194,0,0,0,8
2,0,1,DT,0.0,the,0,1,3.199248044984415,20.651930178991396,5.17205129965733,3,10,195,0,0,0,9
0,1,1,NN,2.0,fact,0,1,3.848905799444765,15.532767002656716,12.557442627656766,4,10,196,0,0,0,10
1,0,1,IN,0.0,that,0,1,0.0544294372666627,19.024464301341364,7.519988250559035,4,10,197,0,0,0,11
2,0,1,IN,0.0,for,0,1,9.353820477612317,18.90419907432743,7.693494297163422,3,10,198,0,0,0,12
2,0,1,NNS,1.0,families,0,0,9.702791190706192,13.969376911660405,14.812937758912089,8,10,199,0,0,0,13
0,0,0,CC,1.0,and,0,0,4.533972359262407,19.93279149564298,6.2095491118355035,3,10,200,0,0,0,14
0,1,1,NNS,1.0,physicians,2,3,7.238986172713339,12.63132404093174,16.743339999959574,10,10,201,0,0,0,15
2,0,1,JJ,1.0,unfamiliar,0,0,7.020337840542197,11.468377788708915,18.42111679086185,10,10,202,0,0,0,16
1,0,1,IN,0.0,with,0,1,0.0062245175358839,18.681580760008114,8.014664635242958,4,10,203,0,0,0,17
1,6,3,NNP,3.0,"Tourette's,",6,4,1.5303892826777885,20.828508056707555,52.2999977244845,11,10,204,1,0,0,18
3,1,2,JJ,0.0,mild,0,0,11.791040934622288,12.918738099235998,16.32868916336225,4,10,205,0,0,0,19
0,0,0,CC,1.0,and,0,0,5.005793115124106,19.93279149564298,6.2095491118355035,3,10,206,0,0,0,20
1,0,1,RB,0.0,even,0,1,7.602239442290738,16.307134926601453,11.440265863958214,4,10,207,0,0,0,21
0,2,1,JJ,2.0,moderate,3,2,3.6364520534407343,13.179355999723844,15.95269701076154,8,10,208,0,0,0,22
0,0,0,NN,0.0,tic,0,1,12.774491749703884,16.7460205566744,23.625569723937453,3,10,209,0,0,0,23
0,1,0,NNS,2.0,symptoms,2,2,1.741813801229,13.962811834090283,14.822409163765547,8,10,210,0,0,0,24
1,0,1,MD,0.0,may,0,1,2.471545385196805,16.758305291362376,10.78936461612156,3,10,211,0,0,0,25
1,0,1,VB,0.0,be,0,1,1.5539892874658108,18.381669296901407,8.447345415772759,2,10,212,0,0,0,26
1,0,1,VBN,6.0,considered,0,1,6.335645878687501,14.995153988720556,13.333054256779828,10,10,213,0,0,0,27
2,1,2,JJ,1.0,"inconsequential,",0,0,14.893942380324006,20.760505276172093,57.49025650828436,16,10,214,1,0,0,28
2,1,2,NN,1.0,part,0,0,14.246312699047849,16.00726140395166,11.872891907978971,4,10,215,0,0,0,29
1,0,1,IN,0.0,of,0,1,0.0155212450772523,20.087642241543257,5.986146708647226,2,10,216,0,0,0,30
1,0,1,DT,0.0,a,0,1,1.7501529810833745,19.69218547190043,6.556670229096891,1,10,217,0,0,0,31
0,0,0,JJ,0.0,developmental,0,1,7.228669526812155,12.434390785537625,17.027454630902785,13,10,218,0,0,0,32
0,3,0,NN,4.0,"phase,",5,2,9.178101162950044,20.762244255364077,18.731887495422452,6,10,219,1,0,0,33
0,0,0,CC,1.0,or,0,0,0.7255256114876829,18.052589408876212,8.922107338283002,2,10,220,0,0,0,34
2,0,1,DT,0.0,the,0,0,4.193673225701787,20.651930178991396,5.17205129965733,3,10,221,0,0,0,35
0,1,1,NN,2.0,result,1,2,2.572851474629715,15.57353328952028,12.498629307763242,6,10,222,0,0,0,36
1,0,1,IN,0.0,of,0,1,0.0093335752608254,20.087642241543257,5.986146708647226,2,10,223,0,0,0,37
1,0,1,DT,0.0,another,0,1,9.361373773775997,15.813822436865516,12.151965346508836,7,10,224,0,0,0,38
0,14,0,NN,3.0,condition.,21,8,6.250584688037634,20.84500398925157,18.589036245278916,10,10,225,1,0,1,39
2,0,1,IN,0.0,For,0,0,4.928162982687354,16.00406857783531,11.877498182383452,3,10,226,0,1,0,0
1,2,2,NN,1.0,"example,",2,2,2.921350445598364,20.76620861174156,17.323207505884778,8,10,227,1,0,0,1
1,1,1,NNS,0.0,parents,0,1,6.664984872564673,14.295489270232087,14.34245707642812,7,10,228,0,0,0,2
1,0,1,MD,0.0,may,0,1,1.4051649258472023,16.758305291362376,10.78936461612156,3,10,229,0,0,0,3
1,0,1,VB,3.0,think,0,1,6.512702215928584,16.049882225624277,11.811403059913276,5,10,230,0,0,0,4
2,0,1,IN,0.0,that,0,0,1.240436819382012,19.024464301341364,7.519988250559035,4,10,231,0,0,0,5
2,0,1,NN,0.0,eye,0,0,15.979485651478171,14.165126042451629,14.530531458661263,3,10,232,0,0,0,6
0,1,1,NNS,1.0,blinking,1,2,8.243198528885841,14.454437005471611,31.354320193159353,8,10,233,0,0,0,7
1,0,1,VBZ,0.0,is,0,1,1.863610471482389,19.144004138058012,7.347528720939248,2,10,234,0,0,0,8
1,0,1,JJ,4.0,related,0,1,6.4189828160451725,14.944447698425105,13.406207970330955,7,10,235,0,0,0,9
1,0,1,TO,0.0,to,0,1,0.0097989338682964,19.88357245739644,6.280557174231113,2,10,236,0,0,0,10
1,0,1,NN,0.0,vision,0,0,11.537717638420872,13.529334018295716,15.447785458947752,6,10,237,0,0,0,11
0,6,1,NNS,3.0,problems,6,2,2.960420772433281,14.801372500721572,13.612621848532047,8,10,238,0,0,0,12
0,0,0,CC,1.0,or,0,0,2.1561471046879888,18.052589408876212,8.922107338283002,2,10,239,0,0,0,13
1,0,1,IN,0.0,that,0,1,2.088905711658299,19.024464301341364,7.519988250559035,4,10,240,0,0,0,14
2,1,2,NNP,0.0,sniffing,0,1,15.64328066445887,16.935122047649692,28.960355921076705,8,10,241,0,0,0,15
1,0,1,VBZ,0.0,is,0,1,2.752458960399963,19.144004138058012,7.347528720939248,2,10,242,0,0,0,16
1,0,1,JJ,4.0,related,0,1,2.0933243561303243,14.944447698425105,13.406207970330955,7,10,243,0,0,0,17
1,0,1,TO,0.0,to,0,1,0.0117770990473218,19.88357245739644,6.280557174231113,2,10,244,0,0,0,18
1,0,1,JJ,0.0,seasonal,0,0,12.806768586102407,11.942439075835532,17.73719092284684,8,10,245,0,0,0,19
0,10,0,NNS,3.0,allergies.,13,5,2.453253272920847,20.842801526030307,24.21707144988788,10,10,246,1,0,1,20
2,1,2,EX,0.0,There,0,0,6.976112237200141,15.59947186709071,12.46120785053467,5,10,247,0,1,0,0
1,0,1,VBP,1.0,are,0,1,1.5327850934118032,18.2277629932606,8.669385276796898,3,10,248,0,0,0,1
2,0,1,JJ,0.0,many,0,0,2.932727785781026,16.22722338174218,11.555553853436455,4,10,249,0,0,0,2
0,1,1,NNS,2.0,patients,1,2,10.605284607037902,15.980029075635938,11.912179852991924,8,10,250,0,0,0,3
2,1,2,WP,0.0,who,0,1,1.2812884468585253,16.99990971408453,10.440803113603463,3,10,251,0,0,0,4
2,0,1,VBP,0.0,are,0,1,3.173729825532064,18.2277629932606,8.669385276796898,3,10,252,0,0,0,5
1,0,1,JJ,3.0,self-diagnosed,0,1,11.36793868825771,19.674862853561898,54.41654605444792,14,10,253,0,0,0,6
1,0,1,IN,0.0,after,0,1,10.676630463683978,16.646807242872875,10.950222297746166,5,10,254,0,0,0,7
3,1,2,PRP,0.0,"they,",0,0,16.862150562694296,20.792894782362108,14.92787586180934,5,10,255,1,0,0,8
1,0,1,PRP$,0.0,their,0,0,4.320053851464763,17.287357438148756,10.026103707581193,5,10,256,0,0,0,9
0,1,0,NNS,2.0,"parents,",1,1,2.5293701170012355,20.761397937583737,19.35882575435973,8,10,257,1,0,0,10
1,0,1,JJ,0.0,other,0,0,9.886303590843454,17.02036838824095,10.41128748585484,5,10,258,0,0,0,11
0,1,0,NNS,2.0,"relatives,",2,2,3.631414889445296,20.760063732831455,22.165942335931742,10,10,259,1,0,0,12
0,0,0,CC,1.0,or,0,0,0.7732547082996462,18.052589408876212,8.922107338283002,2,10,260,0,0,0,13
1,2,2,NNS,1.0,friends,6,7,2.285032429266721,14.548202437649916,13.977869043027074,7,10,261,0,0,0,14
1,0,1,VB,3.0,read,0,0,12.50628580339253,15.23752890079165,12.983381173098962,4,10,262,0,0,0,15
0,0,0,CC,1.0,or,0,0,3.3455297886393964,18.052589408876212,8.922107338283002,2,10,263,0,0,0,16
0,0,0,VB,1.0,hear,0,1,2.145582799334079,14.396789426353092,14.196311843551069,4,10,264,0,0,0,17
1,0,1,IN,0.0,about,3,2,1.9478326437529176,17.10157168565105,10.294135891377458,5,10,265,0,0,0,18
1,2,1,NNP,3.0,Tourette's,2,3,2.7616647294489667,18.11588316665491,47.28362904655289,10,10,266,0,0,0,19
1,0,1,IN,0.0,from,0,1,6.5144433654495515,18.126283629319108,8.815789051907856,4,10,267,0,0,0,20
1,12,2,NNS,2.0,others.,11,2,6.3777565159252845,20.845942518274025,18.08500920123242,7,10,268,1,0,1,21
2,1,2,NNS,0.0,Tics,0,0,13.060416154563429,16.793182216038065,24.706405355005593,4,10,269,0,1,0,0
1,0,1,VBP,0.0,are,0,1,3.368283375632018,18.2277629932606,8.669385276796898,3,10,270,0,0,0,1
1,0,1,VBN,2.0,classified,0,1,9.929961321409792,13.145591503523535,16.00140888198784,10,10,271,0,0,0,2
1,0,1,IN,0.0,as,0,1,1.2021905770525336,18.455643172698917,8.340623672004352,2,10,272,0,0,0,3
1,0,1,CC,0.0,either,0,1,5.268301285803318,15.39515811134962,12.75597029272774,6,10,273,0,0,0,4
1,1,1,NN,3.0,simple,0,0,7.98716538771987,14.88086212406462,13.497942563132902,6,10,274,0,0,0,5
0,0,0,CC,1.0,or,0,0,1.0571300456649624,18.052589408876212,8.922107338283002,2,10,275,0,0,0,6
1,6,1,NN,1.0,complex.,8,4,2.9300172706716694,20.845121387312595,18.51550957008036,8,10,276,1,0,1,7
2,0,1,JJ,0.0,Simple,0,0,5.496864531189203,12.10242177870069,17.506384670795264,6,10,277,0,1,0,0
0,0,0,JJ,0.0,motor,0,1,13.203886691480877,13.922081640590145,14.881170411942652,5,10,278,0,0,0,1
0,1,1,NNS,2.0,tics,2,1,1.295124776661396,16.348030250814986,25.465032320845573,4,10,279,0,0,0,2
1,0,1,VBP,0.0,are,0,1,1.964571719057858,18.2277629932606,8.669385276796898,3,10,280,0,0,0,3
4,1,2,JJ,0.0,"sudden,",1,1,12.230641860340256,20.760254447349272,21.272969048904816,7,10,281,1,0,0,4
1,1,1,JJ,1.0,"brief,",1,2,8.564590091002174,20.76078454867049,20.08190052915042,6,10,282,1,0,0,5
1,2,2,JJ,1.0,repetitive,0,1,7.613459286338184,11.6172944892629,18.206275405467068,10,10,283,0,0,0,6
0,1,1,NNS,3.0,movements,3,2,0.7018360197544098,13.04507404238566,16.1464249246942,9,10,284,0,0,0,7
2,1,2,WDT,0.0,that,0,1,1.2786707049235702,19.024464301341364,7.519988250559035,4,10,285,0,0,0,8
2,0,1,VBP,2.0,involve,0,1,6.624229207634926,13.13430380590681,16.017693587362544,7,10,286,0,0,0,9
2,0,1,DT,0.0,a,0,0,3.5692158174933866,19.69218547190043,6.556670229096891,1,10,287,0,0,0,10
0,0,0,JJ,0.0,limited,0,1,7.699771769228391,14.600355492276352,13.9026280897503,7,10,288,0,0,0,11
0,1,1,NN,3.0,number,2,2,1.9572707866318524,16.176550579515272,11.628659253917167,6,10,289,0,0,0,12
1,0,1,IN,0.0,of,0,1,0.0436525734257884,20.087642241543257,5.986146708647226,2,10,290,0,0,0,13
1,0,1,NN,0.0,muscle,0,0,6.220804874494206,13.801809120499302,15.05468698023293,6,10,291,0,0,0,14
0,9,1,NNS,3.0,groups.,9,3,5.854930472560227,20.84626054554509,17.947532370478772,7,10,292,1,0,1,15
3,1,2,DT,0.0,Some,0,0,8.557943033985794,14.445272685220107,14.126365286417489,4,10,293,0,1,0,0
1,0,1,IN,0.0,of,0,1,3.024934990738984,20.087642241543257,5.986146708647226,2,10,294,0,0,0,1
1,0,1,DT,0.0,the,0,1,1.2101663110079244,20.651930178991396,5.17205129965733,3,10,295,0,0,0,2
1,0,1,RBR,0.0,more,0,1,3.5283494177274406,17.253429346216002,10.0750515975594,4,10,296,0,0,0,3
0,1,0,JJ,1.0,common,1,1,2.7240276093943976,15.390810545961267,12.76224250375346,6,10,297,0,0,0,4
0,0,0,JJ,0.0,simple,0,1,6.408046869561076,14.88086212406462,13.497942563132902,6,10,298,0,0,0,5
0,3,1,NN,5.0,tics,5,1,1.1306501142680645,16.348030250814986,25.465032320845573,4,10,299,0,0,0,6
1,0,1,VBP,1.0,include,0,1,0.9004343673586845,15.134678251583376,13.131763294663951,7,10,300,0,0,0,7
2,0,1,NN,0.0,eye,0,0,8.791150160133839,14.165126042451629,14.530531458661263,3,10,301,0,0,0,8
0,1,1,NN,2.0,"blinking,",1,1,3.1215777647448704,20.761665891336,36.37068887109096,9,10,302,1,0,0,9
1,0,1,JJ,0.0,facial,0,0,7.556745910202153,12.321581987191188,17.190203324845832,6,10,303,0,0,0,10
0,1,0,NN,2.0,"grimacing,",1,1,13.988503587199377,20.76031297710045,39.30062406607854,10,10,304,1,0,0,11
1,0,1,NN,0.0,shoulder,0,0,10.2626676291693,13.36082106642714,15.690898258934112,8,10,305,0,0,0,12
0,1,0,NN,2.0,"shrugging,",2,2,7.537642537965439,20.78556930001402,59.15556612679404,10,10,306,1,0,0,13
0,0,0,CC,1.0,and,0,0,2.0325967494864017,19.93279149564298,6.2095491118355035,3,10,307,0,0,0,14
1,0,1,NN,0.0,head,0,0,7.292928677983582,15.404039391209997,12.743157314316427,4,10,308,0,0,0,15
0,0,0,CC,1.0,or,0,0,8.8673617138993,18.052589408876212,8.922107338283002,2,10,309,0,0,0,16
0,0,0,NN,1.0,shoulder,2,2,4.679891544627026,13.36082106642714,15.690898258934112,8,10,310,0,0,0,17
0,4,0,NN,2.0,jerking.,10,9,5.20498401299119,20.843408503372025,38.95516690058653,8,10,311,1,0,1,18
3,0,1,JJ,0.0,Simple,0,0,6.87758557125926,12.10242177870069,17.506384670795264,6,10,312,0,1,0,0
0,1,1,NNS,1.0,"vocalizations,",2,2,20.447759623784805,20.76054805897771,38.18940110601879,14,10,313,1,0,0,1
2,1,2,WDT,0.0,which,0,1,5.123316028009867,17.599930483545194,9.57515612507219,5,10,314,0,0,0,2
2,0,1,NN,0.0,motor,0,0,17.49713033810258,13.922081640590145,14.881170411942652,5,10,315,0,0,0,3
0,1,1,NNS,1.0,tics,1,2,0.3577376659959554,16.348030250814986,25.465032320845573,4,10,316,0,0,0,4
1,1,1,RB,0.0,typically,0,1,4.94217154965736,14.07556908934802,14.659734830780966,9,10,317,0,0,0,5
1,4,2,VB,4.0,"precede,",5,2,9.270625997101888,20.782272376726837,33.627469251452794,8,10,318,1,0,0,6
1,0,1,MD,0.0,might,0,1,9.50808947358746,15.797195241662305,12.1759533185724,5,10,319,0,0,0,7
1,0,1,VB,2.0,include,0,1,2.018302032491192,15.134678251583376,13.131763294663951,7,10,320,0,0,0,8
1,0,1,JJ,0.0,repetitive,0,0,9.074298936873674,11.6172944892629,18.206275405467068,10,10,321,0,0,0,9
2,1,2,JJ,0.0,"throat-clearing,",1,2,21.06654823559802,21.048607716028172,60.09885212570556,16,10,322,1,0,0,10
1,1,1,JJ,1.0,"sniffing,",1,2,8.999683645437472,20.781430967987617,33.97672459900832,9,10,323,1,0,0,11
0,0,0,CC,1.0,or,0,0,2.3563888736534864,18.052589408876212,8.922107338283002,2,10,324,0,0,0,12
1,2,1,JJ,1.0,grunting,2,2,12.048999576829374,14.110870579383857,32.30066799400545,8,10,325,0,0,0,13
0,4,0,NNS,3.0,sounds.,7,3,4.65422510355711,20.843464032865004,20.256923326189384,7,10,326,1,0,1,14
2,0,1,JJ,0.0,Complex,0,0,2.50350908190012,11.835950549694006,17.890821391422794,7,10,327,0,1,0,0
0,1,1,NNS,1.0,tics,1,1,1.9608281329274175,16.348030250814986,25.465032320845573,4,10,328,0,0,0,1
2,0,1,VBP,0.0,are,0,1,2.9015894611366093,18.2277629932606,8.669385276796898,3,10,329,0,0,0,2
3,0,1,JJ,0.0,"distinct,",1,1,13.020237008400729,20.76073115837768,20.165987635446506,9,10,330,1,0,0,3
0,0,0,VBN,0.0,coordinated,0,1,13.165400897327345,11.793409191382588,17.95219559809136,11,10,331,0,0,0,4
0,1,1,NNS,4.0,patterns,2,1,9.418467037379742,13.899791961966304,14.913327620756275,8,10,332,0,0,0,5
1,0,1,IN,0.0,of,0,1,0.5676023275591433,20.087642241543257,5.986146708647226,2,10,333,0,0,0,6
1,3,2,NN,2.0,movement,2,2,2.404841975774616,14.23569480607846,14.42872225333517,8,10,334,0,0,0,7
2,1,2,WDT,0.0,that,0,1,0.8547798860818148,19.024464301341364,7.519988250559035,4,10,335,0,0,0,8
2,0,1,VBP,2.0,involve,0,1,3.670334772672504,13.13430380590681,16.017693587362544,7,10,336,0,0,0,9
1,0,1,JJ,0.0,several,0,0,4.8282131208106875,15.389540750537888,12.76407443131371,7,10,337,0,0,0,10
0,0,0,NN,0.0,muscle,0,1,3.3158220957848243,13.801809120499302,15.05468698023293,6,10,338,0,0,0,11
0,8,2,NNS,3.0,groups.,8,3,1.4446758742560633,20.84626054554509,17.947532370478772,7,10,339,1,0,1,12
2,0,1,JJ,0.0,Complex,0,0,5.216568253934383,11.835950549694006,17.890821391422794,7,10,340,0,1,0,0
0,0,0,JJ,0.0,motor,0,1,5.1553017580881715,13.922081640590145,14.881170411942652,5,10,341,0,0,0,1
0,1,1,NNS,2.0,tics,2,1,0.2262643193826079,16.348030250814986,25.465032320845573,4,10,342,0,0,0,2
1,0,1,MD,0.0,might,0,1,7.1046580844558775,15.797195241662305,12.1759533185724,5,10,343,0,0,0,3
1,0,1,VB,2.0,include,0,1,1.2722003175877037,15.134678251583376,13.131763294663951,7,10,344,0,0,0,4
2,0,1,JJ,0.0,facial,0,0,7.243930485099554,12.321581987191188,17.190203324845832,6,10,345,0,0,0,5
0,1,1,NN,2.0,grimacing,1,2,5.17169114202261,13.101180598136422,34.284255388146924,9,10,346,0,0,0,6
1,0,1,VBN,0.0,combined,0,1,12.231856348807923,14.00512048990741,14.761370675831508,8,10,347,0,0,0,7
1,0,1,IN,0.0,with,0,1,0.0083886376814916,18.681580760008114,8.014664635242958,4,10,348,0,0,0,8
2,0,1,DT,0.0,a,0,0,3.4882881552912295,19.69218547190043,6.556670229096891,1,10,349,0,0,0,9
0,0,0,NN,0.0,head,0,1,8.242693598847836,15.404039391209997,12.743157314316427,4,10,350,0,0,0,10
0,1,1,NN,5.0,twist,2,1,10.32934620976448,12.22973057668081,17.322716899287812,5,10,351,0,0,0,11
0,0,0,CC,1.0,and,0,0,3.0397063195705414,19.93279149564298,6.2095491118355035,3,10,352,0,0,0,12
1,0,1,DT,0.0,a,0,1,1.9877671839203688,19.69218547190043,6.556670229096891,1,10,353,0,0,0,13
0,0,0,NN,0.0,shoulder,0,1,5.931735491612926,13.36082106642714,15.690898258934112,8,10,354,0,0,0,14
0,8,0,NN,3.0,shrug.,11,4,6.824851982295513,20.844978752056665,35.328616209892516,6,10,355,1,0,1,15
2,0,1,JJ,0.0,Other,0,0,6.591182388365269,13.743143070288324,15.139324199940848,5,10,356,0,1,0,0
0,0,0,JJ,0.0,complex,0,1,2.400360843166709,14.79711663417072,13.618761766099652,7,10,357,0,0,0,1
0,0,0,JJ,0.0,motor,0,1,2.0284318833146244,13.922081640590145,14.881170411942652,5,10,358,0,0,0,2
0,1,1,NNS,3.0,tics,3,1,0.1840521281119436,16.348030250814986,25.465032320845573,4,10,359,0,0,0,3
1,0,1,MD,0.0,may,0,0,2.8038522475399077,16.758305291362376,10.78936461612156,3,10,360,0,0,0,4
1,1,1,RB,0.0,actually,1,1,13.289982234244237,15.045516247046152,13.260396876445522,8,10,361,0,0,0,5
1,0,1,VB,3.0,appear,0,0,8.6485241985647,14.322605230379011,14.303337015195208,6,10,362,0,0,0,6
1,3,1,NN,1.0,"purposeful,",2,2,22.39013632782735,20.763640152713485,33.12582308469548,11,10,363,1,0,0,7
1,0,1,VBG,0.0,including,0,1,5.405886609340087,15.664589900219264,12.367262387067662,9,10,364,0,0,0,8
3,0,1,VBG,2.0,sniffing,0,0,8.804767545312643,16.935122047649692,28.960355921076705,8,10,365,0,0,0,9
0,0,0,CC,1.0,or,0,0,1.6796414500568062,18.052589408876212,8.922107338283002,2,10,366,0,0,0,10
0,0,0,VBG,1.0,touching,2,2,12.529638265958056,12.17457681846677,17.402286952749595,8,10,367,0,0,0,11
1,2,2,NNS,1.0,"objects,",1,1,8.163828041870147,20.76120563103457,19.54918418368471,8,10,368,1,0,0,12
1,1,1,VBG,1.0,"hopping,",0,0,12.36705465009436,20.75991115681182,23.834817655183908,8,10,369,1,0,0,13
1,1,1,VBG,1.0,"jumping,",0,0,6.724624432506971,20.75999052608343,22.74138607037421,8,10,370,1,0,0,14
1,1,1,VBG,1.0,"bending,",1,1,8.30130863841623,20.759990079778422,22.74570330038037,8,10,371,1,0,0,15
0,0,0,CC,1.0,or,0,0,2.3420339733129367,18.052589408876212,8.922107338283002,2,10,372,0,0,0,16
1,5,2,VBG,1.0,twisting.,13,12,5.637141880346462,20.842819960189743,23.72638538983168,9,10,373,1,0,1,17
2,0,1,JJ,0.0,Complex,0,0,4.686956863850355,11.835950549694006,17.890821391422794,7,10,374,0,1,0,0
0,0,0,JJ,0.0,vocal,0,1,5.250495474785566,12.354854654082814,17.142201013324133,5,10,375,0,0,0,1
0,1,1,NNS,2.0,tics,2,1,0.4570511616766453,16.348030250814986,25.465032320845573,4,10,376,0,0,0,2
1,0,1,VBP,1.0,include,0,1,3.6851240191608663,15.134678251583376,13.131763294663951,7,10,377,0,0,0,3
1,0,1,NNS,1.0,words,0,0,10.313967688009145,14.884419023875871,13.49281104141427,5,10,378,0,0,0,4
0,0,0,CC,1.0,or,0,0,2.5881670386879705,18.052589408876212,8.922107338283002,2,10,379,0,0,0,5
0,3,0,NNS,1.0,phrases.,5,4,7.517138118913863,20.842872825965852,22.85701987060314,8,10,380,1,0,1,6
2,1,2,RB,0.0,Perhaps,0,0,10.454543323256075,13.014755894761452,16.19016476592059,7,10,381,0,1,0,0
1,0,1,DT,0.0,the,0,0,0.8019283847315819,20.651930178991396,5.17205129965733,3,10,382,0,0,0,1
1,0,1,RBS,0.0,most,0,1,0.1575493243799428,16.424816014558168,11.270487941956638,4,10,383,0,0,0,2
0,0,0,JJ,1.0,dramatic,1,1,9.389471333037363,12.688103654988629,16.66142433233611,8,10,384,0,0,0,3
0,0,0,CC,1.0,and,0,0,4.63452006271109,19.93279149564298,6.2095491118355035,3,10,385,0,0,0,4
0,1,0,JJ,1.0,disabling,2,2,7.844795019831508,10.9404194539302,19.182799662243095,9,10,386,0,0,0,5
0,1,0,NN,2.0,tics,2,2,6.252049840055406,16.348030250814986,25.465032320845573,4,10,387,0,0,0,6
1,0,1,VBP,2.0,include,0,1,4.364791739732027,15.134678251583376,13.131763294663951,7,10,388,0,0,0,7
4,0,1,JJ,0.0,motor,0,0,9.841033060103657,13.922081640590145,14.881170411942652,5,10,389,0,0,0,8
0,1,1,NNS,2.0,movements,1,1,5.915876276791096,13.04507404238566,16.1464249246942,9,10,390,0,0,0,9
2,1,2,WDT,0.0,that,0,1,1.2856781762093306,19.024464301341364,7.519988250559035,4,10,391,0,0,0,10
2,0,1,VBP,2.0,result,0,1,7.415093118324876,15.57353328952028,12.498629307763242,6,10,392,0,0,0,11
1,0,1,IN,0.0,in,0,1,0.3666967139579355,19.583721360186956,6.713150865180346,2,10,393,0,0,0,12
1,6,3,NN,2.0,self-harm,4,1,16.303972677793354,19.67397855510818,37.83748773835351,9,10,394,0,0,0,13
1,0,1,JJ,0.0,such,0,1,7.009701944509288,16.749195285324937,10.802507576654245,4,10,395,0,0,0,14
0,0,0,IN,1.0,as,0,1,0.0177160854509565,18.455643172698917,8.340623672004352,2,10,396,0,0,0,15
3,0,1,VBG,2.0,punching,0,0,9.972558487206696,16.940392664112878,27.79056322604333,8,10,397,0,0,0,16
1,1,1,PRP,1.0,oneself,1,2,9.261749744415283,11.31233809936938,18.64623447685385,7,10,398,0,0,0,17
1,0,1,IN,0.0,in,0,1,0.707905948656844,19.583721360186956,6.713150865180346,2,10,399,0,0,0,18
1,0,1,DT,0.0,the,0,1,0.0152471615001559,20.651930178991396,5.17205129965733,3,10,400,0,0,0,19
0,7,3,NN,3.0,"face,",7,2,2.440988357906462,20.763477622286903,18.13335782647024,5,10,401,1,0,0,20
0,0,0,CC,1.0,or,0,0,3.875179945200216,18.052589408876212,8.922107338283002,2,10,402,0,0,0,21
2,0,1,JJ,0.0,vocal,0,0,8.642494844272733,12.354854654082814,17.142201013324133,5,10,403,0,0,0,22
0,1,1,NN,2.0,tics,1,2,2.136684099212289,16.348030250814986,25.465032320845573,4,10,404,0,0,0,23
1,0,1,VBG,0.0,including,0,1,8.918289334513247,15.664589900219264,12.367262387067662,9,10,405,0,0,0,24
2,1,2,NN,2.0,"coprolalia,",1,1,31.551893758936785,20.761009307590985,54.94858414491517,11,10,406,1,0,0,25
2,1,2,WDT,0.0,which,0,1,5.076878688880242,17.599930483545194,9.57515612507219,5,10,407,0,0,0,26
2,0,1,VBZ,2.0,involves,0,1,4.887392179807648,13.431208915497509,15.589350058141449,8,10,408,0,0,0,27
2,0,1,VBG,1.0,uttering,0,1,7.784749329322949,16.938883388440612,28.04102826104247,8,10,409,0,0,0,28
1,0,1,JJ,0.0,swear,0,0,12.062939137220384,11.898051802082865,17.801228222568398,5,10,410,0,0,0,29
0,7,2,NNS,2.0,"words,",6,3,2.8644604706205428,20.76264482411216,18.509179719345884,6,10,411,1,0,0,30
0,0,0,CC,1.0,or,0,0,3.5244870895985514,18.052589408876212,8.922107338283002,2,10,412,0,0,0,31
2,1,2,NN,1.0,"echolalia,",1,2,12.738805683708051,20.765390493993294,54.15875889669161,10,10,413,1,0,0,32
2,1,2,WDT,0.0,which,0,1,0.1589223592018243,17.599930483545194,9.57515612507219,5,10,414,0,0,0,33
2,0,1,VBZ,2.0,involves,0,1,0.743370103999041,13.431208915497509,15.589350058141449,8,10,415,0,0,0,34
2,0,1,VBG,1.0,repeating,0,1,7.109010170795955,11.85973692428455,17.85650490676029,9,10,416,0,0,0,35
2,0,1,DT,0.0,the,0,0,3.073454084835248,20.651930178991396,5.17205129965733,3,10,417,0,0,0,36
0,0,0,NNS,2.0,words,1,1,3.2973237903497647,14.884419023875871,13.49281104141427,5,10,418,0,0,0,37
0,0,0,CC,1.0,or,0,0,4.547127237659879,18.052589408876212,8.922107338283002,2,10,419,0,0,0,38
0,1,1,NNS,1.0,phrases,2,3,0.5038153472123668,11.78781100999139,17.960272066622434,7,10,420,0,0,0,39
1,0,1,IN,0.0,of,0,1,4.551301311410498,20.087642241543257,5.986146708647226,2,10,421,0,0,0,40
1,14,3,NNS,2.0,others.,16,6,4.632637728296686,20.845942518274025,18.08500920123242,7,10,422,1,0,1,41
2,1,2,NNS,0.0,Tics,0,0,7.666622465476394,16.793182216038065,24.706405355005593,4,10,423,0,1,0,0
1,0,1,VBP,0.0,are,0,0,2.852554533397779,18.2277629932606,8.669385276796898,3,10,424,0,0,0,1
1,1,1,RB,0.0,often,1,1,3.187115085311234,15.298674564108453,12.895166627859949,5,10,425,0,0,0,2
2,0,1,JJR,3.0,worse,0,0,11.670727116288615,13.692786837199073,15.21197288769656,5,10,426,0,0,0,3
1,0,1,IN,0.0,with,0,1,4.835378542426042,18.681580760008114,8.014664635242958,4,10,427,0,0,0,4
1,0,1,NN,2.0,excitement,0,0,17.004414629307576,12.292323733573395,17.232414062245294,10,10,428,0,0,0,5
0,0,0,CC,1.0,or,0,0,1.8326360650826248,18.052589408876212,8.922107338283002,2,10,429,0,0,0,6
0,3,1,NN,1.0,anxiety,4,3,6.251623802585527,13.151081049295874,15.993489141525355,7,10,430,0,0,0,7
0,0,0,CC,1.0,and,0,0,4.451431017369032,19.93279149564298,6.2095491118355035,3,10,431,0,0,0,8
1,0,1,JJR,1.0,better,0,1,10.53674673754722,15.577752300773827,12.492542561150294,6,10,432,0,0,0,9
1,0,1,IN,0.0,during,0,1,7.083946100901812,16.031672464587032,11.83767419185748,6,10,433,0,0,0,10
2,0,1,JJ,0.0,"calm,",1,1,13.207259846734814,20.76018069654618,21.55659247690285,5,10,434,1,0,0,11
0,1,1,VBN,1.0,focused,0,1,8.629513399326243,13.694317590091645,15.20976447808962,7,10,435,0,0,0,12
0,6,0,NNS,3.0,activities.,9,6,8.883289154618979,20.844157066492965,19.27176514444898,11,10,436,1,0,1,13
2,0,1,JJ,0.0,Certain,0,0,9.91982158832252,11.277772589530288,18.696101966484505,7,10,437,0,1,0,0
0,0,0,JJ,0.0,physical,0,1,6.9857662338763475,14.66193189145685,13.8137921240168,8,10,438,0,0,0,1
0,1,1,NNS,2.0,experiences,2,1,12.134217832237482,13.460809379154682,15.54664561601523,11,10,439,0,0,0,2
1,0,1,MD,0.0,can,0,1,3.444603268057108,17.65084217709616,9.501706077262956,3,10,440,0,0,0,3
1,0,1,VB,2.0,trigger,0,0,5.085312180686742,13.075326275722531,16.10278017768328,7,10,441,0,0,0,4
0,0,0,CC,1.0,or,0,0,6.503142835805193,18.052589408876212,8.922107338283002,2,10,442,0,0,0,5
0,0,0,VB,1.0,worsen,2,3,3.5416277600452304,13.038503393192505,35.0284784963646,6,10,443,0,0,0,6
1,4,1,NN,1.0,tics.,4,2,3.5052353406790644,20.853861864724816,30.36178012482628,5,10,444,1,0,1,7
2,0,1,IN,0.0,For,0,0,2.9789548283879412,16.00406857783531,11.877498182383452,3,10,445,0,1,0,0
1,2,2,NN,1.0,"example,",2,2,0.2219922904187115,20.76620861174156,17.323207505884778,8,10,446,1,0,0,1
2,0,1,JJ,0.0,tight,0,0,12.746609418769369,13.328381929374862,15.737698041090148,5,10,447,0,0,0,2
0,1,1,NNS,1.0,collars,1,1,12.341641526669264,14.738937367363208,29.987674865949792,7,10,448,0,0,0,3
1,0,1,MD,0.0,may,0,1,2.6096357153728604,16.758305291362376,10.78936461612156,3,10,449,0,0,0,4
1,0,1,VB,3.0,trigger,0,1,4.939548823982477,13.075326275722531,16.10278017768328,7,10,450,0,0,0,5
1,0,1,NN,0.0,neck,0,0,14.460082850418983,13.538825133471423,15.434092674151255,4,10,451,0,0,0,6
0,4,0,NN,2.0,"tics,",5,3,4.930913090764079,20.771901318676942,30.481400998777183,5,10,452,1,0,0,7
0,0,0,CC,1.0,or,0,0,3.570891482231673,18.052589408876212,8.922107338283002,2,10,453,0,0,0,8
3,0,1,VBG,0.0,hearing,0,0,11.097830468323082,14.23003583186933,14.436886427363198,7,10,454,0,0,0,9
2,0,1,DT,0.0,another,0,0,14.17573253531009,15.813822436865516,12.151965346508836,7,10,455,0,0,0,10
0,1,1,NN,1.0,person,1,1,0.5170065760612488,15.233131575226476,12.989725172885016,6,10,456,0,0,0,11
1,0,1,VB,2.0,sniff,0,1,10.69931310415268,11.469172094830254,18.419970849359647,5,10,457,0,0,0,12
0,0,0,CC,1.0,or,0,0,2.8647680645808578,18.052589408876212,8.922107338283002,2,10,458,0,0,0,13
0,4,2,VB,1.0,throat-clear,4,4,25.7061250442639,19.663582490024293,39.54863583767454,12,10,459,0,0,0,14
1,0,1,MD,0.0,may,0,1,5.064070268534124,16.758305291362376,10.78936461612156,3,10,460,0,0,0,15
1,0,1,VB,3.0,trigger,0,1,2.638315641321242,13.075326275722531,16.10278017768328,7,10,461,0,0,0,16
2,0,1,DT,0.0,the,0,0,5.217603832308669,20.651930178991396,5.17205129965733,3,10,462,0,0,0,17
0,1,1,NN,2.0,production,1,2,8.963534103473648,14.78782428155279,13.63216779713973,10,10,463,0,0,0,18
1,0,1,IN,0.0,of,0,1,0.0203900661435909,20.087642241543257,5.986146708647226,2,10,464,0,0,0,19
1,0,1,JJ,0.0,similar,0,0,10.879766767495312,15.278732163352888,12.92393743053342,7,10,465,0,0,0,20
0,7,0,NNS,3.0,sounds.,10,5,4.826390400528908,20.843464032865004,20.256923326189384,7,10,466,1,0,1,21
2,1,2,NNS,0.0,Tics,0,0,4.862815111875534,16.793182216038065,24.706405355005593,4,10,467,0,1,0,0
1,0,1,VBP,1.0,come,0,0,9.62341411272064,15.64928219317746,12.389346740104251,4,10,468,0,0,0,1
0,0,0,CC,1.0,and,0,0,3.5952286969677516,19.93279149564298,6.2095491118355035,3,10,469,0,0,0,2
0,0,0,VBP,1.0,go,2,2,0.7194638328819565,16.02670389409771,11.844842323862729,2,10,470,0,0,0,3
1,0,1,IN,0.0,over,0,1,3.38871367048705,16.743434436833045,10.810818724204807,4,10,471,0,0,0,4
1,2,1,NN,2.0,"time,",3,3,1.5997631668578831,20.784653466421982,15.347601765380444,5,10,472,1,0,0,5
2,0,1,VBG,1.0,varying,0,0,9.601458850956988,12.94984164508852,16.283816232006753,7,10,473,0,0,0,6
1,0,1,IN,0.0,in,0,1,1.5208893576491391,19.583721360186956,6.713150865180346,2,10,474,0,0,0,7
2,1,2,NN,2.0,"type,",0,0,11.746966233404237,20.766594724981704,17.23799568471923,5,10,475,1,0,0,8
1,1,1,NN,1.0,"frequency,",0,0,3.529124131775461,20.76160480763288,19.17867814534176,10,10,476,1,0,0,9
1,1,1,NN,1.0,"location,",1,1,8.802925623196643,20.761538655797494,19.23387988090993,9,10,477,1,0,0,10
0,0,0,CC,1.0,and,0,0,0.6339432681270409,19.93279149564298,6.2095491118355035,3,10,478,0,0,0,11
1,7,2,NN,1.0,severity.,11,9,3.93683951953426,20.843122017263703,21.209114330445164,9,10,479,1,0,1,12
3,0,1,DT,0.0,The,0,0,3.4597519622184336,18.12053694573349,8.824079763818386,3,10,480,0,1,0,0
0,0,0,JJ,0.0,first,0,1,6.707943065557629,16.77947782339326,10.758819109157542,5,10,481,0,0,0,1
0,1,1,NNS,2.0,symptoms,2,1,2.804793397895992,13.962811834090283,14.822409163765547,8,10,482,0,0,0,2
4,1,2,NN,1.0,Tourette's,1,1,20.72284501505783,18.11588316665491,47.28362904655289,10,10,483,0,0,0,3
0,1,1,NNS,1.0,patients,1,1,5.477030529640615,15.980029075635938,11.912179852991924,8,10,484,0,0,0,4
1,4,3,VB,2.0,experience,2,2,1.8434750456362965,14.991213508996948,13.338739167335806,10,10,485,0,0,0,5
1,1,1,RB,0.0,usually,0,1,7.674785453709774,14.566458612609049,13.951530949947934,7,10,486,0,0,0,6
1,0,1,VBP,2.0,occur,0,0,2.9802296556299552,13.96896185042005,14.813536565705212,5,10,487,0,0,0,7
1,0,1,IN,0.0,in,0,1,2.1585776177525986,19.583721360186956,6.713150865180346,2,10,488,0,0,0,8
1,0,1,DT,0.0,the,0,0,1.5719447303417835,20.651930178991396,5.17205129965733,3,10,489,0,0,0,9
0,0,0,NN,0.0,head,1,1,12.94177101481182,15.404039391209997,12.743157314316427,4,10,490,0,0,0,10
0,0,0,CC,1.0,and,0,0,1.8028649482876065,19.93279149564298,6.2095491118355035,3,10,491,0,0,0,11
0,0,0,NN,1.0,neck,0,0,2.912696024402976,13.538825133471423,15.434092674151255,4,10,492,0,0,0,12
0,2,0,NN,4.0,"area,",6,6,5.101088151772274,20.764166887541652,17.882453788249315,5,10,493,1,0,0,13
1,0,1,IN,0.0,though,0,1,7.238160019303905,15.33441482476998,12.843604331043483,6,10,494,0,0,0,14
2,1,2,PRP,0.0,they,0,1,2.958037321222946,17.366789695455783,9.911507183877728,4,10,495,0,0,0,15
1,0,1,MD,0.0,may,0,1,1.1240062629804015,16.758305291362376,10.78936461612156,3,10,496,0,0,0,16
1,0,1,VB,4.0,progress,0,1,8.434207192389295,13.808066922722867,15.045658879998124,8,10,497,0,0,0,17
2,0,1,TO,0.0,to,0,1,1.4046533451764844,19.88357245739644,6.280557174231113,2,10,498,0,0,0,18
1,0,1,VB,2.0,include,0,1,10.924003426509444,15.134678251583376,13.131763294663951,7,10,499,0,0,0,19
2,1,2,NNS,1.0,muscles,0,1,8.802041513845325,12.805905902439957,16.491471614132507,7,10,500,0,0,0,20
1,0,1,IN,0.0,of,0,1,6.158215380011825,20.087642241543257,5.986146708647226,2,10,501,0,0,0,21
2,0,1,DT,0.0,the,0,0,0.1917280147608835,20.651930178991396,5.17205129965733,3,10,502,0,0,0,22
0,1,1,NN,3.0,trunk,1,1,7.795414899475872,12.22826457303667,17.324831895475135,5,10,503,0,0,0,23
0,0,0,CC,1.0,and,0,0,0.4494667472317815,19.93279149564298,6.2095491118355035,3,10,504,0,0,0,24
1,13,2,NNS,1.0,extremities.,14,4,7.444742766208947,20.84279852240583,24.315588681655942,12,10,505,1,0,1,25
4,0,1,DT,0.0,The,0,0,2.938779827672988,18.12053694573349,8.824079763818386,3,10,506,0,1,0,0
0,1,1,NNS,1.0,symptoms,1,1,3.697850942146033,13.962811834090283,14.822409163765547,8,10,507,0,0,0,1
1,0,1,IN,0.0,of,0,1,1.4979478372260928,20.087642241543257,5.986146708647226,2,10,508,0,0,0,2
1,3,2,NNP,3.0,Tourette's,3,2,1.7806762648397123,18.11588316665491,47.28362904655289,10,10,509,0,0,0,3
1,0,1,VBP,0.0,are,0,1,2.144660789053887,18.2277629932606,8.669385276796898,3,10,510,0,0,0,4
1,3,2,JJ,2.0,"involuntary,",3,2,12.933761196618434,20.759915891092977,23.74040879547051,12,10,511,1,0,0,5
0,0,0,CC,1.0,but,0,0,5.766053240804467,17.553098244319884,9.64272076435627,3,10,512,0,0,0,6
2,1,2,EX,0.0,there,0,1,4.7784450855106115,17.088435267092525,10.313087737286883,5,10,513,0,0,0,7
1,0,1,VBP,2.0,are,0,1,1.2030989141203463,18.2277629932606,8.669385276796898,3,10,514,0,0,0,8
2,0,1,DT,0.0,some,0,0,3.772212234791368,16.817709477619566,10.70366249120027,4,10,515,0,0,0,9
0,1,1,NNS,2.0,people,1,2,8.52388614974916,16.493453036195575,11.171465651218966,6,10,516,0,0,0,10
2,1,2,WP,0.0,who,0,1,0.5802464298903942,16.99990971408453,10.440803113603463,3,10,517,0,0,0,11
2,0,1,MD,0.0,can,0,0,4.7393389493227005,17.65084217709616,9.501706077262956,3,10,518,0,0,0,12
1,1,1,RB,0.0,sometimes,1,1,7.687363368459046,14.32216850903492,14.30396707091258,9,10,519,0,0,0,13
3,1,2,VB,4.0,"suppress,",0,0,18.08912256581243,20.760115979053577,21.86171329614092,9,10,520,1,0,0,14
1,1,1,VB,1.0,"camouflage,",3,3,17.060215820907615,20.763681897886777,54.04099025931251,11,10,521,1,0,0,15
0,0,0,CC,1.0,or,0,0,0.4271392212249338,18.052589408876212,8.922107338283002,2,10,522,0,0,0,16
1,1,1,RB,0.0,otherwise,0,0,5.801943239639513,14.19463853533638,14.48795393153216,9,10,523,0,0,0,17
1,2,2,VB,2.0,manage,0,1,7.062123158830218,13.35407967747769,15.700624027340185,6,10,524,0,0,0,18
1,0,1,PRP$,0.0,their,0,1,2.2196279715863056,17.287357438148756,10.026103707581193,5,10,525,0,0,0,19
0,1,0,NN,2.0,tics,3,1,3.720537788409274,16.348030250814986,25.465032320845573,4,10,526,0,0,0,20
1,0,1,IN,0.0,in,0,1,3.665371963055805,19.583721360186956,6.713150865180346,2,10,527,0,0,0,21
1,0,1,DT,0.0,an,0,1,3.8088910952064903,17.966326533280526,9.046558361117718,2,10,528,0,0,0,22
0,0,0,NN,3.0,effort,3,1,0.939159984656726,14.082152582831084,14.650236857381223,6,10,529,0,0,0,23
2,0,1,TO,0.0,to,0,0,0.0177069747587665,19.88357245739644,6.280557174231113,2,10,530,0,0,0,24
1,0,1,VB,2.0,minimize,0,1,5.589924023428466,12.572266639214934,16.828541820544196,8,10,531,0,0,0,25
1,0,1,PRP$,0.0,their,0,0,2.9125368232489564,17.287357438148756,10.026103707581193,5,10,532,0,0,0,26
0,1,0,NN,2.0,impact,1,2,4.513992254098412,14.490458125713513,14.06117647549727,6,10,533,0,0,0,27
1,0,1,IN,0.0,on,0,1,0.1656836674083024,18.53086189167023,8.232105999162414,2,10,534,0,0,0,28
2,16,4,VBG,2.0,functioning.,15,8,12.888355017406866,20.843010606699146,21.732871926101637,12,10,535,1,0,1,29
2,1,2,RB,0.0,"However,",1,1,6.161481789895333,20.765690481257153,17.446028317169958,8,10,536,1,1,0,0
2,1,2,NNS,0.0,people,0,0,6.872142491512932,16.493453036195575,11.171465651218966,6,10,537,0,0,0,1
1,0,1,VBN,1.0,affected,0,0,8.413381369318813,13.966620906378653,14.816913834064737,8,10,538,0,0,0,2
1,0,1,IN,0.0,by,0,1,0.5949061823193915,18.29067397824052,8.57862391074893,2,10,539,0,0,0,3
1,4,1,NNP,3.0,Tourette's,4,4,0.5042705744854175,18.11588316665491,47.28362904655289,10,10,540,0,0,0,4
1,1,1,RB,0.0,often,0,1,2.4976862219627947,15.298674564108453,12.895166627859949,5,10,541,0,0,0,5
1,0,1,VBP,3.0,report,0,0,5.726474170805886,14.94723036092158,13.40219343694682,6,10,542,0,0,0,6
2,0,1,DT,0.0,a,0,0,4.1893458309350535,19.69218547190043,6.556670229096891,1,10,543,0,0,0,7
0,0,0,JJ,0.0,substantial,0,1,10.362406843458302,13.7511181594836,15.127818578308176,11,10,544,0,0,0,8
0,1,1,NN,3.0,buildup,2,2,10.510317634791136,15.809280234199088,26.643896341069116,7,10,545,0,0,0,9
1,0,1,IN,0.0,in,0,1,3.350082704680972,19.583721360186956,6.713150865180346,2,10,546,0,0,0,10
1,2,1,NN,2.0,tension,3,2,8.291898051393218,12.895400039987251,16.362358865704387,7,10,547,0,0,0,11
2,1,2,WRB,0.0,when,0,1,5.754959183046594,17.09507037229838,10.303515303910618,4,10,548,0,0,0,12
2,0,1,VBG,2.0,suppressing,0,0,13.310203743865712,11.287153462302326,18.682568227857075,11,10,549,0,0,0,13
1,0,1,PRP$,0.0,their,0,1,1.735759655071888,17.287357438148756,10.026103707581193,5,10,550,0,0,0,14
0,4,1,NN,2.0,tics,2,2,3.093936121033039,16.348030250814986,25.465032320845573,4,10,551,0,0,0,15
1,0,1,TO,0.0,to,0,1,4.686195043148473,19.88357245739644,6.280557174231113,2,10,552,0,0,0,16
2,0,1,DT,0.0,the,0,0,3.150281440872277,20.651930178991396,5.17205129965733,3,10,553,0,0,0,17
0,1,1,NN,3.0,point,1,2,0.2869604038442048,15.742561120634802,12.254773694042107,5,10,554,0,0,0,18
2,1,2,WRB,0.0,where,0,1,2.026802398147993,16.599322624688853,11.018728120918755,5,10,555,0,0,0,19
2,1,2,PRP,0.0,they,0,1,0.7238787258975208,17.366789695455783,9.911507183877728,4,10,556,0,0,0,20
1,1,1,RB,0.0,often,0,1,7.923429745947942,15.298674564108453,12.895166627859949,5,10,557,0,0,0,21
1,0,1,VBP,4.0,feel,0,1,2.656879584537819,15.06601325969446,13.230825937944772,4,10,558,0,0,0,22
1,0,1,IN,0.0,that,0,1,6.204540102276951,19.024464301341364,7.519988250559035,4,10,559,0,0,0,23
2,0,1,DT,0.0,the,0,0,3.6685172960860655,20.651930178991396,5.17205129965733,3,10,560,0,0,0,24
0,1,1,NN,1.0,tic,1,2,4.240622059558518,16.7460205566744,23.625569723937453,3,10,561,0,0,0,25
1,0,1,MD,0.0,must,0,1,6.72751175519079,15.962264075884518,11.937809330034693,4,10,562,0,0,0,26
1,0,1,VB,0.0,be,0,1,0.5405682428972796,18.381669296901407,8.447345415772759,2,10,563,0,0,0,27
1,13,1,VBN,5.0,expressed.,17,2,14.18346705462318,20.844256001595618,19.173253737329443,10,10,564,1,0,1,28
3,1,2,NNS,0.0,Tics,0,0,6.914338460192084,16.793182216038065,24.706405355005593,4,10,565,0,1,0,0
1,0,1,IN,0.0,in,0,1,6.183407891541719,19.583721360186956,6.713150865180346,2,10,566,0,0,0,1
0,0,0,NN,0.0,response,0,1,6.159958926495165,15.192427336679286,13.048448975980213,8,10,567,0,0,0,2
0,0,0,TO,0.0,to,0,1,0.0587860804516822,19.88357245739644,6.280557174231113,2,10,568,0,0,0,3
1,0,1,DT,0.0,an,0,1,5.91111479816027,17.966326533280526,9.046558361117718,2,10,569,0,0,0,4
0,0,0,JJ,0.0,environmental,0,1,10.90358460554853,13.746427325252013,15.13458602159172,13,10,570,0,0,0,5
0,3,1,NN,6.0,trigger,6,1,4.883358533959836,13.075326275722531,16.10278017768328,7,10,571,0,0,0,6
2,0,1,MD,0.0,can,0,0,3.237667726352811,17.65084217709616,9.501706077262956,3,10,572,0,0,0,7
1,0,1,VB,2.0,appear,0,1,9.023563441820444,14.322605230379011,14.303337015195208,6,10,573,0,0,0,8
2,0,1,TO,0.0,to,0,1,2.3036804483272135,19.88357245739644,6.280557174231113,2,10,574,0,0,0,9
1,0,1,VB,0.0,be,0,1,0.8543760213069618,18.381669296901407,8.447345415772759,2,10,575,0,0,0,10
1,0,1,JJ,3.0,voluntary,0,0,8.980858250521123,12.33244094434498,17.17453716121083,9,10,576,0,0,0,11
0,0,0,CC,1.0,or,0,0,0.8809650521725416,18.052589408876212,8.922107338283002,2,10,577,0,0,0,12
0,6,2,JJ,1.0,"purposeful,",7,4,14.854560423409566,20.763640152713485,33.12582308469548,11,10,578,1,0,0,13
0,0,0,CC,1.0,but,0,0,2.297708246158436,17.553098244319884,9.64272076435627,3,10,579,0,0,0,14
1,0,1,VBP,1.0,are,0,1,5.018559325952083,18.2277629932606,8.669385276796898,3,10,580,0,0,0,15
0,3,0,RB,1.0,not.,5,4,4.209683686960489,20.902546117912447,13.814100919350562,4,10,581,1,0,1,16
3,0,1,JJ,0.0,Many,0,0,5.991851896047592,13.75257927785592,15.12571063007828,4,10,582,0,1,0,0
0,1,1,NNS,1.0,people,1,1,1.7596629280596972,16.493453036195575,11.171465651218966,6,10,583,0,0,0,1
1,0,1,IN,0.0,with,0,1,1.5713565001788083,18.681580760008114,8.014664635242958,4,10,584,0,0,0,2
1,3,2,NNP,3.0,Tourette's,3,2,0.2936779566516634,18.11588316665491,47.28362904655289,10,10,585,0,0,0,3
1,0,1,VBP,1.0,experience,0,1,3.551050099544227,14.991213508996948,13.338739167335806,10,10,586,0,0,0,4
2,0,1,JJ,0.0,additional,0,0,10.874744704924524,14.854841239234885,13.535482764636305,10,10,587,0,0,0,5
0,0,0,JJ,0.0,neurobehavioral,0,1,15.095374892000107,16.331890599944433,45.61006127543401,15,10,588,0,0,0,6
0,1,1,NNS,3.0,problems,2,2,5.009918872267008,14.801372500721572,13.612621848532047,8,10,589,0,0,0,7
2,1,2,WDT,0.0,that,0,1,2.227119455114007,19.024464301341364,7.519988250559035,4,10,590,0,0,0,8
2,0,1,VBP,2.0,include,0,1,5.136117471382022,15.134678251583376,13.131763294663951,7,10,591,0,0,0,9
1,0,1,NN,1.0,"inattention,",0,0,12.438267378485762,21.028748007971455,30.773075326397738,12,10,592,1,0,0,10
0,0,0,NN,1.0,hyperactivity,0,0,8.319798120879568,14.113093455093315,31.53849757352024,13,10,593,0,0,0,11
0,0,0,CC,1.0,and,0,0,1.9534173496067524,19.93279149564298,6.2095491118355035,3,10,594,0,0,0,12
0,7,1,NN,1.0,impulsivity.,10,6,4.017362851649523,20.844446975173653,52.4232913299533,12,10,595,1,0,1,13
3,1,2,NNS,0.0,People,0,0,5.6522639418253675,13.814036472033258,15.03704664081168,6,10,596,0,1,0,0
1,0,1,IN,0.0,with,0,1,0.474843468517065,18.681580760008114,8.014664635242958,4,10,597,0,0,0,1
1,3,2,NNP,3.0,Tourette's,3,2,0.3284713766188361,18.11588316665491,47.28362904655289,10,10,598,0,0,0,2
1,0,1,VBP,0.0,have,0,0,3.555902157910168,17.990997945585363,9.010965036933804,4,10,599,0,0,0,3
1,1,1,RB,0.0,also,1,1,5.890562492306344,17.098693889788326,10.2982876731973,4,10,600,0,0,0,4
1,0,1,VBN,3.0,reported,0,0,2.126512952730991,15.156772510698444,13.099888016606528,8,10,601,0,0,0,5
2,1,2,NNS,1.0,problems,0,0,5.658088397234678,14.801372500721572,13.612621848532047,8,10,602,0,0,0,6
1,0,1,IN,0.0,with,0,1,0.6650493437191471,18.681580760008114,8.014664635242958,4,10,603,0,0,0,7
2,1,2,NN,2.0,depression,0,0,9.002428962034173,13.327109937053551,15.73953313810415,10,10,604,0,0,0,8
0,0,0,CC,1.0,or,0,0,3.2984291799366474,18.052589408876212,8.922107338283002,2,10,605,0,0,0,9
1,0,1,NN,0.0,anxiety,0,0,3.5584232322871685,13.151081049295874,15.993489141525355,7,10,606,0,0,0,10
0,4,0,NNS,2.0,"disorders,",6,5,6.132056389760692,20.760446248946295,20.722840491481453,10,10,607,1,0,0,11
1,0,1,RB,1.0,as,0,0,4.376904464035761,18.455643172698917,8.340623672004352,2,10,608,0,0,0,12
0,0,0,RB,1.0,well,0,1,0.3188018840737641,16.444621586718245,11.24191454121933,4,10,609,0,0,0,13
0,1,0,IN,1.0,as,2,1,0.0077503551729023,18.455643172698917,8.340623672004352,2,10,610,0,0,0,14
2,0,1,JJ,0.0,other,0,0,4.17688094265759,17.02036838824095,10.41128748585484,5,10,611,0,0,0,15
0,1,1,NNS,2.0,difficulties,1,2,9.028466766234487,12.851559398527904,16.42560754172718,12,10,612,0,0,0,16
4,1,2,NNP,1.0,Tourette's,1,1,19.198618728434667,18.11588316665491,47.28362904655289,10,10,613,0,0,0,17
0,1,1,NN,1.0,syndrome,1,1,7.446785592474043,13.333555797598784,15.730233727061282,8,10,614,0,0,0,18
1,0,1,MD,0.0,may,0,0,3.242629502550699,16.758305291362376,10.78936461612156,3,10,615,0,0,0,19
0,0,0,CC,0.0,or,0,0,10.487807562531088,18.052589408876212,8.922107338283002,2,10,616,0,0,0,20
0,0,0,MD,0.0,may,0,1,0.029869736652472,16.758305291362376,10.78936461612156,3,10,617,0,0,0,21
0,0,0,RB,0.0,not,3,2,0.0095348543545696,18.05588478508421,8.917353115369856,3,10,618,0,0,0,22
2,1,2,RB,0.0,directly,0,0,10.685911938548088,14.64815094914206,13.833673821153123,8,10,619,0,0,0,23
0,8,1,VB,7.0,cause.,10,9,3.324623509310186,20.845535063914877,18.282686564740175,6,10,620,1,0,1,24
2,1,2,NNP,1.0,Tourette's,1,1,5.2195775304571725,18.11588316665491,47.28362904655289,10,10,621,0,1,0,0
1,0,1,VBZ,0.0,is,0,1,2.4117444488219917,19.144004138058012,7.347528720939248,2,10,622,0,0,0,1
2,0,1,DT,0.0,a,0,1,2.2793278760509565,19.69218547190043,6.556670229096891,1,10,623,0,0,0,2
0,1,1,NN,3.0,diagnosis,3,1,6.816360154538415,13.909433412241048,14.899417948257929,9,10,624,0,0,0,3
3,1,2,NNS,0.0,doctors,0,0,17.808439252898097,12.980228221183584,16.23997766936481,7,10,625,0,0,0,4
1,0,1,VBP,2.0,make,0,0,4.558445895090699,16.32052950931665,11.420941565900218,4,10,626,0,0,0,5
1,0,1,IN,0.0,after,1,2,7.138061224715784,16.646807242872875,10.950222297746166,5,10,627,0,0,0,6
2,0,1,VBG,2.0,verifying,0,0,11.862985633080823,10.77720475685122,19.41826869631913,9,10,628,0,0,0,7
1,0,1,IN,0.0,that,0,1,1.3534649312496183,19.024464301341364,7.519988250559035,4,10,629,0,0,0,8
2,0,1,DT,0.0,the,0,0,1.9462637136457488,20.651930178991396,5.17205129965733,3,10,630,0,0,0,9
0,1,1,NN,1.0,patient,1,2,2.780803012778051,14.831290362259155,13.569459498057777,7,10,631,0,0,0,10
1,0,1,VBZ,0.0,has,0,1,1.2765244618058205,17.47535718373814,9.754877406931,3,10,632,0,0,0,11
1,0,1,VBN,4.0,had,0,0,4.284601920284331,17.432489551576744,9.816722327264898,3,10,633,0,0,0,12
1,0,1,DT,0.0,both,0,1,8.203330461867154,16.265379148427403,11.500506718058377,4,10,634,0,0,0,13
0,0,0,JJ,0.0,motor,0,1,10.338301992043853,13.922081640590145,14.881170411942652,5,10,635,0,0,0,14
0,0,0,CC,1.0,and,0,0,0.4403935950249433,19.93279149564298,6.2095491118355035,3,10,636,0,0,0,15
0,0,0,JJ,1.0,vocal,2,2,0.9890561674255878,12.354854654082814,17.142201013324133,5,10,637,0,0,0,16
0,1,0,NN,3.0,tics,3,2,0.8047095171641558,16.348030250814986,25.465032320845573,4,10,638,0,0,0,17
1,0,1,IN,0.0,for,0,1,1.6420956995571032,18.90419907432743,7.693494297163422,3,10,639,0,0,0,18
2,0,1,IN,0.0,at,0,0,1.2582721309554472,18.150223836201175,8.781250634161243,2,10,640,0,0,0,19
0,0,0,JJS,1.0,least,1,1,0.0011047285115637,15.523867403539716,12.57028203516876,5,10,641,0,0,0,20
0,1,1,CD,1.0,one,1,1,3.449901779240463,17.417661831348372,9.838114205706065,3,10,642,0,0,0,21
0,15,2,NN,3.0,year.,11,5,1.207335002720356,20.849760639612622,16.945917640382994,5,10,643,1,0,1,22
3,0,1,DT,0.0,The,0,0,2.890076710144058,18.12053694573349,8.824079763818386,3,10,644,0,1,0,0
0,1,1,NN,1.0,existence,1,1,11.553148297360169,13.874266140096072,14.950153597383077,9,10,645,0,0,0,1
1,0,1,IN,0.0,of,0,1,0.1050003283307887,20.087642241543257,5.986146708647226,2,10,646,0,0,0,2
1,0,1,JJ,0.0,other,0,0,6.509822509193327,17.02036838824095,10.41128748585484,5,10,647,0,0,0,3
0,0,0,JJ,3.0,neurological,0,1,2.3115727016702294,12.107671192660815,17.498811367307415,12,10,648,0,0,0,4
0,0,0,CC,1.0,or,0,0,3.842855991097167,18.052589408876212,8.922107338283002,2,10,649,0,0,0,5
0,0,0,JJ,0.0,psychiatric,2,2,1.6705122685525566,12.225512461920395,17.32880235253456,11,10,650,0,0,0,6
0,3,1,NNS,2.0,conditions,4,2,1.518767595756799,15.135809604004058,13.130131098137138,10,10,651,0,0,0,7
1,0,1,MD,0.0,can,0,0,5.303906936198473,17.65084217709616,9.501706077262956,3,10,652,0,0,0,8
1,1,1,RB,0.0,also,1,1,2.736268301261589,17.098693889788326,10.2982876731973,4,10,653,0,0,0,9
1,0,1,VB,3.0,help,0,0,5.00565494899638,15.690273578009746,12.330208672487544,4,10,654,0,0,0,10
2,1,2,NNS,0.0,doctors,1,1,4.500966266728938,12.980228221183584,16.23997766936481,7,10,655,0,0,0,11
1,0,1,VB,2.0,establish,0,1,6.979405985912308,13.730588632912427,15.157436424484208,9,10,656,0,0,0,12
4,0,1,DT,0.0,the,0,0,2.9989485019468702,20.651930178991396,5.17205129965733,3,10,657,0,0,0,13
0,1,1,NN,1.0,diagnosis,1,1,2.753165512054693,13.909433412241048,14.899417948257929,9,10,658,0,0,0,14
1,0,1,IN,0.0,of,0,1,0.7281678894651122,20.087642241543257,5.986146708647226,2,10,659,0,0,0,15
1,3,2,NNP,3.0,Tourette's,3,3,2.078401646984275,18.11588316665491,47.28362904655289,10,10,660,0,0,0,16
1,0,1,VBZ,0.0,is,0,1,12.477867402136326,19.144004138058012,7.347528720939248,2,10,661,0,0,0,17
1,0,1,DT,0.0,the,0,1,6.19963372888742,20.651930178991396,5.17205129965733,3,10,662,0,0,0,18
0,0,0,JJ,0.0,correct,0,1,7.513129133556504,14.310386661673045,14.320964683674068,7,10,663,0,0,0,19
0,9,1,NN,5.0,one.,9,4,2.349973849952221,20.87478382628328,14.734862009686768,4,10,664,1,0,1,20
3,0,1,JJ,0.0,Knowledgeable,0,0,21.04456482827663,15.866044651475436,30.27859415236713,13,10,665,0,1,0,0
0,1,1,NNS,1.0,clinicians,1,1,4.885506294667721,11.75944173380618,18.001200280688447,10,10,666,0,0,0,1
1,0,1,VBN,1.0,consulted,0,0,16.946963503025472,11.365260374831925,18.56988377249148,9,10,667,0,0,0,2
1,0,1,IN,0.0,by,0,1,0.9251093696802856,18.29067397824052,8.57862391074893,2,10,668,0,0,0,3
1,4,2,NNS,2.0,patients,3,2,6.866736053489149,15.980029075635938,11.912179852991924,8,10,669,0,0,0,4
1,0,1,VBP,0.0,do,0,0,9.487021651584657,17.017821743590243,10.414961517463322,2,10,670,0,0,0,5
0,0,0,RB,0.0,not,1,1,0.2022818718105554,18.05588478508421,8.917353115369856,3,10,671,0,0,0,6
1,1,1,RB,0.0,often,1,1,4.621205824892968,15.298674564108453,12.895166627859949,5,10,672,0,0,0,7
1,0,1,VB,4.0,misdiagnose,0,0,13.486740595661104,14.785131608083404,47.4831197541555,11,10,673,0,0,0,8
1,0,1,JJ,0.0,common,0,0,11.835291079245508,15.390810545961267,12.76224250375346,6,10,674,0,0,0,9
0,4,0,NN,2.0,tics.,5,5,4.989507818594575,20.853861864724816,30.36178012482628,5,10,675,1,0,1,10
2,1,2,RB,0.0,"However,",1,1,3.942913801292889,20.765690481257153,17.446028317169958,8,10,676,1,1,0,0
2,0,1,JJ,0.0,atypical,0,0,17.99334574083332,11.335818289628827,18.612359722807412,8,10,677,0,0,0,1
0,1,1,NNS,1.0,symptoms,1,1,3.971987508237362,13.962811834090283,14.822409163765547,8,10,678,0,0,0,2
0,0,0,CC,1.0,or,0,0,5.823192278388888,18.052589408876212,8.922107338283002,2,10,679,0,0,0,3
2,0,1,JJ,0.0,atypical,0,0,9.57406632648781,11.335818289628827,18.612359722807412,8,10,680,0,0,0,4
0,1,1,NN,2.0,presentation,3,3,7.399102807044983,13.254997367483613,15.843569584608469,12,10,681,0,0,0,5
1,0,1,JJ,0.0,such,0,1,8.656649412565457,16.749195285324937,10.802507576654245,4,10,682,0,0,0,6
0,0,0,IN,1.0,as,0,1,0.010744397783128,18.455643172698917,8.340623672004352,2,10,683,0,0,0,7
2,1,2,NN,2.0,onset,0,0,12.507329957559705,13.012468151025455,16.193465282463332,5,10,684,0,0,0,8
1,0,1,IN,0.0,of,0,1,0.3800495744217187,20.087642241543257,5.986146708647226,2,10,685,0,0,0,9
1,2,1,NNS,2.0,symptoms,2,2,4.459653355879709,13.962811834090283,14.822409163765547,8,10,686,0,0,0,10
1,0,1,IN,0.0,in,0,1,4.083311393973418,19.583721360186956,6.713150865180346,2,10,687,0,0,0,11
1,6,1,NN,2.0,adulthood,5,2,6.294611051562242,11.42242072054439,18.48741882519661,9,10,688,0,0,0,12
1,0,1,MD,0.0,may,0,1,2.1641469108872116,16.758305291362376,10.78936461612156,3,10,689,0,0,0,13
1,0,1,VB,3.0,require,0,0,7.327201579348184,14.519839489086644,14.018788128264294,7,10,690,0,0,0,14
1,0,1,NN,0.0,specialty,0,0,12.578866280498914,11.627512287062553,18.191534239252704,9,10,691,0,0,0,15
0,1,0,NN,2.0,expertise,2,3,6.492539383471012,12.615260814438464,16.7665143371621,9,10,692,0,0,0,16
1,0,1,IN,0.0,for,0,1,4.460689733969048,18.90419907432743,7.693494297163422,3,10,693,0,0,0,17
1,5,1,NN,2.0,diagnosis.,6,2,3.3624750718008727,20.843730302797866,19.796165752238633,10,10,694,1,0,1,18
2,1,2,EX,0.0,There,0,0,6.323157675098628,15.59947186709071,12.46120785053467,5,10,695,0,1,0,0
1,0,1,VBP,1.0,are,0,1,0.8427402791567147,18.2277629932606,8.669385276796898,3,10,696,0,0,0,1
2,0,1,DT,0.0,no,0,0,4.606078125478234,17.036769620663787,10.387625509173944,2,10,697,0,0,0,2
0,0,0,NN,0.0,blood,0,1,13.319984361587558,15.01581955875134,13.303240141379275,5,10,698,0,0,0,3
0,0,0,CC,1.0,or,0,0,4.174887258152012,18.052589408876212,8.922107338283002,2,10,699,0,0,0,4
0,0,0,NN,1.0,laboratory,2,2,5.1445327761466615,13.238092750182371,15.867957792157087,10,10,700,0,0,0,5
0,1,1,NNS,3.0,tests,2,2,0.1535422259476035,14.146420209196975,14.557518271533446,5,10,701,0,0,0,6
1,0,1,VBN,1.0,needed,0,0,7.627985488623381,14.864768373270463,13.521160937592931,6,10,702,0,0,0,7
1,0,1,IN,0.0,for,0,1,1.803431669541169,18.90419907432743,7.693494297163422,3,10,703,0,0,0,8
1,6,1,NN,2.0,diagnosis.,6,3,2.366558855108451,20.843730302797866,19.796165752238633,10,10,704,1,0,1,9
2,1,2,RB,0.0,"However,",1,1,4.865815333207138,20.765690481257153,17.446028317169958,8,10,705,1,1,0,0
3,0,1,JJ,0.0,neuroimaging,0,0,12.298758434946649,13.661552526245844,34.29120852434701,12,10,706,0,0,0,1
0,1,1,NNS,1.0,"studies,",2,2,6.254841468529776,20.76416600633093,17.88274835057678,8,10,707,1,0,0,2
2,1,2,WDT,0.0,which,0,1,2.867055634735152,17.599930483545194,9.57515612507219,5,10,708,0,0,0,3
2,0,1,VBP,2.0,include,0,1,5.514833488501608,15.134678251583376,13.131763294663951,7,10,709,0,0,0,4
2,0,1,JJ,0.0,magnetic,0,0,5.959278566559078,14.123094517491705,14.591170131281949,8,10,710,0,0,0,5
0,0,0,NN,0.0,resonance,0,1,0.006834019877715,12.905852779337655,16.347278750479855,9,10,711,0,0,0,6
0,1,1,NN,3.0,"imaging,",2,1,1.9393487484194336,20.76073547651868,20.15900178619288,8,10,712,1,0,0,7
1,0,1,JJ,0.0,computerized,0,0,11.567944633075967,10.788184412819104,19.4024284011036,12,10,713,0,0,0,8
0,1,0,NN,2.0,"tomography,",2,2,2.3058339879498817,20.76002545100134,22.438247420431715,11,10,714,1,0,0,9
0,0,0,CC,1.0,and,0,0,0.8086249138577841,19.93279149564298,6.2095491118355035,3,10,715,0,0,0,10
1,6,3,NNS,1.0,"electroencephalograms,",8,6,13.01881348673487,20.760400457451443,58.46472494626147,22,10,716,1,0,0,11
1,0,1,RB,1.0,as,0,0,9.206023605489465,18.455643172698917,8.340623672004352,2,10,717,0,0,0,12
0,0,0,RB,1.0,well,0,1,0.0170096033471054,16.444621586718245,11.24191454121933,4,10,718,0,0,0,13
0,1,0,IN,1.0,as,2,1,0.0031646988063585,18.455643172698917,8.340623672004352,2,10,719,0,0,0,14
1,0,1,JJ,0.0,certain,0,0,9.949475496308878,14.950213666776737,13.397889436384132,7,10,720,0,0,0,15
0,0,0,NN,0.0,lab,0,1,9.085219670669176,13.268022678732528,15.82477803266362,3,10,721,0,0,0,16
0,2,0,NNS,3.0,tests,4,4,1.3292741253972054,14.146420209196975,14.557518271533446,5,10,722,0,0,0,17
1,0,1,MD,0.0,may,0,1,6.876356820575893,16.758305291362376,10.78936461612156,3,10,723,0,0,0,18
1,0,1,VB,0.0,be,0,1,1.9467822641454404,18.381669296901407,8.447345415772759,2,10,724,0,0,0,19
1,0,1,VBN,4.0,used,0,1,2.789724083399051,16.57386279565365,11.055458890009728,4,10,725,0,0,0,20
2,0,1,TO,0.0,to,0,1,0.3434460542630404,19.88357245739644,6.280557174231113,2,10,726,0,0,0,21
1,0,1,VB,2.0,rule,0,0,5.7142079814802855,14.44186387601521,14.13128315855273,4,10,727,0,0,0,22
1,1,1,RP,1.0,out,1,2,0.0251553589478135,17.1329401691801,10.24888073574989,3,10,728,0,0,0,23
1,0,1,JJ,0.0,other,0,0,3.0437368261627853,17.02036838824095,10.41128748585484,5,10,729,0,0,0,24
0,1,0,NNS,2.0,conditions,1,2,4.5474873669445515,15.135809604004058,13.130131098137138,10,10,730,0,0,0,25
2,1,2,WDT,0.0,that,0,1,1.894922801759094,19.024464301341364,7.519988250559035,4,10,731,0,0,0,26
2,1,2,NNP,1.0,Tourette's,1,2,15.536037859274074,18.11588316665491,47.28362904655289,10,10,732,0,0,0,27
1,0,1,MD,0.0,might,0,1,4.631975934840739,15.797195241662305,12.1759533185724,5,10,733,0,0,0,28
1,0,1,VB,0.0,be,0,1,2.130181112792343,18.381669296901407,8.447345415772759,2,10,734,0,0,0,29
1,0,1,VBN,5.0,confused,0,1,9.191075294744223,12.77851157867053,16.530993269183163,8,10,735,0,0,0,30
1,13,2,IN,1.0,with.,14,2,0.7948406343348324,20.951780513109583,12.911412439223664,5,10,736,1,0,1,31
2,0,1,IN,0.0,In,0,0,4.618513319641352,17.05486160741379,10.361524289609886,2,10,737,0,1,0,0
2,1,2,NNS,1.0,terms,0,1,9.27138749785081,15.176519161868296,13.071399620889622,5,10,738,0,0,0,1
1,0,1,IN,0.0,of,0,1,0.0009623661608202,20.087642241543257,5.986146708647226,2,10,739,0,0,0,2
2,0,1,DT,0.0,the,0,0,3.28793497470906,20.651930178991396,5.17205129965733,3,10,740,0,0,0,3
0,1,1,NN,3.0,role,1,1,7.218068096321076,15.10714994958268,13.171478239444449,4,10,741,0,0,0,4
1,0,1,IN,0.0,of,0,1,0.9323734192294068,20.087642241543257,5.986146708647226,2,10,742,0,0,0,5
1,2,1,NNS,2.0,genes,2,2,9.430314715194982,14.65002100678809,13.83097589826102,5,10,743,0,0,0,6
1,0,1,IN,0.0,in,0,1,0.7306973424856551,19.583721360186956,6.713150865180346,2,10,744,0,0,0,7
1,0,1,DT,0.0,the,0,1,1.8157655189570503,20.651930178991396,5.17205129965733,3,10,745,0,0,0,8
0,6,1,NN,3.0,"disorder,",7,2,6.835436753433896,20.760473320103777,20.659679295592714,9,10,746,1,0,0,9
2,1,2,NN,0.0,evidence,0,0,9.940184513048736,15.478413405067323,12.635858293353454,8,10,747,0,0,0,10
1,0,1,IN,0.0,from,0,1,3.151943421806209,18.126283629319108,8.815789051907856,4,10,748,0,0,0,11
1,0,1,NN,0.0,twin,0,0,8.873129103449173,12.19013633439182,17.379839316285892,4,10,749,0,0,0,12
0,0,0,CC,1.0,and,0,0,4.194426147267222,19.93279149564298,6.2095491118355035,3,10,750,0,0,0,13
0,0,0,NN,1.0,family,2,2,4.903588955290616,15.422581872212715,12.716406168928025,6,10,751,0,0,0,14
0,3,0,NNS,3.0,studies,3,3,0.2942742286249995,15.318628160952482,12.866379672645166,7,10,752,0,0,0,15
1,0,1,VBZ,2.0,suggests,0,1,1.8920968719758091,13.95556463157799,14.832864666890355,8,10,753,0,0,0,16
1,0,1,IN,0.0,that,0,1,0.1340036704204976,19.024464301341364,7.519988250559035,4,10,754,0,0,0,17
2,1,2,NNP,1.0,Tourette's,1,2,4.869996280933265,18.11588316665491,47.28362904655289,10,10,755,0,0,0,18
1,0,1,VBZ,0.0,is,0,1,1.7058903076685965,19.144004138058012,7.347528720939248,2,10,756,0,0,0,19
1,0,1,DT,0.0,an,0,1,5.22824618848972,17.966326533280526,9.046558361117718,2,10,757,0,0,0,20
0,0,0,VBN,0.0,inherited,0,1,1.4848225254099816,12.12427673522799,17.474854633394482,9,10,758,0,0,0,21
0,6,0,NN,6.0,disorder.,9,2,2.8141877371817827,20.843337904103414,20.54005842164181,9,10,759,1,0,1,22
2,0,1,IN,0.0,Although,0,0,5.246866676956415,14.390358882355306,14.20558915748689,8,10,760,0,1,0,0
2,0,1,JJ,0.0,early,0,0,8.262092722579837,15.19156845479873,13.049688080609997,5,10,761,0,0,0,1
0,0,0,NN,0.0,family,0,1,8.69015303812921,15.422581872212715,12.716406168928025,6,10,762,0,0,0,2
0,1,1,NNS,2.0,studies,2,2,3.018976477906108,15.318628160952482,12.866379672645166,7,10,763,0,0,0,3
1,0,1,VBD,2.0,suggested,0,1,5.432812751154415,14.16965851175112,14.523992487679909,9,10,764,0,0,0,4
4,0,1,DT,0.0,an,0,0,5.9500908199406695,17.966326533280526,9.046558361117718,2,10,765,0,0,0,5
0,0,0,JJ,0.0,autosomal,0,1,4.678093761351192,10.723443579959769,19.495829679612783,9,10,766,0,0,0,6
0,0,0,JJ,0.0,dominant,0,1,0.6519360765814781,13.028626159845995,16.170154203267302,8,10,767,0,0,0,7
0,1,1,NN,3.0,mode,3,1,9.830286171287298,14.354511308687927,14.257306274244716,4,10,768,0,0,0,8
1,0,1,IN,0.0,of,0,1,0.338715767924441,20.087642241543257,5.986146708647226,2,10,769,0,0,0,9
1,3,2,NN,2.0,inheritance,2,2,1.9713610201433769,11.800837510976065,17.941478798251712,11,10,770,0,0,0,10
1,0,1,VBN,2.0,characterized,0,1,11.49218424409628,13.544448275172844,15.425980195504398,13,10,771,0,0,0,11
1,0,1,DT,0.0,the,0,1,7.566570659168065,20.651930178991396,5.17205129965733,3,10,772,0,0,0,12
0,7,2,NN,2.0,"condition,",7,2,6.578073521959595,20.76228321596717,18.708657119229823,10,10,773,1,0,0,13
1,0,1,RBR,0.0,more,0,0,6.4972398079698905,17.253429346216002,10.0750515975594,4,10,774,0,0,0,14
0,0,0,JJ,0.0,recent,1,1,0.3978727373760193,14.755788873466477,13.678385121518708,6,10,775,0,0,0,15
0,1,0,NNS,2.0,studies,1,2,0.8585067726671696,15.318628160952482,12.866379672645166,7,10,776,0,0,0,16
1,0,1,VBD,2.0,discovered,0,1,10.306383724557236,13.74380400777964,15.138370668699793,10,10,777,0,0,0,17
4,0,1,DT,0.0,the,0,0,5.687390232109465,20.651930178991396,5.17205129965733,3,10,778,0,0,0,18
0,1,1,NN,1.0,pattern,1,1,8.692156548728235,14.307241431829752,14.32550229117144,7,10,779,0,0,0,19
1,0,1,IN,0.0,of,0,1,1.2328313188627362,20.087642241543257,5.986146708647226,2,10,780,0,0,0,20
1,3,2,NN,2.0,inheritance,2,2,2.5235519586130977,11.800837510976065,17.941478798251712,11,10,781,0,0,0,21
1,0,1,VBD,0.0,was,0,1,4.313468056963757,18.521451560034553,8.24568223794633,3,10,782,0,0,0,22
1,0,1,RB,0.0,much,0,1,5.101059921784326,16.153554875498138,11.661835042064435,4,10,783,0,0,0,23
0,0,0,RBR,0.0,more,1,1,0.5688644228503108,17.253429346216002,10.0750515975594,4,10,784,0,0,0,24
0,6,1,JJ,5.0,complex.,7,2,3.125641548074782,20.845121387312595,18.51550957008036,8,10,785,1,0,1,25
2,0,1,IN,0.0,Although,0,0,5.638230703771114,14.390358882355306,14.20558915748689,8,10,786,0,1,0,0
2,1,2,EX,0.0,there,0,1,4.059091943316162,17.088435267092525,10.313087737286883,5,10,787,0,0,0,1
1,0,1,MD,0.0,may,0,1,4.302288388716988,16.758305291362376,10.78936461612156,3,10,788,0,0,0,2
1,0,1,VB,0.0,be,0,1,0.1828620369196869,18.381669296901407,8.447345415772759,2,10,789,0,0,0,3
2,0,1,DT,0.0,a,0,0,2.575836517731659,19.69218547190043,6.556670229096891,1,10,790,0,0,0,4
0,0,0,JJ,0.0,few,0,1,5.139934563252609,15.640373671735874,12.402199019809682,3,10,791,0,0,0,5
0,1,1,NNS,6.0,genes,2,2,2.970216408371926,14.65002100678809,13.83097589826102,5,10,792,0,0,0,6
2,1,2,WDT,0.0,that,0,1,2.0487679832149297,19.024464301341364,7.519988250559035,4,10,793,0,0,0,7
2,0,1,VBP,2.0,have,0,1,4.913641264196485,17.990997945585363,9.010965036933804,4,10,794,0,0,0,8
1,0,1,JJ,0.0,substantial,0,0,10.663775154622272,13.7511181594836,15.127818578308176,11,10,795,0,0,0,9
0,9,2,NNS,2.0,"effects,",9,3,7.690347883733921,20.7634100975369,18.160447446942047,8,10,796,1,0,0,10
2,1,2,PRP,2.0,it's,0,2,11.894858925428707,18.978516394096555,17.208633392209624,4,10,797,0,0,0,11
1,1,1,RB,1.0,also,0,1,6.181738187078736,17.098693889788326,10.2982876731973,4,10,798,0,0,0,12
1,1,1,JJ,1.0,possible,2,1,0.9978487634361954,15.509099894953335,12.591587046572617,8,10,799,0,0,0,13
1,0,1,IN,0.0,that,0,1,0.2323522414080798,19.024464301341364,7.519988250559035,4,10,800,0,0,0,14
4,0,1,JJ,0.0,many,0,0,4.472198077477515,16.22722338174218,11.555553853436455,4,10,801,0,0,0,15
0,1,1,NNS,1.0,genes,1,1,2.9930143347010016,14.65002100678809,13.83097589826102,5,10,802,0,0,0,16
1,0,1,IN,0.0,with,0,1,6.953650854411535,18.681580760008114,8.014664635242958,4,10,803,0,0,0,17
1,0,1,JJR,0.0,smaller,0,0,9.035599742201155,14.317253256571982,14.311058281265575,7,10,804,0,0,0,18
0,3,1,NNS,3.0,effects,1,1,1.1805707700550556,15.126141815262857,13.144078769010434,7,10,805,0,0,0,19
0,0,0,CC,1.0,and,0,0,6.330622613430023,19.93279149564298,6.2095491118355035,3,10,806,0,0,0,20
1,0,1,JJ,0.0,environmental,0,0,11.244547419250011,13.746427325252013,15.13458602159172,13,10,807,0,0,0,21
0,2,1,NNS,2.0,factors,5,5,2.916062258183956,15.072360022492251,13.2216694947307,7,10,808,0,0,0,22
1,0,1,MD,0.0,may,0,1,2.1506445053964853,16.758305291362376,10.78936461612156,3,10,809,0,0,0,23
1,0,1,VB,4.0,play,0,1,3.5379042627173476,15.16126309364622,13.093409474857072,4,10,810,0,0,0,24
1,0,1,DT,0.0,a,0,1,0.6247061346075498,19.69218547190043,6.556670229096891,1,10,811,0,0,0,25
0,1,0,NN,2.0,role,2,1,1.427408282994293,15.10714994958268,13.171478239444449,4,10,812,0,0,0,26
1,0,1,IN,0.0,in,0,1,0.2750106987077743,19.583721360186956,6.713150865180346,2,10,813,0,0,0,27
2,0,1,DT,0.0,the,0,0,1.2476351916557178,20.651930178991396,5.17205129965733,3,10,814,0,0,0,28
0,1,1,NN,3.0,development,1,2,2.973331507644616,15.106865195652404,13.171889052527533,11,10,815,0,0,0,29
1,0,1,IN,0.0,of,0,1,0.251671917096246,20.087642241543257,5.986146708647226,2,10,816,0,0,0,30
1,10,1,NNP,3.0,Tourette's.,12,3,1.0956732523045505,20.90612844901023,52.18037685053359,11,10,817,1,0,1,31
3,0,1,JJ,0.0,Genetic,0,0,4.933780174702406,11.090400664278606,18.96642251384693,7,10,818,0,1,0,0
0,1,1,NNS,1.0,studies,1,1,1.8311439380049703,15.318628160952482,12.866379672645166,7,10,819,0,0,0,1
1,1,1,RB,0.0,also,0,1,4.5472007737262174,17.098693889788326,10.2982876731973,4,10,820,0,0,0,2
1,0,1,VBP,2.0,suggest,0,1,2.1932718158932403,14.365140077257918,14.24197220253804,7,10,821,0,0,0,3
1,0,1,IN,0.0,that,0,1,0.3749634595587849,19.024464301341364,7.519988250559035,4,10,822,0,0,0,4
3,0,1,DT,0.0,some,0,0,4.305172445252538,16.817709477619566,10.70366249120027,4,10,823,0,0,0,5
0,1,1,NNS,1.0,forms,1,1,7.699363764375448,14.213328500895813,14.460990010905183,5,10,824,0,0,0,6
1,0,1,IN,0.0,of,0,1,0.028031141788233,20.087642241543257,5.986146708647226,2,10,825,0,0,0,7
2,0,1,NNP,0.0,Attention,0,0,15.506112801551351,13.495781764298876,33.02059579658309,9,10,826,0,0,0,8
0,0,0,NNP,0.0,Deficit,0,1,0.1689578336663544,13.090819045302323,34.80240356545501,7,10,827,0,0,0,9
0,0,0,NNP,0.0,Hyperactivity,0,1,0.0500797232089098,13.116630978555929,34.47943980597667,13,10,828,0,0,0,10
0,1,1,NNP,5.0,Disorder,3,1,0.2099928978423122,10.78274078630772,19.41028189407603,8,10,829,0,0,0,11
0,0,0,CC,1.0,and,0,0,4.90350066870451,19.93279149564298,6.2095491118355035,3,10,830,0,0,0,12
1,0,1,NNP,0.0,Obsessive,0,0,9.096200425410643,15.496566932004924,47.20435804059781,9,10,831,0,0,0,13
0,0,0,NNP,0.0,Compulsive,0,1,0.0870761859114281,13.311584411305835,34.263882758269105,10,10,832,0,0,0,14
0,4,1,NNP,3.0,Disorder,6,5,0.1434995507006533,10.78274078630772,19.41028189407603,8,10,833,0,0,0,15
1,0,1,VBP,0.0,are,0,1,2.8803308547940105,18.2277629932606,8.669385276796898,3,10,834,0,0,0,16
1,0,1,RB,0.0,genetically,0,1,6.892087494255975,11.835827469652004,17.890998958389023,11,10,835,0,0,0,17
0,0,0,JJ,5.0,related,0,1,3.9336839700117703,14.944447698425105,13.406207970330955,7,10,836,0,0,0,18
1,0,1,TO,0.0,to,0,1,0.7022239711368456,19.88357245739644,6.280557174231113,2,10,837,0,0,0,19
1,8,2,NNP,3.0,"Tourette's,",11,3,3.0921511485939845,20.828508056707555,52.2999977244845,11,10,838,1,0,0,20
0,0,0,CC,1.0,but,0,0,2.448396418709308,17.553098244319884,9.64272076435627,3,10,839,0,0,0,21
2,1,2,EX,0.0,there,0,1,3.711301339790225,17.088435267092525,10.313087737286883,5,10,840,0,0,0,22
1,0,1,VBZ,2.0,is,0,1,1.1690832575550305,19.144004138058012,7.347528720939248,2,10,841,0,0,0,23
2,0,1,JJR,0.0,less,0,0,8.057414883398451,15.542518149962632,12.543374695795542,4,10,842,0,0,0,24
0,1,1,NN,2.0,evidence,1,2,1.9568125056102872,15.478413405067323,12.635858293353454,8,10,843,0,0,0,25
1,0,1,IN,0.0,for,0,1,2.5985211565275677,18.90419907432743,7.693494297163422,3,10,844,0,0,0,26
2,0,1,DT,0.0,a,0,0,3.657449760648888,19.69218547190043,6.556670229096891,1,10,845,0,0,0,27
0,0,0,JJ,0.0,genetic,0,1,3.5771273537538946,13.838029101661515,15.00243259302911,7,10,846,0,0,0,28
0,1,1,NN,4.0,relationship,2,2,4.735851268284023,14.594853783220792,13.910565378121174,12,10,847,0,0,0,29
1,0,1,IN,0.0,between,0,1,1.3658079971501138,16.64447683717128,10.95358436249511,7,10,848,0,0,0,30
2,1,2,NNP,3.0,Tourette's,1,1,0.4486700051929801,18.11588316665491,47.28362904655289,10,10,849,0,0,0,31
0,0,0,CC,1.0,and,0,0,0.1204759190441109,19.93279149564298,6.2095491118355035,3,10,850,0,0,0,32
2,0,1,JJ,0.0,other,0,0,5.653308787557762,17.02036838824095,10.41128748585484,5,10,851,0,0,0,33
0,0,0,JJ,0.0,neurobehavioral,0,1,6.715290778549388,16.331890599944433,45.61006127543401,15,10,852,0,0,0,34
0,1,1,NNS,3.0,problems,2,2,6.247052284888923,14.801372500721572,13.612621848532047,8,10,853,0,0,0,35
2,1,2,WDT,0.0,that,0,1,3.202905368991196,19.024464301341364,7.519988250559035,4,10,854,0,0,0,36
2,1,2,NNP,1.0,Tourette's,1,2,8.926716305635637,18.11588316665491,47.28362904655289,10,10,855,0,0,0,37
1,0,1,RB,3.0,commonly,0,1,10.028345008380713,13.59462819822839,15.353585869359977,8,10,856,0,0,0,38
0,0,0,VPZ,1.0,co-occurs,0,1,11.878715821541846,19.678971136625176,53.0968579033135,9,10,857,0,0,0,39
1,13,1,IN,1.0,with.,16,5,0.4942157976329326,20.951780513109583,12.911412439223664,5,10,858,1,0,1,40
3,0,1,DT,0.0,An,0,0,7.816587079316378,15.144850102164016,13.1170884162746,2,10,859,0,1,0,0
0,0,0,JJ,0.0,important,0,1,3.812452661804855,15.540517679570463,12.546260764509764,9,10,860,0,0,0,1
0,1,1,NN,2.0,role,2,1,4.528398069320247,15.10714994958268,13.171478239444449,4,10,861,0,0,0,2
1,0,1,IN,0.0,in,0,1,5.641994113044348,19.583721360186956,6.713150865180346,2,10,862,0,0,0,3
2,1,2,NNP,1.0,Tourette's,1,2,1.9503786191926336,18.11588316665491,47.28362904655289,10,10,863,0,0,0,4
0,0,0,NN,0.0,gene,0,1,12.599848411977293,14.750001457410985,13.686734597961529,4,10,864,0,0,0,5
0,3,1,NN,4.0,expression,4,1,4.379609651863575,15.400052932219998,12.748908558932005,10,10,865,0,0,0,6
1,0,1,VBZ,0.0,is,0,1,2.0480774235911667,19.144004138058012,7.347528720939248,2,10,866,0,0,0,7
1,0,1,VBN,2.0,played,0,1,7.596819466911256,14.335212272427697,14.285148898151292,6,10,867,0,0,0,8
1,0,1,IN,0.0,by,0,1,0.1243275357410311,18.29067397824052,8.57862391074893,2,10,868,0,0,0,9
2,0,1,DT,0.0,the,0,0,1.8339907475747168,20.651930178991396,5.17205129965733,3,10,869,0,0,0,10
0,1,1,NN,3.0,sex,1,2,10.445181704126298,14.254903550734737,14.401009892677855,3,10,870,0,0,0,11
1,0,1,IN,0.0,of,0,1,1.2880407857592218,20.087642241543257,5.986146708647226,2,10,871,0,0,0,12
1,0,1,DT,0.0,the,0,1,0.3223004775645677,20.651930178991396,5.17205129965733,3,10,872,0,0,0,13
0,7,0,NN,3.0,person.,8,2,9.537760908395285,20.846411774945143,17.886472976865722,7,10,873,1,0,1,14
3,0,1,IN,0.0,In,0,0,3.775821600109339,17.05486160741379,10.361524289609886,2,10,874,0,1,0,0
1,2,2,JJ,1.0,"particular,",2,2,7.739467062521726,20.763409339583095,18.16075441827659,11,10,875,1,0,0,1
2,1,2,NNS,0.0,males,0,0,5.56142391404137,13.117177956316418,16.04240096563761,5,10,876,0,0,0,2
1,0,1,VBN,1.0,affected,0,0,10.024000509642065,13.966620906378653,14.816913834064737,8,10,877,0,0,0,3
1,0,1,IN,0.0,by,0,1,0.3553740156639833,18.29067397824052,8.57862391074893,2,10,878,0,0,0,4
1,0,1,DT,0.0,the,0,1,5.839161520329071,20.651930178991396,5.17205129965733,3,10,879,0,0,0,5
0,4,0,NN,3.0,gene,4,2,6.73457639827393,14.750001457410985,13.686734597961529,4,10,880,0,0,0,6
1,0,1,VBP,0.0,are,0,1,3.062587898224592,18.2277629932606,8.669385276796898,3,10,881,0,0,0,7
1,0,1,RBR,0.0,more,0,1,0.8215950916492147,17.253429346216002,10.0750515975594,4,10,882,0,0,0,8
0,0,0,JJ,4.0,likely,0,1,0.5211246737308102,14.998676901321558,13.327971768240882,6,10,883,0,0,0,9
2,0,1,TO,0.0,to,0,1,0.2420859558333177,19.88357245739644,6.280557174231113,2,10,884,0,0,0,10
1,0,1,VB,2.0,have,0,1,1.9464231213496532,17.990997945585363,9.010965036933804,4,10,885,0,0,0,11
1,7,3,NNS,1.0,tics,6,1,9.066053600632586,16.348030250814986,25.465032320845573,4,10,886,0,0,0,12
0,0,0,CC,1.0,and,0,0,3.78475751914084,19.93279149564298,6.2095491118355035,3,10,887,0,0,0,13
3,1,2,NNS,0.0,females,0,0,1.6832439405843616,13.120986429847004,16.03690649976168,7,10,888,0,0,0,14
2,1,2,WP,0.0,who,0,1,6.808766191825271,16.99990971408453,10.440803113603463,3,10,889,0,0,0,15
2,0,1,VBP,2.0,have,0,1,2.100673860637471,17.990997945585363,9.010965036933804,4,10,890,0,0,0,16
1,0,1,DT,0.0,a,0,1,4.517603741260245,19.69218547190043,6.556670229096891,1,10,891,0,0,0,17
0,0,0,JJ,0.0,genetic,0,1,5.119393283966929,13.838029101661515,15.00243259302911,7,10,892,0,0,0,18
0,5,2,NN,3.0,predisposition,5,2,2.1243585606571287,13.893719893730443,33.37131715339861,14,10,893,0,0,0,19
1,0,1,VBP,0.0,are,0,1,4.7043379412498325,18.2277629932606,8.669385276796898,3,10,894,0,0,0,20
1,0,1,RBR,0.0,more,0,1,0.5499886033067014,17.253429346216002,10.0750515975594,4,10,895,0,0,0,21
0,0,0,JJ,4.0,likely,0,1,0.359453651268268,14.998676901321558,13.327971768240882,6,10,896,0,0,0,22
2,0,1,TO,0.0,to,0,1,0.0063587956246919,19.88357245739644,6.280557174231113,2,10,897,0,0,0,23
1,0,1,VB,2.0,have,0,1,0.7380430652410723,17.990997945585363,9.010965036933804,4,10,898,0,0,0,24
1,0,1,JJ,0.0,obsessive-compulsive,0,0,15.376011056592688,19.6744081871924,72.28535308439139,20,10,899,0,0,0,25
0,8,1,NNS,2.0,symptoms.,11,5,5.4424879513680935,20.84378369401177,19.719156967746255,9,10,900,1,0,1,26
2,0,1,JJ,0.0,Much,0,0,11.36504312697798,12.233069917425103,17.31789924895618,4,10,901,0,1,0,0
0,0,0,JJ,0.0,current,0,1,12.336294499400536,15.329927868662274,12.85007764036876,7,10,902,0,0,0,1
0,1,1,NN,2.0,research,2,1,0.464849442068953,15.089865028954543,13.19641510871682,8,10,903,0,0,0,2
1,0,1,VBZ,0.0,is,0,1,2.4851946294656955,19.144004138058012,7.347528720939248,2,10,904,0,0,0,3
1,0,1,VBN,2.0,aimed,0,1,7.357004790974315,13.05345264540098,16.134337155674423,5,10,905,0,0,0,4
1,0,1,IN,0.0,at,0,1,0.0850633126101456,18.150223836201175,8.781250634161243,2,10,906,0,0,0,5
3,1,2,RBR,0.0,better,0,1,8.268914583080914,15.577752300773827,12.492542561150294,6,10,907,0,0,0,6
0,0,0,VBG,3.0,understanding,0,1,0.1091200776863843,14.276642449466104,14.369647291283725,13,10,908,0,0,0,7
3,0,1,DT,0.0,the,0,0,0.9782312113093212,20.651930178991396,5.17205129965733,3,10,909,0,0,0,8
0,0,0,JJ,0.0,genetic,0,1,2.5217833913629875,13.838029101661515,15.00243259302911,7,10,910,0,0,0,9
0,0,0,NN,3.0,basis,2,1,2.2852306375280023,14.596993654591207,13.907478196306936,5,10,911,0,0,0,10
0,0,0,CC,1.0,and,0,0,4.940729137510061,19.93279149564298,6.2095491118355035,3,10,912,0,0,0,11
0,1,1,NN,1.0,symptomology,2,2,18.383906297385693,14.417240670715602,31.733466499651577,12,10,913,0,0,0,12
1,0,1,IN,0.0,of,0,1,0.2034380346885882,20.087642241543257,5.986146708647226,2,10,914,0,0,0,13
1,3,2,NNP,3.0,"Tourette's,",4,3,2.793899195472477,20.828508056707555,52.2999977244845,11,10,915,1,0,0,14
1,0,1,RB,1.0,as,0,0,4.580856056782068,18.455643172698917,8.340623672004352,2,10,916,0,0,0,15
0,0,0,RB,1.0,well,0,1,0.1261985811433987,16.444621586718245,11.24191454121933,4,10,917,0,0,0,16
0,1,0,IN,1.0,as,2,1,0.0094302658690139,18.455643172698917,8.340623672004352,2,10,918,0,0,0,17
2,0,1,PRP$,0.0,its,0,0,4.249262182973325,16.89741080294139,10.588677784406196,3,10,919,0,0,0,18
0,1,1,NN,2.0,relationship,1,2,5.3365218312246725,14.594853783220792,13.910565378121174,12,10,920,0,0,0,19
1,0,1,TO,0.0,to,0,1,0.2436947750393301,19.88357245739644,6.280557174231113,2,10,921,0,0,0,20
1,0,1,JJ,0.0,related,0,0,8.875140244490467,14.944447698425105,13.406207970330955,7,10,922,0,0,0,21
0,10,1,NNS,3.0,disorders.,12,5,3.959877868182957,20.843312985785285,20.603219617530545,10,10,923,1,0,1,22
3,0,1,DT,0.0,The,0,0,3.4427168765105307,18.12053694573349,8.824079763818386,3,10,924,0,1,0,0
0,1,1,NN,1.0,hope,1,1,10.983104636427017,14.530658927603437,14.003178977970917,4,10,925,0,0,0,1
1,0,1,VBZ,1.0,is,0,1,0.2335540559142828,19.144004138058012,7.347528720939248,2,10,926,0,0,0,2
1,0,1,IN,0.0,that,0,1,0.2333304714411497,19.024464301341364,7.519988250559035,4,10,927,0,0,0,3
2,0,1,DT,0.0,this,0,0,3.180216260603629,18.084110076486997,8.876632627435416,4,10,928,0,0,0,4
0,1,1,NN,1.0,research,1,2,1.7069646619493142,15.089865028954543,13.19641510871682,8,10,929,0,0,0,5
1,0,1,VBZ,3.0,leads,0,1,9.183736672857776,14.018146049223112,14.742578766001936,5,10,930,0,0,0,6
1,0,1,TO,0.0,to,0,1,0.0685227808426134,19.88357245739644,6.280557174231113,2,10,931,0,0,0,7
3,0,1,JJR,0.0,better,0,0,1.436088930408005,15.577752300773827,12.492542561150294,6,10,932,0,0,0,8
0,0,0,JJ,0.0,diagnostic,0,1,5.1373148881830275,13.165307917729642,15.972964108988576,10,10,933,0,0,0,9
0,1,1,NNS,4.0,tools,2,1,2.416145259514451,14.01194949396744,14.751518505539892,5,10,934,0,0,0,10
0,0,0,CC,1.0,and,0,0,1.441110908985138,19.93279149564298,6.2095491118355035,3,10,935,0,0,0,11
1,0,1,JJR,0.0,better,0,0,3.1084434937220067,15.577752300773827,12.492542561150294,6,10,936,0,0,0,12
0,2,1,NNS,2.0,treatments,1,2,3.0582257558126003,13.262667781316273,15.83250351661052,10,10,937,0,0,0,13
1,0,1,IN,0.0,for,0,1,0.3140591191477142,18.90419907432743,7.693494297163422,3,10,938,0,0,0,14
1,10,2,NNP,3.0,Tourette's.,12,5,1.8721638296847232,20.90612844901023,52.18037685053359,11,10,939,1,0,1,15
